{"type": "FeatureCollection", "crs": {"type": "name", "properties": {"name": "EPSG:4326"}}, "features": [{"type": "Feature", "geometry": {"type": "Polygon", "coordinates": [[[-77.0060604087669, 38.9685252676522], [-77.0061701424705, 38.9684585540424], [-77.0066455021727, 38.9678349761647], [-77.0072072744154, 38.9682797709806], [-77.0073659330643, 38.9682288641329], [-77.0116685695261, 38.9682257505075], [-77.0104631633655, 38.9627028374044], [-77.0114023448085, 38.9614501251128], [-77.0114028918825, 38.9614493930824], [-77.0115241958869, 38.9612819290512], [-77.0161676603541, 38.961304772921], [-77.0198967656261, 38.9613231191192], [-77.0199008619438, 38.9661518053325], [-77.0180508040741, 38.9661360558475], [-77.018038614834, 38.9661360132417], [-77.0180387334116, 38.9661423859549], [-77.0180281314946, 38.9661423866533], [-77.0179158034565, 38.9661419375461], [-77.0177588228606, 38.9661416602591], [-77.0175488335781, 38.9661416365115], [-77.0174732196857, 38.9661416176533], [-77.0173593932578, 38.966141494725], [-77.0171081695071, 38.9661412223271], [-77.0169991014552, 38.9661409436432], [-77.0167306543056, 38.9661419340539], [-77.016632320223, 38.9661407836967], [-77.0163911692816, 38.9661404351671], [-77.0162930328284, 38.9661403031589], [-77.0162718622321, 38.9661400468256], [-77.0161598683673, 38.96613869671], [-77.0161576207825, 38.9662049242843], [-77.0161587832024, 38.9662905464861], [-77.0161597156537, 38.9665186530032], [-77.0161592934455, 38.9669639736344], [-77.0161591560033, 38.9672128399766], [-77.0161645153523, 38.9672942737844], [-77.0161591083926, 38.9673832932972], [-77.0161590500021, 38.9674715248544], [-77.0161583735707, 38.9677863151799], [-77.016158175043, 38.967878901002], [-77.0161577160039, 38.968294822951], [-77.0161568365532, 38.9685705316541], [-77.0161619344925, 38.9686368631165], [-77.0161577339702, 38.968734887902], [-77.016156351463, 38.9689454462193], [-77.0161563047506, 38.9690329047668], [-77.0161562508517, 38.969132438304], [-77.0161562203089, 38.9691896484957], [-77.0161559723739, 38.9694961716363], [-77.0161561942578, 38.9697476558417], [-77.0161670908222, 38.96992973383], [-77.0149506811976, 38.9699290766181], [-77.0157574815105, 38.9713065097352], [-77.0163038970534, 38.9723530117934], [-77.0170561381875, 38.9736136974742], [-77.0180237360379, 38.9744934743121], [-77.0185585938564, 38.9755348822069], [-77.0192540938039, 38.9771850168388], [-77.0193809916176, 38.9773955011508], [-77.0194851117489, 38.9775682030741], [-77.0195750528717, 38.9777173851233], [-77.0195771082171, 38.9777210535132], [-77.0196269027316, 38.9778097903617], [-77.0199043635768, 38.978304179838], [-77.0205170792793, 38.9793959263591], [-77.0205797969575, 38.9795076764829], [-77.0206909535924, 38.9797057349282], [-77.0208489798273, 38.9799873055979], [-77.0210329898318, 38.9803151721357], [-77.020459441574, 38.979747900314], [-77.0194935424378, 38.9790714180166], [-77.0194297045605, 38.979053936756], [-77.0193903915887, 38.9790012583093], [-77.0193403509358, 38.9789575261256], [-77.0192891613376, 38.9789198065367], [-77.0192069259633, 38.9788564037271], [-77.019157100906, 38.9788162832222], [-77.0191030807164, 38.9787733602903], [-77.0190475495605, 38.9787294834111], [-77.0189906296091, 38.9786845205978], [-77.0189352718281, 38.9786410829148], [-77.0188800047769, 38.9785977408769], [-77.0188256764651, 38.978555193516], [-77.0187711406425, 38.978512686633], [-77.0187098988964, 38.9784656412486], [-77.0186219205924, 38.9784015599488], [-77.0185706788919, 38.9783676390089], [-77.0185151396512, 38.9783240474977], [-77.0184352641511, 38.9782663425806], [-77.0183849171726, 38.9782316561988], [-77.0183385775787, 38.9781927308932], [-77.0181274034183, 38.9780307066975], [-77.0179399016624, 38.9778854471874], [-77.0178034457741, 38.9777803357293], [-77.0177551038354, 38.9777440338452], [-77.0174534396815, 38.9775132874251], [-77.0174082355581, 38.9774747248636], [-77.0173044882276, 38.9773980284616], [-77.0172517391541, 38.9773542464035], [-77.0171863867172, 38.977306535424], [-77.0169703023655, 38.9771428303731], [-77.0168856002174, 38.9770766947326], [-77.0168007839832, 38.9770106700677], [-77.0167157817977, 38.9769448003748], [-77.0166311389384, 38.976878815393], [-77.0165456983751, 38.9768127053448], [-77.0164601994213, 38.9767473236155], [-77.0163671204831, 38.9766736649561], [-77.0162764921491, 38.9765958936196], [-77.0161996008523, 38.9765463217156], [-77.0161158500201, 38.9764819809863], [-77.0159051555601, 38.9763144742758], [-77.0157324490568, 38.9761741423449], [-77.0156397132751, 38.976129004018], [-77.015552800373, 38.9760812838327], [-77.0153865527567, 38.9759641153195], [-77.015307333925, 38.9759084183586], [-77.0152140196282, 38.9758423402274], [-77.0150947215619, 38.9757549096424], [-77.0149432727915, 38.975635262101], [-77.0147283041474, 38.9754657637483], [-77.0145384937211, 38.975310316108], [-77.0144771747198, 38.9752669168603], [-77.014405411905, 38.9752140610048], [-77.0142586505438, 38.9750992508413], [-77.0141293407536, 38.9749931924496], [-77.0137964170245, 38.9747888620243], [-77.0137325638758, 38.9746695292132], [-77.013683013703, 38.9746128905263], [-77.0136596853534, 38.9745862867186], [-77.0136420343564, 38.974572331134], [-77.0133201113962, 38.9743177821288], [-77.0131045624404, 38.9741463845288], [-77.0130197309349, 38.9740792271566], [-77.0129004723944, 38.9739847554362], [-77.0128547122138, 38.9739427577216], [-77.0128123728178, 38.9739039362121], [-77.0127572737516, 38.9738765590317], [-77.0126927082388, 38.9738180969379], [-77.0124303004629, 38.9736050033116], [-77.0121745204571, 38.973405975206], [-77.012109689043, 38.9733599712126], [-77.011610410798, 38.9729642540642], [-77.0115473760145, 38.9729144512448], [-77.0114814989615, 38.9728629610806], [-77.011313664022, 38.9727308570398], [-77.0110273457881, 38.9725043370239], [-77.010935677205, 38.9724340807172], [-77.0108733458023, 38.9723817709871], [-77.0105892473055, 38.9721580476321], [-77.0104683996453, 38.97207158816], [-77.0101546711171, 38.9718136282595], [-77.0101450663301, 38.9718061630601], [-77.0100270375833, 38.9717144043896], [-77.0099579948672, 38.9716503553926], [-77.0098829846426, 38.97158651516], [-77.0098068820667, 38.9715205573119], [-77.0097821900745, 38.9714990248454], [-77.0097500726081, 38.9714710181722], [-77.009694287229, 38.9714206849125], [-77.0096368983571, 38.9713716639191], [-77.0095837989406, 38.9713252255933], [-77.0095743351891, 38.9713169480975], [-77.0095044040392, 38.9712557573153], [-77.0094382386269, 38.9711989797091], [-77.0093822852628, 38.9711512785508], [-77.0093141049294, 38.9710943185766], [-77.0092548763078, 38.9710395096524], [-77.0091918397276, 38.9709875962866], [-77.0091209572618, 38.9709344439056], [-77.0090641792443, 38.970885377179], [-77.0089955677195, 38.970837601778], [-77.0089305368795, 38.9707871381639], [-77.0088736124366, 38.9707423595771], [-77.0085247220516, 38.970468780409], [-77.0084505454636, 38.9703938301373], [-77.0083665448997, 38.9703428933802], [-77.0081648856948, 38.9701835366347], [-77.0078151041811, 38.9699067460734], [-77.0077664056112, 38.9698587143908], [-77.0074782440344, 38.9696411794622], [-77.0070731083328, 38.9693212150687], [-77.0067316299472, 38.9690515555734], [-77.0065168535426, 38.9688821036238], [-77.0063056200934, 38.9687143302963], [-77.0061634239705, 38.9686037770143], [-77.0061327815378, 38.9685768880844], [-77.0061192798591, 38.9685654149404], [-77.0060705785943, 38.9685339575494], [-77.0060604087669, 38.9685252676522]]]}, "properties": {"Route": "R419_3B", "ROUTE_NUMB": 419, "CollectionDay": "Wednesday", "RunsPerWeek": 1, "RStatus": "Scheduled Other Day", "RecycleRouteArea": "OR_419B"}}, {"type": "Feature", "geometry": {"type": "Polygon", "coordinates": [[[-77.0274791287324, 38.9675428595894], [-77.0274833193732, 38.9674791553431], [-77.0274962281638, 38.9673467136903], [-77.0275031487848, 38.9672960296743], [-77.0279983513734, 38.9612669985275], [-77.0279983549666, 38.9612669566172], [-77.0282371855596, 38.9583590369171], [-77.0281768825529, 38.9572881487422], [-77.0296967107411, 38.9572850709602], [-77.0296973790877, 38.9562244359954], [-77.0334287328429, 38.9562205450505], [-77.0334285055691, 38.9518804521279], [-77.036379740772, 38.9518784241018], [-77.0363795081084, 38.9518787608254], [-77.0364167630398, 38.9520346573873], [-77.0364154865338, 38.9522170261065], [-77.0364197427516, 38.9522667142375], [-77.0364211234622, 38.9525019083965], [-77.0364429480321, 38.9562196711597], [-77.0364656322896, 38.9562196306435], [-77.0365447720695, 38.9562238960133], [-77.0369785523505, 38.9562250856505], [-77.0370613437821, 38.956223165326], [-77.0371854550217, 38.9562188259095], [-77.037299963271, 38.9562131431735], [-77.0373730034901, 38.9562085802191], [-77.0373787733692, 38.9562040703545], [-77.0374677164638, 38.9561955717458], [-77.0375680672642, 38.956182246825], [-77.0376526104105, 38.9561690539286], [-77.0377388010671, 38.9561532945403], [-77.0378450376292, 38.9561333207682], [-77.0379297316925, 38.9561153525415], [-77.0381108473251, 38.9560753295262], [-77.0381761674227, 38.9560635225437], [-77.0382521074036, 38.9560514801461], [-77.0383408501739, 38.9560539488413], [-77.0384318072913, 38.9560562296249], [-77.0385237193179, 38.9560608834013], [-77.038599882081, 38.956068900023], [-77.0386848905546, 38.9560769557628], [-77.0387850239627, 38.9561149431883], [-77.038892466064, 38.9561589102199], [-77.0390797728855, 38.956235474542], [-77.0391632263754, 38.9562753374982], [-77.0392284135223, 38.9563138375552], [-77.039300064946, 38.9563621948657], [-77.0393754201236, 38.956418241803], [-77.0394221325184, 38.9564557323754], [-77.0394758212297, 38.9565085218955], [-77.0395145422117, 38.9565587686523], [-77.0395511153219, 38.9566189152238], [-77.0395866185385, 38.9566779328886], [-77.0396174460241, 38.956733109883], [-77.0396504591108, 38.9568144656241], [-77.0397259319677, 38.9570534943761], [-77.0397413596344, 38.9571099501141], [-77.0397552754365, 38.9571621838039], [-77.0397684600099, 38.9572145019789], [-77.039781031034, 38.9572669619197], [-77.0397923956207, 38.9573198779703], [-77.039800887395, 38.9573739032668], [-77.0398083281405, 38.9574325032733], [-77.0398047815918, 38.9575015799534], [-77.0398010266339, 38.9575639533707], [-77.0397907157711, 38.9576362019924], [-77.0397767622398, 38.9577194923486], [-77.0397636683962, 38.9577781067385], [-77.0397377618817, 38.957848242065], [-77.0397087516879, 38.9579259850895], [-77.0396814635645, 38.9579951597822], [-77.0396561454466, 38.9580613823954], [-77.0396307527684, 38.9581376708363], [-77.0396070956354, 38.9582236464667], [-77.0395985526571, 38.958282277903], [-77.0395917308508, 38.9583443572493], [-77.0395875590746, 38.9584191176956], [-77.0395871251883, 38.958489257976], [-77.03959741, 38.9586342771564], [-77.0395948093773, 38.9587303955263], [-77.0395990611035, 38.958791407827], [-77.0395750374579, 38.9588611118575], [-77.0395540770674, 38.9589302115934], [-77.0394971104036, 38.9590489729834], [-77.0394106466592, 38.9591092550508], [-77.0393454810718, 38.9591511658626], [-77.0392660259833, 38.9591832519012], [-77.039129171243, 38.9592146666433], [-77.0390242614926, 38.9592194040352], [-77.0389270961182, 38.9592287132679], [-77.0388147348424, 38.9592569196695], [-77.0387510811197, 38.9592893395545], [-77.0386935395342, 38.9593223042728], [-77.0386573841406, 38.9593683138906], [-77.038643215912, 38.9593863455566], [-77.0386065035629, 38.9594614618483], [-77.0386049943933, 38.9594706914176], [-77.0385943017464, 38.9595360981763], [-77.0386184592411, 38.9596096754686], [-77.0386710978218, 38.9596958106711], [-77.0387515949561, 38.9597570938644], [-77.0388152953912, 38.9598002532443], [-77.0388742949424, 38.9598340601378], [-77.0389388820147, 38.9598624807435], [-77.0390126238181, 38.9598924415693], [-77.0391061357442, 38.9599186492485], [-77.0392067039369, 38.9599338238389], [-77.0393037219876, 38.9599449561074], [-77.0393764064738, 38.9599483411214], [-77.0394757430763, 38.9599608417825], [-77.0395951552287, 38.959996874772], [-77.0396809227787, 38.9600371924418], [-77.0397369758558, 38.9600772313809], [-77.0397970183511, 38.9601299183154], [-77.0398360034378, 38.9601747678742], [-77.0399368644813, 38.9602923040807], [-77.0399855738309, 38.9603386022533], [-77.0400472800061, 38.9603865335185], [-77.04014165162, 38.9604460984729], [-77.0402471551568, 38.9604956697709], [-77.0403502152761, 38.9605307671817], [-77.0404380300867, 38.9605523923918], [-77.0405571044726, 38.9605765671602], [-77.0406561634956, 38.9605961946156], [-77.0407476497207, 38.9606140303861], [-77.0408764591493, 38.9606395770077], [-77.0411480495041, 38.9607065829729], [-77.0412724239501, 38.9607575119904], [-77.0414175647506, 38.960820064154], [-77.0415286090961, 38.9608704147253], [-77.0415930820824, 38.9608914467986], [-77.0415603663381, 38.9609397912062], [-77.0415218214258, 38.9610175462058], [-77.0414889314084, 38.9611042364058], [-77.0414666172567, 38.961173231274], [-77.0414453119131, 38.9612423015134], [-77.0414247090521, 38.9613115833321], [-77.0414016519937, 38.9613799486472], [-77.0413777433324, 38.9614484277522], [-77.0413508127385, 38.9615073394133], [-77.0413070351397, 38.9615626719054], [-77.0412661590994, 38.9616031374649], [-77.0412230839832, 38.9616440954441], [-77.0411511828278, 38.9616922388687], [-77.0410645735563, 38.9617358301395], [-77.0409645713023, 38.961781629339], [-77.040850131325, 38.9618261740054], [-77.0407680280029, 38.9618473720376], [-77.0406968733476, 38.9618639061909], [-77.0405970992656, 38.9618845475089], [-77.0404881237402, 38.9619034069529], [-77.0403900483724, 38.9619141722007], [-77.0403842793917, 38.9619186803049], [-77.0402923116695, 38.9619243486134], [-77.0399527754416, 38.9619431822024], [-77.0398532385148, 38.9619696524565], [-77.0397879579431, 38.9619955604107], [-77.0397289179677, 38.9620294451869], [-77.0396798250374, 38.9620695870762], [-77.0396260914104, 38.962122930512], [-77.0395965619904, 38.9621804187778], [-77.0395701245716, 38.9622483767307], [-77.0395519974675, 38.9623039796597], [-77.0395361655589, 38.9623581841614], [-77.0395243913405, 38.9624065094074], [-77.0395210442177, 38.9624123215663], [-77.0394976098669, 38.9624530087612], [-77.0394934749216, 38.9624675353065], [-77.0394869271016, 38.9624905352563], [-77.0394593407375, 38.9625633111051], [-77.0394361264739, 38.9626145691742], [-77.0394125376129, 38.9626702696044], [-77.0393755306164, 38.9627501265554], [-77.0393352348877, 38.9628261850347], [-77.0393029629111, 38.962883010563], [-77.0392706621885, 38.9629386653805], [-77.0391720271703, 38.9631126821834], [-77.0390298912344, 38.9632583310144], [-77.0389669570623, 38.9633224274134], [-77.0388912784911, 38.9633775272899], [-77.0388346262378, 38.9634104719456], [-77.0387678221233, 38.9634418491909], [-77.0386701716587, 38.9634846556882], [-77.0385749574251, 38.9635265136213], [-77.0384902346157, 38.963566308914], [-77.0384088715055, 38.9636100282507], [-77.0383441344145, 38.9636495091803], [-77.0382870482749, 38.9636919753922], [-77.0382333389023, 38.9637421129817], [-77.0381908584709, 38.9637849004386], [-77.0381481408842, 38.9638318640747], [-77.0380959442746, 38.9638927958485], [-77.0380426984327, 38.9639542165041], [-77.0379919013984, 38.9640135346907], [-77.0379485235499, 38.9640654203395], [-77.0379084604849, 38.9641135788821], [-77.0378590935684, 38.964174342081], [-77.037810757918, 38.9642294210392], [-77.0377595961676, 38.9642957817116], [-77.0377031613065, 38.9643783070943], [-77.0376979519762, 38.9643832131715], [-77.0376490611668, 38.9644279629503], [-77.0375660298851, 38.9644598342635], [-77.037477743459, 38.9644717089957], [-77.0374107138674, 38.964486856069], [-77.0373384632674, 38.96450816995], [-77.0372795221067, 38.9645331459128], [-77.0372167370549, 38.9645688713449], [-77.0371504467768, 38.9646174814561], [-77.037084225669, 38.9646873837084], [-77.0370434807827, 38.9647480395492], [-77.0370182542928, 38.964802594908], [-77.0369253954419, 38.9650751175282], [-77.0369000997818, 38.9651510016889], [-77.0368789633215, 38.9652083918079], [-77.0368406349033, 38.9652902518878], [-77.0367879532035, 38.9653615315452], [-77.0367126824675, 38.9654031082856], [-77.0366261145185, 38.9654259794637], [-77.0366203455377, 38.9654304887413], [-77.0364791240869, 38.9654363083353], [-77.0363867988352, 38.9654311788228], [-77.0363866479183, 38.9661494096285], [-77.0363864978996, 38.9668591574745], [-77.0363801306409, 38.9668631449196], [-77.0363666523183, 38.9668715863729], [-77.0363552392227, 38.9668787335996], [-77.0363077156492, 38.9669084972897], [-77.0362201173326, 38.9669633590003], [-77.0361531380467, 38.9670162133304], [-77.0360831053871, 38.9670823164592], [-77.0355670196631, 38.9676054204294], [-77.0355620385049, 38.9676104813371], [-77.0355546013527, 38.9676079522801], [-77.0355437730602, 38.9676042714929], [-77.0355304025355, 38.9675997260346], [-77.0355115343213, 38.967593311546], [-77.0354988644825, 38.9675895183089], [-77.0354853502274, 38.9675869990293], [-77.0354768566564, 38.9675854149633], [-77.0354670461552, 38.9675835857442], [-77.0354516346582, 38.9675807144498], [-77.0354401667652, 38.9675797575844], [-77.0353312280707, 38.9675779102057], [-77.0353167472284, 38.9675776643541], [-77.0353037297416, 38.967577442948], [-77.0352885491116, 38.9675771866198], [-77.0352522967, 38.9675765712925], [-77.0352202169629, 38.9675760286032], [-77.0351536320374, 38.9675748992226], [-77.0351119178688, 38.9675745793362], [-77.0351013411047, 38.9675744990154], [-77.0350781277394, 38.9675743209127], [-77.0350495163976, 38.9675741414131], [-77.0349703478716, 38.967573655996], [-77.0349461553427, 38.9675736636788], [-77.0349116465611, 38.9675736741555], [-77.0348957373974, 38.9675736783461], [-77.0348356868173, 38.9675736965056], [-77.0346595119187, 38.9675737481903], [-77.0343129562551, 38.9675738501629], [-77.0338409140312, 38.9675739297852], [-77.0338217421864, 38.9675739353728], [-77.0338100344433, 38.9675739360712], [-77.0335798070158, 38.9675740534094], [-77.0335042137846, 38.9675741204599], [-77.0334585272659, 38.9675741609695], [-77.0334199428278, 38.9675741944947], [-77.0332885839805, 38.9675745297468], [-77.0330428803772, 38.9675760516517], [-77.0330166334012, 38.9675759336151], [-77.032836310981, 38.9675751164381], [-77.0327798132379, 38.9675747979485], [-77.0327690792685, 38.9675747378825], [-77.0325080665762, 38.9675740771565], [-77.0322188899031, 38.9675733081719], [-77.032203663459, 38.9675732662654], [-77.0321547690564, 38.9675732257558], [-77.031904511893, 38.9675730280967], [-77.0318803804495, 38.9675730085403], [-77.0318615266083, 38.9675729519665], [-77.0317030305545, 38.9675724609618], [-77.0316153909154, 38.9675721899664], [-77.0315329022161, 38.9675719371304], [-77.0314337982774, 38.967572429532], [-77.0313583478783, 38.9675728038968], [-77.0312108993059, 38.9675735281811], [-77.0309728538405, 38.9675731698804], [-77.0309347850354, 38.9675731126081], [-77.0309210587778, 38.9675730916549], [-77.0308050943595, 38.967572916346], [-77.0307400500447, 38.9675725901736], [-77.030730030236, 38.9675725405842], [-77.030711202446, 38.9675724455961], [-77.0305863276383, 38.9675718204906], [-77.0305709134464, 38.9675717415666], [-77.0305007316665, 38.9675717988389], [-77.0304730258265, 38.9675718232843], [-77.0304630644083, 38.9675718330626], [-77.0304230516489, 38.9675718693815], [-77.0303681070929, 38.9675719196694], [-77.0303564343841, 38.9675719434164], [-77.0302823961367, 38.9675720879939], [-77.0302742367389, 38.9675722702872], [-77.0302673610338, 38.9675724246428], [-77.0302574148869, 38.9675726474458], [-77.0302147943183, 38.9675735547219], [-77.0301104603879, 38.9675732753452], [-77.0299975313769, 38.9675729819995], [-77.0298681021108, 38.967573577072], [-77.0298389131523, 38.9675737111729], [-77.0298291242106, 38.9675738131454], [-77.0298139067497, 38.9675740694736], [-77.0297789802515, 38.9675746610539], [-77.0297404874415, 38.9675753106049], [-77.0296883061033, 38.9675761920386], [-77.0296801440106, 38.9675763401083], [-77.0295885239365, 38.9675779947171], [-77.0295610992692, 38.9675758602787], [-77.0294745456932, 38.9675689366237], [-77.0292437307675, 38.9675496505428], [-77.0291082854839, 38.9675394470005], [-77.029100153934, 38.9675388854529], [-77.029042334769, 38.967534896649], [-77.0288207185918, 38.9675182143524], [-77.0287360182403, 38.9675115770533], [-77.0287270270026, 38.9675108590543], [-77.0286501348075, 38.9675041567993], [-77.0285424932803, 38.9674954192817], [-77.0285244578044, 38.9674939378847], [-77.0282349586361, 38.9674701684783], [-77.0281304333646, 38.9674610118906], [-77.0280397457417, 38.9674467587621], [-77.0279778383439, 38.9674321242806], [-77.0279672301387, 38.9674296175675], [-77.0278942069875, 38.9673978041642], [-77.0278285212757, 38.9673506626935], [-77.0277748092082, 38.9673780270307], [-77.0276579204234, 38.9674384186516], [-77.0275503274052, 38.9675009600274], [-77.0274791287324, 38.9675428595894]]]}, "properties": {"Route": "R420_3", "ROUTE_NUMB": 420, "CollectionDay": "Wednesday", "RunsPerWeek": 1, "RStatus": "Scheduled Other Day", "RecycleRouteArea": "OR_420"}}, {"type": "Feature", "geometry": {"type": "Polygon", "coordinates": [[[-77.0190351716742, 38.9374060159283], [-77.0191630782959, 38.9373775290207], [-77.0195205008795, 38.9372980138113], [-77.0195206293386, 38.9372979809704], [-77.0195355072363, 38.937294661255], [-77.0196082510114, 38.9372760523987], [-77.0196871608226, 38.9372573610862], [-77.0202743724558, 38.937176461535], [-77.0204655662876, 38.9371521795634], [-77.0205056140813, 38.937147092723], [-77.0205414694376, 38.9371425390224], [-77.0205946649737, 38.9371358387862], [-77.0206091449178, 38.9371340150697], [-77.0207674675968, 38.9371140729712], [-77.0209637288251, 38.9370892697164], [-77.0211284690684, 38.9370682927676], [-77.0212429171305, 38.9370537197902], [-77.0212908305728, 38.9370468308851], [-77.0213740900266, 38.9370348320724], [-77.0213907600634, 38.9370320035608], [-77.0213995563666, 38.9370305131421], [-77.0214794848673, 38.9370169624181], [-77.0215686911683, 38.936997232006], [-77.0217473975194, 38.9369558090929], [-77.0225615280849, 38.9367580615497], [-77.0225796560874, 38.93675354905], [-77.0226506768937, 38.9367361209324], [-77.0229911455729, 38.9366535982967], [-77.0230595109593, 38.9366370708391], [-77.0230781815442, 38.936632557633], [-77.0230886298493, 38.9366300316629], [-77.0231771040233, 38.9366085752377], [-77.0242998427199, 38.9363362953143], [-77.0242677126771, 38.9363806756966], [-77.0242350643064, 38.9364238269518], [-77.0242250121584, 38.9364371108671], [-77.0242059687727, 38.9364631434488], [-77.024158093958, 38.9365285889087], [-77.0241109090493, 38.9365912281391], [-77.0239440586634, 38.9368176854925], [-77.0238942857085, 38.9368852408334], [-77.0236051144252, 38.9372758791111], [-77.0235256341839, 38.9373826961996], [-77.0233181260482, 38.9376517264727], [-77.0232643753531, 38.9377306620334], [-77.0231598231322, 38.9378700464692], [-77.0231385231785, 38.9378981328041], [-77.023111439871, 38.9379338500031], [-77.0230780476952, 38.9379777025405], [-77.0229162754856, 38.9381972261465], [-77.0227063436953, 38.938479562715], [-77.0225879529274, 38.9386390243045], [-77.0225046629308, 38.9387483156249], [-77.0222424509876, 38.9391011469502], [-77.0219929879349, 38.9394368173741], [-77.0218853113734, 38.9395817043531], [-77.0218326233853, 38.9396525983262], [-77.0216129116365, 38.9399482319215], [-77.0215844970257, 38.9400093819674], [-77.0215426750594, 38.9401370298455], [-77.021537932853, 38.9402145617228], [-77.02154056851, 38.9402883770722], [-77.02154455164, 38.9403483040817], [-77.0215588680907, 38.9406327813096], [-77.0215673023729, 38.9408173802861], [-77.0215720373928, 38.9409165579927], [-77.0215763690691, 38.9409940876203], [-77.0215872611419, 38.9412126516534], [-77.0216086158928, 38.9416331500945], [-77.0216202005667, 38.9418897742822], [-77.0216240390679, 38.9419897064759], [-77.0216285144747, 38.9420800266066], [-77.0216575911438, 38.9426813222414], [-77.0216722175132, 38.9429787737615], [-77.0216756939934, 38.9430570892491], [-77.0216799340415, 38.9431361487475], [-77.0216921753839, 38.9433857373737], [-77.0216941507792, 38.9434366977033], [-77.0217059007431, 38.9436902321], [-77.0217080513099, 38.9437493087393], [-77.0217241886457, 38.944059380814], [-77.0217260679213, 38.9440688226901], [-77.0217279471968, 38.9440782652635], [-77.0217272375278, 38.9441292460556], [-77.0217325591475, 38.9442061573384], [-77.0217398498744, 38.9443562298877], [-77.0217567310152, 38.94472627362], [-77.0217730920314, 38.9450673027142], [-77.0217736400038, 38.9450787090983], [-77.0217743613509, 38.9450917391745], [-77.0217802803503, 38.9451985193371], [-77.0217793128648, 38.9451985528729], [-77.021696418127, 38.9452014180877], [-77.0216819992684, 38.9452019609485], [-77.021674103077, 38.9452022634693], [-77.0214821825081, 38.9452081685641], [-77.0213081590747, 38.9452133805855], [-77.0212058176076, 38.9452156505393], [-77.0208346238508, 38.9452269975132], [-77.0208323008074, 38.9452270715714], [-77.0207685033543, 38.9452292534935], [-77.0207662027688, 38.945229331045], [-77.0206982595906, 38.9452315961078], [-77.0205691788708, 38.9452359431837], [-77.0205027960663, 38.945238192177], [-77.020425846379, 38.945240731115], [-77.0202083489774, 38.9452466369053], [-77.0198895117302, 38.9452551584855], [-77.0198581533403, 38.9452562078757], [-77.0195789003561, 38.9452655503823], [-77.019481487945, 38.9452686007398], [-77.0193611900537, 38.9452722729061], [-77.0156074610614, 38.9453837932096], [-77.0150541725083, 38.9454019772484], [-77.0150189854986, 38.9448845061815], [-77.0137349623776, 38.9449190740504], [-77.0132667029593, 38.9447338848994], [-77.012137098439, 38.9444102475996], [-77.0120225389857, 38.9444138492447], [-77.0118782003808, 38.9444183871077], [-77.0117795177519, 38.9444201547432], [-77.0116734231236, 38.9444183151447], [-77.0116630314124, 38.9444144885279], [-77.0116383196573, 38.9444053911424], [-77.0116014123738, 38.944391801305], [-77.011557537757, 38.9443509549231], [-77.0115427263346, 38.9443371652552], [-77.0115959874478, 38.9443049572143], [-77.0116116585579, 38.9442952058583], [-77.0116264735736, 38.944285988286], [-77.0116489072012, 38.9442705427538], [-77.011679259478, 38.9442493939601], [-77.0117097977061, 38.9442239916446], [-77.0117345921063, 38.9442033689373], [-77.0117843965022, 38.9441593770222], [-77.0118319838561, 38.9441150057004], [-77.0118411718248, 38.9441065412744], [-77.0118890744873, 38.9440624130579], [-77.0119321181625, 38.9440228087288], [-77.0119901646012, 38.9439701328756], [-77.0120338757246, 38.9439308051702], [-77.012078088108, 38.9438910002477], [-77.0121217156881, 38.9438517835879], [-77.0121331314787, 38.9438414662421], [-77.0121416007952, 38.9438315198918], [-77.0121666170792, 38.9438021405614], [-77.012180164572, 38.9437853953856], [-77.0121875945377, 38.9437725110926], [-77.0122018786491, 38.943747742306], [-77.012208286332, 38.9437366319468], [-77.0122337005697, 38.9436840390237], [-77.0122412554012, 38.94366840332], [-77.0123152361565, 38.943509336616], [-77.012381069192, 38.9433664852338], [-77.0124083914514, 38.9433045464775], [-77.0124479963757, 38.9432211651204], [-77.012484413179, 38.9431428756653], [-77.0125656352537, 38.9429682990847], [-77.0125731227116, 38.9429532997249], [-77.0125941864084, 38.9429111054495], [-77.0126150039668, 38.9428731242221], [-77.012620215992, 38.9428636123183], [-77.0126503670462, 38.9428122679981], [-77.0126919060433, 38.9427504936477], [-77.0127313573556, 38.9426969469837], [-77.0127763216289, 38.9426427602814], [-77.0128221635561, 38.9425908645363], [-77.0128700752018, 38.9425401614148], [-77.0129822586111, 38.9424306614413], [-77.0130571754109, 38.9423632755757], [-77.0131463188298, 38.9422840712852], [-77.0132456392625, 38.9422016899536], [-77.0133171478541, 38.9421416569118], [-77.0134046563392, 38.9420702840276], [-77.013450254823, 38.94203068697], [-77.0135276761258, 38.9419623784477], [-77.0136805271663, 38.9418128625826], [-77.0137613342194, 38.9417330106841], [-77.0139644154573, 38.9415322147657], [-77.0141716711664, 38.941326418377], [-77.0142166920335, 38.9412779872261], [-77.0142252709445, 38.9412687580823], [-77.0142669662484, 38.9412208872508], [-77.014303415391, 38.9411762646532], [-77.0143726198039, 38.9410893635223], [-77.0144275778347, 38.9410249102386], [-77.0145132232139, 38.940916990491], [-77.0145622451772, 38.9408549308149], [-77.0145733312861, 38.9408408952214], [-77.0146120136406, 38.9407864849121], [-77.0146251263488, 38.9407680425656], [-77.0146983040102, 38.9406509749516], [-77.0148546126662, 38.9404005857586], [-77.0150141768169, 38.9401408678725], [-77.0150568485895, 38.9400722200511], [-77.0150921658549, 38.9400134121475], [-77.015189891778, 38.9398702965945], [-77.0152002367768, 38.9398565458819], [-77.015233889464, 38.9398123696037], [-77.0152479256403, 38.9397969859813], [-77.0152548300916, 38.9397805074677], [-77.0152621441746, 38.9397754843991], [-77.0152667390573, 38.9397738696665], [-77.0152684781957, 38.9397676434084], [-77.0152971775724, 38.9397423827239], [-77.015313109194, 38.9397283608846], [-77.0153190165153, 38.9397231547485], [-77.0154329309782, 38.9396227679889], [-77.0155938704495, 38.9394779656388], [-77.0158542058121, 38.9392437330276], [-77.0160860025965, 38.9390344384767], [-77.0161408950502, 38.938984794872], [-77.0161576055111, 38.9389699693505], [-77.016172378306, 38.938956864783], [-77.0161793124016, 38.9389507188064], [-77.0162055935136, 38.938927426836], [-77.0162318413879, 38.9389041628069], [-77.0162487216304, 38.9388892024146], [-77.0163153766245, 38.9388300986678], [-77.0163949404092, 38.9387594700868], [-77.016460796801, 38.9387003585458], [-77.0165486709004, 38.9386215232839], [-77.0165613191796, 38.9386101675668], [-77.0166364398969, 38.9385427228707], [-77.0167705466907, 38.9384223186441], [-77.0167785982906, 38.9384150902894], [-77.0168789472944, 38.9383250135393], [-77.0169671376008, 38.9382462107004], [-77.0171037803386, 38.9381225680453], [-77.0171152060107, 38.938112784396], [-77.0171336475252, 38.9380969944413], [-77.0172087224284, 38.9380327152169], [-77.0172649282191, 38.9379896872191], [-77.0173314861951, 38.9379419322598], [-77.017391119957, 38.9379030518943], [-77.0174006034714, 38.9378974690063], [-77.0174277388812, 38.9378814924416], [-77.0174604429475, 38.9378622367109], [-77.0174683247658, 38.9378582574162], [-77.0174754439144, 38.9378546638228], [-77.0174881883133, 38.9378482291732], [-77.0175279791888, 38.9378281398425], [-77.0175906717142, 38.9377990542883], [-77.0176595212925, 38.9377711139499], [-77.0177260047084, 38.9377461949348], [-77.01774740707, 38.9377396456826], [-77.0177867856188, 38.9377275952806], [-77.017807648093, 38.9377218342011], [-77.0178285123637, 38.9377160738199], [-77.0179544696413, 38.9376806304159], [-77.0180390783647, 38.9376577349108], [-77.0181481518065, 38.9376280483727], [-77.0182319412663, 38.9376054554039], [-77.0182935629998, 38.9375891035513], [-77.0183215850468, 38.9375816738753], [-77.0183353283723, 38.9375780285614], [-77.0183562222875, 38.9375724889696], [-77.0183834771732, 38.9375654631622], [-77.0184552211234, 38.9375469696688], [-77.0185582435134, 38.9375208822847], [-77.0186610494095, 38.9374949870441], [-77.0187837493959, 38.9374639448849], [-77.0188562874567, 38.9374456987186], [-77.0188772002366, 38.9374404379132], [-77.0189490034755, 38.9374256239473], [-77.0190351716742, 38.9374060159283]], [[-77.0222883989161, 38.9379026033068], [-77.0219847315191, 38.9382922130387], [-77.0215026191809, 38.9382946481146], [-77.0215245326839, 38.9384456212613], [-77.0221099548731, 38.9384310115343], [-77.0224511898152, 38.9379513050771], [-77.0222883989161, 38.9379026033068]], [[-77.0189793539557, 38.9384943226587], [-77.0189699629677, 38.9380681877917], [-77.0184283695813, 38.9380852333754], [-77.0184252389525, 38.9382849085091], [-77.017905559069, 38.9382751682035], [-77.0175580628694, 38.938326304094], [-77.0172356108015, 38.93813149924], [-77.0171229090643, 38.9382581226656], [-77.0174140548445, 38.9384553615435], [-77.0174359692459, 38.9386112044783], [-77.0176175439176, 38.9385990291521], [-77.0176018907738, 38.9384504914026], [-77.0178116402061, 38.9384188361773], [-77.0184502839826, 38.9384066601194], [-77.0184628055994, 38.938506497304], [-77.0189793539557, 38.9384943226587]], [[-77.0177576388811, 38.9400209282091], [-77.0181734205171, 38.9405992370539], [-77.0181832040689, 38.9409568725432], [-77.0182803029679, 38.94095443686], [-77.0187897573285, 38.9409416547621], [-77.0187555162448, 38.9399904908444], [-77.0177576388811, 38.9400209282091]], [[-77.0170141203884, 38.940838929763], [-77.0169700966513, 38.9402339900951], [-77.0153705555581, 38.9402568176921], [-77.0153999044167, 38.94088078081], [-77.0170141203884, 38.940838929763]], [[-77.019545994169, 38.9410462060231], [-77.0195960833309, 38.9419593097819], [-77.0197507354936, 38.9419593097819], [-77.019703926979, 38.9415797437237], [-77.0197870489906, 38.9415137167172], [-77.0201126316872, 38.9411192547286], [-77.0201282857294, 38.9410194212227], [-77.019545994169, 38.9410462060231]], [[-77.0208138862424, 38.94183512792], [-77.020823279027, 38.9419373959269], [-77.0209735474111, 38.9419325253264], [-77.0209704167824, 38.9418132133279], [-77.0210417484058, 38.9417243147051], [-77.0211457301966, 38.941706076622], [-77.0211457301966, 38.9418302580112], [-77.0213147823533, 38.9418156482829], [-77.0213022607365, 38.9415429355966], [-77.0211613824421, 38.9415599803449], [-77.0212327769476, 38.9414741633668], [-77.0212678238201, 38.9413237905638], [-77.0212731768809, 38.9412669987526], [-77.0215147805732, 38.9412637302282], [-77.0215057489113, 38.9411460387925], [-77.0211238157952, 38.9411752585222], [-77.0211144248072, 38.9413286605074], [-77.0208577150451, 38.9417426002949], [-77.0208138862424, 38.94183512792]], [[-77.0167065390318, 38.9420445315845], [-77.0166721030137, 38.9411241246862], [-77.0157391837265, 38.9411606479602], [-77.0158111872898, 38.9420786215345], [-77.0167065390318, 38.9420445315845]], [[-77.0238085010904, 38.936802096488], [-77.0239258983216, 38.9365357566646], [-77.0231432492152, 38.9367298042693], [-77.0231725980738, 38.9374451145728], [-77.0232606464464, 38.9374375046071], [-77.0238085010904, 38.936802096488]]]}, "properties": {"Route": "R423_3", "ROUTE_NUMB": 423, "CollectionDay": "Wednesday", "RunsPerWeek": 1, "RStatus": "Scheduled Other Day", "RecycleRouteArea": "OR_423"}}, {"type": "Feature", "geometry": {"type": "Polygon", "coordinates": [[[-77.0035127794347, 38.9126077008271], [-77.003510324339, 38.9145952907882], [-77.0035091259864, 38.9155709944804], [-77.0050918254647, 38.9155718360216], [-77.0050930804111, 38.9170026301322], [-77.0072688548265, 38.9170011637555], [-77.0071341829924, 38.9174831038208], [-77.0069507092821, 38.9181155132665], [-77.00683153159, 38.9185249539687], [-77.006505286835, 38.9196495675691], [-77.0064387620966, 38.9197792915197], [-77.0063264556181, 38.9198881177716], [-77.0047096956175, 38.9207739830286], [-77.004391091034, 38.9209741604862], [-77.0042748490363, 38.9211628006491], [-77.0030115150145, 38.9251974861466], [-77.0029672352576, 38.9252906328836], [-77.0029229267545, 38.9253359566478], [-77.0024462177827, 38.9256019723297], [-77.002308752188, 38.9255979636941], [-77.0022343096987, 38.9255992726506], [-77.0019812129607, 38.9255976289422], [-77.0016626290384, 38.9255992964117], [-77.0013425682858, 38.9256017200429], [-77.0011212826886, 38.9256016480608], [-77.0009784757113, 38.9256038138142], [-77.0007101327663, 38.9256041849065], [-77.0005726743581, 38.9255988442521], [-77.0005757897155, 38.9256878462537], [-77.0005759091915, 38.9258026120853], [-77.0005755588485, 38.9262182561447], [-77.0005752848623, 38.9264573363517], [-77.0005752363533, 38.9265169570739], [-77.0005717598731, 38.9266258820114], [-77.0005746165157, 38.9267611923468], [-77.0005744090049, 38.926943821056], [-77.000571767958, 38.9269955088159], [-77.0005718074839, 38.9270464928049], [-77.0005695581024, 38.9271360814139], [-77.0005713143088, 38.9274217193006], [-76.9995544492549, 38.9274238318867], [-76.9993773760411, 38.9274247166151], [-76.9992611636877, 38.9274237682925], [-76.9991749874042, 38.9274434608354], [-76.9989979016139, 38.9274262575521], [-76.9987065797639, 38.9274254147539], [-76.9973613580158, 38.9274314785677], [-76.9972452947828, 38.9274261499311], [-76.9971801839927, 38.9274301612589], [-76.9967915287833, 38.927426916556], [-76.9964049558688, 38.9274244035359], [-76.9962911033897, 38.9274219652914], [-76.9961793341037, 38.9274281919346], [-76.9961806195929, 38.9274710159903], [-76.9961818116573, 38.927510681278], [-76.9961834043703, 38.9275804391307], [-76.9961801273161, 38.9279256479445], [-76.9961830809768, 38.9280151250278], [-76.9961802988943, 38.9280788193254], [-76.9961823201037, 38.928146154473], [-76.9961791912716, 38.9283430881332], [-76.996178372008, 38.9283964988824], [-76.9961780117836, 38.9284199173053], [-76.9961786379094, 38.9284531954782], [-76.9961794751392, 38.9284977380297], [-76.9961717954419, 38.9285946240449], [-76.9961777072547, 38.9289154292234], [-76.9961783414653, 38.9289865546875], [-76.9961753177361, 38.9293320543553], [-76.9961786504858, 38.9294167770035], [-76.9961780234617, 38.9294606054572], [-76.9961775500496, 38.9294936560263], [-76.9961773182842, 38.9295762093554], [-76.9961769859076, 38.9296915160687], [-76.9961767864816, 38.9297631439012], [-76.9961786244347, 38.9299081806238], [-76.9961761917969, 38.9299920835758], [-76.996178990049, 38.9302565695737], [-76.9961750347668, 38.9303221779931], [-76.9961790592193, 38.9304089525574], [-76.9961750464449, 38.9304706517062], [-76.9961748811549, 38.9305425960102], [-76.9961739531952, 38.9309327416286], [-76.9961738148546, 38.9309526868628], [-76.9961713633522, 38.9313043312804], [-76.9961780836488, 38.9313876148431], [-76.996175340194, 38.9314917238758], [-76.9961752180231, 38.9315148729386], [-76.9961744849978, 38.9316537461932], [-76.9961752341928, 38.9318745520957], [-76.9961744562517, 38.9321871623965], [-76.9961756986218, 38.932256863241], [-76.9961756743673, 38.9323223251609], [-76.9961778006795, 38.9323733039237], [-76.996053003127, 38.9323735100664], [-76.9957606311464, 38.9323742983002], [-76.9954651348253, 38.9323745945867], [-76.9951946529915, 38.9323727553744], [-76.9950809181917, 38.9323719720321], [-76.9950703989198, 38.932371925912], [-76.994980053555, 38.9323723577635], [-76.9949800688264, 38.9323659848086], [-76.9949802269299, 38.9323025578044], [-76.9949803113715, 38.9322691500649], [-76.9949805305604, 38.9321573219308], [-76.9949722148558, 38.931726420237], [-76.9949705260231, 38.9316479364034], [-76.9949694354684, 38.9315675433701], [-76.9949678894678, 38.9314545778844], [-76.9949670899671, 38.9313921633229], [-76.9949663380773, 38.9313082871837], [-76.9949662949581, 38.9312973453825], [-76.9949687320875, 38.9310860630477], [-76.9949675912271, 38.9310224462222], [-76.9949653508288, 38.9306049959455], [-76.9949652879467, 38.930481441295], [-76.9949658907163, 38.930408545851], [-76.9949714782373, 38.9303485098131], [-76.9949715959166, 38.9301641058058], [-76.9949655340851, 38.9300912561572], [-76.9949503839978, 38.9297792599613], [-76.9949643554954, 38.9296968606079], [-76.9949693600099, 38.929588693011], [-76.9949695953685, 38.9295095331523], [-76.9949668833546, 38.9294156505089], [-76.9949723055857, 38.9293340117468], [-76.9949742136073, 38.9291156319289], [-76.994974913395, 38.929010360063], [-76.9949711287927, 38.9289293246173], [-76.9949687024431, 38.9285980420033], [-76.9949667387259, 38.9285126027784], [-76.9949624555586, 38.9284234743388], [-76.9949640563564, 38.9283636043396], [-76.9949644120893, 38.9283502951519], [-76.9949594884232, 38.9280820346476], [-76.9949585308191, 38.92800916539], [-76.9949555807517, 38.9279216604051], [-76.9949598037319, 38.9278468069944], [-76.9949629684966, 38.9276452344845], [-76.994961656058, 38.9275121760898], [-76.9949607963703, 38.9274273351597], [-76.9949625148474, 38.9273265843705], [-76.9949625723396, 38.927310689285], [-76.9949626316284, 38.9272945391197], [-76.9949634913161, 38.9270593948126], [-76.9949634805363, 38.9269761082646], [-76.9949684302536, 38.9269138463031], [-76.9949680682325, 38.926862366739], [-76.9949672723252, 38.9267204497205], [-76.9949681499792, 38.9264041191211], [-76.9949661772788, 38.9263510213535], [-76.9949675310399, 38.9257444401863], [-76.9949674555815, 38.925687315823], [-76.9949683017945, 38.9255899988361], [-76.9949720702271, 38.9255390997597], [-76.9949792881904, 38.925487940672], [-76.9949938867121, 38.9254781909215], [-76.9950464839703, 38.9254435199284], [-76.9951855764139, 38.9254323507927], [-76.9953032161903, 38.9254300746146], [-76.9953142699598, 38.9254298740425], [-76.9953522255772, 38.9254291856681], [-76.9954620006033, 38.9254261756897], [-76.9955285999018, 38.9254140316452], [-76.9956398481649, 38.9253706738181], [-76.9957545513486, 38.9253205034936], [-76.9958373320003, 38.9252832627199], [-76.9958508812898, 38.9252770421782], [-76.9959205698946, 38.9252450463194], [-76.9959463066274, 38.9252325758766], [-76.9960149073724, 38.9251993388232], [-76.9960293918081, 38.9251940910867], [-76.996091892094, 38.9251714452367], [-76.9961780575977, 38.9251551827668], [-76.9962157841447, 38.9251128751687], [-76.9962646632759, 38.9250574310574], [-76.9963118832188, 38.925021029478], [-76.996414253432, 38.9249576189683], [-76.9964620330253, 38.9249228848231], [-76.9968680508725, 38.9247411608322], [-76.9968770546866, 38.9247371318808], [-76.9968945179357, 38.9247285617098], [-76.9972926207269, 38.9245332149243], [-76.9973068186, 38.924527380091], [-76.9973210173713, 38.924521545956], [-76.997378604771, 38.9244975489824], [-76.9976164148778, 38.9243805928852], [-76.9981368852787, 38.9241345316556], [-76.9982587534251, 38.9240769699006], [-76.9984331155234, 38.9239949937294], [-76.9985237797901, 38.9239517356725], [-76.9986299390971, 38.9239017278807], [-76.9987427091063, 38.923847112385], [-76.9988242905071, 38.9238100476528], [-76.9989213741349, 38.9237641952641], [-76.9990184820171, 38.9237182813449], [-76.9991155898993, 38.9236723666971], [-76.9992126178314, 38.9236264107859], [-76.9993096457636, 38.9235804527484], [-76.999406027807, 38.9235288687295], [-76.999497986546, 38.9234844229974], [-76.9995699505834, 38.9234499096749], [-76.9996255877406, 38.9234232552084], [-76.9998584292656, 38.9233117038617], [-76.9998709724419, 38.923305707487], [-77.0000051717622, 38.9232415525359], [-77.0003582159571, 38.9230735453603], [-77.0004280258344, 38.9230426261819], [-77.0005716143461, 38.9229929168705], [-77.000572098538, 38.9228361813881], [-77.0005717284321, 38.9226972244766], [-77.0005717266355, 38.9224628707474], [-77.0005717257372, 38.9223780992585], [-77.0005702075843, 38.9223060271642], [-77.000570340535, 38.9222359433351], [-77.000571189443, 38.9219351780263], [-77.0005719134851, 38.9216784236212], [-77.0005724731355, 38.9216205397799], [-77.0005711274592, 38.9213970922773], [-77.0005709100669, 38.9213025048921], [-77.0005706387757, 38.9212282763017], [-77.0005704761806, 38.9211416163091], [-77.0005706765049, 38.9210066705654], [-77.0005709756439, 38.9209192128552], [-77.0005715281078, 38.9206025593544], [-77.0005718119754, 38.9203831161788], [-77.0005719530109, 38.9203189767566], [-77.000572862106, 38.9202358290662], [-77.0005721677083, 38.9201655642716], [-77.0005725818316, 38.9199633723677], [-77.0005718541963, 38.9198333370386], [-77.0005717724496, 38.9197625099193], [-77.0005704779772, 38.9191837355235], [-76.9995213139973, 38.9191862691041], [-76.9995238580262, 38.9181142782584], [-76.9995282714492, 38.9161633726236], [-76.9995282543812, 38.9159044438651], [-76.9996811539308, 38.9156456350809], [-77.0005731702282, 38.9156418509458], [-77.0005895312444, 38.9141109741886], [-77.0008406840282, 38.913359882146], [-77.0011916279619, 38.9126101801218], [-77.0035127794347, 38.9126077008271]], [[-77.0050563887233, 38.9156066201765], [-77.0036577073344, 38.915624460976], [-77.0035717915623, 38.91562291489], [-77.0034860132324, 38.9181855585308], [-77.0048259106658, 38.9182099161895], [-77.0065620738357, 38.9176047366749], [-77.0065090462844, 38.9173611038164], [-77.0064609603656, 38.9172675692427], [-77.0064309072278, 38.9172535394654], [-77.005415612429, 38.9172598278087], [-77.005079318221, 38.9173192941065], [-77.0050563887233, 38.9156066201765]], [[-77.0060032121345, 38.9180835624043], [-77.0058858149033, 38.9184108648073], [-77.0056118862338, 38.9184337001274], [-77.0052596954384, 38.9185364575792], [-77.0052939356238, 38.9187153318763], [-77.0056412359908, 38.9185973507101], [-77.0059298386404, 38.91860876904], [-77.0067124886452, 38.9186163796281], [-77.0068641269601, 38.918094979419], [-77.0060032121345, 38.9180835624043]]]}, "properties": {"Route": "R521_3", "ROUTE_NUMB": 521, "CollectionDay": "Wednesday", "RunsPerWeek": 1, "RStatus": "Scheduled Other Day", "RecycleRouteArea": "OR_521"}}, {"type": "Feature", "geometry": {"type": "Polygon", "coordinates": [[[-77.0055084353473, 38.9566297895498], [-77.0055072172318, 38.956587868864], [-77.0055339133654, 38.9555745774803], [-77.005711051258, 38.9555337696759], [-77.0060305586484, 38.9554612387876], [-77.006098314977, 38.9554449378568], [-77.006177911101, 38.9554266585956], [-77.0062613097937, 38.9554075682994], [-77.0063796125267, 38.9553807819395], [-77.0064000150635, 38.9553761504724], [-77.0064990058145, 38.955353677025], [-77.0065721601197, 38.95533699186], [-77.0066461238069, 38.9553201397347], [-77.0067208061464, 38.9553031052804], [-77.0067891643462, 38.9552875776226], [-77.0068671848253, 38.9552701715249], [-77.0069381490378, 38.9552546662139], [-77.0072081808156, 38.9551954776127], [-77.0072838243524, 38.9551782482291], [-77.0073326154487, 38.9551091595044], [-77.0073417189758, 38.9550801914129], [-77.0073541633375, 38.9550371870339], [-77.0073520217538, 38.9548541961623], [-77.0073501092406, 38.9547259286069], [-77.0073499646118, 38.9543753161647], [-77.0073499601202, 38.9543649647234], [-77.0073499556287, 38.9543551581669], [-77.0073504155661, 38.9543437826156], [-77.0073524870811, 38.9542925493005], [-77.0073529784596, 38.9542804081031], [-77.0073545684776, 38.9542684010298], [-77.0073628455547, 38.9542089601184], [-77.0073659932514, 38.9541977738571], [-77.007388327166, 38.9541183864894], [-77.0073910131287, 38.9541094153941], [-77.007397054299, 38.9540958344027], [-77.0074153745409, 38.9540546429277], [-77.0074236875505, 38.9540359497513], [-77.0074314139603, 38.9540220683583], [-77.0074407366763, 38.9540053151181], [-77.0074573285596, 38.953975501997], [-77.0074671300777, 38.95395917837], [-77.0075023134941, 38.9539005775871], [-77.0075343914346, 38.9538477477026], [-77.007666114998, 38.9536435672512], [-77.0077389351298, 38.9535305496116], [-77.0077449915715, 38.9535181526032], [-77.0077735032003, 38.9534597994519], [-77.0078036497629, 38.9533832761417], [-77.007821779562, 38.9533212658004], [-77.0078297826528, 38.953252777444], [-77.0078333642359, 38.9532012576195], [-77.0078284540445, 38.9530820903314], [-77.0078332950656, 38.9527214589865], [-77.0078365631366, 38.9524708015514], [-77.0078332600313, 38.9523819561127], [-77.0078388017383, 38.952290755607], [-77.0078386139904, 38.952010082204], [-77.0078386077022, 38.9520014643312], [-77.0078379106095, 38.9519321908745], [-77.007834900355, 38.9518697573111], [-77.0078318128454, 38.9518062373739], [-77.0078279150554, 38.9517803725002], [-77.007824184352, 38.95175560232], [-77.0078226419446, 38.9517432944217], [-77.0078157976805, 38.9516886940777], [-77.007812767663, 38.9516688608627], [-77.0078012467695, 38.9515946577634], [-77.0077875726143, 38.9515398533137], [-77.0077616014211, 38.9514543187746], [-77.0077244210498, 38.9513766545784], [-77.007708565785, 38.9513500692895], [-77.0076884201665, 38.9513162911826], [-77.0076521201441, 38.9512638149606], [-77.0076443362422, 38.9512525625658], [-77.0076055056657, 38.9511974651367], [-77.0074777805037, 38.9510242098924], [-77.0074124900505, 38.9509353891873], [-77.0072673106225, 38.9507374207507], [-77.0070973574556, 38.9505033755391], [-77.0070501968015, 38.9504384557584], [-77.0070029975198, 38.9503735918072], [-77.0069557048134, 38.9503086285936], [-77.0069094281015, 38.9502433600268], [-77.0068612793006, 38.9501788228481], [-77.006823881537, 38.9501275327289], [-77.0067865134178, 38.9500756438601], [-77.0067672634196, 38.9500488953059], [-77.0067203057848, 38.949983796962], [-77.0066759065518, 38.9499223313614], [-77.006628185349, 38.9498540667708], [-77.0066165934886, 38.9498374837064], [-77.0065754560385, 38.9497764790664], [-77.0065339592622, 38.9497058928275], [-77.0064978757339, 38.949640375696], [-77.0064634091731, 38.9495655955093], [-77.0064588089005, 38.9495530818366], [-77.0064379724775, 38.9494964125884], [-77.0064211182861, 38.9494373162866], [-77.0064094734251, 38.9493852312985], [-77.006407470182, 38.9493720126849], [-77.0063995191934, 38.9493195329276], [-77.006384362818, 38.9492201706627], [-77.0063695415141, 38.9491314916135], [-77.0063548244148, 38.9490428271244], [-77.0063401576212, 38.9489541681134], [-77.0063248233792, 38.9488606416616], [-77.0063113441584, 38.9487766848828], [-77.0062972828293, 38.9486879717446], [-77.0062833221114, 38.9485992529063], [-77.0062722791216, 38.9485278522903], [-77.0062711643124, 38.9485207157878], [-77.006251093254, 38.9483979287081], [-77.0062351894802, 38.9482862594474], [-77.0062189048207, 38.9482140508965], [-77.0061820613177, 38.9480532422169], [-77.0061833647732, 38.9479954050493], [-77.0061435424566, 38.9477305241077], [-77.0061216190721, 38.9475832874907], [-77.0061112246659, 38.9474965101872], [-77.0060980733302, 38.9474214601594], [-77.0060717751502, 38.9472499471815], [-77.0060349981225, 38.9470236307375], [-77.0060294869582, 38.9470024666963], [-77.0060170991905, 38.946954897359], [-77.0060150267771, 38.9469414889594], [-77.0060067739546, 38.9468880963683], [-77.0059897769311, 38.9468436415195], [-77.0059797095117, 38.946817308139], [-77.0059753787337, 38.9468059802831], [-77.0059398862969, 38.9467282711708], [-77.0059339331615, 38.9467152365048], [-77.0059038333112, 38.9466526257801], [-77.0058785619057, 38.9466028652459], [-77.0058749982889, 38.9465942481129], [-77.0058711256518, 38.9465848820273], [-77.0058487306517, 38.9465369903325], [-77.0058156807341, 38.9464930215237], [-77.005810540574, 38.9464866351662], [-77.0057889702274, 38.9464598363521], [-77.0057786728393, 38.9464470405751], [-77.0057233518892, 38.9463854196017], [-77.0056641097928, 38.9463262117166], [-77.0056118556911, 38.946274844054], [-77.005605305176, 38.9462684038806], [-77.005593574975, 38.9462592738963], [-77.0053154781227, 38.946042825575], [-77.0052298866424, 38.945977764074], [-77.0051981042476, 38.945953773661], [-77.00498181508, 38.9457905173502], [-77.0075258349815, 38.9452691841224], [-77.0075415510074, 38.946150669751], [-77.0075201711036, 38.9462951342991], [-77.0075116469899, 38.9463512681452], [-77.0077074599589, 38.9464801195578], [-77.0078011722094, 38.9465417858611], [-77.0085997960565, 38.9470673008961], [-77.008607766808, 38.9471323788633], [-77.0086229366582, 38.9473859363727], [-77.0086746661438, 38.9479570339128], [-77.0086852734507, 38.9480951979922], [-77.0086944209953, 38.9481766516771], [-77.0086995584604, 38.948280122663], [-77.0087259904893, 38.9486168946831], [-77.0087527360303, 38.9489620164716], [-77.008760844224, 38.9490572963371], [-77.0087881763648, 38.9493784916991], [-77.0087885940814, 38.9494294749672], [-77.008799832904, 38.9495689977859], [-77.008816817351, 38.9497816369582], [-77.008845688306, 38.9502245519713], [-77.0088518732067, 38.9503076163046], [-77.0088574580328, 38.9503837111939], [-77.0088667034937, 38.9505067938387], [-77.0089456690005, 38.950533494016], [-77.0089531663398, 38.9505360292714], [-77.009100409198, 38.9505507182413], [-77.0092560297446, 38.9506705199305], [-77.009439412725, 38.9508198773935], [-77.0096875363896, 38.9510234882333], [-77.0100179690905, 38.9512936585637], [-77.0102181613465, 38.951458912075], [-77.0102937662557, 38.9515233258331], [-77.0105449208361, 38.9517320113647], [-77.010647153607, 38.9518169566511], [-77.0107996740676, 38.9519438965502], [-77.0108207970532, 38.9523645255492], [-77.0113169527543, 38.9523493723914], [-77.011316983297, 38.9523508624882], [-77.0123919370104, 38.9508361025413], [-77.0131998638106, 38.9497620470271], [-77.0140730675893, 38.9501068097413], [-77.0140732256928, 38.950106871918], [-77.013460457888, 38.9509312918633], [-77.0133934480594, 38.9510209313386], [-77.0134604821425, 38.9522838835514], [-77.013511672639, 38.9533308196131], [-77.0138245010552, 38.9565881699392], [-77.0136745722343, 38.958739543463], [-77.0161694839341, 38.9587405758889], [-77.0161676603541, 38.961304772921], [-77.0115241958869, 38.9612819290512], [-77.0114028918825, 38.9614493930824], [-77.0114023448085, 38.9614501251128], [-77.0060603728343, 38.9614529184234], [-77.005648704584, 38.9614531335621], [-77.0055729784022, 38.9565882411912], [-77.0055084353473, 38.9566297895498]]]}, "properties": {"Route": "R424_3", "ROUTE_NUMB": 424, "CollectionDay": "Wednesday", "RunsPerWeek": 1, "RStatus": "Scheduled Other Day", "RecycleRouteArea": "OR_424"}}, {"type": "Feature", "geometry": {"type": "Polygon", "coordinates": [[[-76.9831005328118, 38.9501120731], [-76.9855227097197, 38.9442373404724], [-76.9855567154448, 38.9442484835907], [-76.9855831896946, 38.9442571582999], [-76.9856321200298, 38.9443291829388], [-76.9857578985426, 38.9452880528791], [-76.9896731661825, 38.9482023145636], [-76.9897570185244, 38.948205897153], [-76.9910401954325, 38.9482607202491], [-76.9927322153892, 38.9495019358789], [-76.9927988587052, 38.9495530601794], [-76.9930797304535, 38.9497694411946], [-76.9930805398356, 38.94977006506], [-76.9931807828382, 38.9498473614483], [-76.9931872345385, 38.9498523139417], [-76.9931941641426, 38.9498576318113], [-76.9932724891506, 38.9499181718019], [-76.9933513917752, 38.9499791623478], [-76.9937164841747, 38.9502610544889], [-76.9939786395241, 38.9504617509333], [-76.9939792611582, 38.9504622259885], [-76.9941364869942, 38.9505839245519], [-76.9941596850881, 38.9506018802088], [-76.9941743797295, 38.9506132542649], [-76.9942677766713, 38.9506855497935], [-76.9942746784276, 38.9506908012328], [-76.9942766529246, 38.9506923123226], [-76.9943563712196, 38.9507532973121], [-76.9944388509357, 38.9508163592081], [-76.9948360284622, 38.9511200465677], [-76.9949129718612, 38.9511789640213], [-76.994993607336, 38.9512405836221], [-76.995080357643, 38.951307338595], [-76.9953918269082, 38.951547061468], [-76.9954741943349, 38.9516103930157], [-76.9955511386323, 38.9516695804194], [-76.99582167167, 38.9518777241079], [-76.995881992643, 38.9519241206916], [-76.9959882399849, 38.9520042531241], [-76.9981545407673, 38.9536693958174], [-76.9988262829705, 38.9541855062016], [-76.99883966158, 38.9541957850175], [-76.9981107874231, 38.9547411993146], [-76.9977177169941, 38.9548482101386], [-76.9962848259625, 38.9546142287986], [-76.9960073723038, 38.9544034259997], [-76.9956113024001, 38.9544810631277], [-76.9954019042091, 38.9545068187374], [-76.9950491007627, 38.9545320273569], [-76.9944408685518, 38.9545342523039], [-76.9915605373743, 38.9545338995258], [-76.991670143517, 38.9554857212627], [-76.9909399182939, 38.9557850114496], [-76.99035514918, 38.9562464585996], [-76.9878355104536, 38.9542725121323], [-76.9857511027875, 38.9526544810985], [-76.9859381203515, 38.9526165791418], [-76.9862884839736, 38.9526479695501], [-76.9883979896704, 38.9532458062828], [-76.9892596833354, 38.9524172182182], [-76.9892525013047, 38.9524202452145], [-76.98911006084, 38.9524188599079], [-76.989091709157, 38.9524190038177], [-76.988993416397, 38.9524199860371], [-76.9889706800371, 38.9524189702853], [-76.9889512189348, 38.9524181012377], [-76.9889217353289, 38.9524167836944], [-76.9888438882246, 38.9524124035265], [-76.9887692606824, 38.952407172474], [-76.9886947355481, 38.952401040238], [-76.9886587041221, 38.9523976297142], [-76.9886204403826, 38.9523940061198], [-76.988546128149, 38.952386070119], [-76.9884720845117, 38.9523771470073], [-76.988398242097, 38.952367319218], [-76.9883246458207, 38.9523565930381], [-76.9882511591389, 38.9523449649743], [-76.9881864579806, 38.9523328003897], [-76.9881653574529, 38.9523284956646], [-76.988121952655, 38.9523196396105], [-76.9880578111471, 38.9523055790417], [-76.9879941313732, 38.9522905285644], [-76.9879306752799, 38.9522744902738], [-76.9878678111763, 38.952257545206], [-76.9878036795498, 38.9522391268013], [-76.9877431061502, 38.9522207789497], [-76.9877040060792, 38.9522081965849], [-76.9876815041796, 38.9522009542668], [-76.9876623979118, 38.9521944650316], [-76.9876204789274, 38.9521802283924], [-76.9875544931782, 38.9521569798895], [-76.9874892000301, 38.9521324704164], [-76.9874247288405, 38.9521067963781], [-76.9873610373885, 38.9520798487924], [-76.987298167895, 38.9520518260588], [-76.9872362218697, 38.9520226324685], [-76.9871750735483, 38.9519922631299], [-76.9871600977342, 38.9519844269834], [-76.9871149834423, 38.9519608221323], [-76.9870556910403, 38.951928296201], [-76.9869975529734, 38.9518946888272], [-76.986961161323, 38.9518717182722], [-76.9869296097952, 38.9518518019754], [-76.9868612057813, 38.9518095452323], [-76.9868497136339, 38.9518025578615], [-76.9868382493342, 38.9517955795716], [-76.9867923400333, 38.9517677390597], [-76.9867372014411, 38.9517349426823], [-76.9867228975669, 38.9517263834581], [-76.9866529942647, 38.9516855678491], [-76.9866431370511, 38.9516799853479], [-76.9866332681594, 38.9516743951616], [-76.9865825133459, 38.9516452929323], [-76.9865116865756, 38.9516055580098], [-76.9864402821886, 38.9515663637812], [-76.9863684169659, 38.9515276201281], [-76.9862962058918, 38.951489416472], [-76.9862788387624, 38.9514803123098], [-76.9862614842094, 38.951471215831], [-76.9862263016913, 38.9514535552039], [-76.9862147116275, 38.9514479412473], [-76.9861907724235, 38.95143634517], [-76.9861547814216, 38.9514195857297], [-76.9861290446887, 38.9514081622023], [-76.9861184436701, 38.9514034564238], [-76.9861054486412, 38.951397902543], [-76.9860817618638, 38.9513877777122], [-76.9860446174251, 38.9513726397149], [-76.9860259171958, 38.9513653358344], [-76.9860072421194, 38.9513580417335], [-76.9859694050796, 38.9513440745866], [-76.9859493331229, 38.9513369474494], [-76.9859313371728, 38.9513305573367], [-76.9858828874363, 38.9513072002717], [-76.985735581696, 38.9512363968946], [-76.9856326859684, 38.9511868393787], [-76.9855400570862, 38.9511423264472], [-76.9855284643274, 38.951137955981], [-76.9855137562113, 38.951132594894], [-76.9855003749068, 38.9511279086582], [-76.9854869936024, 38.9511234026619], [-76.9854734964152, 38.9511189867853], [-76.9854600001264, 38.9511146617269], [-76.9854434118363, 38.9511096492417], [-76.9854327757834, 38.9511065502332], [-76.9854190477292, 38.9511026750753], [-76.9854053205733, 38.9510988900371], [-76.9852634128096, 38.9510590702771], [-76.9851345755332, 38.9510229160758], [-76.984794041277, 38.9509228806466], [-76.9847253309376, 38.9509010079857], [-76.9846563052895, 38.9508782718403], [-76.9846414246968, 38.9508732251067], [-76.9846246980662, 38.9508675370518], [-76.9845878994789, 38.9508550215131], [-76.9845624160709, 38.9508460590866], [-76.9845369120017, 38.9508370882757], [-76.9845199554024, 38.9508310502158], [-76.9844497583511, 38.9508055587411], [-76.9843852206862, 38.950781306587], [-76.9843184309448, 38.9507554441337], [-76.9842519870548, 38.950728950828], [-76.9841860048989, 38.9507018266691], [-76.984120484477, 38.9506741624755], [-76.9840948276942, 38.950663218772], [-76.9840691520467, 38.9506522652864], [-76.9840181663661, 38.9506298280659], [-76.9839929039437, 38.9506184288625], [-76.9839676424196, 38.9506070303559], [-76.9839173484418, 38.950583602493], [-76.9838675170964, 38.9505598127424], [-76.9838513680825, 38.9505518835224], [-76.9838371567347, 38.9505448918359], [-76.9838180316023, 38.9505354836571], [-76.9837688919596, 38.9505107039598], [-76.983720214051, 38.9504854743488], [-76.98369604398, 38.9504726324915], [-76.9836718828921, 38.950459794125], [-76.9836238975846, 38.9504336632878], [-76.9835657622126, 38.9504020364668], [-76.9835102211752, 38.9503710397794], [-76.9834511057414, 38.950336980364], [-76.9834385329206, 38.9503295024224], [-76.9833947005247, 38.9503035517791], [-76.9833711422063, 38.9502891911057], [-76.9833547910715, 38.9502792233044], [-76.9833388720264, 38.9502694022103], [-76.9832836220431, 38.9502347125974], [-76.9832628125696, 38.9502212377513], [-76.9832485572043, 38.9502120062786], [-76.9832385023614, 38.9502055469018], [-76.9832290637627, 38.9501994822408], [-76.9831996331574, 38.9501798826446], [-76.9831750822006, 38.9501635315962], [-76.9831502833089, 38.95014650219], [-76.9831406380977, 38.950139912865], [-76.9831217932397, 38.9501270402061], [-76.9831005328118, 38.9501120731]]]}, "properties": {"Route": "R519_3", "ROUTE_NUMB": 519, "CollectionDay": "Wednesday", "RunsPerWeek": 1, "RStatus": "Scheduled Other Day", "RecycleRouteArea": "OR_519"}}, {"type": "Feature", "geometry": {"type": "MultiPolygon", "coordinates": [[[[-77.0015609038157, 38.9428776761574], [-77.0016567720228, 38.9428720992506], [-77.0018708648095, 38.9428755025472], [-77.0020051395883, 38.9428756380921], [-77.0020782480793, 38.9428757121528], [-77.0023027370688, 38.9428759601861], [-77.0026436468209, 38.9428766511859], [-77.0027334828408, 38.942876342367], [-77.002899011805, 38.9428757463884], [-77.0029730428659, 38.9428754725037], [-77.0030678932818, 38.9428751518071], [-77.0032369993374, 38.9428745656101], [-77.0033694235867, 38.9428741128619], [-77.0034347077516, 38.9428738892826], [-77.0035594082861, 38.9428734651806], [-77.0036814587905, 38.9428735168833], [-77.0037089643062, 38.9428735280622], [-77.0037198204464, 38.9428734581937], [-77.0038477692889, 38.942872635841], [-77.0039130543522, 38.9428724772394], [-77.0040368844192, 38.9428721935731], [-77.0040940091864, 38.942872062919], [-77.0041969722876, 38.9428718267633], [-77.0042978036867, 38.9428716094721], [-77.0043870189708, 38.9428713740151], [-77.0043856167007, 38.9428399757838], [-77.0043837832392, 38.9427989419586], [-77.0043843312115, 38.9426955356357], [-77.0043835191345, 38.9426278768349], [-77.0043829082801, 38.9425588674047], [-77.0043825678186, 38.9425010613875], [-77.0043822902392, 38.9424308843233], [-77.0043822147807, 38.9424119002211], [-77.0043821411189, 38.9423396821932], [-77.004382133034, 38.9422446224695], [-77.0043820153547, 38.9421720605146], [-77.0043820117615, 38.9421096910187], [-77.0043819605575, 38.9419674977812], [-77.0043819309131, 38.941892187575], [-77.0043819102518, 38.9418412030783], [-77.0043818743192, 38.9417522416079], [-77.0043832891658, 38.9415894668065], [-77.004383013383, 38.9415123835999], [-77.004382862466, 38.9414614030223], [-77.0043829666706, 38.9414061785051], [-77.0043838371381, 38.9411434822403], [-77.0043839233764, 38.9410622384698], [-77.0043839961399, 38.9409930186032], [-77.0043840042247, 38.9409861552341], [-77.0043840096147, 38.9408327015023], [-77.004384007818, 38.9408079198107], [-77.0043840042247, 38.940747219023], [-77.0044660177152, 38.9407471449602], [-77.0045313009819, 38.9407470757882], [-77.0045965330446, 38.9407491111198], [-77.0046199943448, 38.9407502136784], [-77.0046370192161, 38.9407510129984], [-77.0046882743913, 38.9407552786004], [-77.0047076115261, 38.9407568884196], [-77.0047202939413, 38.9407579441648], [-77.0047553938143, 38.9407608654556], [-77.0047829685003, 38.9407645357593], [-77.0048552487447, 38.9407741569429], [-77.0049342034716, 38.9407882505421], [-77.0049458591125, 38.9407905527782], [-77.0049998559459, 38.9408012192221], [-77.0050658803226, 38.9408184905294], [-77.0051287534094, 38.9408378202188], [-77.0052086711303, 38.9408677045439], [-77.0052268278788, 38.9408757361594], [-77.005303800024, 38.9409097805569], [-77.0053644093562, 38.9409379558207], [-77.0054204543484, 38.9409700389257], [-77.0054735178323, 38.9410028535591], [-77.0058551140801, 38.9412593535633], [-77.0059478229124, 38.9413221493159], [-77.0060282957922, 38.9413753364889], [-77.0061333663411, 38.9414455921536], [-77.0062302730007, 38.9415108094315], [-77.0063284642511, 38.9415771236055], [-77.0064267111971, 38.941643499203], [-77.0065247578188, 38.9417099012888], [-77.0066173983791, 38.9417723934082], [-77.0066652722955, 38.9418070564197], [-77.0067208025531, 38.9418428170651], [-77.006814954978, 38.9419067371998], [-77.0069205070239, 38.9419759037723], [-77.0069817622448, 38.9420217660481], [-77.0070288339657, 38.9420606266879], [-77.0070765614568, 38.9421024267079], [-77.0070839402185, 38.9421121511165], [-77.0071292431566, 38.9421718571952], [-77.0071552781302, 38.9422125602033], [-77.0071595370429, 38.9422192173396], [-77.0072044105863, 38.9422926246625], [-77.0072339453962, 38.9423663463201], [-77.0073018750997, 38.9424312371616], [-77.0073261098494, 38.9424866711859], [-77.0073294758368, 38.9424943693433], [-77.0073511935071, 38.9425561851395], [-77.0073549287021, 38.9425668170821], [-77.0073697823453, 38.9426274094128], [-77.0073726273098, 38.942639016014], [-77.0073835095011, 38.9426963048902], [-77.0073881861305, 38.9427539870807], [-77.0073886613393, 38.9427658975899], [-77.0073951058532, 38.9429271605311], [-77.0073981852779, 38.9430280212108], [-77.0074030622316, 38.9431876968483], [-77.0074092435391, 38.9434077814342], [-77.0074121082665, 38.9435097425486], [-77.0074276302563, 38.9437215768554], [-77.007450425905, 38.9437764166943], [-77.0074899454893, 38.9438714932285], [-77.0075014915356, 38.9439223658746], [-77.0075091245206, 38.9439730505407], [-77.0075096257805, 38.9441046492672], [-77.0075097048323, 38.9444153318229], [-77.0075136367583, 38.9447726497327], [-77.0075258349815, 38.9452691841224], [-77.00498181508, 38.9457905173502], [-77.0049485118375, 38.9457643400777], [-77.0049067581431, 38.9457315192641], [-77.0048547295185, 38.9456933816511], [-77.0047323529256, 38.9456008332109], [-77.0046589372107, 38.9455358439648], [-77.0045988282401, 38.9454878020481], [-77.0045392699368, 38.9454393926036], [-77.0044803072165, 38.9453905806976], [-77.0044216283638, 38.9453414536618], [-77.0043690373938, 38.9452965828382], [-77.0043075001019, 38.9452410056892], [-77.004251800961, 38.9451900578351], [-77.0041966632672, 38.9451387822714], [-77.0041420160535, 38.9450871524482], [-77.0040878638116, 38.9450351606794], [-77.0040567273055, 38.945004186797], [-77.0040435328506, 38.9449910623849], [-77.0039995917585, 38.9449467034608], [-77.0039405877157, 38.9448844474936], [-77.0038789830501, 38.9448042867507], [-77.0038443970134, 38.9447550328499], [-77.0038234042835, 38.9447246324508], [-77.0038102646258, 38.9447056028507], [-77.0037765427684, 38.9446558325658], [-77.0037387802888, 38.9446027072406], [-77.0037201779759, 38.9445728293804], [-77.003708393876, 38.9445393317036], [-77.00370089474, 38.9445361052501], [-77.0037008309596, 38.9445299087543], [-77.0036686937303, 38.9444734325152], [-77.0035840373963, 38.944440039592], [-77.0035716711881, 38.9444348100471], [-77.0034722312794, 38.9443927514968], [-77.0034204083689, 38.9443701124751], [-77.0033657467822, 38.944346234004], [-77.0032867148001, 38.9443103048442], [-77.0032551560859, 38.9442953861156], [-77.0032083709276, 38.9442732696691], [-77.0031051545014, 38.9442226138632], [-77.0030073881541, 38.9441754709469], [-77.0029927698695, 38.9441684094628], [-77.0028887512478, 38.9441181685938], [-77.0028034148891, 38.9440800622518], [-77.002788290853, 38.9440684586811], [-77.0027280336603, 38.9440222260346], [-77.0027080308739, 38.944006878958], [-77.0026394319256, 38.9439619339287], [-77.0026263452685, 38.9439533590939], [-77.0025405076498, 38.943895842068], [-77.0025274596203, 38.9438871002417], [-77.0024367854722, 38.9438253121556], [-77.0024222588157, 38.9438148830177], [-77.0023515173854, 38.9437640955331], [-77.0023045983781, 38.9437280577834], [-77.0022488695928, 38.9436878195671], [-77.002198159695, 38.9436491463661], [-77.0021479043448, 38.9436102090438], [-77.0020979508285, 38.9435710327519], [-77.0020488228639, 38.9435317034278], [-77.0019986196159, 38.9434866539941], [-77.0019443146604, 38.9434413956265], [-77.0018941482433, 38.9433929847847], [-77.0018433395309, 38.9433434734876], [-77.0017953542233, 38.9432937197135], [-77.0017751160783, 38.9432724972669], [-77.0017471883544, 38.9432432120268], [-77.0016992344879, 38.9431924688483], [-77.0016516264728, 38.9431415628404], [-77.0016044649204, 38.9430904164489], [-77.0015575656761, 38.9430389912456], [-77.0014999630051, 38.9429794270314], [-77.0014362185525, 38.9429098226637], [-77.0014964676603, 38.9428889732001], [-77.0015127765743, 38.9428833292204], [-77.0015226912801, 38.9428798986755], [-77.0015609038157, 38.9428776761574]]], [[[-76.985644286812, 38.9415413230004], [-76.9857237463921, 38.940907189061], [-76.9857462267321, 38.9407277803108], [-76.9859649161981, 38.9389824548462], [-76.9883051496842, 38.9389898291763], [-76.9883065447678, 38.9388543087948], [-76.9883139100548, 38.9383196130532], [-76.9902508808266, 38.9383224925206], [-76.9907263267671, 38.9383353673231], [-76.9968048130697, 38.9380781335531], [-76.9969530494647, 38.9384342019318], [-76.9971907508754, 38.9390153332846], [-76.9972296425373, 38.9391091738747], [-76.9972800191601, 38.9392307235368], [-76.9973102762155, 38.9393037601383], [-76.9977380566487, 38.9403363414618], [-76.9978015414882, 38.9404895796681], [-76.9979052690557, 38.9407399517778], [-76.998095048041, 38.941199993971], [-76.9981998742481, 38.9414541002166], [-76.9975120243536, 38.9412418308309], [-76.9965356293016, 38.9412776001457], [-76.9964750379357, 38.9412798199192], [-76.9958176553023, 38.9414579807929], [-76.9938905246761, 38.9413996135208], [-76.9940494474297, 38.9416759390231], [-76.9945742225574, 38.9425883813985], [-76.994866694251, 38.9430996949621], [-76.994973055679, 38.9432856394642], [-76.9956040062834, 38.9436922994863], [-76.9957991760587, 38.9438195934921], [-76.9958089937464, 38.9440313521149], [-76.9958309162326, 38.9445041977274], [-76.995843171948, 38.9447685387777], [-76.9959031928837, 38.9460631179825], [-76.9959131911328, 38.9462787781626], [-76.995913231557, 38.9462796437923], [-76.9947715312214, 38.9462811738398], [-76.9942055512699, 38.946281931877], [-76.9926479444324, 38.946284014558], [-76.9927322153892, 38.9495019358789], [-76.9910401954325, 38.9482607202491], [-76.9897570185244, 38.948205897153], [-76.9896731661825, 38.9482023145636], [-76.9857578985426, 38.9452880528791], [-76.9856321200298, 38.9443291829388], [-76.9855831896946, 38.9442571582999], [-76.9856646327548, 38.9441783061601], [-76.9856658508704, 38.9441701393763], [-76.985668160439, 38.9441546651732], [-76.9856679655046, 38.9441036445751], [-76.9856676573824, 38.9440227737951], [-76.9856673744131, 38.9439485515127], [-76.9856671210882, 38.9438819684705], [-76.9856662021116, 38.9436407950703], [-76.9856657125298, 38.9435122808498], [-76.985665519392, 38.9434616545434], [-76.985665257084, 38.9433928974496], [-76.9856645644829, 38.9432111565003], [-76.9856635916074, 38.942955847129], [-76.9856632646207, 38.9428701645906], [-76.9856622423379, 38.9426018395296], [-76.9856621075906, 38.9425664572575], [-76.9856085931525, 38.9419529865971], [-76.9856489257121, 38.9415866985648], [-76.985644286812, 38.9415413230004]]]]}, "properties": {"Route": "R520_3B", "ROUTE_NUMB": 520, "CollectionDay": "Wednesday", "RunsPerWeek": 1, "RStatus": "Scheduled Other Day", "RecycleRouteArea": "OR_520B"}}, {"type": "Feature", "geometry": {"type": "Polygon", "coordinates": [[[-76.99035514918, 38.9562464585996], [-76.9909399182939, 38.9557850114496], [-76.991670143517, 38.9554857212627], [-76.9915605373743, 38.9545338995258], [-76.9944408685518, 38.9545342523039], [-76.9950491007627, 38.9545320273569], [-76.9954019042091, 38.9545068187374], [-76.9956113024001, 38.9544810631277], [-76.9960073723038, 38.9544034259997], [-76.9962848259625, 38.9546142287986], [-76.9977177169941, 38.9548482101386], [-76.9981107874231, 38.9547411993146], [-76.99883966158, 38.9541957850175], [-76.9988262829705, 38.9541855062016], [-76.9988397073941, 38.9541957577731], [-76.9989140043563, 38.9542526007016], [-76.9990657711302, 38.9543685728485], [-76.9992305823405, 38.9544949479237], [-76.9994436636242, 38.9546583371737], [-76.9994514520177, 38.9546644182188], [-76.9995309987344, 38.9547258091516], [-76.9996061859271, 38.9547857372299], [-76.9996793447238, 38.9548421458749], [-76.9999209448229, 38.9550268259093], [-77.0001183505048, 38.9551789915013], [-77.0001891530206, 38.9552351078337], [-77.0002773325472, 38.95530161804], [-77.0003885655389, 38.9553877934073], [-77.0004085323928, 38.9554008502296], [-77.000440407314, 38.9554216953148], [-77.0004579154789, 38.9554319446117], [-77.0005255505349, 38.9554958734504], [-77.0005918785423, 38.9555735443097], [-77.0006861621212, 38.9556165728128], [-77.0008895694476, 38.9557691877087], [-77.0010536754804, 38.9558959947887], [-77.0010764190267, 38.9559136452276], [-77.0012036078946, 38.9560123477534], [-77.0014336520658, 38.9561891254882], [-77.00156691085, 38.9562906560722], [-77.001726142624, 38.9564133924555], [-77.0017758392221, 38.9564516137154], [-77.0020023332513, 38.9566253803031], [-77.0022519032035, 38.9568167903918], [-77.0028356563229, 38.95727385375], [-77.0030078031758, 38.9574668966743], [-77.0031168415833, 38.9576769659751], [-77.0031576951658, 38.957915233905], [-77.0031174398613, 38.9581689079156], [-77.0029756039627, 38.9587416662927], [-77.0028859790469, 38.95910358512], [-77.0028201630792, 38.9593693560867], [-77.0023722208578, 38.9592983106926], [-77.0020137813813, 38.9591832616805], [-77.0011333281983, 38.9587838476525], [-77.0004508789753, 38.9596890022002], [-76.9997664507637, 38.9604280405332], [-76.9990765895412, 38.9609188967532], [-76.9983411244451, 38.9612746394635], [-76.9972323204151, 38.9616242140247], [-76.9971044362513, 38.9615267207383], [-76.9969183870711, 38.9613823130798], [-76.9966592087386, 38.9611789806687], [-76.9965498487342, 38.9610944950445], [-76.9963951929783, 38.9609743086362], [-76.9961689998847, 38.9607979367978], [-76.9956272573779, 38.9603759363802], [-76.9953146203028, 38.9601314662253], [-76.9950420112585, 38.9599171467375], [-76.9949045878846, 38.9598101798909], [-76.9947825014476, 38.9597131304623], [-76.994616614954, 38.9595817143882], [-76.9944381780976, 38.9594419542243], [-76.9943528040096, 38.9593750190109], [-76.9943470323339, 38.9593705128405], [-76.9942660456177, 38.9593070932282], [-76.9942582437495, 38.9593009699715], [-76.9942438940611, 38.9592897055808], [-76.9940412700657, 38.9591309400693], [-76.993794673537, 38.9589377200612], [-76.993706732064, 38.9588688117292], [-76.9936190933231, 38.958800782079], [-76.9934654841045, 38.9586815417802], [-76.9932777910074, 38.9585358423273], [-76.9932674990091, 38.9585278057273], [-76.9932496405013, 38.9585138609494], [-76.9931302022978, 38.9584206551649], [-76.9930797044024, 38.9583812495573], [-76.9928815701867, 38.9582265279199], [-76.9927440686594, 38.9581194230052], [-76.9926376173999, 38.9580364761003], [-76.9925320572692, 38.9579542241424], [-76.9925236113089, 38.9579476935219], [-76.9923940769399, 38.9578467611648], [-76.9923192418868, 38.9577884374236], [-76.9922313812621, 38.9577199624653], [-76.9921154357084, 38.9576285103691], [-76.99210531978, 38.957620530248], [-76.9920587124881, 38.957583682949], [-76.9920463867041, 38.9575739376109], [-76.9920302978774, 38.9575612164885], [-76.9920142090506, 38.9575484953637], [-76.9919665354585, 38.9575107999984], [-76.9919108147581, 38.9574668359012], [-76.9918592388843, 38.9574261996308], [-76.9918447104312, 38.9574148532126], [-76.9917780482506, 38.9573630569968], [-76.9916901642698, 38.957294768837], [-76.9916696431554, 38.9572788245851], [-76.9916376316903, 38.9572539515451], [-76.9915838217064, 38.9572121821141], [-76.9915222107527, 38.9571643555789], [-76.9914705136064, 38.9571240264948], [-76.9914016541466, 38.9570703090663], [-76.9913380004239, 38.9570206515464], [-76.9912628491638, 38.9569620253532], [-76.9911923287191, 38.9569070106], [-76.9911160895992, 38.9568477025302], [-76.9910731591118, 38.9568143063552], [-76.9910666678856, 38.9568092677283], [-76.9909949436984, 38.9567535843454], [-76.9909326284654, 38.9567051539543], [-76.9909230730857, 38.9566977276787], [-76.9908602521013, 38.9566489046645], [-76.9908509716061, 38.9566416907421], [-76.9907884695236, 38.9565917213684], [-76.9907102442286, 38.9565291815388], [-76.9906559410697, 38.9564857665924], [-76.9905842087976, 38.9564284169094], [-76.9904968718908, 38.9563585924305], [-76.9904334319671, 38.9563084111958], [-76.99035514918, 38.9562464585996]]]}, "properties": {"Route": "R518_3", "ROUTE_NUMB": 518, "CollectionDay": "Wednesday", "RunsPerWeek": 1, "RStatus": "Scheduled Other Day", "RecycleRouteArea": "OR_518"}}, {"type": "Feature", "geometry": {"type": "Polygon", "coordinates": [[[-76.9859649161981, 38.9389824548462], [-76.9863099905398, 38.9361774022214], [-76.9886817360277, 38.936179727666], [-76.9888168013239, 38.9354105428819], [-76.9888629864076, 38.9351168559854], [-76.9888440301585, 38.9346395937548], [-76.9888433330658, 38.9346313063831], [-76.9845925123279, 38.9348487342722], [-76.9845021031827, 38.9348531756191], [-76.98385497392, 38.9348839401143], [-76.9836165628403, 38.9348950427767], [-76.9830346647419, 38.9349251022011], [-76.9829695898844, 38.9349291277789], [-76.9828745274661, 38.9349350651737], [-76.9827858269167, 38.9349391389655], [-76.9826745292462, 38.9349444314008], [-76.9820664461557, 38.9349746983369], [-76.9818386244165, 38.9349853174411], [-76.9814276074447, 38.9350047192956], [-76.9813302417461, 38.9350090572159], [-76.9812432857249, 38.9350138605119], [-76.9808308359402, 38.9350355123744], [-76.9802667604171, 38.9350633867094], [-76.9800720568675, 38.9350723071092], [-76.9798740052968, 38.9350822826388], [-76.9797719503923, 38.9350883171487], [-76.9797700342858, 38.9350884303481], [-76.9797659505446, 38.9350202548905], [-76.9797274936672, 38.9345236494241], [-76.9797029615752, 38.9341822586629], [-76.9796989883266, 38.9341406510274], [-76.9796952306738, 38.9341012878228], [-76.9796933433134, 38.9340698626484], [-76.9796906807069, 38.9340255227462], [-76.9796673972731, 38.9337409463386], [-76.9796603284301, 38.9336552470748], [-76.9796538560685, 38.9335863777514], [-76.97963395569, 38.9333412212288], [-76.979623618776, 38.933209854785], [-76.9796166200016, 38.9331195492106], [-76.979609899705, 38.933033980567], [-76.9795826430226, 38.932683250351], [-76.9795779160876, 38.9326197914863], [-76.9795472350274, 38.9322164235524], [-76.9795405515617, 38.932131684682], [-76.9795337414335, 38.9320424007664], [-76.9795286758336, 38.9319719415209], [-76.9795280667759, 38.9319637572589], [-76.9795035742096, 38.9316343539039], [-76.9794773434033, 38.9312851478366], [-76.9794727548089, 38.9312274178825], [-76.9794666768077, 38.9311434604876], [-76.9794595226247, 38.9310575190949], [-76.9794492144568, 38.9309258493336], [-76.9794315445952, 38.9307014073889], [-76.9794274231247, 38.9306449767386], [-76.9794059291349, 38.9303806151794], [-76.9793939662703, 38.9302315906156], [-76.9793883059857, 38.9301548752155], [-76.9884287048666, 38.92973995094], [-76.9884490328432, 38.9297390173235], [-76.9937472119473, 38.9294955204707], [-76.9937442025911, 38.929546673873], [-76.9937429683059, 38.9295676865898], [-76.9937382826934, 38.9295946301541], [-76.9937361725508, 38.9296067643983], [-76.9937325532385, 38.9296275758384], [-76.993727118431, 38.9296588338676], [-76.9937231604539, 38.9296755907653], [-76.9937043371554, 38.9297552759473], [-76.9936848428154, 38.9298472664523], [-76.9936628071415, 38.9299264951167], [-76.9936305746908, 38.9300562198437], [-76.9936191966294, 38.930106431543], [-76.9935834077485, 38.9302487352174], [-76.9935530339121, 38.9303697088743], [-76.9935401646474, 38.9304413562873], [-76.9935441136413, 38.9305212809987], [-76.9935659759404, 38.930824487867], [-76.9935707998935, 38.9308906072854], [-76.9935802483736, 38.9310150312319], [-76.9935898226179, 38.9311375081005], [-76.9936015114964, 38.9312869682096], [-76.9936078257545, 38.9313574036776], [-76.9936131105434, 38.9314064013417], [-76.993615502757, 38.9314285811993], [-76.9936174754573, 38.9314554374058], [-76.993621207059, 38.9315062728394], [-76.9936275446733, 38.9315768101139], [-76.9936517434905, 38.9318862429147], [-76.993740307496, 38.9318840794495], [-76.9937709517253, 38.9324080973118], [-76.9936931504352, 38.9324122026942], [-76.9936969745633, 38.9324615895534], [-76.9937033723648, 38.9325441771627], [-76.9937414169154, 38.9327268315127], [-76.9937949735743, 38.9329881369354], [-76.9938424118078, 38.9332124675257], [-76.9938565719517, 38.9332790696713], [-76.9938968658838, 38.9334617102494], [-76.9939189913892, 38.9335621770063], [-76.9939518580505, 38.9337159574272], [-76.9968048130697, 38.9380781335531], [-76.9907263267671, 38.9383353673231], [-76.9902508808266, 38.9383224925206], [-76.9883139100548, 38.9383196130532], [-76.9883065447678, 38.9388543087948], [-76.9883051496842, 38.9389898291763], [-76.9859649161981, 38.9389824548462]]]}, "properties": {"Route": "R525_3", "ROUTE_NUMB": 525, "CollectionDay": "Wednesday", "RunsPerWeek": 1, "RStatus": "Scheduled Other Day", "RecycleRouteArea": "OR_525"}}, {"type": "Feature", "geometry": {"type": "Polygon", "coordinates": [[[-76.9762239086506, 38.9290405603482], [-76.9762853785689, 38.9290234147556], [-76.9763282686321, 38.929000856782], [-76.9763560867616, 38.9289862255422], [-76.9764364428603, 38.9289475673842], [-76.9765230359622, 38.9289066862491], [-76.9766294863233, 38.9288579901476], [-76.9768474571371, 38.9287526906451], [-76.9769390852961, 38.9287086597936], [-76.977204815042, 38.9285868188558], [-76.9772964467942, 38.9285445147018], [-76.9773707024339, 38.9285081813004], [-76.9774266027974, 38.9284806300426], [-76.9776817656606, 38.9283543008368], [-76.9777721092288, 38.9283096806253], [-76.977939923507, 38.9282291664049], [-76.978054975237, 38.9281738085888], [-76.9781341967636, 38.9281317571652], [-76.9781914194472, 38.9281072296026], [-76.9782509067836, 38.9280728170642], [-76.9783403978505, 38.9280263133242], [-76.978449951891, 38.9279647860584], [-76.9785305370602, 38.9279301651989], [-76.9786081874333, 38.9278920089262], [-76.978711428114, 38.9278455868312], [-76.9787881074083, 38.9278018244677], [-76.9788654802021, 38.927770540462], [-76.9789333757696, 38.9277391222663], [-76.9789973744454, 38.9277079926756], [-76.979099122126, 38.9276584201106], [-76.9791669242687, 38.9276313493216], [-76.9792779551395, 38.9275824538751], [-76.9793926259838, 38.9275295505673], [-76.9795843632964, 38.9274339769119], [-76.9796816104175, 38.9273856369057], [-76.9797605328051, 38.9273488738239], [-76.9798901983281, 38.9272884864757], [-76.9799892537579, 38.9272435203671], [-76.9800609608771, 38.9272078131585], [-76.9801181476281, 38.9271832363576], [-76.9805004355787, 38.9269947170281], [-76.9805653271799, 38.9269626849054], [-76.9806407775789, 38.9269260711567], [-76.9807407232392, 38.9268695522441], [-76.9808190311791, 38.9268383558816], [-76.980899564246, 38.9268017979762], [-76.9810514082751, 38.9267284899267], [-76.9811366979214, 38.9266865229055], [-76.9813292634807, 38.9265925966916], [-76.9814691069159, 38.9265244270445], [-76.9815828084781, 38.9264689197424], [-76.9816955973519, 38.9264138582616], [-76.9817940958261, 38.9263676658191], [-76.981905639635, 38.9263148077293], [-76.9820094318812, 38.9262617965522], [-76.9820664290877, 38.9262370006837], [-76.9821478496901, 38.9261986100845], [-76.9822204102088, 38.9261638814389], [-76.9823558105767, 38.9261000421575], [-76.982455118433, 38.9260511729109], [-76.9825375945559, 38.9260110895927], [-76.982624937751, 38.9259686392403], [-76.9827962482723, 38.9258853101793], [-76.9828775574836, 38.9258457676798], [-76.9829337444097, 38.9258184970259], [-76.9830084213592, 38.9257816646443], [-76.983099328171, 38.9257376578062], [-76.9831814584425, 38.9256974401309], [-76.983249123143, 38.9256693314928], [-76.9833301943007, 38.9256323180303], [-76.9834072904134, 38.9255945274209], [-76.9834947225416, 38.9255513437192], [-76.9835879011928, 38.9255062318462], [-76.9836766969637, 38.9254647491086], [-76.9837345529596, 38.9254354879628], [-76.9838278106625, 38.9253905018105], [-76.9838742131385, 38.9253691034845], [-76.983980017611, 38.9253191267426], [-76.9840640514125, 38.9252781184207], [-76.9841215453873, 38.9252514856068], [-76.984149763267, 38.9252383547432], [-76.9841996961221, 38.9252151211666], [-76.9843369712739, 38.9251476294877], [-76.9844106007879, 38.9251114306242], [-76.9844669296478, 38.9250836858604], [-76.9845907417485, 38.9250230925166], [-76.9846626985993, 38.9249881347678], [-76.9849399294758, 38.9248610571501], [-76.9850173471853, 38.924825570282], [-76.9850877256962, 38.9247935511571], [-76.9851998084942, 38.924742688549], [-76.9852675773993, 38.924712234144], [-76.9853412194896, 38.924685259373], [-76.9854132284428, 38.9246547420455], [-76.985495357816, 38.9246191663182], [-76.9855975357897, 38.92457416008], [-76.985704756007, 38.9245503273578], [-76.9857065984517, 38.9245499178223], [-76.9857197426009, 38.9245442388374], [-76.9859457524382, 38.9244524161722], [-76.987890071429, 38.9238553954257], [-76.9878923306919, 38.9238548174579], [-76.987929125686, 38.9238454490675], [-76.9879429795043, 38.9238419428222], [-76.9880137811217, 38.9238240223206], [-76.9880843240244, 38.9238017394473], [-76.9883335966342, 38.9237225822162], [-76.9883782608702, 38.9237088891748], [-76.9885767041063, 38.9236480514483], [-76.9888488136873, 38.9235581138886], [-76.9889411308542, 38.9235272249731], [-76.9892558493257, 38.9234261450649], [-76.989364682019, 38.9233911907225], [-76.9894836162677, 38.9233546352341], [-76.989617966505, 38.9233134580458], [-76.9897132301459, 38.923283999628], [-76.9897263329726, 38.9232797287818], [-76.9898403489451, 38.9232425910699], [-76.9899387027907, 38.9232123386959], [-76.9900112669027, 38.9231911668487], [-76.9901152801345, 38.9231590393587], [-76.9901975622212, 38.9231312302333], [-76.9902276962074, 38.9231217953538], [-76.9902581455023, 38.9231122626298], [-76.9902678338326, 38.9231091183681], [-76.9902773775342, 38.9231060216302], [-76.9903553557925, 38.9230856045421], [-76.9904266389069, 38.9230632543444], [-76.9905171998673, 38.9230348336607], [-76.9905942510642, 38.9230108669351], [-76.9907444044639, 38.922964322836], [-76.9911849796018, 38.9228294406629], [-76.9916580575832, 38.9226848947606], [-76.9917328144828, 38.9226612661769], [-76.9918223109397, 38.9226329781203], [-76.9918948130679, 38.9226100609843], [-76.9920315258744, 38.9225668475105], [-76.9921161202247, 38.9225402339466], [-76.9921333642849, 38.9225348091953], [-76.9921955681267, 38.922515505967], [-76.9924170998623, 38.9224438764075], [-76.9925127812199, 38.922418285269], [-76.9928701076837, 38.9223091504948], [-76.9929484228101, 38.9222838856885], [-76.9930094777067, 38.9222658711423], [-76.9930805003097, 38.9222440399607], [-76.9931592241697, 38.9222196277757], [-76.9932379067071, 38.9221953378879], [-76.993316579363, 38.9221709061172], [-76.9933949654564, 38.9221464701448], [-76.9934735114499, 38.9221218783116], [-76.9935524518038, 38.9220972151829], [-76.9936321692004, 38.922072505919], [-76.9937096102661, 38.9220478986845], [-76.9937859032849, 38.9220238295874], [-76.9938643944812, 38.9219980586824], [-76.9938992167748, 38.922082119854], [-76.9939084020486, 38.9221523310329], [-76.9938801338633, 38.9223309320354], [-76.993854347723, 38.9224767394498], [-76.9938195469889, 38.9226702084041], [-76.9938052323349, 38.9227433640972], [-76.993798522818, 38.9228261125825], [-76.9938002601598, 38.9229116320388], [-76.9938090367001, 38.9230085739061], [-76.9938350878433, 38.9232678646202], [-76.9938419626502, 38.9233370668438], [-76.9938479085991, 38.9233949800355], [-76.9938543683843, 38.9234786335047], [-76.9938579796117, 38.9235653227912], [-76.9938568836671, 38.9236239982693], [-76.9938537215973, 38.9236771351182], [-76.9938478214625, 38.9237363710007], [-76.9938296727988, 38.923862182179], [-76.9938208369697, 38.9239263058185], [-76.9938119274787, 38.9239903413422], [-76.9938029407326, 38.9240543817003], [-76.9937940977169, 38.9241185240356], [-76.9937848082386, 38.9241825572893], [-76.9937756669822, 38.9242466037636], [-76.9937664484708, 38.9243106536745], [-76.9937572299593, 38.9243747042264], [-76.9937453497397, 38.924456328429], [-76.9937599734142, 38.924524387546], [-76.9938758605774, 38.9245531270147], [-76.9939608708477, 38.9246094227381], [-76.9939993097587, 38.9246538866348], [-76.9940272536523, 38.9247069821783], [-76.9940391733978, 38.9247612119381], [-76.9940401310019, 38.924856765433], [-76.9940407966535, 38.9249893430995], [-76.9940413661854, 38.9250453896822], [-76.9940425627414, 38.925145205841], [-76.9940411038773, 38.9252205485084], [-76.9940396333352, 38.92528583452], [-76.9940306888099, 38.9253393279397], [-76.9940149808689, 38.9254200418189], [-76.993979138089, 38.9254718299266], [-76.9938314379883, 38.9254823477216], [-76.9937604180803, 38.925484711954], [-76.9937529755381, 38.9255917753273], [-76.9937361806356, 38.9263024353134], [-76.993732511916, 38.9264576403503], [-76.9937274840453, 38.9265733078455], [-76.9937255733287, 38.9266239224487], [-76.993725161002, 38.926634846102], [-76.9937189877794, 38.9267022315393], [-76.9937139545189, 38.9267643986437], [-76.9937126492667, 38.9267787025839], [-76.9937072845279, 38.9268374501805], [-76.9937040029821, 38.9268742561568], [-76.9936992679623, 38.9269273374593], [-76.9936947063173, 38.9269797520269], [-76.9936899344665, 38.9270412668691], [-76.9936847619671, 38.9271098455402], [-76.993683850177, 38.9271219354838], [-76.9936810088058, 38.9271896985308], [-76.9936798544707, 38.9272569150207], [-76.9936798625555, 38.9272740785113], [-76.9936798975898, 38.9273543792724], [-76.993680599174, 38.9274071534258], [-76.9936823733467, 38.9274365758887], [-76.993683670514, 38.927458081212], [-76.9936835438515, 38.9274770707152], [-76.993683271662, 38.9275184090146], [-76.9936858426403, 38.9275777486117], [-76.9936882770748, 38.9276439171797], [-76.9936890334562, 38.9276607032055], [-76.9936926222258, 38.9277403501186], [-76.9936935160495, 38.9277572262713], [-76.9936969305459, 38.9278217125791], [-76.9937015245303, 38.9278808464655], [-76.9937026285598, 38.927895056537], [-76.9937053863877, 38.9279248575647], [-76.9937078729244, 38.9279517248815], [-76.9937087793245, 38.9279663905773], [-76.9937118848004, 38.9280166170337], [-76.9937182538558, 38.928088624625], [-76.9937253235971, 38.9281591569123], [-76.9937307826591, 38.9282307080232], [-76.9937321004876, 38.9282483150349], [-76.9937364276723, 38.9283061599251], [-76.9937380949455, 38.9283266146453], [-76.9937423655363, 38.928379044252], [-76.9937428856609, 38.9283865370878], [-76.9937434066838, 38.928394029224], [-76.9937457099641, 38.9284287700555], [-76.9937467825526, 38.9284449458192], [-76.9937467798576, 38.9284594227297], [-76.9937467735694, 38.9284959301641], [-76.9937467897391, 38.9285041113321], [-76.9937468050105, 38.9285122924992], [-76.9937478928703, 38.9285753588045], [-76.9937480851098, 38.9285864296096], [-76.9937483240616, 38.9286451407679], [-76.9937490732566, 38.9287301668278], [-76.9937492969371, 38.9287874983881], [-76.9937492547163, 38.9288400765036], [-76.9937488145418, 38.9289347579644], [-76.9937456147427, 38.9290969817926], [-76.9937434174635, 38.9293718674507], [-76.993746464549, 38.9294403642035], [-76.9937472119473, 38.9294955204707], [-76.9884490328432, 38.9297390173235], [-76.9884287048666, 38.92973995094], [-76.9793883059857, 38.9301548752155], [-76.9793939662703, 38.9302315906156], [-76.9794059291349, 38.9303806151794], [-76.9794274231247, 38.9306449767386], [-76.9794315445952, 38.9307014073889], [-76.9794492144568, 38.9309258493336], [-76.9794595226247, 38.9310575190949], [-76.9794666768077, 38.9311434604876], [-76.9794727548089, 38.9312274178825], [-76.9794773434033, 38.9312851478366], [-76.9795035742096, 38.9316343539039], [-76.9795280667759, 38.9319637572589], [-76.9795286758336, 38.9319719415209], [-76.9795337414335, 38.9320424007664], [-76.9795405515617, 38.932131684682], [-76.9795472350274, 38.9322164235524], [-76.9795779160876, 38.9326197914863], [-76.9795826430226, 38.932683250351], [-76.979609899705, 38.933033980567], [-76.9796166200016, 38.9331195492106], [-76.9762264481879, 38.9331213408864], [-76.9762239086506, 38.9290405603482]]]}, "properties": {"Route": "R523_3", "ROUTE_NUMB": 523, "CollectionDay": "Wednesday", "RunsPerWeek": 1, "RStatus": "Scheduled Other Day", "RecycleRouteArea": "OR_523"}}, {"type": "Feature", "geometry": {"type": "Polygon", "coordinates": [[[-76.9718345443397, 38.9417832064307], [-76.9762251698853, 38.9417982235054], [-76.9762268596163, 38.9416291095259], [-76.9762263736278, 38.9357659985702], [-76.9762264481879, 38.9331213408864], [-76.9796166200016, 38.9331195492106], [-76.979623618776, 38.933209854785], [-76.97963395569, 38.9333412212288], [-76.9796538560685, 38.9335863777514], [-76.9796603284301, 38.9336552470748], [-76.9796673972731, 38.9337409463386], [-76.9796906807069, 38.9340255227462], [-76.9796933433134, 38.9340698626484], [-76.9796952306738, 38.9341012878228], [-76.9796989883266, 38.9341406510274], [-76.9797029615752, 38.9341822586629], [-76.9797274936672, 38.9345236494241], [-76.9797659505446, 38.9350202548905], [-76.9797700342858, 38.9350884303481], [-76.9797719503923, 38.9350883171487], [-76.9798740052968, 38.9350822826388], [-76.9800720568675, 38.9350723071092], [-76.9802667604171, 38.9350633867094], [-76.9808308359402, 38.9350355123744], [-76.9812432857249, 38.9350138605119], [-76.9813302417461, 38.9350090572159], [-76.9814276074447, 38.9350047192956], [-76.9818386244165, 38.9349853174411], [-76.9820664461557, 38.9349746983369], [-76.9826745292462, 38.9349444314008], [-76.9827858269167, 38.9349391389655], [-76.9828745274661, 38.9349350651737], [-76.9829695898844, 38.9349291277789], [-76.9830346647419, 38.9349251022011], [-76.9836165628403, 38.9348950427767], [-76.98385497392, 38.9348839401143], [-76.9845021031827, 38.9348531756191], [-76.9845925123279, 38.9348487342722], [-76.9846112215403, 38.9353295350123], [-76.9829587669819, 38.9353886228104], [-76.9818817902625, 38.9353472925915], [-76.9820591482423, 38.9383524212272], [-76.9800235685034, 38.9383134453607], [-76.9800379981419, 38.9384813898906], [-76.9800689145606, 38.9388635829713], [-76.9800965691967, 38.9392224087528], [-76.9801044617948, 38.939307434011], [-76.9801050861239, 38.9393201842624], [-76.9801135904747, 38.9394940382671], [-76.9801144501624, 38.9395116396878], [-76.9801535798779, 38.9395839535257], [-76.9802359194568, 38.9396561890336], [-76.9803603954125, 38.9397648094162], [-76.9806004944267, 38.9399743044383], [-76.9806937386548, 38.940054632045], [-76.9807797352753, 38.9401289240828], [-76.9808399960612, 38.9401866048684], [-76.9809065531389, 38.9402497628049], [-76.9811661240352, 38.9404945747378], [-76.9813034153567, 38.9406279707084], [-76.9813162945029, 38.9406404943412], [-76.9814072956378, 38.9407289778937], [-76.9857462267321, 38.9407277803108], [-76.9857237463921, 38.940907189061], [-76.985644286812, 38.9415413230004], [-76.9856489257121, 38.9415866985648], [-76.9856085931525, 38.9419529865971], [-76.9856621075906, 38.9425664572575], [-76.9856622423379, 38.9426018395296], [-76.9856632646207, 38.9428701645906], [-76.9856635916074, 38.942955847129], [-76.9856645644829, 38.9432111565003], [-76.985665257084, 38.9433928974496], [-76.985665519392, 38.9434616545434], [-76.9856657125298, 38.9435122808498], [-76.9856662021116, 38.9436407950703], [-76.9856671210882, 38.9438819684705], [-76.9856673744131, 38.9439485515127], [-76.9856676573824, 38.9440227737951], [-76.9856679655046, 38.9441036445751], [-76.985668160439, 38.9441546651732], [-76.9856658508704, 38.9441701393763], [-76.9856646327548, 38.9441783061601], [-76.9855831896946, 38.9442571582999], [-76.9855567154448, 38.9442484835907], [-76.9855227097197, 38.9442373404724], [-76.9831005328118, 38.9501120731], [-76.9829266225661, 38.9505338454168], [-76.9777206869669, 38.9463938977286], [-76.9776702303941, 38.9463397662507], [-76.9776628929548, 38.9463328803437], [-76.9776478578519, 38.9463187724763], [-76.9776249085914, 38.946298229326], [-76.9776117608488, 38.9462869663618], [-76.9776013817141, 38.9462780459755], [-76.9773329318695, 38.9460660558224], [-76.9772707028748, 38.9459945478566], [-76.9768046649903, 38.9456424152583], [-76.9763994178976, 38.9453339877691], [-76.9760021514379, 38.9450227845424], [-76.9758237819551, 38.9448834672658], [-76.9755010011038, 38.9446313526378], [-76.9753351200001, 38.9445017873181], [-76.9752070696479, 38.9444018474865], [-76.9751711918338, 38.9443738447736], [-76.9748123076913, 38.9441027474786], [-76.9746758814474, 38.943996610542], [-76.9746181790634, 38.9439525206842], [-76.9745277169177, 38.9438833120234], [-76.9744373302304, 38.9438141312422], [-76.9743480682339, 38.9437440553885], [-76.9742570176917, 38.9436753677377], [-76.9741666974797, 38.9436062880619], [-76.9740753819345, 38.9435382276912], [-76.9739836325029, 38.9434704404389], [-76.9739068184613, 38.9433861223466], [-76.9738860880395, 38.9433699450998], [-76.9738558588319, 38.9433463541483], [-76.9738188814798, 38.943317497929], [-76.9737936397187, 38.9432977741608], [-76.9737866777752, 38.9432923342285], [-76.9737671034852, 38.943277039395], [-76.9737153254905, 38.9432366702692], [-76.9736305658502, 38.9431704407905], [-76.9736169590686, 38.9431598075411], [-76.973604660234, 38.9431501203064], [-76.9733458466175, 38.9429462499967], [-76.9729883692367, 38.9426679116361], [-76.9728925342672, 38.9425932910803], [-76.9724316042034, 38.9422322472427], [-76.9724127027515, 38.9422174447583], [-76.972323041903, 38.9421472890728], [-76.9721482881392, 38.9420105499157], [-76.9720907438587, 38.9419655861535], [-76.9720414227564, 38.941927042669], [-76.9720355873003, 38.9419224725067], [-76.9719906526715, 38.9418872785433], [-76.9719282287424, 38.9418453568234], [-76.9718345443397, 38.9417832064307]]]}, "properties": {"Route": "R522_3", "ROUTE_NUMB": 522, "CollectionDay": "Wednesday", "RunsPerWeek": 1, "RStatus": "Scheduled Other Day", "RecycleRouteArea": "OR_522"}}, {"type": "Feature", "geometry": {"type": "Polygon", "coordinates": [[[-77.0141691999011, 38.9140918294316], [-77.0121588628217, 38.9140919339275], [-77.0121592185545, 38.9121243639266], [-77.005333725601, 38.9092186036773], [-77.0051675264937, 38.9091508668061], [-77.0050988475952, 38.9091228320002], [-77.0050338580777, 38.9090953766694], [-77.0048199557338, 38.9090045357067], [-77.0046649460417, 38.9089360024477], [-77.0045950786721, 38.9089048799856], [-77.0046903611777, 38.9088773896194], [-77.0047659984263, 38.9088457114102], [-77.0053233922803, 38.9086582771729], [-77.0055805673697, 38.9085692461212], [-77.0058143889567, 38.9084845013743], [-77.0058882798804, 38.9084571995819], [-77.0059999207073, 38.9084242601445], [-77.0062742904496, 38.9083298693696], [-77.0063842693932, 38.9082924616987], [-77.0064933868524, 38.9082560256547], [-77.0065601649157, 38.9082315688131], [-77.006667353692, 38.9081944700603], [-77.0069424187303, 38.9080992625151], [-77.0070194618424, 38.9080725820107], [-77.0071242395405, 38.9080362954461], [-77.0071946557807, 38.9080117763151], [-77.0072567706893, 38.9079899491366], [-77.0075483000501, 38.9078874874827], [-77.0077021670852, 38.9078334174876], [-77.0077890422581, 38.907803221457], [-77.0079744958552, 38.9077397787839], [-77.0081485606112, 38.9076802373523], [-77.0084764672495, 38.9075680600886], [-77.0085616742508, 38.9075386293869], [-77.0086363116745, 38.90750582933], [-77.0087441229833, 38.9074736604858], [-77.0088406748084, 38.9074395371267], [-77.0089190213759, 38.9074062421074], [-77.0089819106323, 38.9073895603392], [-77.0090553613815, 38.9073393842914], [-77.0091090950085, 38.9073215015644], [-77.0092014975153, 38.9072907495825], [-77.0092830223223, 38.9072636178958], [-77.0094492456841, 38.9072082975479], [-77.0094677680469, 38.9072021334416], [-77.0095657922108, 38.9071695107847], [-77.0101431295624, 38.9069773703853], [-77.010657444707, 38.9067989215787], [-77.0139682611451, 38.9056501764884], [-77.0144818477559, 38.9056602959656], [-77.0144818782987, 38.9056602966646], [-77.0146891636521, 38.9056607265816], [-77.0147876127191, 38.9056601925059], [-77.0149028512987, 38.9056595675534], [-77.0149536276718, 38.9058086108737], [-77.0149966713469, 38.9059349564536], [-77.0151774734675, 38.9064656545069], [-77.0152099044459, 38.9065572837441], [-77.0152269526734, 38.906605451995], [-77.0152850988251, 38.9067697380185], [-77.0154428717351, 38.9072426244377], [-77.0154578798885, 38.9072955792216], [-77.0154731539433, 38.9073487632495], [-77.0154896236557, 38.9074070459974], [-77.015492331178, 38.9074154546864], [-77.015514726178, 38.9074776100285], [-77.0157482477277, 38.9081225191718], [-77.0157784095617, 38.9082079368147], [-77.0158418584685, 38.9083876242471], [-77.0158969144156, 38.9085394663227], [-77.0159471715625, 38.908678065098], [-77.0160062097413, 38.9088409000512], [-77.0160294608358, 38.9089049946249], [-77.0160419375368, 38.9089393878002], [-77.0161399122933, 38.9092052202977], [-77.0161563739209, 38.9092546666513], [-77.0161573441014, 38.9092609941492], [-77.0161604900015, 38.9092715681714], [-77.016198420466, 38.9093747436193], [-77.0162072122777, 38.909398963101], [-77.016238534735, 38.9094869334063], [-77.0162418486201, 38.9094962435772], [-77.0162488213434, 38.9095146556091], [-77.0162510024529, 38.9095218386769], [-77.0162790927718, 38.9096001631476], [-77.0162916575077, 38.9096340722692], [-77.0162974947604, 38.9096499279759], [-77.0162975181166, 38.9096499894891], [-77.0163003693693, 38.9096578526824], [-77.0164303987101, 38.9100162830797], [-77.0164891350549, 38.9101798999485], [-77.0168015421613, 38.9110501330598], [-77.0168079875734, 38.9110681812093], [-77.0168116473099, 38.9110784362189], [-77.0168214048105, 38.9111056719963], [-77.0168291572714, 38.911127372397], [-77.0168786032396, 38.9112645688247], [-77.0169114456464, 38.9113556955805], [-77.017097638557, 38.9118723229666], [-77.0172656262101, 38.9123378905599], [-77.0172657941951, 38.9123383567837], [-77.0173649717957, 38.9126132193022], [-77.0174002612133, 38.9127112768357], [-77.0177822257704, 38.9137725900221], [-77.0168206843617, 38.9141090247647], [-77.0161447676874, 38.9138220366889], [-77.0160987595718, 38.9138025018277], [-77.0160069122239, 38.9137635481185], [-77.0159607307334, 38.9137439608183], [-77.0158592498524, 38.9137009201831], [-77.0157084173263, 38.91363490986], [-77.0156455711891, 38.9136074422949], [-77.0148375743202, 38.9132629536577], [-77.0146955291142, 38.9132023921576], [-77.014443454659, 38.9130949186613], [-77.0143726054309, 38.9130647122873], [-77.0142206392309, 38.9129999210921], [-77.014153623114, 38.9129713488929], [-77.0141320267163, 38.9129621405299], [-77.0141237783854, 38.91295862466], [-77.0141061408631, 38.9129511043326], [-77.0140875681946, 38.9129431855856], [-77.0140794995267, 38.9129552576727], [-77.014072468413, 38.9129676904315], [-77.014066644635, 38.9129798855349], [-77.0140614981867, 38.9129932919682], [-77.0140614730339, 38.9129933625651], [-77.0140574863107, 38.9130068787357], [-77.0140547401608, 38.9130196735568], [-77.0140528779532, 38.9130339040792], [-77.0140523057264, 38.9130475069155], [-77.0140527701554, 38.9130611992184], [-77.0140543853263, 38.9130747118811], [-77.0140556555441, 38.9130823684963], [-77.0141691999011, 38.9140918294316]], [[-77.0147542178484, 38.9065356560448], [-77.0145438800195, 38.9065242364715], [-77.0145389895912, 38.9067602380499], [-77.0138443870606, 38.9067678506076], [-77.0138101459769, 38.90692772252], [-77.0144802891789, 38.90692772252], [-77.0145047494058, 38.9070152701734], [-77.0147591091751, 38.9070114639079], [-77.0147542178484, 38.9065356560448]]]}, "properties": {"Route": "R527_3", "ROUTE_NUMB": 527, "CollectionDay": "Wednesday", "RunsPerWeek": 1, "RStatus": "Scheduled Other Day", "RecycleRouteArea": "OR_527"}}, {"type": "Feature", "geometry": {"type": "Polygon", "coordinates": [[[-77.0090457574928, 38.9223807843836], [-77.0090444738002, 38.9213139123032], [-77.0090444648171, 38.9212444523094], [-77.0090444468508, 38.9210996921103], [-77.0090444441558, 38.921082079131], [-77.0090444342744, 38.9210011017232], [-77.009039991207, 38.9209392496654], [-77.0090409937268, 38.9209176703792], [-77.0090444109182, 38.9208440787853], [-77.0090444037316, 38.9207616033562], [-77.0090444899699, 38.9207490154085], [-77.0090451223839, 38.9206556907783], [-77.0090443830704, 38.9205983072173], [-77.0090443713923, 38.9205047678248], [-77.0090455948977, 38.9203919510615], [-77.0090449669753, 38.9203225488734], [-77.0090443381546, 38.9202425071361], [-77.0090443183917, 38.9200902987074], [-77.0090443040187, 38.9199778090744], [-77.0090442986288, 38.9199354312933], [-77.0090442923405, 38.9198841661238], [-77.0090442662894, 38.9196816141763], [-77.0090442600012, 38.9196277167118], [-77.0090442555096, 38.9195915835255], [-77.0090442528147, 38.9195726226638], [-77.0090442465265, 38.919521722765], [-77.0090442168821, 38.9192852799656], [-77.0090442123905, 38.9192497246104], [-77.0090442096955, 38.9192296258182], [-77.009044202509, 38.919178642502], [-77.0090748916541, 38.9190677868964], [-77.0090446956841, 38.9189338520423], [-77.0090441629831, 38.9188601989825], [-77.0090440704567, 38.9188309211344], [-77.0090440012864, 38.9188092147019], [-77.0090438162334, 38.918771993575], [-77.0090437084356, 38.91875049121], [-77.0090438683357, 38.9186213287116], [-77.0090441081859, 38.9184347086779], [-77.009044105491, 38.9184073093685], [-77.0090440992028, 38.9183624941905], [-77.0090433895337, 38.9182194551636], [-77.0090440677617, 38.9181114482935], [-77.0090506631925, 38.9140932930726], [-77.009182500842, 38.9140920572955], [-77.0121588628217, 38.9140919468584], [-77.0141691999011, 38.9140918294316], [-77.0142264225847, 38.9145886240693], [-77.0142733595583, 38.9149961392159], [-77.0142796235107, 38.9150528248529], [-77.0142934845156, 38.9151793909261], [-77.0142947547334, 38.915188488566], [-77.014294990092, 38.9151902667156], [-77.0142952461118, 38.9151925390284], [-77.0143046344049, 38.9152756360128], [-77.0143069987707, 38.9152965592963], [-77.0143181567448, 38.9153829796958], [-77.0143259092058, 38.9154429228562], [-77.0143332969506, 38.9154959854522], [-77.0143426843454, 38.9155762918555], [-77.0143503092455, 38.9156497994467], [-77.0143620897521, 38.915762821553], [-77.0143665642606, 38.9158050536481], [-77.0143665750404, 38.9158051591898], [-77.0143678398683, 38.9158168379791], [-77.0143763028966, 38.9158940113202], [-77.0143841712401, 38.9159661157887], [-77.0143847389754, 38.9159713020011], [-77.0143928786102, 38.9160455123265], [-77.0144138407973, 38.9162120012534], [-77.0144148055879, 38.9162196812943], [-77.014420261955, 38.9162679233675], [-77.0144522734201, 38.9165509671929], [-77.0144593260934, 38.916613158569], [-77.0144796810195, 38.9167926576762], [-77.0144813177499, 38.9168071013184], [-77.0144944717806, 38.9169231088558], [-77.0144953970454, 38.9169313961996], [-77.0145035609347, 38.9170036310147], [-77.0145120320478, 38.9170785909216], [-77.0145665579889, 38.9175655739744], [-77.0145682908391, 38.9175814286082], [-77.0145687516748, 38.9175876442332], [-77.0145732603192, 38.9176445766208], [-77.0145791424877, 38.9177128337797], [-77.0145819245702, 38.917736352182], [-77.0145909517404, 38.9178127434273], [-77.0145958565419, 38.9178542334347], [-77.0145975696291, 38.9178687062159], [-77.0145991425792, 38.9178820544133], [-77.0146073415028, 38.9179525430303], [-77.0146192055528, 38.9180493553817], [-77.0146276694794, 38.9181148045522], [-77.0146350069186, 38.9181712947939], [-77.0146385624505, 38.9181985222579], [-77.0146409654439, 38.9182169033763], [-77.014642900415, 38.9182319785598], [-77.0146696010402, 38.918469007074], [-77.0146854275589, 38.918606742159], [-77.0146925889283, 38.9186703400651], [-77.0146952703994, 38.9186938120211], [-77.0146969780968, 38.9187087654905], [-77.014699024459, 38.9187265922306], [-77.0147002821004, 38.9187375834976], [-77.01470212724, 38.9187536734067], [-77.0147047979313, 38.918776685444], [-77.0147142293435, 38.9188579260882], [-77.0147306244958, 38.9189985322832], [-77.0148751086277, 38.9202367753883], [-77.0148759746037, 38.9202431123907], [-77.0148844627848, 38.9203055975668], [-77.0148855030339, 38.9203132547997], [-77.0149212892199, 38.9205746436923], [-77.0149244225436, 38.9205975076701], [-77.0149252337223, 38.9206034406734], [-77.0149370097373, 38.9206758331974], [-77.0149291099527, 38.9206774225054], [-77.0148728745176, 38.9206852795847], [-77.0147820862834, 38.9206983847326], [-77.0147615903219, 38.9207013746433], [-77.0146530810221, 38.9207172013193], [-77.014571034294, 38.9207297480374], [-77.0145019619335, 38.9207409416762], [-77.0144279425507, 38.9207536225794], [-77.0143594972142, 38.9207659141914], [-77.0142905640926, 38.9207788620712], [-77.0142297122152, 38.920790756003], [-77.0142196609655, 38.9207927262105], [-77.0141471085316, 38.9208076282176], [-77.0140744923173, 38.9208231690187], [-77.014006488952, 38.9208383212266], [-77.013941637775, 38.9208533692949], [-77.0138737970047, 38.9208700688658], [-77.0138659654921, 38.920872003427], [-77.0138030420997, 38.9208884024657], [-77.0137941487784, 38.9208907214225], [-77.0137211615598, 38.9209106485132], [-77.0136477485399, 38.9209317623332], [-77.0135778623057, 38.9209528013645], [-77.013513097367, 38.9209731680465], [-77.0135045049813, 38.9209758783852], [-77.013433612634, 38.9209991951215], [-77.0134056543675, 38.9210089056503], [-77.0133272017987, 38.9210363906187], [-77.0133173859076, 38.9210399906554], [-77.013220795455, 38.9210754221072], [-77.0131455175325, 38.9211062135452], [-77.0131295230289, 38.921113101203], [-77.0130882301702, 38.9211308854051], [-77.0130709483808, 38.9211383279868], [-77.0130053003981, 38.921167291077], [-77.0129083371447, 38.9212127642442], [-77.0128901013444, 38.9212217723504], [-77.0128339692156, 38.9212495053454], [-77.0128150794418, 38.9212588377358], [-77.0127324119778, 38.9213000496636], [-77.0127234979952, 38.9213037726929], [-77.0126691382424, 38.9213117848582], [-77.0126593636738, 38.9213132252866], [-77.0125779745124, 38.9213138717671], [-77.0125543973295, 38.9213140590717], [-77.0124212661061, 38.9213148215692], [-77.0122476909319, 38.9213155442296], [-77.012234912397, 38.9213153576238], [-77.0121506378469, 38.9213141261659], [-77.0121527102603, 38.9214062820733], [-77.0121530363488, 38.9214271064026], [-77.0121540307838, 38.9214908883861], [-77.0121527021755, 38.9216251496898], [-77.0121487891141, 38.9220124782017], [-77.0121483821773, 38.9220663563826], [-77.0121483210918, 38.9220744684031], [-77.0121481917344, 38.9222272966831], [-77.0121481926327, 38.9223205046286], [-77.0121482510232, 38.9223270273491], [-77.0121487441983, 38.9223823331179], [-77.012068631543, 38.9223815363864], [-77.0120553661212, 38.9223814042967], [-77.0120259013799, 38.9223811380206], [-77.0118291361966, 38.9223793628468], [-77.0117522089673, 38.922378667454], [-77.0116818421345, 38.9223780629164], [-77.0116165831223, 38.9223771739317], [-77.0115036163821, 38.9223768510457], [-77.0114920640475, 38.9223769027634], [-77.010785249819, 38.9223800582397], [-77.0105177899179, 38.922380490851], [-77.0103336990651, 38.9223807857814], [-77.0100760945809, 38.9223811988238], [-77.0096434344991, 38.9223821164628], [-77.0093971092616, 38.9223821821582], [-77.0092226591284, 38.9223814979476], [-77.0091750717746, 38.9223813022591], [-77.0091110227931, 38.9223810394775], [-77.0090457574928, 38.9223807843836]], [[-77.0139860477877, 38.9205822904126], [-77.0139860468894, 38.9204434576858], [-77.0138201253614, 38.9204556361286], [-77.0138232559902, 38.9205165276126], [-77.0133004463763, 38.9205530628973], [-77.012752590834, 38.9206845890675], [-77.0127557205644, 38.9203119317675], [-77.0125553630184, 38.9203168031539], [-77.012574146791, 38.9212447870818], [-77.0127212845463, 38.9212350451349], [-77.0127682430795, 38.921164411612], [-77.0127776358641, 38.920818549971], [-77.0131063482912, 38.9207406082992], [-77.0135978534141, 38.9206553601966], [-77.0139296973682, 38.9206017758821], [-77.0139860477877, 38.9205822904126]], [[-77.0127682439778, 38.9201950197908], [-77.0127588511932, 38.9197833885473], [-77.0134976741919, 38.9197906963801], [-77.0134976732936, 38.9196591692519], [-77.0127431989477, 38.9196396835236], [-77.0127463286781, 38.9192183068347], [-77.0124864900839, 38.9192158711038], [-77.012499012599, 38.9202096332742], [-77.0127682439778, 38.9201950197908]], [[-77.0127542194796, 38.9170805018223], [-77.0125758994041, 38.917077384552], [-77.0125999428127, 38.9176993828072], [-77.0125258102422, 38.9177664146843], [-77.0125197987163, 38.9180753674538], [-77.0127046531372, 38.9180759503612], [-77.0127095444639, 38.917824763664], [-77.0130387276082, 38.9178209761504], [-77.0130908209115, 38.9178069457836], [-77.0131268846769, 38.917746149126], [-77.0131068495511, 38.9173704562885], [-77.0127602301072, 38.9173626617465], [-77.0127542194796, 38.9170805018223]]]}, "properties": {"Route": "R526_3B", "ROUTE_NUMB": 526, "CollectionDay": "Wednesday", "RunsPerWeek": 1, "RStatus": "Scheduled Other Day", "RecycleRouteArea": "OR_526B"}}, {"type": "Feature", "geometry": {"type": "Polygon", "coordinates": [[[-77.0162164478572, 38.9485785560199], [-77.0161742710563, 38.9485371070371], [-77.016110775437, 38.9476960183912], [-77.016071176801, 38.9476578573827], [-77.0159387067376, 38.9475932312187], [-77.0159688748598, 38.9475525117378], [-77.0160324180898, 38.9474667439317], [-77.0160956154683, 38.9473814266453], [-77.0161744965334, 38.9472749383099], [-77.016472490171, 38.9468746586129], [-77.0166972513501, 38.9465715881361], [-77.016753412225, 38.9464965406223], [-77.0167831653255, 38.9464568098], [-77.0168130334104, 38.9464168092763], [-77.0164731091103, 38.9464255263379], [-77.0160730228389, 38.94643790223], [-77.0158518845654, 38.9459072942213], [-77.0156074610614, 38.9453837932096], [-77.0193611900537, 38.9452722729061], [-77.019481487945, 38.9452686007398], [-77.0195789003561, 38.9452655503823], [-77.0198581533403, 38.9452562078757], [-77.0198895117302, 38.9452551584855], [-77.0202083489774, 38.9452466369053], [-77.020425846379, 38.945240731115], [-77.0205027960663, 38.945238192177], [-77.0205691788708, 38.9452359431837], [-77.0206982595906, 38.9452315961078], [-77.0207662027688, 38.945229331045], [-77.0207685033543, 38.9452292534935], [-77.0208323008074, 38.9452270715714], [-77.0208346238508, 38.9452269975132], [-77.0212058176076, 38.9452156505393], [-77.0213081590747, 38.9452133805855], [-77.0214821825081, 38.9452081685641], [-77.021674103077, 38.9452022634693], [-77.0216819992684, 38.9452019609485], [-77.021696418127, 38.9452014180877], [-77.0217793128648, 38.9451985528729], [-77.0217802803503, 38.9451985193371], [-77.0217841089701, 38.9452708553214], [-77.0217949004316, 38.9454788543135], [-77.0217996668925, 38.9455767001439], [-77.0218189303654, 38.945972053968], [-77.0218286707981, 38.9461382546841], [-77.0218308797554, 38.9461920334962], [-77.0218340175707, 38.9462686036951], [-77.021935069057, 38.946265341689], [-77.0220596051997, 38.9509534069311], [-77.0222132584358, 38.9542437392993], [-77.0222660964425, 38.9553149382364], [-77.0198397297921, 38.9553865946748], [-77.0196837598009, 38.9520912156253], [-77.0176102981065, 38.9521507309666], [-77.0176079561986, 38.9520632285246], [-77.0175933397106, 38.9517912992648], [-77.0175827620481, 38.9515505390984], [-77.0175736872671, 38.9513616562991], [-77.0175697247984, 38.9513031141468], [-77.0175619867105, 38.951168476584], [-77.0175566219717, 38.9510891137673], [-77.017554483083, 38.9510143658475], [-77.017551360539, 38.9509312555358], [-77.0175471923561, 38.9508315720752], [-77.0175373414307, 38.9506061040002], [-77.0175257684349, 38.9503694748895], [-77.017516323548, 38.950166308585], [-77.0175126826762, 38.9500954768222], [-77.0175076754668, 38.9500209199738], [-77.0174732313638, 38.9492804443241], [-77.0162920770209, 38.9493159741476], [-77.0162594466165, 38.9486208118947], [-77.0162164478572, 38.9485785560199]]]}, "properties": {"Route": "R418_3", "ROUTE_NUMB": 418, "CollectionDay": "Wednesday", "RunsPerWeek": 1, "RStatus": "Scheduled Other Day", "RecycleRouteArea": "OR_418"}}, {"type": "Feature", "geometry": {"type": "MultiPolygon", "coordinates": [[[[-77.0071341829924, 38.9174831038208], [-77.0072688548265, 38.9170011637555], [-77.0050930804111, 38.9170026301322], [-77.0050918254647, 38.9155718360216], [-77.0035091259864, 38.9155709944804], [-77.003510324339, 38.9145952907882], [-77.0035127794347, 38.9126077008271], [-77.0036353877928, 38.9126080125737], [-77.0037568283412, 38.9126083501828], [-77.0039194548486, 38.9126088122109], [-77.0040834854229, 38.9126092791319], [-77.0041749420036, 38.9126093476323], [-77.0042571198858, 38.9126087996292], [-77.0043736259883, 38.9126080321453], [-77.004376827584, 38.9125968791626], [-77.0043969534396, 38.9125267836471], [-77.0044008656026, 38.9125131569456], [-77.0044474818777, 38.9123597849021], [-77.0044521171845, 38.9123445484034], [-77.0044686479824, 38.9122712352021], [-77.0044874281617, 38.9122045238628], [-77.0045266495054, 38.9120652022288], [-77.004554653586, 38.9119790538902], [-77.0045711745024, 38.9119196397358], [-77.0045818150469, 38.9118685295434], [-77.0046140349212, 38.9117649327332], [-77.0046413032817, 38.9116608870184], [-77.0046514542444, 38.9116198847825], [-77.0046561012294, 38.911601118907], [-77.0046799667715, 38.91151805956], [-77.0047436007313, 38.9112977844456], [-77.0047577590785, 38.9112418702981], [-77.0047598171188, 38.9112339856113], [-77.0047690985123, 38.9111984269211], [-77.0047725758908, 38.9111850998345], [-77.0047902295828, 38.9111237117436], [-77.0048049781231, 38.9110373029337], [-77.0048305890918, 38.9109616830809], [-77.0048791708807, 38.9107656371383], [-77.0049159443152, 38.9106418969519], [-77.0049393903441, 38.9105888803561], [-77.0049604333796, 38.9104908352685], [-77.0049645647316, 38.9104715930724], [-77.0049836521348, 38.9104059593057], [-77.0050872260904, 38.9100365767086], [-77.0051290004461, 38.9098909813959], [-77.0051335701759, 38.9098750509489], [-77.0051615841381, 38.909789759736], [-77.0051682137048, 38.9097695806744], [-77.0051816983156, 38.9097191581596], [-77.0051968124702, 38.9096691186679], [-77.0052444734859, 38.909499089963], [-77.0052625080636, 38.9094347491734], [-77.0052845617038, 38.9093560470518], [-77.005333725601, 38.9092186036773], [-77.0121592185545, 38.9121243639266], [-77.0121588628217, 38.9140919339275], [-77.009182500842, 38.9140920572955], [-77.0090506631925, 38.9140932930726], [-77.0090440677617, 38.9181114482935], [-77.0069507092821, 38.9181155132665], [-77.0071341829924, 38.9174831038208]]], [[[-77.0066586813563, 38.9109586431309], [-77.0066831388882, 38.910852067948], [-77.0067662959341, 38.9108101991823], [-77.0077837412996, 38.9108101991823], [-77.0084294278679, 38.9109548363778], [-77.0085614999776, 38.9108063924213], [-77.0079207038377, 38.9106160806721], [-77.0067320548504, 38.9106389185004], [-77.0066244411709, 38.9106998191069], [-77.0064923690612, 38.9108101984833], [-77.0064923681629, 38.9109510296245], [-77.0066586813563, 38.9109586431309]]], [[[-77.0075310622781, 38.9213155057902], [-77.0076614150124, 38.9209317658277], [-77.0084679233728, 38.9209323808611], [-77.0090444738002, 38.9213139123032], [-77.0090457574928, 38.9223807843836], [-77.0090460665132, 38.9266744866988], [-77.0082825434375, 38.9267577456473], [-77.0062955176397, 38.927017455242], [-77.006210514556, 38.9268068562072], [-77.0060583435401, 38.9265913150084], [-77.0059387409449, 38.9264605202993], [-77.0057612455228, 38.926328287119], [-77.0057363334434, 38.9263038763394], [-77.0081775726016, 38.9223809786743], [-77.0078182734374, 38.9218510279212], [-77.0075310622781, 38.9213155057902]]]]}, "properties": {"Route": "R526_3", "ROUTE_NUMB": 526, "CollectionDay": "Wednesday", "RunsPerWeek": 1, "RStatus": "Scheduled Other Day", "RecycleRouteArea": "OR_526"}}, {"type": "Feature", "geometry": {"type": "Polygon", "coordinates": [[[-77.0217802803503, 38.9451985193371], [-77.0217743613509, 38.9450917391745], [-77.0217736400038, 38.9450787090983], [-77.0217730920314, 38.9450673027142], [-77.0217567310152, 38.94472627362], [-77.0217398498744, 38.9443562298877], [-77.0217325591475, 38.9442061573384], [-77.0217272375278, 38.9441292460556], [-77.02290610476, 38.9440949237346], [-77.0234527897975, 38.9440790065561], [-77.0235037566134, 38.9451054860772], [-77.0261230274879, 38.9450709769869], [-77.0261370196468, 38.9450705920232], [-77.0261547856282, 38.9450703537789], [-77.0262443952727, 38.9450691513786], [-77.0263156029286, 38.9450683842457], [-77.0263156110135, 38.9450684394401], [-77.0272822189204, 38.9518749199409], [-77.0274315557516, 38.951875707958], [-77.0275745495785, 38.9529136075467], [-77.0277364062298, 38.9540895088076], [-77.0256568925853, 38.9541466452226], [-77.0257075782286, 38.9552133035657], [-77.0222660964425, 38.9553149382364], [-77.0222132584358, 38.9542437392993], [-77.0220596051997, 38.9509534069311], [-77.021935069057, 38.946265341689], [-77.0218340175707, 38.9462686036951], [-77.0218308797554, 38.9461920334962], [-77.0218286707981, 38.9461382546841], [-77.0218189303654, 38.945972053968], [-77.0217996668925, 38.9455767001439], [-77.0217949004316, 38.9454788543135], [-77.0217841089701, 38.9452708553214], [-77.0217802803503, 38.9451985193371]]]}, "properties": {"Route": "R421_3", "ROUTE_NUMB": 421, "CollectionDay": "Wednesday", "RunsPerWeek": 1, "RStatus": "Scheduled Other Day", "RecycleRouteArea": "OR_421"}}, {"type": "Feature", "geometry": {"type": "Polygon", "coordinates": [[[-77.0277364062298, 38.9540895088076], [-77.0275745495785, 38.9529136075467], [-77.0274315557516, 38.951875707958], [-77.0272822189204, 38.9518749199409], [-77.0263156110135, 38.9450684394401], [-77.0263156029286, 38.9450683842457], [-77.0263389483463, 38.9450681320281], [-77.0263471086423, 38.9450680726417], [-77.026515100787, 38.9450668555693], [-77.0268538438025, 38.9450682270463], [-77.0269554531426, 38.9450681299321], [-77.0272118457994, 38.9450684366455], [-77.0273791372581, 38.945068637162], [-77.0275904749119, 38.9450685121012], [-77.027685163631, 38.9450686057221], [-77.0278507195446, 38.9450686958498], [-77.0279688785472, 38.9450690794162], [-77.0281685443905, 38.9450697270775], [-77.0282931676698, 38.9450704138639], [-77.0283913939546, 38.9450705752553], [-77.0284655157453, 38.9450706968228], [-77.0286516287059, 38.9450702259234], [-77.0288788279126, 38.9450698493436], [-77.0289694454669, 38.9450697382561], [-77.029046551461, 38.945069686555], [-77.0291706932433, 38.9450699352793], [-77.0292147187771, 38.9450700302976], [-77.0292427354342, 38.9450700903826], [-77.0293444453856, 38.9450702902004], [-77.0295037283636, 38.9450699506499], [-77.0295832804702, 38.9450697152002], [-77.0297054639252, 38.94506975712], [-77.0298196380012, 38.9450706737669], [-77.029915838585, 38.9450711712155], [-77.0299951391633, 38.9450715373153], [-77.0301313578964, 38.9450720787797], [-77.0302126123105, 38.9450724008637], [-77.0303081652089, 38.9450725741323], [-77.030387593348, 38.9450730590049], [-77.0304999860648, 38.9450733768969], [-77.0305752082917, 38.9450735892907], [-77.0306665229387, 38.945073823343], [-77.0307941124551, 38.945073985433], [-77.0308943123385, 38.9450734209127], [-77.0309765522045, 38.9450725790229], [-77.0310982694339, 38.9450716882266], [-77.0312184514425, 38.945070893846], [-77.0312867252007, 38.9450704341252], [-77.0314173923453, 38.9450692310262], [-77.0314661681703, 38.9450687859774], [-77.0315603691043, 38.9450679259223], [-77.0316372846555, 38.9450688914756], [-77.0317021403241, 38.9450687824841], [-77.0318440606643, 38.945070401288], [-77.0319281798058, 38.9450702692405], [-77.0321282031785, 38.9450695062997], [-77.0323085130223, 38.9450691101574], [-77.0324450003517, 38.945068878201], [-77.0325747844523, 38.9450688656251], [-77.0327279921241, 38.9450694909291], [-77.0327284502648, 38.9450694916278], [-77.0328532918348, 38.9450696956376], [-77.032931805489, 38.945069925498], [-77.0332525974702, 38.9450710161121], [-77.0334640186673, 38.9450713703346], [-77.0340372839557, 38.9450703342163], [-77.0341025708156, 38.9450701574544], [-77.0342609473934, 38.9450698039305], [-77.0343132059868, 38.9450696921443], [-77.0353949168277, 38.9450698172051], [-77.0353949725233, 38.9450698172051], [-77.0354579614927, 38.9450698800849], [-77.0356350356049, 38.9450701029586], [-77.0358204739307, 38.9450701756196], [-77.035935725985, 38.9450702461847], [-77.0360631349401, 38.9450701574544], [-77.0362858892827, 38.9450699827884], [-77.0363464878352, 38.9450699185113], [-77.0364285408515, 38.945069927594], [-77.0364283863413, 38.9452239066316], [-77.0364297230345, 38.9457065331808], [-77.0364301398527, 38.9458547727739], [-77.0364304353985, 38.9460008832567], [-77.0364270837841, 38.9473508079991], [-77.0364253527306, 38.9480467630815], [-77.0364203886403, 38.9500451954424], [-77.0364177826277, 38.9510949603876], [-77.036417686508, 38.9513327348793], [-77.0364174852853, 38.9518239768547], [-77.036379740772, 38.9518784241018], [-77.0334285055691, 38.9518804521279], [-77.0334287328429, 38.9562205450505], [-77.0296973790877, 38.9562244359954], [-77.029698724764, 38.9540889366748], [-77.0277364062298, 38.9540895088076]], [[-77.0291305214821, 38.9493455831353], [-77.028983774494, 38.9492580870108], [-77.0275456552674, 38.9492771077041], [-77.0275701127993, 38.94944068783], [-77.0288321370774, 38.9494330791518], [-77.0290082329242, 38.94950535772], [-77.0291305214821, 38.9493455831353]]]}, "properties": {"Route": "R422_3", "ROUTE_NUMB": 422, "CollectionDay": "Wednesday", "RunsPerWeek": 1, "RStatus": "Scheduled Other Day", "RecycleRouteArea": "OR_422"}}, {"type": "Feature", "geometry": {"type": "Polygon", "coordinates": [[[-76.9927322153892, 38.9495019358789], [-76.9926479444324, 38.946284014558], [-76.9942055512699, 38.946281931877], [-76.9947715312214, 38.9462811738398], [-76.995913231557, 38.9462796437923], [-76.9959131911328, 38.9462787781626], [-76.9959031928837, 38.9460631179825], [-76.995843171948, 38.9447685387777], [-76.9958309162326, 38.9445041977274], [-76.9958089937464, 38.9440313521149], [-76.9957991760587, 38.9438195934921], [-76.9956040062834, 38.9436922994863], [-76.994973055679, 38.9432856394642], [-76.994866694251, 38.9430996949621], [-76.9945742225574, 38.9425883813985], [-76.9940494474297, 38.9416759390231], [-76.9938905246761, 38.9413996135208], [-76.9958176553023, 38.9414579807929], [-76.9964750379357, 38.9412798199192], [-76.9965356293016, 38.9412776001457], [-76.9975120243536, 38.9412418308309], [-76.9981998742481, 38.9414541002166], [-76.9984188637514, 38.9419849427793], [-76.9985073478069, 38.9421994275888], [-76.9986995486502, 38.9426575277427], [-76.9987321556984, 38.9427352441119], [-76.9989885726097, 38.9433423150748], [-76.9992819057876, 38.9440412711889], [-76.9993068214603, 38.9441008156469], [-76.9996595674145, 38.9449441735949], [-77.0000499285246, 38.9458788736081], [-77.000218182079, 38.9462816524163], [-77.0002242331308, 38.946296135467], [-77.0003430514968, 38.946574221344], [-77.0004328012785, 38.9467890681416], [-77.0004384534783, 38.946801499862], [-77.0004441065763, 38.9468139322789], [-77.0004497587761, 38.9468262724722], [-77.0004555268585, 38.9468387048847], [-77.0004614099253, 38.9468510450737], [-77.0004674088748, 38.9468633873565], [-77.0004747921281, 38.9468776194745], [-77.0004824053502, 38.9468918536856], [-77.0004902503375, 38.9469059956725], [-77.0004982094109, 38.9469201397526], [-77.0005061693827, 38.9469341909101], [-77.0005141284561, 38.9469482455579], [-77.0005218593574, 38.9469623882323], [-77.0005293566968, 38.946976621029], [-77.0005369708172, 38.9469908538229], [-77.0005449298906, 38.9470049063636], [-77.0005533515964, 38.9470186892247], [-76.9994585496068, 38.9517607467945], [-76.9992292177996, 38.9518134951016], [-76.9984577985325, 38.9517912482672], [-76.998401747252, 38.9517983390316], [-76.9984014076888, 38.9518015490868], [-76.9983457067513, 38.9518045747121], [-76.9982500307837, 38.9518095431366], [-76.9981295963485, 38.9518158312109], [-76.9980091125059, 38.9518232384374], [-76.9979131266195, 38.9518293057539], [-76.9978860172609, 38.9518302621333], [-76.9977351101746, 38.9518351816542], [-76.9976836843195, 38.9518368596843], [-76.9976650909898, 38.9518374660666], [-76.9976530005644, 38.9518384594716], [-76.9976289814103, 38.951840438597], [-76.9976131261456, 38.951841662539], [-76.9975928718308, 38.9518432280949], [-76.9975567622514, 38.9518458415462], [-76.9975307775834, 38.9518475258635], [-76.9975206526719, 38.9518481818461], [-76.9975047974071, 38.9518490914193], [-76.9974845430924, 38.9518502538846], [-76.9974483185286, 38.9518521449865], [-76.9974249371784, 38.9518532522626], [-76.9974088815893, 38.9518539871865], [-76.9974087827746, 38.9518539913781], [-76.9973759834869, 38.9518552963571], [-76.9973397589231, 38.9518565566259], [-76.997322560677, 38.9518570253844], [-76.9973035343593, 38.951857545839], [-76.997263732704, 38.9518583562114], [-76.9972466503406, 38.9518588605983], [-76.9972240469314, 38.9518595249639], [-76.9971842452761, 38.9518610562882], [-76.9971540520011, 38.951862494699], [-76.9971445595035, 38.9518629466912], [-76.9971294489421, 38.951863804568], [-76.9971048737308, 38.9518651989672], [-76.9970651879582, 38.9518678096234], [-76.9970413691285, 38.9518695980311], [-76.99702561717, 38.951870781454], [-76.9969860463817, 38.9518741137603], [-76.9969675716296, 38.9518758420885], [-76.9969465914761, 38.9518778058437], [-76.9969059651674, 38.9518819862461], [-76.996896262464, 38.9518830557975], [-76.9967925142352, 38.951894476454], [-76.9967348513771, 38.9519008252986], [-76.9965381939917, 38.9519224754975], [-76.9963915628862, 38.9519432028444], [-76.9962960369372, 38.9519567053069], [-76.9962821516779, 38.9519586690599], [-76.996187133277, 38.9519721009613], [-76.9961694553305, 38.9519749288769], [-76.9961505601668, 38.9519779537962], [-76.9959882399849, 38.9520042531241], [-76.995881992643, 38.9519241206916], [-76.99582167167, 38.9518777241079], [-76.9955511386323, 38.9516695804194], [-76.9954741943349, 38.9516103930157], [-76.9953918269082, 38.951547061468], [-76.995080357643, 38.951307338595], [-76.994993607336, 38.9512405836221], [-76.9949129718612, 38.9511789640213], [-76.9948360284622, 38.9511200465677], [-76.9944388509357, 38.9508163592081], [-76.9943563712196, 38.9507532973121], [-76.9942766529246, 38.9506923123226], [-76.9942746784276, 38.9506908012328], [-76.9942677766713, 38.9506855497935], [-76.9941743797295, 38.9506132542649], [-76.9941596850881, 38.9506018802088], [-76.9941364869942, 38.9505839245519], [-76.9939792611582, 38.9504622259885], [-76.9939786395241, 38.9504617509333], [-76.9937164841747, 38.9502610544889], [-76.9933513917752, 38.9499791623478], [-76.9932724891506, 38.9499181718019], [-76.9931941641426, 38.9498576318113], [-76.9931872345385, 38.9498523139417], [-76.9931807828382, 38.9498473614483], [-76.9930805398356, 38.94977006506], [-76.9930797304535, 38.9497694411946], [-76.9927988587052, 38.9495530601794], [-76.9927322153892, 38.9495019358789]]]}, "properties": {"Route": "R520_3A", "ROUTE_NUMB": 520, "CollectionDay": "Wednesday", "RunsPerWeek": 1, "RStatus": "Scheduled Other Day", "RecycleRouteArea": "OR_520A"}}, {"type": "Feature", "geometry": {"type": "Polygon", "coordinates": [[[-77.0198976244155, 38.9672955896542], [-77.0199008619438, 38.9661518053325], [-77.0198967656261, 38.9613231191192], [-77.0210330257644, 38.9613152420943], [-77.0279983549666, 38.9612669566172], [-77.0279983513734, 38.9612669985275], [-77.0275031487848, 38.9672960296743], [-77.0259657971604, 38.9672971017869], [-77.0258683281554, 38.9672970801351], [-77.0255678434895, 38.967296671545], [-77.0252507534656, 38.967296355848], [-77.0250017817913, 38.9672961952057], [-77.0248183610817, 38.9672960736764], [-77.0247256621309, 38.9672960122132], [-77.0246082954424, 38.9672956015277], [-77.0245904315446, 38.967295586162], [-77.0244498092701, 38.9672954848875], [-77.0244326209054, 38.96729557359], [-77.0243278719534, 38.9672961134877], [-77.0242311467535, 38.9672959751957], [-77.0242113954953, 38.9672959472579], [-77.0241097870535, 38.9672962517798], [-77.0239932081875, 38.9672954813952], [-77.0239688845046, 38.9672953200546], [-77.0238016406566, 38.9672944029967], [-77.0237364472215, 38.967294076823], [-77.0235701969101, 38.9672943380413], [-77.0232753599525, 38.9672947976179], [-77.0232605530216, 38.9672947752677], [-77.023248225441, 38.9672947564097], [-77.0228604856149, 38.9672941641286], [-77.0227681334138, 38.9672942214011], [-77.022554826653, 38.9672945259229], [-77.0224476459614, 38.9672941368893], [-77.0223605273452, 38.9672950958538], [-77.0221326561986, 38.967294480524], [-77.0220844337359, 38.9672934985108], [-77.0220668123833, 38.9672931409072], [-77.0218123546976, 38.9672938861476], [-77.0216457073309, 38.9672932931681], [-77.0214092141542, 38.9672931653527], [-77.0212436977665, 38.9672949023847], [-77.021166231548, 38.9672945622421], [-77.0210834508963, 38.96729551073], [-77.0207662584644, 38.9672951684921], [-77.0205396135182, 38.9672952083034], [-77.0203933947394, 38.9672942681969], [-77.0202851055268, 38.9672943317553], [-77.0200437839055, 38.9672949680384], [-77.0199685670685, 38.9672956636893], [-77.0198976244155, 38.9672955896542]]]}, "properties": {"Route": "R416_3", "ROUTE_NUMB": 416, "CollectionDay": "Wednesday", "RunsPerWeek": 1, "RStatus": "Scheduled Other Day", "RecycleRouteArea": "OR_416"}}, {"type": "Feature", "geometry": {"type": "Polygon", "coordinates": [[[-76.9972323204151, 38.9616242140247], [-76.9983411244451, 38.9612746394635], [-76.9990765895412, 38.9609188967532], [-76.9997664507637, 38.9604280405332], [-77.0004508789753, 38.9596890022002], [-77.0011333281983, 38.9587838476525], [-77.0020137813813, 38.9591832616805], [-77.0023722208578, 38.9592983106926], [-77.0028201630792, 38.9593693560867], [-77.0028859790469, 38.95910358512], [-77.0029756039627, 38.9587416662927], [-77.0031174398613, 38.9581689079156], [-77.0055084353473, 38.9566297895498], [-77.0055729784022, 38.9565882411912], [-77.005648704584, 38.9614531335621], [-77.0060603728343, 38.9614529184234], [-77.0114023448085, 38.9614501251128], [-77.0104631633655, 38.9627028374044], [-77.0116685695261, 38.9682257505075], [-77.0073659330643, 38.9682288641329], [-77.0072072744154, 38.9682797709806], [-77.0066455021727, 38.9678349761647], [-77.0061701424705, 38.9684585540424], [-77.0060604087669, 38.9685252676522], [-77.0024730010528, 38.9656987986268], [-76.998822258518, 38.96286413741], [-76.9972323204151, 38.9616242140247]]]}, "properties": {"Route": "R419_3A", "ROUTE_NUMB": 419, "CollectionDay": "Wednesday", "RunsPerWeek": 1, "RStatus": "Scheduled Other Day", "RecycleRouteArea": "OR_419A"}}, {"type": "Feature", "geometry": {"type": "Polygon", "coordinates": [[[-77.0140730675893, 38.9501068097413], [-77.0146932446985, 38.949272629535], [-77.0152181042678, 38.9485658626252], [-77.0157124301007, 38.9485936331346], [-77.0162164478572, 38.9485785560199], [-77.0162594466165, 38.9486208118947], [-77.0162920770209, 38.9493159741476], [-77.0174732313638, 38.9492804443241], [-77.0175076754668, 38.9500209199738], [-77.0175126826762, 38.9500954768222], [-77.017516323548, 38.950166308585], [-77.0175257684349, 38.9503694748895], [-77.0175373414307, 38.9506061040002], [-77.0175471923561, 38.9508315720752], [-77.017551360539, 38.9509312555358], [-77.017554483083, 38.9510143658475], [-77.0175566219717, 38.9510891137673], [-77.0175619867105, 38.951168476584], [-77.0175697247984, 38.9513031141468], [-77.0175736872671, 38.9513616562991], [-77.0175827620481, 38.9515505390984], [-77.0175933397106, 38.9517912992648], [-77.0176079561986, 38.9520632285246], [-77.0176102981065, 38.9521507309666], [-77.0196837598009, 38.9520912156253], [-77.0198397297921, 38.9553865946748], [-77.0199573147712, 38.9583484918655], [-77.0198996204721, 38.9587404508522], [-77.0161694839341, 38.9587405758889], [-77.0136745722343, 38.958739543463], [-77.0138245010552, 38.9565881699392], [-77.013511672639, 38.9533308196131], [-77.0134604821425, 38.9522838835514], [-77.0133934480594, 38.9510209313386], [-77.013460457888, 38.9509312918633], [-77.0140732256928, 38.950106871918], [-77.0140730675893, 38.9501068097413]]]}, "properties": {"Route": "R425_3", "ROUTE_NUMB": 425, "CollectionDay": "Wednesday", "RunsPerWeek": 1, "RStatus": "Scheduled Other Day", "RecycleRouteArea": "OR_425"}}, {"type": "Feature", "geometry": {"type": "Polygon", "coordinates": [[[-77.0161676603541, 38.961304772921], [-77.0161694839341, 38.9587405758889], [-77.0198996204721, 38.9587404508522], [-77.0199573147712, 38.9583484918655], [-77.0198397297921, 38.9553865946748], [-77.0222660964425, 38.9553149382364], [-77.0257075782286, 38.9552133035657], [-77.0256568925853, 38.9541466452226], [-77.0277364062298, 38.9540895088076], [-77.029698724764, 38.9540889366748], [-77.0296973790877, 38.9562244359954], [-77.0296967107411, 38.9572850709602], [-77.0281768825529, 38.9572881487422], [-77.0282371855596, 38.9583590369171], [-77.0279983549666, 38.9612669566172], [-77.0210330257644, 38.9613152420943], [-77.0198967656261, 38.9613231191192], [-77.0161676603541, 38.961304772921]]]}, "properties": {"Route": "R426_3", "ROUTE_NUMB": 426, "CollectionDay": "Wednesday", "RunsPerWeek": 1, "RStatus": "Scheduled Other Day", "RecycleRouteArea": "OR_426"}}, {"type": "Feature", "geometry": {"type": "Polygon", "coordinates": [[[-76.9718345443397, 38.9417832064307], [-76.9717505491657, 38.9417217302258], [-76.971672011257, 38.9416559437036], [-76.9715903049904, 38.9415925892881], [-76.9715109855474, 38.9415273399452], [-76.9714276991441, 38.9414650984429], [-76.971347296333, 38.9414005693423], [-76.9712669025049, 38.9413359451598], [-76.9711865140668, 38.9412712265937], [-76.9711063214614, 38.9412065359166], [-76.9710384312838, 38.9411531711466], [-76.9709705141567, 38.9410999160328], [-76.9709025628937, 38.9410467286532], [-76.9708345307823, 38.9409934727608], [-76.9707664968742, 38.9409403076599], [-76.9706983470835, 38.940887230556], [-76.9706301981911, 38.9408340646768], [-76.9705619316194, 38.9407809867946], [-76.9704936668443, 38.9407279990059], [-76.9704312833394, 38.9406705953487], [-76.9703525271402, 38.9406089581751], [-76.9702740009096, 38.9405475920468], [-76.9701955896634, 38.9404862251666], [-76.9701171793155, 38.9404248589321], [-76.9700386539833, 38.9403634025108], [-76.9699602436354, 38.9403020354712], [-76.9698817183031, 38.9402406690772], [-76.9698033079552, 38.9401793026302], [-76.9697822056309, 38.9401628116287], [-76.9697611051032, 38.940146321322], [-76.9697189022511, 38.9401133399986], [-76.9696628608521, 38.940085610186], [-76.9696144596246, 38.9400445426259], [-76.9691545177076, 38.939684074828], [-76.9687654286119, 38.9393801875519], [-76.9682911711425, 38.9390045806291], [-76.968271934619, 38.9389897732784], [-76.9682527744523, 38.9389750232201], [-76.9681711391526, 38.9389096002809], [-76.9680762950249, 38.9388428706655], [-76.9678121373308, 38.9386313739408], [-76.9669808687062, 38.9379715970057], [-76.9668613712138, 38.9378646543332], [-76.96683800244, 38.9378485331229], [-76.9667385373785, 38.9377817598861], [-76.96673274055, 38.9377772174059], [-76.9667263373586, 38.9377722144587], [-76.9667200572365, 38.9377673044429], [-76.9664431955676, 38.9375514744319], [-76.9661845283765, 38.9373498260878], [-76.9658832504982, 38.9371132798989], [-76.9658041152098, 38.9370511512118], [-76.9657263273945, 38.9369900824641], [-76.9657136063517, 38.936980139345], [-76.9656458122938, 38.9369248079236], [-76.9656346013191, 38.9369160903926], [-76.9656172629358, 38.9369026067262], [-76.9655999227559, 38.9368891216597], [-76.9654016546912, 38.9367344229798], [-76.9651752972059, 38.9365579488931], [-76.9650796993917, 38.9364832338649], [-76.9649857823254, 38.9364097380751], [-76.9648459945857, 38.936300475293], [-76.9648372324184, 38.9362936261434], [-76.9647365788858, 38.9362146833932], [-76.9646478468953, 38.9361451520424], [-76.9645519005347, 38.9360700012565], [-76.9644819136892, 38.9360151841058], [-76.9644114444485, 38.9359599204093], [-76.9643901157487, 38.9359431580088], [-76.9643122848141, 38.9358814999558], [-76.964005790419, 38.9356416109085], [-76.9636324173492, 38.9353521755232], [-76.96357920744, 38.9353106950497], [-76.9634976574802, 38.9352470708333], [-76.9634487774507, 38.9352096053787], [-76.9635643394238, 38.935158756528], [-76.9635835849304, 38.9351495475505], [-76.963677024093, 38.9351048372808], [-76.9637414162309, 38.9350720849028], [-76.9638032778146, 38.935042604116], [-76.9638193747262, 38.9350347521206], [-76.9638762371853, 38.9350070161294], [-76.9639283610314, 38.9349817516527], [-76.9639450526277, 38.9349736606735], [-76.9640568695244, 38.9349124643593], [-76.9641224258788, 38.9348807306906], [-76.9642918786842, 38.9347986971276], [-76.9643824818654, 38.9347544345453], [-76.9646101724506, 38.934638644131], [-76.9646778335578, 38.9346040971044], [-76.9647779714574, 38.934553291143], [-76.9648812426808, 38.9345038917651], [-76.9652848799925, 38.9343103272085], [-76.9653760329427, 38.9342667211654], [-76.9655509160639, 38.9341856106675], [-76.9656344486055, 38.9341465898858], [-76.9657055673282, 38.9341062449101], [-76.9657871505257, 38.9340734291814], [-76.9658653219217, 38.9340325041828], [-76.9659517515302, 38.9339898622756], [-76.9660544047126, 38.933943417618], [-76.9661505163632, 38.9338993843985], [-76.9662311904656, 38.9338588799615], [-76.9664385234298, 38.9337581536806], [-76.9665294383264, 38.9337139777958], [-76.9669683497844, 38.9335015091476], [-76.967059247613, 38.9334575678924], [-76.9673014909058, 38.9333425810534], [-76.9675572430638, 38.9332202994583], [-76.9676918933384, 38.9331561024624], [-76.9677925091418, 38.9331084567519], [-76.9678812213694, 38.9330658904563], [-76.9678978725415, 38.933057852366], [-76.9680152733659, 38.9330011783178], [-76.9681069859666, 38.9329584218888], [-76.9682046454144, 38.9329108913448], [-76.9683068099133, 38.9328640218187], [-76.9685376796363, 38.9327521142623], [-76.9687930940277, 38.9326284885818], [-76.9689031313618, 38.9325748574075], [-76.9689914258728, 38.9325314340784], [-76.9690131094071, 38.9325202297218], [-76.9691249577448, 38.9324624413759], [-76.9692405906848, 38.9324111566078], [-76.9695802733382, 38.9322415024372], [-76.9696708262138, 38.9321965024324], [-76.9699738917395, 38.9320516066534], [-76.9700583567324, 38.9320110368724], [-76.9703321479596, 38.9318797043021], [-76.9704237069483, 38.9318358696564], [-76.9705682880984, 38.9317678434094], [-76.9706664739589, 38.9317215650075], [-76.9707640283038, 38.9316720043317], [-76.9708447033045, 38.9316384453553], [-76.9711840877172, 38.931475444686], [-76.9712027232678, 38.9314662331339], [-76.9712817624364, 38.9314271654342], [-76.9713411374834, 38.9313998976247], [-76.9714293053319, 38.9313570284226], [-76.9714515224655, 38.9313457295426], [-76.9715532144506, 38.9312940114101], [-76.971610097571, 38.9312690251306], [-76.9716908183858, 38.9312314562485], [-76.9719601638507, 38.9311027678969], [-76.9720539533563, 38.9310573332136], [-76.9721589421585, 38.931008619721], [-76.9722710294481, 38.9309526309585], [-76.9723320861413, 38.9309244964507], [-76.9723532989584, 38.9309147222905], [-76.9723631489855, 38.9309099753199], [-76.9726245928692, 38.930784006831], [-76.973041026682, 38.9305821296023], [-76.9734191572295, 38.9303996437324], [-76.9735087668741, 38.9303564985951], [-76.9735824628633, 38.930320860738], [-76.9736642562666, 38.9302777868313], [-76.9737842074082, 38.9302256654056], [-76.9738873932916, 38.9301760883108], [-76.9739819319921, 38.9301298228465], [-76.9740927625386, 38.9300747949551], [-76.9741657955712, 38.9300361345951], [-76.9742844989528, 38.9299863023012], [-76.9743726883609, 38.9299431925519], [-76.9745339781752, 38.9298654950068], [-76.9746167255893, 38.9298254837254], [-76.9746319816778, 38.9298181070447], [-76.9747277780197, 38.9297716750291], [-76.9748392724211, 38.9297138732628], [-76.9749222426174, 38.9296774027937], [-76.9749424493214, 38.929668520849], [-76.975011652836, 38.9296353145255], [-76.975099263729, 38.929594265372], [-76.9751902459993, 38.9295513014371], [-76.9752755293574, 38.929509553418], [-76.9756110303531, 38.9293449224041], [-76.9757018293671, 38.9293004146267], [-76.9759471439998, 38.9291810010095], [-76.9760369818164, 38.9291371674914], [-76.9761202772028, 38.9290959468384], [-76.9762239086506, 38.9290405603482], [-76.9762264481879, 38.9331213408864], [-76.9762263736278, 38.9357659985702], [-76.9762268596163, 38.9416291095259], [-76.9762251698853, 38.9417982235054], [-76.9718345443397, 38.9417832064307]]]}, "properties": {"Route": "R524_3", "ROUTE_NUMB": 524, "CollectionDay": "Wednesday", "RunsPerWeek": 1, "RStatus": "Scheduled Other Day", "RecycleRouteArea": "OR_524"}}, {"type": "Feature", "geometry": {"type": "Polygon", "coordinates": [[[-76.9741755952926, 38.9002001593747], [-76.9741761836891, 38.8985115961846], [-76.9735589018501, 38.8984013738646], [-76.9734637064811, 38.8983843537021], [-76.9734501814462, 38.8983819354335], [-76.9732098039542, 38.8983402257045], [-76.9731997616877, 38.8983384827883], [-76.9731782587147, 38.8983347522621], [-76.9730738547158, 38.8983159626], [-76.973010152484, 38.8983049450994], [-76.9729488649238, 38.8982943456735], [-76.9729268247583, 38.8982905934722], [-76.9729158446506, 38.8982887247123], [-76.9728514489194, 38.8982777631374], [-76.9726559844968, 38.8982444896891], [-76.9726379481225, 38.8982413037765], [-76.9726199162398, 38.8982381185627], [-76.9723531785841, 38.8981910024118], [-76.9723293992803, 38.8981868020655], [-76.9722914346797, 38.8981800960528], [-76.9722682788067, 38.8981763151813], [-76.9722501849402, 38.8981733606762], [-76.9721704046615, 38.8981603345649], [-76.972053137686, 38.8981376758932], [-76.9720327728785, 38.8981342180157], [-76.9718795032231, 38.8981081916442], [-76.9718593513163, 38.8981045792583], [-76.9716816259255, 38.8980732388142], [-76.9715103198958, 38.8980420025262], [-76.9714631610383, 38.8980334025645], [-76.9713764260027, 38.8980175260859], [-76.971350461996, 38.8980130062283], [-76.9712555954104, 38.8979958139873], [-76.9711850722708, 38.8979838323401], [-76.9711504503014, 38.8979782260359], [-76.9711404242045, 38.8979766019625], [-76.9711001787815, 38.8979696323587], [-76.9710845975029, 38.8979669330266], [-76.970977997123, 38.8979484704591], [-76.970952599055, 38.8979440708469], [-76.9708232757901, 38.8979199753979], [-76.9708066470758, 38.89791725509], [-76.9706250463529, 38.8978875547187], [-76.9706169758884, 38.8978862347641], [-76.9704106750885, 38.8978512916127], [-76.9703460152527, 38.8978392435238], [-76.9703284954097, 38.8978361086294], [-76.9703103108134, 38.8978328569802], [-76.9702921307087, 38.8978296046318], [-76.9702289405166, 38.8978186143217], [-76.9702120387146, 38.8978156751826], [-76.9701951387091, 38.8978127353441], [-76.9701134090863, 38.8977990275156], [-76.9700873705194, 38.8977946600542], [-76.9700637142847, 38.8977903212568], [-76.9699910522564, 38.8977769944496], [-76.9699092103441, 38.8977642968567], [-76.9698795318037, 38.8977597154595], [-76.9698101935419, 38.8977473821101], [-76.9697940948337, 38.8977445177748], [-76.9697779224636, 38.8977416422534], [-76.9696980011494, 38.8977301709283], [-76.969685548703, 38.8977283832527], [-76.9696393618226, 38.897721152849], [-76.9696183619062, 38.8977183535319], [-76.9695973943292, 38.8977155591085], [-76.9694946414337, 38.8977018638456], [-76.9695079266184, 38.8976392385186], [-76.9695815166065, 38.8975487660211], [-76.9695884192612, 38.8975408595386], [-76.9698409186196, 38.8972567569243], [-76.9699138393627, 38.8971742813514], [-76.9699966110313, 38.897080664245], [-76.9701743822362, 38.8968795972094], [-76.9703076023928, 38.8967292368424], [-76.970469629724, 38.896546362579], [-76.9705317320562, 38.8964763721664], [-76.9705884471916, 38.8964124558398], [-76.9706481725816, 38.8963451430156], [-76.9706918702303, 38.8962958960156], [-76.9707104671533, 38.8962764409277], [-76.9707970063562, 38.8961859121607], [-76.9708683541493, 38.8961112741696], [-76.970920049499, 38.8960571952059], [-76.9709699500147, 38.8960049955083], [-76.9709873611615, 38.8959905364467], [-76.9710085452326, 38.8959730605615], [-76.9710297670329, 38.8959555539094], [-76.9710897726972, 38.8959109342998], [-76.9711592591811, 38.8958641962425], [-76.9712263642311, 38.8958237204307], [-76.9712386262347, 38.8958170827114], [-76.971297389529, 38.8957852721287], [-76.9713154294966, 38.8957759951172], [-76.9713366971109, 38.8957650569255], [-76.9713839781393, 38.8957433140748], [-76.9714041543006, 38.8957342209342], [-76.9714554606797, 38.8957097304147], [-76.9714746477958, 38.8957019495744], [-76.971491792143, 38.8956949951287], [-76.9715089580498, 38.8956880336909], [-76.9716179497449, 38.8956469502169], [-76.971707068011, 38.895618903087], [-76.9717293929424, 38.8956118759215], [-76.971771602981, 38.8956011027042], [-76.9718154066309, 38.8955899218802], [-76.9718439892266, 38.8955826269369], [-76.9719814700926, 38.8955458830358], [-76.9721000504051, 38.8955141911874], [-76.9721077678317, 38.8955121293885], [-76.9722628961015, 38.8954706682706], [-76.97246528384, 38.8954167118699], [-76.9727429935185, 38.895342677139], [-76.9728167766444, 38.8953227855181], [-76.9729227976109, 38.8952940887461], [-76.9729803787223, 38.8952785025033], [-76.9729880925556, 38.8952764323077], [-76.9730935790245, 38.8952479900092], [-76.9732408775782, 38.8952081990181], [-76.9734502685828, 38.89515163317], [-76.9735240562002, 38.8951317002454], [-76.9735351459024, 38.8951287735798], [-76.9736052171895, 38.8951102788123], [-76.9736169339157, 38.8951068480545], [-76.9736818246186, 38.8950878477916], [-76.9737645441849, 38.8950611288379], [-76.973773616271, 38.8950578952398], [-76.9738425943084, 38.8950333108001], [-76.9738637559215, 38.8950252844817], [-76.9738849426875, 38.8950172483743], [-76.9739031218939, 38.8950103525907], [-76.9739622660739, 38.8949853227715], [-76.9740113805637, 38.8949645242435], [-76.9740392966095, 38.8949513591105], [-76.9740591125464, 38.8949420141718], [-76.9741331310308, 38.8949062669385], [-76.9741568860802, 38.8948941246628], [-76.9741651011735, 38.894889926219], [-76.9741961972553, 38.8948740308595], [-76.9742570742855, 38.8948393623936], [-76.9743155312543, 38.8948023510292], [-76.9743321303241, 38.8947917210168], [-76.9743487356822, 38.8947810875069], [-76.9743641876034, 38.8947711923075], [-76.9744106547581, 38.8947381423456], [-76.9745696619533, 38.8946132303963], [-76.9746749418096, 38.8945131706346], [-76.9747970641792, 38.8943769905783], [-76.9748766333538, 38.8942490925622], [-76.9749127770693, 38.8941909968765], [-76.9749438686596, 38.8941410205516], [-76.975024739493, 38.8940110295046], [-76.9751230609992, 38.8936996311711], [-76.9751460443957, 38.8935729778579], [-76.9751542505059, 38.893303026028], [-76.9815357583167, 38.8932919217512], [-76.9818508936066, 38.8932205612452], [-76.9836479185353, 38.8924929021887], [-76.9836481332326, 38.8925509461256], [-76.9836483560148, 38.8925856282939], [-76.9836481080798, 38.8926594973965], [-76.9836474541063, 38.8928649385514], [-76.9836467417422, 38.8930882954932], [-76.9836493208054, 38.893406021223], [-76.9836502182224, 38.8935115997078], [-76.9836503305118, 38.8935262830089], [-76.9836498472182, 38.893624654266], [-76.9836497250473, 38.8936530307934], [-76.9836485374745, 38.8938700766637], [-76.9836477999576, 38.894005167691], [-76.9836481449107, 38.8944222606737], [-76.9836481610804, 38.8944411730203], [-76.9836494825022, 38.8947108835091], [-76.9836499253716, 38.8947905177641], [-76.9830564291246, 38.8947852705756], [-76.9827013924665, 38.8947821313514], [-76.982568132784, 38.8947857418088], [-76.9819337164792, 38.8947857047534], [-76.9817073814518, 38.8947856914694], [-76.9803699579787, 38.8947856124644], [-76.9798829812631, 38.8947855837989], [-76.9780861386925, 38.8947854775267], [-76.9774098896416, 38.8947854376746], [-76.9773382427094, 38.8947854334797], [-76.9769505711553, 38.8947854104074], [-76.9767845526094, 38.8947854006192], [-76.9763117989197, 38.894785373352], [-76.9762199713348, 38.8947853677587], [-76.9762225234485, 38.8961212195207], [-76.9758615264684, 38.8974070420662], [-76.9758507727361, 38.8974438416341], [-76.9756209782966, 38.8982490172225], [-76.9754742313084, 38.8987417161343], [-76.9755818108518, 38.8987606832601], [-76.975708900905, 38.89878309005], [-76.9757899496049, 38.898797379356], [-76.9758553658222, 38.8988089127304], [-76.9759306895588, 38.898822193202], [-76.9762608913926, 38.8988804102414], [-76.9763749370095, 38.8989005175926], [-76.9767516176761, 38.8989669296281], [-76.9767870822652, 38.8989731825382], [-76.9768565777322, 38.8989854352762], [-76.9771309124402, 38.8990338023198], [-76.9774164194954, 38.8990841394415], [-76.9775220290334, 38.899102759015], [-76.9777269203767, 38.899138883057], [-76.978065209743, 38.8991985260326], [-76.9781831899809, 38.8992193268162], [-76.9784497102442, 38.899266315745], [-76.979065877274, 38.8993749504331], [-76.9791600108343, 38.899392577888], [-76.9792805315077, 38.8994151473718], [-76.979297906722, 38.8994183996477], [-76.9790704748516, 38.9002186779843], [-76.9741755952926, 38.9002001593747]]]}, "properties": {"Route": "R511_2", "ROUTE_NUMB": 511, "CollectionDay": "Tuesday", "RunsPerWeek": 1, "RStatus": "Scheduled Other Day", "RecycleRouteArea": "OR_511"}}, {"type": "Feature", "geometry": {"type": "MultiPolygon", "coordinates": [[[[-76.987011806542, 38.9131148982676], [-76.9869645111406, 38.9130317700952], [-76.9868776745954, 38.9130615368253], [-76.9867648426025, 38.9131031057991], [-76.9866662498051, 38.9131383385102], [-76.9865897313092, 38.9131656839356], [-76.9864861825064, 38.9132026878252], [-76.9863805433239, 38.9132404403002], [-76.9862724274862, 38.9132790769609], [-76.986165315965, 38.9133173704032], [-76.9861534330504, 38.9133216173847], [-76.9860777688523, 38.9133484916295], [-76.9859957706332, 38.9133799902893], [-76.9859871225519, 38.91338310912], [-76.9859129172179, 38.9134098784952], [-76.985830030565, 38.9134393172473], [-76.9856780706532, 38.9134932851157], [-76.9855184750615, 38.9135499642645], [-76.9854000600391, 38.9135920571826], [-76.9852603154185, 38.9136444864946], [-76.9851837529052, 38.9136697089437], [-76.9851086420693, 38.9137014185507], [-76.9849863292569, 38.9137473410486], [-76.9848345382284, 38.9138043568988], [-76.9847706958594, 38.9138283421115], [-76.9846894243774, 38.9138577219765], [-76.9846141195054, 38.9138846393545], [-76.9845227195185, 38.9139174588309], [-76.9844464507543, 38.9139448444964], [-76.9843709006422, 38.9139718834622], [-76.9842896138888, 38.913998126291], [-76.9842580237335, 38.9139436373745], [-76.984202026352, 38.9138491197367], [-76.9841923164621, 38.9138327819786], [-76.9841575929831, 38.9137743577225], [-76.984126006421, 38.9137225380106], [-76.9840830525774, 38.913652647008], [-76.984040620655, 38.9135833423758], [-76.9839715932102, 38.9134705250931], [-76.9839137776385, 38.913375983759], [-76.9838678683376, 38.9133000371798], [-76.9838343459062, 38.9132445887305], [-76.9837906437659, 38.9131723130434], [-76.983757476169, 38.913117460024], [-76.9837056254108, 38.9130317141768], [-76.9837011338344, 38.9130242854234], [-76.9836562540028, 38.9129521709763], [-76.9836152872326, 38.9128809679271], [-76.9835661880141, 38.9127956558618], [-76.9835388406019, 38.9127481390687], [-76.9834797988298, 38.9126455360985], [-76.9834760537534, 38.9126390201769], [-76.9834295461745, 38.9125581142164], [-76.9835009990705, 38.9124946436398], [-76.9835742144611, 38.9124295129162], [-76.9836626248548, 38.9123509203609], [-76.9837252104806, 38.9122955019256], [-76.9838430200385, 38.9121911836843], [-76.9838564282925, 38.9121793113778], [-76.9839115399352, 38.9121304255531], [-76.984055519214, 38.9120027090977], [-76.9840971489409, 38.9119656241987], [-76.9841130616978, 38.9119514402944], [-76.9841598702123, 38.911910022327], [-76.9842450682305, 38.9118346214892], [-76.9843472426109, 38.9117439951278], [-76.9844264596459, 38.9116739414085], [-76.984478381371, 38.9116277156039], [-76.9845516497622, 38.9115626574792], [-76.9846227397389, 38.9114995215297], [-76.9847374438209, 38.9113978792714], [-76.9848224289383, 38.9113200174229], [-76.9848795348409, 38.9112691961833], [-76.9849262175913, 38.9112269061683], [-76.9849698909855, 38.9111874512624], [-76.9850274460457, 38.9111354591061], [-76.9851072640537, 38.9110633511279], [-76.985167768283, 38.9110051685428], [-76.9852367660833, 38.9109422641654], [-76.985314671578, 38.910871240141], [-76.9854297035451, 38.9107685414904], [-76.9854910539874, 38.9107188941797], [-76.9854967942221, 38.9107142751732], [-76.9855058627149, 38.9107069782887], [-76.9855972743799, 38.9106334173469], [-76.9856741881345, 38.910571468178], [-76.9857755540312, 38.9104820907228], [-76.9857141092658, 38.9104612464055], [-76.9856043962235, 38.9104230695542], [-76.985587034484, 38.9104169693365], [-76.9855168967215, 38.9103923259059], [-76.9854421326354, 38.910366472488], [-76.985360660829, 38.9103374364868], [-76.9853520325107, 38.9103343874229], [-76.9850860512365, 38.9102403717586], [-76.9850625845464, 38.9102321087978], [-76.9849939999711, 38.9102079595011], [-76.9848675072976, 38.9101633991761], [-76.9846897558557, 38.9101004584032], [-76.9846704519586, 38.9100936060249], [-76.9843388487529, 38.9099758831389], [-76.9843184632841, 38.9099686609725], [-76.9841329063808, 38.9099029246853], [-76.984034349516, 38.9098679797586], [-76.9840090691273, 38.9098590163457], [-76.98396836736, 38.909844349004], [-76.9839033499947, 38.9098209195568], [-76.9838848905139, 38.9098142677676], [-76.9838096485241, 38.9097864555094], [-76.9837508169578, 38.9097644303573], [-76.9837298574656, 38.909756584651], [-76.9836290269648, 38.9097186653561], [-76.9835370179202, 38.9096819532354], [-76.9835248457481, 38.9096768133971], [-76.9834415350903, 38.9096416251027], [-76.9834275087955, 38.9096354108787], [-76.9833509902996, 38.9096015073499], [-76.9833356156335, 38.9095941935747], [-76.9832572654727, 38.9095569207807], [-76.9832463922645, 38.9095513936799], [-76.9832328537549, 38.909544511191], [-76.9831868330629, 38.9095211172944], [-76.9831730466182, 38.9095140362827], [-76.9831596760935, 38.9095068797766], [-76.9830877201409, 38.9094683689821], [-76.9830665270867, 38.9094571777593], [-76.982997234639, 38.9094205801418], [-76.9829086526671, 38.9093743046377], [-76.9827480087415, 38.9092902626641], [-76.9825456722069, 38.9091838031102], [-76.9824836839607, 38.909151140122], [-76.9823515875965, 38.909080101024], [-76.9822932060862, 38.9090490065858], [-76.9822162986198, 38.909007928046], [-76.9843960579618, 38.9058880816888], [-76.9849961217918, 38.9061445646722], [-76.9851029063262, 38.9060286408789], [-76.985268719158, 38.9059179492817], [-76.9854262055054, 38.9058401848816], [-76.9855955900387, 38.9058204297199], [-76.9857966581522, 38.9058207240201], [-76.9859646332288, 38.9058473193877], [-76.989184348819, 38.9070991687414], [-76.989442556971, 38.9072464250985], [-76.9893851124035, 38.9072969430405], [-76.9893200734787, 38.9073571614598], [-76.989270534984, 38.9074012258336], [-76.9892395197505, 38.9074274654995], [-76.9892260252583, 38.9074388828305], [-76.9891985439971, 38.9074643311757], [-76.9891784217348, 38.9074829667265], [-76.9891238778274, 38.9075308589302], [-76.9890656553188, 38.9075843126086], [-76.9890021516148, 38.907638694562], [-76.9889431799113, 38.9076905445798], [-76.9888923981483, 38.9077346968247], [-76.9888778768817, 38.9077473234305], [-76.9888332404936, 38.9077845139901], [-76.9887802497733, 38.9078329840886], [-76.9887246898713, 38.9078820762908], [-76.9887106860343, 38.9078944491226], [-76.9886385135878, 38.9079575749972], [-76.9885731054553, 38.9080147653624], [-76.9885103455563, 38.9080709588671], [-76.9884577249419, 38.9081188199169], [-76.9883424989387, 38.908223059561], [-76.9883098972804, 38.9082508815191], [-76.9882863191991, 38.9082710008962], [-76.9882736763098, 38.9082831331952], [-76.9882265974024, 38.9083283112413], [-76.9881455810419, 38.9083988079492], [-76.9880902951261, 38.9084470106009], [-76.9880220366392, 38.9085013464568], [-76.9879629894773, 38.9085584399186], [-76.9877372662026, 38.9087586490381], [-76.987656415132, 38.9088309634717], [-76.98753665084, 38.908938174302], [-76.987470477343, 38.9089934758264], [-76.9875456393828, 38.9090436639863], [-76.9876623467079, 38.9091217065815], [-76.9877128841291, 38.9091572145847], [-76.9877564317591, 38.9092165408783], [-76.9877688608494, 38.9092810328531], [-76.9877757257748, 38.9093836770356], [-76.9877895463555, 38.909590094561], [-76.9877949631966, 38.9096699316194], [-76.9877993326022, 38.9097416936044], [-76.9878046964427, 38.909816694035], [-76.9878174830625, 38.9099913116746], [-76.9878363413952, 38.9102590743842], [-76.9878439357527, 38.9103544782493], [-76.9878488127063, 38.9104248590071], [-76.9878552751865, 38.910527048581], [-76.9878612238303, 38.9106277092881], [-76.987863992438, 38.9107186991581], [-76.9878196183579, 38.9107991018373], [-76.9877553573741, 38.9108631149568], [-76.987630088206, 38.9109691218362], [-76.9875840270898, 38.9110261413162], [-76.9875601615477, 38.911074773466], [-76.9876531623324, 38.9111056475313], [-76.9876697685887, 38.9111111605312], [-76.9877332965473, 38.9111323995915], [-76.9877930740396, 38.9111528494769], [-76.9878628318147, 38.9111771452416], [-76.9879680299243, 38.9112142599105], [-76.9880788074702, 38.911253865086], [-76.9881610536244, 38.9112893384708], [-76.9882613190848, 38.9113389867805], [-76.9882778732389, 38.9113482638557], [-76.9883146017576, 38.9113688471871], [-76.9883634763972, 38.911397162102], [-76.9883753925495, 38.9114040639831], [-76.9883910888124, 38.911413913527], [-76.9884677142079, 38.9114622665121], [-76.9885356555894, 38.9115137223002], [-76.9886980763827, 38.9116431486736], [-76.9887598840675, 38.9116926492484], [-76.9888361151025, 38.911753701331], [-76.9889107426447, 38.9118128905491], [-76.9889844305492, 38.9118705824795], [-76.9890583053032, 38.9119283163024], [-76.9892867055574, 38.9120949973239], [-76.9893913404234, 38.9121571408797], [-76.989530700565, 38.9122233280231], [-76.9896397892782, 38.9122666973792], [-76.989661981259, 38.9122745323232], [-76.9897491519775, 38.9123051668132], [-76.9898310962977, 38.9123295775162], [-76.9899094671197, 38.9123502255688], [-76.9899881047414, 38.9123687340194], [-76.990082304777, 38.9123859647193], [-76.9901623725166, 38.9123958945102], [-76.9902369210071, 38.9124027138139], [-76.9902450408789, 38.9124033303192], [-76.9903085158369, 38.9124081505236], [-76.9903313016041, 38.9124098805128], [-76.9903445912804, 38.9124107682243], [-76.9903775639429, 38.9124121627004], [-76.9904511674057, 38.9124152745838], [-76.9904750491175, 38.9124162846178], [-76.9906001197579, 38.9124155485861], [-76.990708165527, 38.9124117705695], [-76.9907365630698, 38.9124100748307], [-76.9908132612288, 38.9124054936795], [-76.9910251019391, 38.9123904661874], [-76.9912255394351, 38.9123765402938], [-76.9911656945692, 38.9124238294664], [-76.991111290799, 38.9124594826046], [-76.9910495891154, 38.9125024436094], [-76.9909953218891, 38.9125458058051], [-76.9909406953366, 38.9126003188612], [-76.9908882903179, 38.9126577165787], [-76.9908574412728, 38.9126966687979], [-76.9908507622986, 38.9127051006256], [-76.9908210765717, 38.9127665069202], [-76.9908140328816, 38.9127812044133], [-76.9908085792095, 38.9127993681536], [-76.990781415952, 38.9128898498765], [-76.9907766539826, 38.9129966330914], [-76.9907768812564, 38.9130039940467], [-76.9907789985855, 38.9130725163882], [-76.9907816019032, 38.9132035930013], [-76.9907832107859, 38.9132897146904], [-76.990784450461, 38.9133713257828], [-76.9907826403557, 38.9134050646496], [-76.9907813063575, 38.9134291618333], [-76.9907791692654, 38.9134413456738], [-76.9907675082347, 38.9135078377706], [-76.9907660251162, 38.9135146856254], [-76.9907528908484, 38.9135728976071], [-76.9907517140554, 38.9135878395741], [-76.9907441044266, 38.913684579595], [-76.9907415002106, 38.9137176626766], [-76.9906774799752, 38.9137397809633], [-76.9905923484324, 38.9137703847651], [-76.9905091581489, 38.9137987371655], [-76.990308111595, 38.9138667491897], [-76.9902295943476, 38.9138926908009], [-76.9901528279167, 38.9139178425658], [-76.9899922019574, 38.9139704708436], [-76.9898144774649, 38.9140287006247], [-76.9896278479731, 38.9140896675206], [-76.9895455622931, 38.914116689656], [-76.9892852628631, 38.9142022286959], [-76.9892695692951, 38.9142073863795], [-76.9891926420657, 38.9142334872308], [-76.989121671565, 38.9142577707576], [-76.9890458061443, 38.9142824631717], [-76.9889097482097, 38.9143264379726], [-76.9888289806825, 38.914354266625], [-76.9887062501535, 38.9143968595258], [-76.9886293840095, 38.9144231623085], [-76.9884865860153, 38.9144719577854], [-76.9883597771349, 38.9145152992068], [-76.9882800282972, 38.9145419304589], [-76.9881690243759, 38.9145787826547], [-76.9880124219707, 38.914630610129], [-76.9879013928965, 38.9146666927201], [-76.9878861179434, 38.9146352896905], [-76.98788230729, 38.9146284419438], [-76.9878771832996, 38.91461934563], [-76.9878551503207, 38.9145786309795], [-76.9878360449512, 38.9145487411689], [-76.9877552369998, 38.9144116783013], [-76.9876922076062, 38.9143033147544], [-76.9876532404858, 38.9142359454997], [-76.9876239248648, 38.9141854045374], [-76.9875556385302, 38.9140675451492], [-76.9875169885151, 38.9140006188175], [-76.9874873459074, 38.9139495800207], [-76.9874149434921, 38.9138248689218], [-76.9873791276617, 38.9137568072304], [-76.9873196268505, 38.9136556763581], [-76.9871686613738, 38.9133917121152], [-76.9871012571848, 38.9132713232091], [-76.9870551619326, 38.9131907164329], [-76.987011806542, 38.9131148982676]]], [[[-76.9853059884625, 38.924243791515], [-76.979008573742, 38.9199022791224], [-76.9790677161254, 38.9198558028753], [-76.979081835845, 38.9198447076436], [-76.9791484540082, 38.9197878161603], [-76.9792060728488, 38.9197380996761], [-76.9792616273609, 38.9196896425998], [-76.9793199666504, 38.919639304712], [-76.9793767500578, 38.9195896328543], [-76.9794314098479, 38.9195414866939], [-76.9794903060929, 38.9194900961339], [-76.9795530875515, 38.9194364242738], [-76.9795622880966, 38.9194296245167], [-76.9796300282556, 38.9193795569252], [-76.9796435541888, 38.9193718646457], [-76.9796563866226, 38.9193645665546], [-76.9796857570408, 38.9193478617369], [-76.9797273086143, 38.9193275917378], [-76.9797441277714, 38.9193193871462], [-76.9798192817264, 38.9192881245611], [-76.9798346851385, 38.9192825989169], [-76.979883268724, 38.9192651679042], [-76.9799429078758, 38.9192432987566], [-76.9799878928102, 38.9192273522368], [-76.9800151800353, 38.9192176792059], [-76.9800303462923, 38.9192123024259], [-76.9801221181817, 38.9191976572857], [-76.9801915893942, 38.9191905171323], [-76.980210926529, 38.9191885301063], [-76.9802792559828, 38.9191844309477], [-76.9803539814413, 38.9191825885978], [-76.9803924517934, 38.919183352516], [-76.9804445370119, 38.9191843869158], [-76.9804533405017, 38.9191844288509], [-76.9804678797345, 38.9191844994417], [-76.9805765776805, 38.9191850278244], [-76.9807096451236, 38.9191838962748], [-76.9807988711875, 38.9191831617112], [-76.980905467974, 38.9191825019318], [-76.9809817061956, 38.9191820490324], [-76.9810844321416, 38.9191814451665], [-76.9811821293186, 38.919182224461], [-76.9812589110209, 38.9191830114436], [-76.9815502975496, 38.9191855219599], [-76.9816295541105, 38.9191861139442], [-76.9817644307605, 38.9191864717906], [-76.9818324413124, 38.9191866528105], [-76.9819329277584, 38.9191868603894], [-76.9820523219445, 38.9191869645283], [-76.9821513755776, 38.9191871085055], [-76.9821939260776, 38.9191871595267], [-76.9822380800705, 38.9191872189347], [-76.9823581408065, 38.919187181892], [-76.9825139796437, 38.9191871196883], [-76.9825972337076, 38.9191870288288], [-76.9827664071368, 38.9191869792056], [-76.9829534785998, 38.9191873489336], [-76.9830447393478, 38.9191875739855], [-76.9831566730255, 38.9191878493594], [-76.9832219338343, 38.9191872629666], [-76.9832365081014, 38.9191869561413], [-76.983248755732, 38.9191866989391], [-76.9835528776765, 38.9191808182364], [-76.9836301848932, 38.9191796748052], [-76.9837873622202, 38.9191792086263], [-76.9838600925205, 38.9191792107231], [-76.9843990098258, 38.9191792834106], [-76.9844818964787, 38.9191791925512], [-76.9847888993203, 38.9191782413226], [-76.984999111385, 38.9191775948227], [-76.9850884443485, 38.9191775018664], [-76.9855890215574, 38.9191786921253], [-76.9856219214563, 38.9191787228777], [-76.9856927590064, 38.9191787878771], [-76.986152688347, 38.9191768099368], [-76.9862312882394, 38.9191767484319], [-76.9864651870815, 38.9191817785508], [-76.9864794325653, 38.9191861251268], [-76.9865633549758, 38.9192117300116], [-76.9866660512774, 38.919175661613], [-76.9867256526999, 38.9191159920874], [-76.9868047969713, 38.9190388131642], [-76.9869032208854, 38.9189900033543], [-76.9871055933527, 38.9189131227336], [-76.9872046945965, 38.9189186155572], [-76.9873195100696, 38.9189539362409], [-76.9874095679734, 38.9189927186612], [-76.9874964817738, 38.9190285718854], [-76.9875752505495, 38.9191079580077], [-76.9877958408507, 38.9191415389873], [-76.9879016066956, 38.9191577797712], [-76.9879770355351, 38.9191666951822], [-76.9880897525436, 38.9191753582823], [-76.9882758681991, 38.9191779407875], [-76.9884701809816, 38.9191777744448], [-76.9886237075552, 38.919177643747], [-76.9887283262516, 38.9191776115967], [-76.9888772660273, 38.9191783342788], [-76.9890392978501, 38.9191790688425], [-76.9891930876301, 38.9191785712123], [-76.9903706846445, 38.9191748271039], [-76.9906308053097, 38.9191755490871], [-76.9911412208676, 38.9191796007198], [-76.991266872718, 38.919211590228], [-76.9913832045473, 38.9192787387937], [-76.9913151975887, 38.919329805908], [-76.9912385784815, 38.9193958857182], [-76.9911804224483, 38.9194437719806], [-76.9910933397647, 38.9195149293062], [-76.9908345899286, 38.9197256296632], [-76.9907704133863, 38.9197781963231], [-76.9906914101504, 38.9198435299764], [-76.9904504280922, 38.9200440385468], [-76.9903886500518, 38.9200962967517], [-76.9903240962172, 38.9201512960402], [-76.9900481580164, 38.9203830281165], [-76.9899828891229, 38.9204380139036], [-76.98981970027, 38.9205726755756], [-76.9897139020857, 38.9206543076467], [-76.9896011356698, 38.9207589635985], [-76.9894885623917, 38.920846021734], [-76.9893480577964, 38.9209706331319], [-76.9895808517107, 38.921078909619], [-76.9902488964482, 38.9216209046029], [-76.9903386740776, 38.9216053437086], [-76.9905092237259, 38.9216180719823], [-76.9905735484901, 38.9216315005461], [-76.9909368514456, 38.921787033798], [-76.9910192215672, 38.9217640388115], [-76.9912009121216, 38.9217183283738], [-76.9912873327469, 38.9216929857799], [-76.9915818166667, 38.9216115359176], [-76.9916580279388, 38.9215905935292], [-76.9918430602261, 38.9215761641396], [-76.9919481262834, 38.9215867510038], [-76.992008582902, 38.9215925140928], [-76.992197711507, 38.9216028360735], [-76.99233385029, 38.921598426046], [-76.992386971266, 38.9215570863937], [-76.9926995346792, 38.9211378303703], [-76.9927958538406, 38.9208315292918], [-76.9928907132397, 38.920532656257], [-76.9933441324894, 38.9203532204261], [-76.9935689215162, 38.9203876367091], [-76.9937052561319, 38.9204132313756], [-76.9938567013091, 38.9205476687459], [-76.9939850633767, 38.9206667027136], [-76.9942076236832, 38.9208043482667], [-76.9942932897237, 38.9208897352718], [-76.9946734890913, 38.9212624817918], [-76.9948631207528, 38.9214703548164], [-76.9950074809173, 38.921634554017], [-76.9947695091137, 38.9217076527697], [-76.9941882236664, 38.9218937379297], [-76.9939798486564, 38.9219610265311], [-76.9938643944812, 38.9219980586824], [-76.9937859032849, 38.9220238295874], [-76.9937096102661, 38.9220478986845], [-76.9936321692004, 38.922072505919], [-76.9935524518038, 38.9220972151829], [-76.9934735114499, 38.9221218783116], [-76.9933949654564, 38.9221464701448], [-76.993316579363, 38.9221709061172], [-76.9932379067071, 38.9221953378879], [-76.9931592241697, 38.9222196277757], [-76.9930805003097, 38.9222440399607], [-76.9930094777067, 38.9222658711423], [-76.9929484228101, 38.9222838856885], [-76.9928701076837, 38.9223091504948], [-76.9925127812199, 38.922418285269], [-76.9924170998623, 38.9224438764075], [-76.9921955681267, 38.922515505967], [-76.9921333642849, 38.9225348091953], [-76.9921161202247, 38.9225402339466], [-76.9920315258744, 38.9225668475105], [-76.9918948130679, 38.9226100609843], [-76.9918223109397, 38.9226329781203], [-76.9917328144828, 38.9226612661769], [-76.9916580575832, 38.9226848947606], [-76.9911849796018, 38.9228294406629], [-76.9907444044639, 38.922964322836], [-76.9905942510642, 38.9230108669351], [-76.9905171998673, 38.9230348336607], [-76.9904266389069, 38.9230632543444], [-76.9903553557925, 38.9230856045421], [-76.9902773775342, 38.9231060216302], [-76.9902678338326, 38.9231091183681], [-76.9902581455023, 38.9231122626298], [-76.9902276962074, 38.9231217953538], [-76.9901975622212, 38.9231312302333], [-76.9901152801345, 38.9231590393587], [-76.9900112669027, 38.9231911668487], [-76.9899387027907, 38.9232123386959], [-76.9898403489451, 38.9232425910699], [-76.9897263329726, 38.9232797287818], [-76.9897132301459, 38.923283999628], [-76.989617966505, 38.9233134580458], [-76.9894836162677, 38.9233546352341], [-76.989364682019, 38.9233911907225], [-76.9892558493257, 38.9234261450649], [-76.9889411308542, 38.9235272249731], [-76.9888488136873, 38.9235581138886], [-76.9885767041063, 38.9236480514483], [-76.9883782608702, 38.9237088891748], [-76.9883335966342, 38.9237225822162], [-76.9880843240244, 38.9238017394473], [-76.9880137811217, 38.9238240223206], [-76.9879429795043, 38.9238419428222], [-76.987929125686, 38.9238454490675], [-76.9878923306919, 38.9238548174579], [-76.987890071429, 38.9238553954257], [-76.9859457524382, 38.9244524161722], [-76.9857197426009, 38.9245442388374], [-76.9857065984517, 38.9245499178223], [-76.985704756007, 38.9245503273578], [-76.9855975357897, 38.92457416008], [-76.9854825119074, 38.9244110075971], [-76.9853059884625, 38.924243791515]]]]}, "properties": {"Route": "R510_2A", "ROUTE_NUMB": 510, "CollectionDay": "Tuesday", "RunsPerWeek": 1, "RStatus": "Scheduled Other Day", "RecycleRouteArea": "OR_510A"}}, {"type": "Feature", "geometry": {"type": "Polygon", "coordinates": [[[-76.9701248635045, 38.9243623985635], [-76.9729411600736, 38.921794024127], [-76.9735215355275, 38.9210721799092], [-76.9736555578797, 38.9209037216972], [-76.9734376104221, 38.9206036468503], [-76.9733669031278, 38.920510521217], [-76.9732911176571, 38.9204014624849], [-76.9731042572983, 38.9201400456969], [-76.9730588842916, 38.9200742475415], [-76.9729831221771, 38.9199675930918], [-76.9730639939089, 38.9199350454942], [-76.973290610109, 38.9198437557251], [-76.9736119788086, 38.9197146734949], [-76.9738331206754, 38.9196297820038], [-76.9738899139643, 38.9196046623167], [-76.9740204849891, 38.9195495843259], [-76.9743809339969, 38.9194034458999], [-76.9746473410725, 38.9192904645377], [-76.9748583858755, 38.9192015677356], [-76.9749212571656, 38.9191751115639], [-76.9763961785727, 38.9204203050099], [-76.9764517267966, 38.9203731567535], [-76.976514550476, 38.9203176600147], [-76.9765622600007, 38.9202750993228], [-76.9766047080928, 38.9202363714192], [-76.9767305593692, 38.9201242230856], [-76.9768353253892, 38.9200304097941], [-76.9768896950235, 38.9199822275895], [-76.9771562718807, 38.9197474700067], [-76.9772471966588, 38.9196686884615], [-76.9774345160567, 38.9195070434418], [-76.9775730677146, 38.9193875112977], [-76.9776225190727, 38.9193446634918], [-76.9777479786836, 38.9192332161617], [-76.9778098330808, 38.9192169544274], [-76.9778710972849, 38.9192345273325], [-76.9780599599885, 38.9193751425661], [-76.9782353803022, 38.9195024962966], [-76.9783959694306, 38.9195899152159], [-76.9785498355674, 38.9195164571356], [-76.9786322829442, 38.9194786192369], [-76.9786683943203, 38.9195313146803], [-76.978710898108, 38.919589783121], [-76.9787573131604, 38.9196518439326], [-76.9788037488741, 38.9197052276773], [-76.9788563919463, 38.9197621751399], [-76.9788983387785, 38.9198021662375], [-76.9789444295391, 38.9198456784328], [-76.979008573742, 38.9199022791224], [-76.9853059884625, 38.924243791515], [-76.9854825119074, 38.9244110075971], [-76.9855975357897, 38.92457416008], [-76.985495357816, 38.9246191663182], [-76.9854132284428, 38.9246547420455], [-76.9853412194896, 38.924685259373], [-76.9852675773993, 38.924712234144], [-76.9851998084942, 38.924742688549], [-76.9850877256962, 38.9247935511571], [-76.9850173471853, 38.924825570282], [-76.9849399294758, 38.9248610571501], [-76.9846626985993, 38.9249881347678], [-76.9845907417485, 38.9250230925166], [-76.9844669296478, 38.9250836858604], [-76.9844106007879, 38.9251114306242], [-76.9843369712739, 38.9251476294877], [-76.9841996961221, 38.9252151211666], [-76.984149763267, 38.9252383547432], [-76.9841215453873, 38.9252514856068], [-76.9840640514125, 38.9252781184207], [-76.983980017611, 38.9253191267426], [-76.9838742131385, 38.9253691034845], [-76.9838278106625, 38.9253905018105], [-76.9837345529596, 38.9254354879628], [-76.9836766969637, 38.9254647491086], [-76.9835879011928, 38.9255062318462], [-76.9834947225416, 38.9255513437192], [-76.9834072904134, 38.9255945274209], [-76.9833301943007, 38.9256323180303], [-76.983249123143, 38.9256693314928], [-76.9831814584425, 38.9256974401309], [-76.983099328171, 38.9257376578062], [-76.9830084213592, 38.9257816646443], [-76.9829337444097, 38.9258184970259], [-76.9828775574836, 38.9258457676798], [-76.9827962482723, 38.9258853101793], [-76.982624937751, 38.9259686392403], [-76.9825375945559, 38.9260110895927], [-76.982455118433, 38.9260511729109], [-76.9823558105767, 38.9261000421575], [-76.9822204102088, 38.9261638814389], [-76.9821478496901, 38.9261986100845], [-76.9820664290877, 38.9262370006837], [-76.9820094318812, 38.9262617965522], [-76.981905639635, 38.9263148077293], [-76.9817940958261, 38.9263676658191], [-76.9816955973519, 38.9264138582616], [-76.9815828084781, 38.9264689197424], [-76.9814691069159, 38.9265244270445], [-76.9813292634807, 38.9265925966916], [-76.9811366979214, 38.9266865229055], [-76.9810514082751, 38.9267284899267], [-76.980899564246, 38.9268017979762], [-76.9808190311791, 38.9268383558816], [-76.9807407232392, 38.9268695522441], [-76.9806407775789, 38.9269260711567], [-76.9805653271799, 38.9269626849054], [-76.9805004355787, 38.9269947170281], [-76.9801181476281, 38.9271832363576], [-76.9800609608771, 38.9272078131585], [-76.9799892537579, 38.9272435203671], [-76.9798901983281, 38.9272884864757], [-76.9797605328051, 38.9273488738239], [-76.9796816104175, 38.9273856369057], [-76.9795843632964, 38.9274339769119], [-76.9793926259838, 38.9275295505673], [-76.9792779551395, 38.9275824538751], [-76.9791669242687, 38.9276313493216], [-76.979099122126, 38.9276584201106], [-76.9789973744454, 38.9277079926756], [-76.9789333757696, 38.9277391222663], [-76.9788654802021, 38.927770540462], [-76.9787881074083, 38.9278018244677], [-76.978711428114, 38.9278455868312], [-76.9786081874333, 38.9278920089262], [-76.9785305370602, 38.9279301651989], [-76.978449951891, 38.9279647860584], [-76.9783403978505, 38.9280263133242], [-76.9782509067836, 38.9280728170642], [-76.9781914194472, 38.9281072296026], [-76.9781341967636, 38.9281317571652], [-76.978054975237, 38.9281738085888], [-76.977939923507, 38.9282291664049], [-76.9777721092288, 38.9283096806253], [-76.9776817656606, 38.9283543008368], [-76.9774266027974, 38.9284806300426], [-76.9773707024339, 38.9285081813004], [-76.9772964467942, 38.9285445147018], [-76.977204815042, 38.9285868188558], [-76.9769390852961, 38.9287086597936], [-76.9768474571371, 38.9287526906451], [-76.9766294863233, 38.9288579901476], [-76.9765230359622, 38.9289066862491], [-76.9764364428603, 38.9289475673842], [-76.9763560867616, 38.9289862255422], [-76.9763282686321, 38.929000856782], [-76.9762853785689, 38.9290234147556], [-76.9762239086506, 38.9290405603482], [-76.9761202772028, 38.9290959468384], [-76.9760369818164, 38.9291371674914], [-76.9759471439998, 38.9291810010095], [-76.9757018293671, 38.9293004146267], [-76.9756110303531, 38.9293449224041], [-76.9752755293574, 38.929509553418], [-76.9751902459993, 38.9295513014371], [-76.975099263729, 38.929594265372], [-76.975011652836, 38.9296353145255], [-76.9749424493214, 38.929668520849], [-76.9749222426174, 38.9296774027937], [-76.9748392724211, 38.9297138732628], [-76.9747277780197, 38.9297716750291], [-76.9746319816778, 38.9298181070447], [-76.9746167255893, 38.9298254837254], [-76.9745339781752, 38.9298654950068], [-76.9743726883609, 38.9299431925519], [-76.9742844989528, 38.9299863023012], [-76.9741657955712, 38.9300361345951], [-76.9740927625386, 38.9300747949551], [-76.9739819319921, 38.9301298228465], [-76.9738873932916, 38.9301760883108], [-76.9737842074082, 38.9302256654056], [-76.9736642562666, 38.9302777868313], [-76.9735824628633, 38.930320860738], [-76.9735087668741, 38.9303564985951], [-76.9734191572295, 38.9303996437324], [-76.973041026682, 38.9305821296023], [-76.9726245928692, 38.930784006831], [-76.9723631489855, 38.9309099753199], [-76.9723532989584, 38.9309147222905], [-76.9723320861413, 38.9309244964507], [-76.9722710294481, 38.9309526309585], [-76.9721589421585, 38.931008619721], [-76.9720539533563, 38.9310573332136], [-76.9719601638507, 38.9311027678969], [-76.9716908183858, 38.9312314562485], [-76.971610097571, 38.9312690251306], [-76.9715532144506, 38.9312940114101], [-76.9715114257219, 38.9312544719256], [-76.971460803859, 38.9312069332517], [-76.9714042746748, 38.9311558446377], [-76.9712145657582, 38.9309682890327], [-76.9711298366606, 38.9308851664013], [-76.9710777137128, 38.9308340265428], [-76.9708073288971, 38.930569731376], [-76.9704579830663, 38.9302316611954], [-76.9704116353875, 38.9301870023326], [-76.9703359181889, 38.9301144685702], [-76.9701707871784, 38.9299577886536], [-76.9701020480929, 38.9298920932442], [-76.9672861611555, 38.927206755814], [-76.9701248635045, 38.9243623985635]]]}, "properties": {"Route": "R508_2B", "ROUTE_NUMB": 508, "CollectionDay": "Tuesday", "RunsPerWeek": 1, "RStatus": "Scheduled Other Day", "RecycleRouteArea": "OR_508B"}}, {"type": "Feature", "geometry": {"type": "MultiPolygon", "coordinates": [[[[-76.9822162986198, 38.909007928046], [-76.9803228476302, 38.9080074269576], [-76.9803191384864, 38.9080131030718], [-76.9802589585489, 38.9079793448652], [-76.9802506500308, 38.9079747047096], [-76.9800936469771, 38.9078870317151], [-76.9800116020455, 38.9078418911358], [-76.9799287710881, 38.9077964317697], [-76.9798966060111, 38.9077809237664], [-76.979886473913, 38.9077760382379], [-76.9798278444676, 38.9077477708107], [-76.9797686922028, 38.9077225993835], [-76.9796901830402, 38.9076576537189], [-76.9796839649018, 38.90765250954], [-76.9796572508019, 38.9076355216534], [-76.979603477649, 38.9076013235755], [-76.9795635484329, 38.9075609991539], [-76.9794910534912, 38.9074872734751], [-76.9794259427011, 38.9074198236531], [-76.9793866539838, 38.9073763276063], [-76.9793417247449, 38.9073265870484], [-76.9793058074049, 38.9072483998762], [-76.9792820065415, 38.9072009290012], [-76.9792509140528, 38.9071420519022], [-76.9792146059457, 38.9070767380125], [-76.9792070304529, 38.9070577136898], [-76.9791848160142, 38.9070019220293], [-76.9791571838361, 38.9069224622476], [-76.9791358928655, 38.9068674834644], [-76.9791107301561, 38.9067981204779], [-76.9790894634401, 38.9067499202018], [-76.9790423701596, 38.9068153035972], [-76.9790097199923, 38.9068650668827], [-76.9789765299375, 38.9069184840134], [-76.9789367543334, 38.9069824880497], [-76.9788773074211, 38.907069953149], [-76.9788504450992, 38.9071091586901], [-76.9788398557586, 38.9071209675333], [-76.9787899947688, 38.9071769576268], [-76.9787572871093, 38.9072356522483], [-76.9787470858409, 38.9072588602553], [-76.9787188868258, 38.9073030337398], [-76.9787087304732, 38.9073189423949], [-76.9786619587896, 38.9073953448532], [-76.9766784561844, 38.9072605421365], [-76.976646805842, 38.9072066324423], [-76.9766067319972, 38.907149626671], [-76.9765669267486, 38.9070965347669], [-76.9765241678394, 38.9070446172075], [-76.9764790912768, 38.9069955356108], [-76.9764163682087, 38.9069355279947], [-76.9763429578837, 38.9068753245967], [-76.9762892341381, 38.9068378958871], [-76.9762264993919, 38.9068000652093], [-76.9761551336325, 38.9067649621699], [-76.9760942691787, 38.9067408899863], [-76.9759892426473, 38.9067135910185], [-76.9758828381002, 38.906696800037], [-76.9758103027343, 38.9066897515985], [-76.9757417630747, 38.9066871239001], [-76.9756492464819, 38.9066879508666], [-76.9755288219282, 38.9066966644229], [-76.9754303459118, 38.9067099706819], [-76.9753581761602, 38.9067248994138], [-76.9752852832648, 38.9067450150291], [-76.9752497728616, 38.9067556509417], [-76.9752265253604, 38.9067643134597], [-76.9751995426642, 38.9067752667341], [-76.9751689343675, 38.9067865918965], [-76.9751372328211, 38.906803095551], [-76.9751122614528, 38.90681616132], [-76.9750975245906, 38.9068030878615], [-76.9750882979943, 38.9067930244704], [-76.9750835306351, 38.9067876355645], [-76.9750705841152, 38.9067689187424], [-76.9750639734131, 38.9067579570786], [-76.9750591359853, 38.9067463355181], [-76.9750296469894, 38.9066702986593], [-76.9750258812518, 38.9066593775247], [-76.9750221604299, 38.9066485871093], [-76.9749836253991, 38.9065341237417], [-76.9749539782998, 38.9064460644937], [-76.9749474735988, 38.906427606228], [-76.9749452996758, 38.9064214637243], [-76.9749166515031, 38.9063403262833], [-76.9749065975584, 38.9063118576583], [-76.9748868993009, 38.9062558046673], [-76.9748841288965, 38.9062495405148], [-76.9748754835103, 38.9062311150532], [-76.9748656577377, 38.9062134781113], [-76.9748494988423, 38.9061893938569], [-76.9748450809278, 38.9061840370613], [-76.9748324200722, 38.9061687160503], [-76.9748115665812, 38.9061483367309], [-76.9747936865137, 38.9061335805425], [-76.9747859951383, 38.9061273128839], [-76.9747593690733, 38.9061091096877], [-76.9747463237387, 38.9061017794745], [-76.9747306670016, 38.9060929791634], [-76.974722137498, 38.9060882032691], [-76.9747134921117, 38.9060836972071], [-76.974704500874, 38.9060793708], [-76.9746955096363, 38.9060753149243], [-76.9746862875316, 38.9060714394026], [-76.9746769504426, 38.9060678344123], [-76.9746673815882, 38.9060644083782], [-76.9746576986477, 38.9060612542735], [-76.974648014809, 38.906058279125], [-76.9746381010015, 38.906055574508], [-76.9746279554287, 38.9060546713378], [-76.9746179257385, 38.9060537681677], [-76.9746077801657, 38.9060528656966], [-76.9745977504755, 38.9060520527036], [-76.974646185839, 38.9059171369863], [-76.9748233156468, 38.9056313670915], [-76.9746382519184, 38.9056306505629], [-76.9746159422584, 38.905630584153], [-76.9745401397198, 38.9056303590581], [-76.9744594153117, 38.9056306016293], [-76.9743169362194, 38.9056310308474], [-76.9742967411935, 38.9056309770203], [-76.9742803882621, 38.90563093298], [-76.974175012286, 38.9056308197336], [-76.9741727817691, 38.9055643398313], [-76.9741723883071, 38.9055526264994], [-76.9741721610333, 38.905544969072], [-76.9741700949081, 38.9052591564349], [-76.974169635869, 38.9051957149834], [-76.9741703661994, 38.9047967531973], [-76.9741707569665, 38.9045832723871], [-76.9741707857126, 38.9045676525309], [-76.9741710866482, 38.9044656319401], [-76.9741722311019, 38.9040788598876], [-76.9741722966789, 38.9040577802014], [-76.9741723613576, 38.904036700509], [-76.9741725266476, 38.9038982422729], [-76.9741725275459, 38.9038979913069], [-76.9741755952926, 38.9002001593747], [-76.9790704748516, 38.9002186779843], [-76.979297906722, 38.8994183996477], [-76.9828002206225, 38.9000336321912], [-76.9832520714137, 38.9001130060027], [-76.9832916996942, 38.9001199670068], [-76.9833134640769, 38.9001237904203], [-76.9833815393074, 38.9001525278862], [-76.9834226507064, 38.9001407612285], [-76.9834344078568, 38.9001422328473], [-76.9834446998551, 38.9001385394686], [-76.9816989588477, 38.9026855262837], [-76.9833290749999, 38.9033659821698], [-76.9832826491677, 38.9034376939025], [-76.9831628273835, 38.9036229076896], [-76.9830887819496, 38.9037349842294], [-76.983043571538, 38.9038033764038], [-76.9829701594163, 38.9039144313186], [-76.9829014248224, 38.9040237258063], [-76.9828402576363, 38.9041210555927], [-76.9828043214317, 38.9041781896279], [-76.9849519579174, 38.9050923831642], [-76.9843960579618, 38.9058880816888], [-76.9822162986198, 38.909007928046]]], [[[-76.9729531597691, 38.9155701536384], [-76.972795015855, 38.9155698838419], [-76.9727133625889, 38.9155723721195], [-76.9725051888016, 38.9155702326202], [-76.9722995150257, 38.9155696461975], [-76.9721672614563, 38.9155691737043], [-76.9721670332842, 38.9154678133614], [-76.9721662113257, 38.9154260892065], [-76.9721646473589, 38.9153467227297], [-76.9721639933853, 38.915258823991], [-76.9721581651157, 38.9150210033172], [-76.9721628013209, 38.9148217372868], [-76.9721632648516, 38.9147440686131], [-76.9721634364299, 38.9147154523825], [-76.9721638038408, 38.9146415726739], [-76.9721638739094, 38.914625762117], [-76.9721640993865, 38.914578796634], [-76.9721643248637, 38.9145225845164], [-76.9721640032668, 38.9144616878888], [-76.9721640652505, 38.9144107046419], [-76.972163875706, 38.9143423289774], [-76.9721651369407, 38.9142167113085], [-76.9721656974894, 38.9141608994129], [-76.9721673800339, 38.9140832481893], [-76.9721673890171, 38.9140216298482], [-76.9721666865345, 38.9138167314942], [-76.9721666613817, 38.9138087771962], [-76.9721667709762, 38.9137145760134], [-76.9719684220631, 38.9137171531256], [-76.9718754940419, 38.9137176417075], [-76.9718118879299, 38.9137172132372], [-76.9717548305363, 38.913715532208], [-76.9717461330478, 38.9137142558839], [-76.9717303379701, 38.9137096398683], [-76.9717108463251, 38.9136953752316], [-76.9716996676897, 38.9136792023958], [-76.9716889103642, 38.9136506884849], [-76.9716792184406, 38.9136085089288], [-76.9716764022221, 38.9135849961482], [-76.9716732176945, 38.9135333517406], [-76.9716707805651, 38.9134938394028], [-76.9716707257679, 38.913449978019], [-76.9716756260777, 38.9134208733816], [-76.9716952650465, 38.9133551619598], [-76.971925640696, 38.9133574790659], [-76.9721669713005, 38.9133569059054], [-76.9721668877572, 38.9132815709106], [-76.9721667763661, 38.9131349002356], [-76.9721667179756, 38.912996161979], [-76.9721684337578, 38.9127526496006], [-76.9721669488426, 38.9126553617047], [-76.972165536691, 38.9126020069067], [-76.9722544339715, 38.9126020705142], [-76.9724178168604, 38.9126021292288], [-76.9729672309798, 38.9126018922734], [-76.9734103393667, 38.9126020194884], [-76.9737803446525, 38.9126019859372], [-76.9739221994156, 38.912601567945], [-76.9739879794506, 38.9126013925001], [-76.9740642212654, 38.9126013274946], [-76.9741781384232, 38.9126017482827], [-76.974266574868, 38.9126021921374], [-76.9746357716699, 38.9126040150867], [-76.974878252118, 38.9126052438998], [-76.9754320778637, 38.9126079217059], [-76.9754973332825, 38.9126075435558], [-76.9757993675423, 38.9126062196809], [-76.9760573663868, 38.9126079126191], [-76.976077166154, 38.9126095489396], [-76.9761248020169, 38.9126134856148], [-76.9761717677366, 38.9126227485437], [-76.9762345312289, 38.912635128238], [-76.9761960680633, 38.9126867446409], [-76.9761560588972, 38.9127427673904], [-76.9761142818466, 38.9128098305106], [-76.9760732692623, 38.9128714680773], [-76.9760371758525, 38.9129199388962], [-76.9759399449011, 38.91304624386], [-76.9758180830429, 38.9132048455694], [-76.9757703977727, 38.9132676081461], [-76.9757144497985, 38.9133343135934], [-76.9756587290981, 38.9134156751001], [-76.9755785769168, 38.913499576588], [-76.9755414279866, 38.9135463792252], [-76.9754738387446, 38.9136193898517], [-76.975408555478, 38.9137015289884], [-76.9753501056957, 38.9137739334465], [-76.9753194012793, 38.9138259753938], [-76.9753127285933, 38.9138372854519], [-76.975263903361, 38.9139022925637], [-76.9752457834434, 38.9139263210795], [-76.9751965036636, 38.9139937926777], [-76.9751385048356, 38.9140557661194], [-76.9750699732609, 38.9141359623175], [-76.9750283291609, 38.9141927695631], [-76.9750148993474, 38.914211088812], [-76.9750098427307, 38.9142179876236], [-76.9749247579002, 38.9143270153191], [-76.9747155797964, 38.9145858568706], [-76.9746954557374, 38.9146107588597], [-76.9745809807258, 38.9147477507477], [-76.974421492932, 38.9149474000162], [-76.9743128021725, 38.9150834462615], [-76.9742149397054, 38.915200931418], [-76.9741487275808, 38.9152804189774], [-76.9740218594115, 38.9154308581818], [-76.973973176113, 38.9154897780314], [-76.9738031052668, 38.9156975323704], [-76.9737335603924, 38.915782101456], [-76.9735961163574, 38.9157162363539], [-76.9735256480149, 38.915678992636], [-76.9734564166526, 38.9156472615461], [-76.9733609787385, 38.9156114772079], [-76.9732852687263, 38.915597450598], [-76.9732237610788, 38.9155804093954], [-76.9731452087971, 38.9155784006007], [-76.9730414497885, 38.9155746905512], [-76.9729531597691, 38.9155701536384]]]]}, "properties": {"Route": "R509_2", "ROUTE_NUMB": 509, "CollectionDay": "Tuesday", "RunsPerWeek": 1, "RStatus": "Scheduled Other Day", "RecycleRouteArea": "OR_509"}}, {"type": "Feature", "geometry": {"type": "Polygon", "coordinates": [[[-76.9701248635045, 38.9243623985635], [-76.9672861611555, 38.927206755814], [-76.9701020480929, 38.9298920932442], [-76.9701707871784, 38.9299577886536], [-76.9703359181889, 38.9301144685702], [-76.9704116353875, 38.9301870023326], [-76.9704579830663, 38.9302316611954], [-76.9708073288971, 38.930569731376], [-76.9710777137128, 38.9308340265428], [-76.9711298366606, 38.9308851664013], [-76.9712145657582, 38.9309682890327], [-76.9714042746748, 38.9311558446377], [-76.971460803859, 38.9312069332517], [-76.9715114257219, 38.9312544719256], [-76.9715532144506, 38.9312940114101], [-76.9714515224655, 38.9313457295426], [-76.9714293053319, 38.9313570284226], [-76.9713411374834, 38.9313998976247], [-76.9712817624364, 38.9314271654342], [-76.9712027232678, 38.9314662331339], [-76.9711840877172, 38.931475444686], [-76.9708447033045, 38.9316384453553], [-76.9707640283038, 38.9316720043317], [-76.9706664739589, 38.9317215650075], [-76.9705682880984, 38.9317678434094], [-76.9704237069483, 38.9318358696564], [-76.9703321479596, 38.9318797043021], [-76.9700583567324, 38.9320110368724], [-76.9699738917395, 38.9320516066534], [-76.9696708262138, 38.9321965024324], [-76.9695802733382, 38.9322415024372], [-76.9692405906848, 38.9324111566078], [-76.9691249577448, 38.9324624413759], [-76.9690131094071, 38.9325202297218], [-76.9689914258728, 38.9325314340784], [-76.9689031313618, 38.9325748574075], [-76.9687930940277, 38.9326284885818], [-76.9685376796363, 38.9327521142623], [-76.9683068099133, 38.9328640218187], [-76.9682046454144, 38.9329108913448], [-76.9681069859666, 38.9329584218888], [-76.9680152733659, 38.9330011783178], [-76.9678978725415, 38.933057852366], [-76.9678812213694, 38.9330658904563], [-76.9677925091418, 38.9331084567519], [-76.9676918933384, 38.9331561024624], [-76.9675572430638, 38.9332202994583], [-76.9673014909058, 38.9333425810534], [-76.967059247613, 38.9334575678924], [-76.9669683497844, 38.9335015091476], [-76.9665294383264, 38.9337139777958], [-76.9664385234298, 38.9337581536806], [-76.9662311904656, 38.9338588799615], [-76.9661505163632, 38.9338993843985], [-76.9660544047126, 38.933943417618], [-76.9659517515302, 38.9339898622756], [-76.9658653219217, 38.9340325041828], [-76.9657871505257, 38.9340734291814], [-76.9657055673282, 38.9341062449101], [-76.9656344486055, 38.9341465898858], [-76.9655509160639, 38.9341856106675], [-76.9653760329427, 38.9342667211654], [-76.9652848799925, 38.9343103272085], [-76.9648812426808, 38.9345038917651], [-76.9647779714574, 38.934553291143], [-76.9646778335578, 38.9346040971044], [-76.9646101724506, 38.934638644131], [-76.9643824818654, 38.9347544345453], [-76.9642918786842, 38.9347986971276], [-76.9641224258788, 38.9348807306906], [-76.9640568695244, 38.9349124643593], [-76.9639450526277, 38.9349736606735], [-76.9639283610314, 38.9349817516527], [-76.9638762371853, 38.9350070161294], [-76.9638193747262, 38.9350347521206], [-76.9638032778146, 38.935042604116], [-76.9637414162309, 38.9350720849028], [-76.963677024093, 38.9351048372808], [-76.9635835849304, 38.9351495475505], [-76.9635643394238, 38.935158756528], [-76.9634487774507, 38.9352096053787], [-76.9633907849108, 38.9351644661073], [-76.963370040116, 38.9351483198265], [-76.9632208110827, 38.9350318026434], [-76.9628133325749, 38.9347107861505], [-76.9625008940275, 38.9344681819225], [-76.962190651861, 38.9342251352414], [-76.9620832349125, 38.9341412226225], [-76.9620003823956, 38.9340760342038], [-76.9618037690276, 38.9339222790207], [-76.9614677056866, 38.9336587199925], [-76.9613976155349, 38.9336039226401], [-76.9613516855727, 38.9335676952493], [-76.9612746882748, 38.9335074396742], [-76.9612225832933, 38.9334665989012], [-76.9607297998678, 38.9330799268899], [-76.9602542461295, 38.9327109285531], [-76.9602173864567, 38.9326820505358], [-76.9599312353095, 38.9324578671096], [-76.9595893221393, 38.9321904669777], [-76.9595389742626, 38.9321508057044], [-76.9594880334977, 38.9321106000504], [-76.9594354425278, 38.9320692511502], [-76.9592447265997, 38.9319191372215], [-76.9591360259587, 38.9318336796355], [-76.9589800901035, 38.9317107343784], [-76.9588642298897, 38.9316202340275], [-76.9588530207116, 38.931611479507], [-76.9586957643329, 38.9314916973215], [-76.9586406023846, 38.9314488519339], [-76.9585238645168, 38.9313543750832], [-76.9583403908065, 38.9312129296574], [-76.9578773470068, 38.9308496154615], [-76.9577581351787, 38.9307566695926], [-76.9577127289344, 38.9307200417297], [-76.9576632919493, 38.9306803887186], [-76.957580324448, 38.9306178197386], [-76.9575285392668, 38.930577966113], [-76.957317104595, 38.9304081356506], [-76.9572519956015, 38.9303560506587], [-76.9559760393518, 38.9293672804062], [-76.9569376984398, 38.9286096998188], [-76.9582217251541, 38.9297528915916], [-76.9581953425325, 38.929768510797], [-76.9583788360057, 38.9299261226493], [-76.9583982674636, 38.9299142868529], [-76.9585283956191, 38.9300363952519], [-76.9586367989177, 38.9301400967648], [-76.9587155281675, 38.930090864124], [-76.9588160155118, 38.9300233714934], [-76.9592820686677, 38.9297097474585], [-76.959528635552, 38.9295501686553], [-76.9595843481676, 38.9295112424588], [-76.9597771481871, 38.9293805376905], [-76.9599703820929, 38.9292465300597], [-76.9603045778365, 38.9290211498739], [-76.9605222701726, 38.9288795782], [-76.96077580978, 38.9287146291563], [-76.960829164318, 38.9286765662494], [-76.9609169647556, 38.9286132072261], [-76.9614351669104, 38.9282258385778], [-76.9615315363774, 38.9281515305759], [-76.9616620499101, 38.9280467324846], [-76.9617383159794, 38.9279859620717], [-76.9618052440614, 38.9279264620846], [-76.9618711157245, 38.9278712410035], [-76.9621678777719, 38.9276272443612], [-76.9622428278093, 38.92756572234], [-76.962561470122, 38.9273050915865], [-76.9626318279717, 38.9272483661194], [-76.9626401131336, 38.9272416873113], [-76.9627228335982, 38.9271768286933], [-76.9627996072156, 38.9271169974759], [-76.9628669054035, 38.9270591613997], [-76.9631056003509, 38.9268636246567], [-76.9631808126963, 38.9268021606761], [-76.9635996045868, 38.9264612841392], [-76.9636748034576, 38.9263999504946], [-76.9641388596586, 38.9260202263772], [-76.9642136569825, 38.9259585499138], [-76.9642963082768, 38.9258892377319], [-76.9643602925796, 38.9258369376693], [-76.9643761774887, 38.9258239536734], [-76.9644629152193, 38.9257560935787], [-76.9645673749138, 38.9256715210052], [-76.9645805972165, 38.9256613750291], [-76.9646112522255, 38.9256378501684], [-76.9646787291781, 38.9255860684716], [-76.9647559465633, 38.9255328449964], [-76.9648128108191, 38.9254735588985], [-76.9648868463716, 38.9254078411658], [-76.9649454488674, 38.9253595368184], [-76.9650200323922, 38.9252978122581], [-76.9651641877408, 38.9251762121594], [-76.965010652184, 38.9250633986307], [-76.9649903987676, 38.9250501041989], [-76.9647440753268, 38.9248884183254], [-76.964693895435, 38.9248548701167], [-76.9645551632158, 38.924760186006], [-76.9643123854255, 38.9245944858873], [-76.9640362118661, 38.9244082086335], [-76.9637815601443, 38.924236087882], [-76.9637366030576, 38.9242084168561], [-76.9637184265461, 38.9241972293553], [-76.9636569350683, 38.9241622537278], [-76.9635407900886, 38.9240832094171], [-76.9634286093742, 38.9240111628165], [-76.96320452283, 38.9238717937748], [-76.9630427542136, 38.9237741542134], [-76.9629883711046, 38.9237348851947], [-76.9627964631122, 38.9236016105019], [-76.9627836746958, 38.9235927298931], [-76.9626725818412, 38.9235133669592], [-76.9625721960065, 38.9234414253103], [-76.9625157943831, 38.9234037222913], [-76.9624004983113, 38.9233217914681], [-76.9620504428114, 38.9230826363971], [-76.9618235427437, 38.9229279670078], [-76.9614324674729, 38.9226636843174], [-76.961197150191, 38.9225046928023], [-76.9611077768034, 38.9224435045998], [-76.9610569932438, 38.9224114795077], [-76.9609594847129, 38.9223449677977], [-76.9608929123638, 38.922299965009], [-76.9606539757696, 38.922138444096], [-76.960570540246, 38.9220718936911], [-76.9605542439085, 38.9220605842465], [-76.9604751149083, 38.9220056731003], [-76.960075031332, 38.9217361194131], [-76.959546551552, 38.9213949941885], [-76.9590583836704, 38.9210742626318], [-76.9584313901448, 38.9206578406079], [-76.9582843673738, 38.9205619131348], [-76.9579586481333, 38.9203371462557], [-76.9578240436728, 38.9202509813996], [-76.9576705683031, 38.9201457816459], [-76.95762294322, 38.9201086185306], [-76.9575693146959, 38.9200672395703], [-76.9578002113683, 38.9199789587829], [-76.9582961936945, 38.9197916643743], [-76.9587552310081, 38.9196983783231], [-76.9593653128502, 38.9195594495132], [-76.9600901661479, 38.9195186202791], [-76.9612227099558, 38.9195074592965], [-76.9612879815443, 38.9194884837351], [-76.9614781989074, 38.9195040667601], [-76.9635841553606, 38.9195524939098], [-76.9637041738758, 38.9195176627649], [-76.9648804575532, 38.9195968659233], [-76.9653864282471, 38.9196100733137], [-76.9660359155875, 38.9195838178829], [-76.9662753013393, 38.9196221862017], [-76.9666437049289, 38.9196815400914], [-76.9666720341997, 38.9197017967101], [-76.967005217542, 38.919949243878], [-76.9671506574814, 38.9205828607191], [-76.9676657352956, 38.9212158631614], [-76.9680429836975, 38.9217073543419], [-76.9684601801801, 38.9222331142335], [-76.9701046325459, 38.9242865042763], [-76.9701248635045, 38.9243623985635]]]}, "properties": {"Route": "R508_2A", "ROUTE_NUMB": 508, "CollectionDay": "Tuesday", "RunsPerWeek": 1, "RStatus": "Scheduled Other Day", "RecycleRouteArea": "OR_508A"}}, {"type": "Feature", "geometry": {"type": "Polygon", "coordinates": [[[-76.9337604140163, 38.9006721010239], [-76.9337597896872, 38.9005993133767], [-76.933759583973, 38.9005724678619], [-76.9337591860193, 38.9002560941042], [-76.9337590458821, 38.9001488666668], [-76.9337587817774, 38.8999460262917], [-76.9337584404176, 38.8998178369888], [-76.933758173618, 38.8997326175859], [-76.9337579014284, 38.8996535243918], [-76.9337574837118, 38.8996065000645], [-76.9337570659952, 38.8995600168188], [-76.933756763263, 38.8995135335428], [-76.9337564605307, 38.8994670502362], [-76.9337563877672, 38.8994205668992], [-76.933756315902, 38.8993740835319], [-76.9337563590211, 38.8993276008332], [-76.9337565180229, 38.8992811174049], [-76.9337567911107, 38.8992346346454], [-76.9337570650969, 38.8991881518554], [-76.933757307642, 38.8991752699482], [-76.9337580110229, 38.8991622978527], [-76.9337590611535, 38.8991494166399], [-76.9337599900115, 38.89914221085], [-76.9337606871041, 38.8991365354248], [-76.9337627738905, 38.8991237450924], [-76.9337653215127, 38.8991109547578], [-76.9337683308689, 38.8990981644208], [-76.9337718010608, 38.8990855544537], [-76.9337757311902, 38.8990730353696], [-76.9338142096271, 38.8989963708744], [-76.9338791425508, 38.8990070582843], [-76.9339616815557, 38.899020976314], [-76.9340357000401, 38.8990334590532], [-76.9340552294144, 38.899036767975], [-76.9341641465494, 38.8990552211711], [-76.9341549280379, 38.8989099647808], [-76.9340962734398, 38.898395923498], [-76.9340891983086, 38.8983120586899], [-76.9340902125065, 38.8982978664645], [-76.93408672345, 38.8982326856617], [-76.9340859158645, 38.8982185905988], [-76.9340827789476, 38.8981634981092], [-76.9340788730727, 38.8980705849292], [-76.9340686942622, 38.8979160106417], [-76.9340680340005, 38.8978462557872], [-76.9340667071888, 38.897724219933], [-76.9340665347123, 38.8977141384759], [-76.9340663649307, 38.8977042324991], [-76.9340667754608, 38.8976501827137], [-76.9340671895841, 38.8975920506589], [-76.9340676162839, 38.8975831835745], [-76.9340679172195, 38.8975062518007], [-76.9340679693218, 38.8974963870437], [-76.9340680573567, 38.8974796777783], [-76.934068622397, 38.8973674333603], [-76.9340690715546, 38.8972550992758], [-76.9340690985041, 38.8972407935794], [-76.9340692907436, 38.8971428552021], [-76.9340692790655, 38.8970305207624], [-76.934069152403, 38.8969182763337], [-76.9340689107562, 38.8968059422378], [-76.9340684382424, 38.8966936974542], [-76.9340677456413, 38.896583108759], [-76.9340681831208, 38.896221118311], [-76.9340683115799, 38.8958354262787], [-76.9340720934873, 38.8949836741591], [-76.9340884167743, 38.8949082833097], [-76.9348742593916, 38.8950104287988], [-76.9348770046431, 38.8928875171016], [-76.9355183577385, 38.8929695774476], [-76.939201135993, 38.8934407099655], [-76.9392079470195, 38.8915348113472], [-76.9402476373664, 38.8919832445031], [-76.9426132204114, 38.8929467954629], [-76.9426011219012, 38.8975252031765], [-76.9469744225382, 38.8975243872893], [-76.9464125676505, 38.8988066377957], [-76.944294931302, 38.9005866141911], [-76.9426112486094, 38.9019352158651], [-76.9391907963841, 38.9005673140812], [-76.9391929873751, 38.9008367552209], [-76.9386009176528, 38.900673934766], [-76.9337604140163, 38.9006721010239]]]}, "properties": {"Route": "R711_2", "ROUTE_NUMB": 711, "CollectionDay": "Tuesday", "RunsPerWeek": 1, "RStatus": "Scheduled Other Day", "RecycleRouteArea": "OR_711"}}, {"type": "Feature", "geometry": {"type": "Polygon", "coordinates": [[[-76.919819097101, 38.8860217836149], [-76.9185681885763, 38.8857175154535], [-76.9193453471797, 38.8851146398804], [-76.9194066032989, 38.8850669374389], [-76.9194182571431, 38.88505784433], [-76.9194362503982, 38.8850438067884], [-76.9195255411408, 38.8849743043093], [-76.9195351135885, 38.884966853041], [-76.9196021324003, 38.8849146577793], [-76.9196636229798, 38.884866768502], [-76.9196787281513, 38.8848550146954], [-76.9197213073975, 38.8848218839005], [-76.9197760669005, 38.8847792746546], [-76.9197921323711, 38.8847667733271], [-76.9198493855974, 38.8847222578706], [-76.9199251405253, 38.8846633579373], [-76.91998347173, 38.8846180040043], [-76.9200252901031, 38.8845854891463], [-76.9200488259635, 38.8845671909226], [-76.9200584954292, 38.8845596731818], [-76.9200685421874, 38.8845518785335], [-76.9200960584829, 38.884530532926], [-76.9201046427837, 38.8845238745721], [-76.920118479534, 38.8845131402301], [-76.9201706195498, 38.8844725880237], [-76.9201912700215, 38.8844565274052], [-76.9202176867791, 38.8844360061978], [-76.9203218266733, 38.8843551638969], [-76.9204601780068, 38.8842481774723], [-76.9205093688535, 38.8842097963268], [-76.9205763939535, 38.8841570222178], [-76.9207018320048, 38.88405915041], [-76.9207258125313, 38.8840414002742], [-76.9207442594357, 38.8840260472145], [-76.9208067705013, 38.8839770741761], [-76.9208260770935, 38.8839619483637], [-76.9215865234393, 38.883364698217], [-76.9223310139091, 38.8827825327541], [-76.9239745194507, 38.8815021705399], [-76.9257699858023, 38.8801066639014], [-76.9280693998418, 38.8783213286426], [-76.9285495556494, 38.8779453012917], [-76.9294344087806, 38.8772550755473], [-76.9299342628458, 38.8768665741043], [-76.9310025780092, 38.8760350139686], [-76.9312869810349, 38.8758134846484], [-76.9312861258387, 38.8758216613988], [-76.9312618282069, 38.8760539437987], [-76.9312589724626, 38.876076878063], [-76.9312273337983, 38.8763309944471], [-76.931224081897, 38.8763571099217], [-76.9311901174944, 38.8764734101405], [-76.9311865224367, 38.8764871717378], [-76.9311878420618, 38.8769158744369], [-76.9311892092977, 38.8769374097537], [-76.9312010113639, 38.8771109438585], [-76.9312101445354, 38.8772104441908], [-76.9312153781202, 38.8772620548763], [-76.9312396532941, 38.877449022313], [-76.9312733491005, 38.8776410195228], [-76.9312785251931, 38.8776663687523], [-76.9312785395662, 38.877666436587], [-76.9313291102251, 38.8779010263253], [-76.9313973219995, 38.8781552830444], [-76.9314685871477, 38.8783748462679], [-76.931581682347, 38.8786718429004], [-76.931587768433, 38.8786862285624], [-76.9318118828251, 38.8791623461068], [-76.9318684191958, 38.8792743115967], [-76.9320537452322, 38.8796307016368], [-76.9323049968306, 38.8801074820865], [-76.933042442712, 38.8814989831769], [-76.9330956957403, 38.8815805713726], [-76.9332307996641, 38.8817838655909], [-76.9334540471819, 38.882074583788], [-76.9336259281334, 38.8822811541284], [-76.9337260875926, 38.8824008424582], [-76.9339754509324, 38.8826987110461], [-76.934231954082, 38.8830050508017], [-76.9343207175135, 38.8831115803746], [-76.9346779613323, 38.883539769005], [-76.9348344092272, 38.883740833247], [-76.9350060161926, 38.8839939537426], [-76.9351156187421, 38.8841780245991], [-76.9352445611214, 38.8844239873], [-76.9353385725108, 38.884635160325], [-76.9356608098813, 38.8853874806715], [-76.9359180990568, 38.8859890253627], [-76.9329449808935, 38.8856251293079], [-76.9306533633324, 38.8853130921538], [-76.9302108559184, 38.8873485430656], [-76.927954568199, 38.8870485459216], [-76.9257062611127, 38.8867403118831], [-76.9241818012109, 38.8865456520798], [-76.9241152567096, 38.8865535031479], [-76.9239745580782, 38.8866581219738], [-76.9236162183148, 38.8865464541083], [-76.9232564511283, 38.8864759531848], [-76.9220401690645, 38.8864226290578], [-76.920939825368, 38.8862787460149], [-76.919819097101, 38.8860217836149]]]}, "properties": {"Route": "R714_2A", "ROUTE_NUMB": 714, "CollectionDay": "Tuesday", "RunsPerWeek": 1, "RStatus": "Scheduled Other Day", "RecycleRouteArea": "OR_714A"}}, {"type": "Feature", "geometry": {"type": "Polygon", "coordinates": [[[-76.9236010403797, 38.9040062148474], [-76.9236903751398, 38.9038552774587], [-76.9244702089261, 38.901654861883], [-76.9252766597944, 38.9018244997093], [-76.9256304648623, 38.9018461330383], [-76.9295869651738, 38.9018397181925], [-76.9297988301386, 38.901824559831], [-76.9299579298602, 38.9018036402662], [-76.9303041603337, 38.901711930091], [-76.9306561130755, 38.9015775318433], [-76.9310395140387, 38.9014949718048], [-76.9323465178614, 38.9014883758621], [-76.9330041699893, 38.9014898397629], [-76.9334225612312, 38.9014915798055], [-76.9337632266414, 38.9014914127223], [-76.9337614237227, 38.9015696957185], [-76.9337603475409, 38.9016123032817], [-76.9337607481896, 38.9018012088313], [-76.9337606880024, 38.9019090168136], [-76.9337605667299, 38.9021208257593], [-76.9337592363249, 38.9024363879613], [-76.933759780704, 38.902488647247], [-76.9337623058683, 38.9027311427203], [-76.9337638419874, 38.9028155517861], [-76.9337654859044, 38.9029070780762], [-76.9336528461509, 38.9029125994027], [-76.936593585438, 38.902775683942], [-76.9366494202245, 38.9028382411228], [-76.9366606859965, 38.902874649887], [-76.9358428678467, 38.9060772862393], [-76.9373057958464, 38.9060878097052], [-76.9373195697147, 38.9060917027021], [-76.9373382950968, 38.906103253766], [-76.9373534146413, 38.9061176191932], [-76.9373642078994, 38.9061343753593], [-76.9373703164434, 38.9061523946996], [-76.9373710207226, 38.9061711158785], [-76.9373666809614, 38.9061894113331], [-76.9373576591811, 38.906206719729], [-76.9373435942586, 38.9062219142044], [-76.9372163227458, 38.9063251597951], [-76.9370717487823, 38.9064359982558], [-76.9369322215541, 38.9065447268309], [-76.9367584451573, 38.9066759574044], [-76.9365900748219, 38.9068045160017], [-76.9364004296856, 38.9069533325266], [-76.9362720766012, 38.9070537620266], [-76.9362580152721, 38.9070655778694], [-76.9359753459949, 38.9072889425746], [-76.9359522682752, 38.9073093404405], [-76.9359273903318, 38.907328328346], [-76.9359007130628, 38.907345908389], [-76.9358729569171, 38.9073622210769], [-76.9357536372912, 38.9074301393068], [-76.9357165081239, 38.9074520771048], [-76.9356815376082, 38.9074761273772], [-76.9356494479896, 38.9075024313266], [-76.9353856747744, 38.907536859434], [-76.9353817859675, 38.9075483228835], [-76.9353773357136, 38.9075596626024], [-76.9353723285042, 38.9075708590175], [-76.9353667742208, 38.9075818960513], [-76.9353606791516, 38.9075927576262], [-76.9353540540764, 38.9076034283635], [-76.9353469061817, 38.9076138907873], [-76.9353392489422, 38.9076241309173], [-76.9353310913411, 38.9076341333747], [-76.9353224486498, 38.907643882781], [-76.9353133307496, 38.9076533651555], [-76.9353037511154, 38.9076625644207], [-76.9352937268152, 38.9076714700913], [-76.935283269527, 38.9076800674875], [-76.9352723972171, 38.907688342629], [-76.934709398774, 38.9081184151798], [-76.9346963929653, 38.9081261834751], [-76.9346830493901, 38.9081335945664], [-76.9346693824214, 38.9081406386674], [-76.9346554109237, 38.908147305992], [-76.9346411510669, 38.9081535902488], [-76.9346266181223, 38.9081594809528], [-76.9346118336493, 38.9081649739096], [-76.9345968120211, 38.9081700614303], [-76.934581573899, 38.9081747372236], [-76.9345661354525, 38.9081789963963], [-76.934550517343, 38.9081828319583], [-76.934534738435, 38.9081862404146], [-76.9345188157966, 38.90818921827], [-76.9345027709873, 38.9081917613305], [-76.9344866219734, 38.9081938654019], [-76.9344703894162, 38.9081955304843], [-76.9344540921804, 38.9081967516845], [-76.9344377518254, 38.9081975297015], [-76.9344213854192, 38.9081978631374], [-76.9344050136231, 38.9081977505941], [-76.9343886579968, 38.9081971934695], [-76.9343723365064, 38.9081961903658], [-76.9343560698132, 38.9081947447779], [-76.9343398758836, 38.9081928581039], [-76.9341674038406, 38.9081737439059], [-76.9341554715187, 38.9081721242597], [-76.9341434565518, 38.9081709366124], [-76.9341313831943, 38.9081701837601], [-76.9341192792942, 38.9081698671007], [-76.9341071682075, 38.9081699873334], [-76.9340950777821, 38.9081705451572], [-76.9340830331708, 38.9081715377759], [-76.9340710604247, 38.9081729637915], [-76.9340591846966, 38.9081748211068], [-76.9340474320378, 38.9081771055277], [-76.9340358258043, 38.9081798100639], [-76.9340243920473, 38.9081829319193], [-76.9340131550215, 38.9081864613072], [-76.9340021380828, 38.9081903933345], [-76.9339913663842, 38.9081947182149], [-76.9339808614853, 38.9081994275598], [-76.9339706449456, 38.9082045101848], [-76.9339607410196, 38.9082099570024], [-76.9339547384769, 38.9082130844486], [-76.9339484646429, 38.9082158700705], [-76.9339419527554, 38.9082182984897], [-76.9339352360521, 38.9082203585216], [-76.9339283486687, 38.90822204038], [-76.9339213256399, 38.9082233335795], [-76.933914202898, 38.9082242318288], [-76.9339070145791, 38.908224733031], [-76.933899800209, 38.9082248301957], [-76.9338925948221, 38.9082245268181], [-76.9338854352493, 38.9082238228982], [-76.9338783583215, 38.9082227219311], [-76.9338714008696, 38.908221229509], [-76.933864595233, 38.9082193540201], [-76.9338579800393, 38.9082171045519], [-76.9337029092617, 38.9083390797315], [-76.9336119898735, 38.9084106445389], [-76.9334223079063, 38.9085567419906], [-76.9331755092567, 38.9087501901788], [-76.9330097539171, 38.9088789687062], [-76.9328990572196, 38.9089649712173], [-76.9326359873853, 38.9091702100188], [-76.9326271030471, 38.9091771414752], [-76.9325461046529, 38.9092406038342], [-76.9326387344334, 38.9093134448349], [-76.9326817089383, 38.9093472506391], [-76.9329746935699, 38.9095763212018], [-76.9329524845211, 38.9095778324688], [-76.9329362950831, 38.9095823404062], [-76.9329131652611, 38.9095895521267], [-76.9328935011395, 38.9096012843648], [-76.932843772202, 38.9096403983352], [-76.9328299102989, 38.9096494820058], [-76.9326240757246, 38.909772659121], [-76.932428674184, 38.9098951447013], [-76.9321276514272, 38.9100706324135], [-76.9318172197162, 38.9102358324078], [-76.9326130300399, 38.9104043627777], [-76.932897477083, 38.9102306933086], [-76.9330889152566, 38.9101091911129], [-76.9333005385746, 38.9099765800514], [-76.9333959046235, 38.9099070383602], [-76.9335684287687, 38.9097813639105], [-76.9338456838997, 38.9095862933266], [-76.9338575829839, 38.9095772921315], [-76.9338694811699, 38.9095681497345], [-76.9338817395802, 38.909559148537], [-76.9338936386645, 38.9095501466395], [-76.9339058970749, 38.9095411461387], [-76.9339177952608, 38.9095322840417], [-76.9339300536711, 38.9095232828397], [-76.9339423120815, 38.9095144221384], [-76.9339542111658, 38.9095054202351], [-76.9339664695762, 38.9094965595316], [-76.9339800350353, 38.9094857653534], [-76.9339917095407, 38.9094768675997], [-76.9340058409384, 38.9094664886331], [-76.9340214356918, 38.9094556574026], [-76.9340396418476, 38.9094436189719], [-76.9340614619259, 38.9094304439411], [-76.9340744740228, 38.9094236271479], [-76.9340875139674, 38.909417693909], [-76.9341025876979, 38.909411502733], [-76.9341150140932, 38.9094066725388], [-76.9341294670878, 38.909401179678], [-76.9341385427671, 38.9093969541314], [-76.934147443275, 38.909392616043], [-76.9341603448791, 38.9093849401563], [-76.9341722682178, 38.9093773796064], [-76.934193945464, 38.9093621256911], [-76.9342123339778, 38.9093486235059], [-76.9342307206951, 38.909335121318], [-76.9342491101073, 38.9093213381232], [-76.9342671374984, 38.9093075535277], [-76.9342848046651, 38.9092934879249], [-76.9343021125056, 38.9092792818172], [-76.9343197796724, 38.9092650757065], [-76.9343370893096, 38.9092505871903], [-76.9343540360274, 38.9092359581688], [-76.9343695427458, 38.9092218911539], [-76.9343854087904, 38.9092078248352], [-76.9344012748349, 38.9091938983172], [-76.9344175011039, 38.9091801143959], [-76.9344340875973, 38.9091664695765], [-76.9344503138663, 38.9091531071575], [-76.9344672596858, 38.9091396035344], [-76.9344838461792, 38.909126382312], [-76.9345011522231, 38.9091133022888], [-76.934518098941, 38.9091003620668], [-76.9345314371263, 38.909091783716], [-76.9345444159856, 38.9090832046652], [-76.9345577559675, 38.9090746256134], [-76.9345710941529, 38.9090661877622], [-76.9345844332365, 38.9090577499101], [-76.9345977723202, 38.9090493120569], [-76.9346111114038, 38.9090410154045], [-76.9346244495892, 38.9090327180522], [-76.9346381488972, 38.9090245619007], [-76.9346514879809, 38.9090162652454], [-76.9346705933504, 38.9090055786431], [-76.9346893384954, 38.908995032542], [-76.9347084447632, 38.9089843452375], [-76.9347271899082, 38.9089737991333], [-76.9347462952777, 38.9089632537265], [-76.9347653997488, 38.9089527069202], [-76.9347845060166, 38.9089423020132], [-76.934803611386, 38.9089318971047], [-76.9348227167555, 38.9089214914957], [-76.9348418230233, 38.9089113675902], [-76.9348562418819, 38.9089034931298], [-76.9348706616389, 38.9088954788645], [-76.934884720273, 38.9088873219982], [-76.9348987798056, 38.9088790260259], [-76.9349128393381, 38.9088705888506], [-76.9349265386462, 38.908862010472], [-76.9349402370559, 38.9088534313935], [-76.9349535770379, 38.9088445706086], [-76.9349669161216, 38.9088355700184], [-76.9349798949808, 38.9088264282249], [-76.9350337319141, 38.9087910654525], [-76.9350686970399, 38.9087221608069], [-76.9350954246145, 38.9087450572633], [-76.9351222680718, 38.9087678628396], [-76.9351494573805, 38.9087904887601], [-76.9351768775563, 38.9088128448513], [-76.9352046435834, 38.9088351107618], [-76.9352325236966, 38.908857197017], [-76.9352606373717, 38.9088790127445], [-76.9352889810155, 38.9089007382918], [-76.9353175546281, 38.9089221940107], [-76.9353464749903, 38.9089435602486], [-76.9354154862654, 38.9089998103377], [-76.9354764333642, 38.9090494798214], [-76.9355469430292, 38.9091069020798], [-76.9355506297151, 38.9091098771006], [-76.9358517494899, 38.9093438806844], [-76.935907454919, 38.9093871700151], [-76.9361705373297, 38.9095924103919], [-76.9361693398754, 38.909593784652], [-76.9361085158459, 38.9096632958935], [-76.9361010140149, 38.9096719398823], [-76.935962399475, 38.9098301402104], [-76.9357156448429, 38.9101046692289], [-76.9355223193089, 38.9103268891856], [-76.9353000267003, 38.9105781890975], [-76.9352825984854, 38.9105979974575], [-76.9352332558235, 38.9106537520406], [-76.9351706423499, 38.9107245029728], [-76.9350291433196, 38.9108816196012], [-76.9349587396558, 38.9109590527447], [-76.9349356565463, 38.9109844432091], [-76.9348785254909, 38.9110473797031], [-76.9348677007917, 38.911060380383], [-76.9348218516779, 38.9111154509826], [-76.9348009595593, 38.9111405729758], [-76.9347505173595, 38.911201170486], [-76.9345941269567, 38.911374764186], [-76.9344613945853, 38.9115241380142], [-76.9342462489731, 38.9117676930521], [-76.9341397159669, 38.9118876245728], [-76.9340835658718, 38.9119530172159], [-76.9339451103336, 38.9121113718293], [-76.933857429372, 38.9120435790035], [-76.9338477509231, 38.9120360970236], [-76.9335751499636, 38.9118225156599], [-76.9335107398595, 38.911772051266], [-76.9330975741176, 38.9114485060982], [-76.9328465210468, 38.9112508090714], [-76.9328215191358, 38.9112313364122], [-76.9327521584161, 38.9111776072791], [-76.9326814160875, 38.9111228855278], [-76.9326700101783, 38.9111140508891], [-76.9325043329922, 38.9109827935701], [-76.9321441759369, 38.9106991823157], [-76.9320835728929, 38.910651853549], [-76.9318583311152, 38.9104759695401], [-76.9317357452149, 38.9103802296167], [-76.9316663871901, 38.9103260489803], [-76.9315072802819, 38.9102003794666], [-76.9314102721127, 38.9101239317957], [-76.931329394991, 38.9100599249997], [-76.9313092323045, 38.9100440582004], [-76.9310279113985, 38.9098279963439], [-76.9309726964496, 38.9097855908323], [-76.9308725819061, 38.9097040958471], [-76.930533404106, 38.9094378779637], [-76.9305206165879, 38.9094278715664], [-76.9304452694951, 38.9093691822526], [-76.9303769490245, 38.9093159018761], [-76.930070954991, 38.9090773587751], [-76.9297213028346, 38.9088005924112], [-76.929613814021, 38.9087170202002], [-76.9295143893836, 38.9086395790186], [-76.9293671546103, 38.90852508391], [-76.9293251044718, 38.9084924485796], [-76.9289778750718, 38.9082186542943], [-76.928884443994, 38.9081453592004], [-76.9287571428368, 38.9080458294963], [-76.9287148618313, 38.9080128339457], [-76.9286420533776, 38.9079550452099], [-76.9285675165652, 38.9078959052021], [-76.9285391765146, 38.9078734565501], [-76.9285195923431, 38.9078579506607], [-76.9283907954909, 38.9077558068755], [-76.9282747861568, 38.907663760465], [-76.9279087774757, 38.907385357741], [-76.9278910366472, 38.9073714735065], [-76.9277515264869, 38.9072619360147], [-76.9276962702155, 38.907221375825], [-76.9275620196912, 38.9071130907772], [-76.9274092620755, 38.9069930945671], [-76.9271203396256, 38.9067651837659], [-76.9262604111502, 38.9060881620253], [-76.9236010403797, 38.9040062148474]]]}, "properties": {"Route": "R712_2B", "ROUTE_NUMB": 712, "CollectionDay": "Tuesday", "RunsPerWeek": 1, "RStatus": "Scheduled Other Day", "RecycleRouteArea": "OR_712B"}}, {"type": "Feature", "geometry": {"type": "Polygon", "coordinates": [[[-76.9185681885763, 38.8857175154535], [-76.9187099175753, 38.8857522065523], [-76.9187208644453, 38.8857548266345], [-76.9190265602382, 38.8858302586657], [-76.9190650458616, 38.885839474044], [-76.9191035323833, 38.8858486894211], [-76.919142018905, 38.8858579949998], [-76.9191805045284, 38.8858672096753], [-76.9192189910501, 38.8858765152516], [-76.9192574766736, 38.8858858201275], [-76.9193123251098, 38.8858991904215], [-76.9193208519185, 38.8859012685822], [-76.9193670576635, 38.8859126509158], [-76.9194219060998, 38.8859262016103], [-76.9194766386534, 38.8859397516031], [-76.9195314870897, 38.8859533022924], [-76.919586335526, 38.8859666725738], [-76.9196706828396, 38.8859869094453], [-76.9196771354383, 38.8859883547861], [-76.9197552610203, 38.8860067855005], [-76.9197894832393, 38.8860148268229], [-76.919819097101, 38.8860217836149], [-76.9198168809572, 38.8860259818836], [-76.9198135257496, 38.8860374208362], [-76.9198106313777, 38.8860490394929], [-76.919808312826, 38.8860606588469], [-76.9198069698446, 38.8860696853992], [-76.9198054049794, 38.8860840786537], [-76.9198048129896, 38.8860960867819], [-76.9198047186665, 38.8861047644068], [-76.9198052495709, 38.8861194814042], [-76.9198062736503, 38.886131553857], [-76.9198079885342, 38.8861436263077], [-76.9198102810348, 38.8861556085539], [-76.9198171486551, 38.8861833307762], [-76.9198197807189, 38.8861939550845], [-76.9198353925402, 38.8862569583055], [-76.9198492167141, 38.8863127536798], [-76.9198737326365, 38.8864116964181], [-76.9198768300276, 38.8864241946592], [-76.9198856963995, 38.8864592441236], [-76.9198943570572, 38.8864934698651], [-76.9199164798677, 38.8865809133539], [-76.9199810867029, 38.8868362829668], [-76.9199954804087, 38.8868931721915], [-76.9200030559015, 38.8869231176979], [-76.920009168937, 38.8869472805084], [-76.920018027224, 38.8869822877605], [-76.9200262881314, 38.8870149399701], [-76.9200338923702, 38.8870450014982], [-76.9200618560267, 38.8871555274299], [-76.9200752678739, 38.8872085384494], [-76.9200792330376, 38.8872241509363], [-76.9201003712945, 38.8873036558366], [-76.9201295252188, 38.8874130374229], [-76.920133828149, 38.8874292071524], [-76.9201381337741, 38.8874453838705], [-76.9201655862892, 38.8875563399051], [-76.9202285510041, 38.8878108256839], [-76.9202324263362, 38.8878266429121], [-76.9202932710271, 38.8880750633435], [-76.9203344560879, 38.8882432100014], [-76.9203399196414, 38.8882648160028], [-76.9203551415939, 38.8883249624612], [-76.9203584402077, 38.8883379945717], [-76.9203689100723, 38.8883793283998], [-76.9203790960693, 38.888419534359], [-76.9203851282564, 38.888443268737], [-76.9203986434099, 38.8884964424133], [-76.9204274101602, 38.8886096440988], [-76.9206168540739, 38.8893567887388], [-76.9206830967412, 38.88961803642], [-76.9207016676131, 38.8897617008393], [-76.9228874905832, 38.8897617427918], [-76.9229333145442, 38.8899600429416], [-76.9229306501411, 38.8906564094005], [-76.9229167774581, 38.8909591111834], [-76.9227736506806, 38.89135250264], [-76.9219060991016, 38.8938146354113], [-76.9218867215427, 38.8943525121757], [-76.9205176432356, 38.8940595062095], [-76.9205193985437, 38.8947271487605], [-76.9205154208036, 38.8958140966464], [-76.9205209876634, 38.8983706753472], [-76.9164834108042, 38.8984213436242], [-76.9134176709453, 38.8960230901307], [-76.9133201255835, 38.8959462664329], [-76.9132556328343, 38.8958955013058], [-76.9130071193009, 38.8956994710876], [-76.9129937487762, 38.8956889251074], [-76.9129801590626, 38.8956781952491], [-76.9128699474553, 38.8955915425125], [-76.9127834585581, 38.8955235549279], [-76.9127217308233, 38.8954750435655], [-76.91245512522, 38.8952667504194], [-76.9121795373622, 38.895052504744], [-76.9118783951295, 38.8948200747048], [-76.9116871033814, 38.8946724297105], [-76.9115774424414, 38.8945997743473], [-76.9114869677192, 38.8945325961415], [-76.9114143757594, 38.8944786977578], [-76.9112850533928, 38.8943774373435], [-76.9112232951153, 38.8943290797134], [-76.9112119574781, 38.8943202038316], [-76.9110854414485, 38.894225542606], [-76.9108239930732, 38.8940164228762], [-76.91044141856, 38.893689389732], [-76.9103521700382, 38.8936197761534], [-76.9101496062299, 38.893461794202], [-76.9101200094362, 38.8934397010599], [-76.9100906426113, 38.8934176079109], [-76.9100383597634, 38.8933780207519], [-76.9099864227669, 38.89333816369], [-76.9099347166375, 38.8932981262189], [-76.9098832404768, 38.8932579097366], [-76.9098319960814, 38.8932175121454], [-76.9097810975374, 38.8931768453488], [-76.9097305457431, 38.8931359079481], [-76.9096801089331, 38.8930948810294], [-76.9096301338573, 38.893053584205], [-76.9095987009072, 38.893024192234], [-76.9095729228518, 38.8929916525573], [-76.9095532560353, 38.89295659443], [-76.9095407353168, 38.8929217222666], [-76.9095399313246, 38.8929197400987], [-76.9095334086574, 38.8928818097136], [-76.9095335218451, 38.8928663271189], [-76.909533544303, 38.8928631039084], [-76.9095336880334, 38.8928435241257], [-76.9095407676562, 38.8928056943816], [-76.909547012744, 38.8927893042364], [-76.9095546466273, 38.8927689511414], [-76.9095748632128, 38.8927341040563], [-76.9096011856472, 38.8927017844883], [-76.9096619935071, 38.8926539969473], [-76.9097230313357, 38.8926062100734], [-76.909784185047, 38.8925586028568], [-76.9098454537427, 38.8925110858028], [-76.909906952407, 38.8924636589114], [-76.9099684510714, 38.8924164123774], [-76.9100301797044, 38.8923691665112], [-76.9100920233218, 38.8923221003036], [-76.9101349448261, 38.8922894323547], [-76.9101779813148, 38.8922569454794], [-76.9103297714449, 38.8921370101612], [-76.910483524394, 38.8920206139215], [-76.9105287680433, 38.8919676882979], [-76.9105508037172, 38.8919230452073], [-76.9105514145716, 38.8919218062475], [-76.9106228468064, 38.8918564140314], [-76.9106440766915, 38.8918401250493], [-76.9109177116119, 38.8916396276997], [-76.9111460148481, 38.8915162261474], [-76.9113242361089, 38.8913629380924], [-76.9117003652099, 38.8910733989904], [-76.911922103558, 38.8908991599338], [-76.9120699267279, 38.8907851368427], [-76.9123409313811, 38.8905775913715], [-76.9124091988512, 38.8905216266443], [-76.9124934823843, 38.8904558835382], [-76.9127824470551, 38.8902331643827], [-76.9128116917091, 38.8902076693077], [-76.9129282202695, 38.8901207980376], [-76.9130142240765, 38.8900510264368], [-76.9131621451627, 38.8899383255827], [-76.9131965488415, 38.8899088064653], [-76.913329839965, 38.8898039309229], [-76.913388357121, 38.8897577146515], [-76.9137913108147, 38.889439461478], [-76.9141311740294, 38.8891710350063], [-76.9141663619374, 38.8891444865328], [-76.9142014339627, 38.8891178471515], [-76.9142363910037, 38.8890912084594], [-76.9142713489429, 38.8890643886605], [-76.9142985759809, 38.8890434191885], [-76.9143258039172, 38.8890224497103], [-76.9143530318534, 38.8890012998282], [-76.914380143907, 38.8889802401386], [-76.9144100254666, 38.8889569303644], [-76.9144397911436, 38.8889335303836], [-76.9144694427345, 38.8889101303951], [-76.914499093427, 38.8888866401999], [-76.9145131691292, 38.8888755701936], [-76.914906931261, 38.8885687621011], [-76.9151043135868, 38.8884154166422], [-76.9152728842465, 38.8882844529856], [-76.9155481585922, 38.8880679109695], [-76.9158366938683, 38.8878447109497], [-76.9162178688062, 38.8875478890082], [-76.9165770053754, 38.8872688857828], [-76.9168894178716, 38.8870248012883], [-76.9169105300774, 38.8870083307955], [-76.9170224341107, 38.8869212996831], [-76.9171327229731, 38.8868354375888], [-76.9173813344229, 38.8866419331894], [-76.9174529759651, 38.8865860422778], [-76.9175245016246, 38.886530150623], [-76.9175961431669, 38.8864743491263], [-76.9176677838108, 38.8864184573837], [-76.9176897027037, 38.8864013574328], [-76.917711622495, 38.8863842567786], [-76.917751768205, 38.8863530258383], [-76.9177919148134, 38.8863217046819], [-76.9178366760673, 38.8862867838103], [-76.9178814373213, 38.886251953124], [-76.917938426443, 38.8862075812437], [-76.9179954155646, 38.886163210035], [-76.9180525205689, 38.8861188387986], [-76.9181095096905, 38.8860745577371], [-76.9183954919545, 38.885851800371], [-76.9184565190033, 38.8858043690333], [-76.9185681885763, 38.8857175154535]]]}, "properties": {"Route": "R713_2A", "ROUTE_NUMB": 713, "CollectionDay": "Tuesday", "RunsPerWeek": 1, "RStatus": "Scheduled Other Day", "RecycleRouteArea": "OR_713A"}}, {"type": "Feature", "geometry": {"type": "MultiPolygon", "coordinates": [[[[-76.977264224225, 38.8868583858544], [-76.977263511861, 38.8867942441085], [-76.9772640499518, 38.8866912840775], [-76.977264224225, 38.8868583858544]]], [[[-76.977264224225, 38.8868583858544], [-76.9789977463479, 38.8868571789712], [-76.9789991890422, 38.8866542202197], [-76.9807670528601, 38.886652632947], [-76.9807678173264, 38.8859571859046], [-76.9855134085633, 38.8879103865498], [-76.9855134004785, 38.8879306431453], [-76.9855133896987, 38.8879624670351], [-76.9855132666295, 38.8883241226948], [-76.9855131157125, 38.8887659999725], [-76.9855130851698, 38.8888558354838], [-76.9855129908467, 38.8891323027177], [-76.9855128956253, 38.8894128361916], [-76.9855128219634, 38.8896281840528], [-76.9855127968106, 38.8897022310334], [-76.9855127860308, 38.889734611399], [-76.9855127707594, 38.8897791698625], [-76.9855127599797, 38.8898107013545], [-76.9854959138731, 38.8898106272384], [-76.9853496061611, 38.8898092861574], [-76.9853174401857, 38.8898092071469], [-76.9852239282596, 38.8898089799043], [-76.985031712145, 38.8898090540204], [-76.9848982242904, 38.8898091449174], [-76.9846374218039, 38.8898090253528], [-76.9845703958056, 38.8898089561312], [-76.984443293176, 38.8898088400627], [-76.9842833571228, 38.8898089337566], [-76.9838916826758, 38.889808760353], [-76.9837859365938, 38.8898087379783], [-76.9837577474602, 38.8898087323847], [-76.9836474936321, 38.8898087072132], [-76.9836452963529, 38.8898644676343], [-76.9836467929462, 38.8899030729672], [-76.9836480856219, 38.889936439822], [-76.9836483757777, 38.8899555987846], [-76.9836501589336, 38.8900737114616], [-76.9836505236496, 38.8902025902888], [-76.9836506916345, 38.890278569968], [-76.9836502676297, 38.89041010679], [-76.9836499505244, 38.8905324999186], [-76.983650305359, 38.8906094448404], [-76.9836504302248, 38.8906364682223], [-76.9836507491267, 38.8906937214834], [-76.9836513500996, 38.8908004443924], [-76.983651251285, 38.8908761087932], [-76.9836515001183, 38.8909363760993], [-76.9836479185353, 38.8924929021887], [-76.9818508936066, 38.8932205612452], [-76.9815357583167, 38.8932919217512], [-76.9751542505059, 38.893303026028], [-76.9751590349331, 38.8920183156962], [-76.9807641081826, 38.8920173913719], [-76.9807659667969, 38.890934316265], [-76.9807663180382, 38.8898078178205], [-76.9772593472713, 38.8898061229402], [-76.9772605384374, 38.8897551422632], [-76.9772610423923, 38.8896998998702], [-76.9772614403459, 38.8896445175924], [-76.9772611600716, 38.8896344433789], [-76.9772555518892, 38.8894326336757], [-76.9772558743844, 38.8894172118598], [-76.9772573134855, 38.8893483394546], [-76.9772626162406, 38.8892975402445], [-76.9772585872966, 38.8891597706627], [-76.9772616110258, 38.8888346946419], [-76.9772614717869, 38.8887505374572], [-76.9772612238519, 38.8886784382085], [-76.9772611331221, 38.8886099776267], [-76.9772610396973, 38.8885590030834], [-76.9772609444759, 38.8885027242141], [-76.9772606785746, 38.8883160669501], [-76.977260389317, 38.8882650942937], [-76.9772594415944, 38.8879341092111], [-76.9772593921871, 38.887856877505], [-76.9772593194235, 38.8877820140003], [-76.9772586726365, 38.8877289971157], [-76.9772585890932, 38.8876881446781], [-76.9772585073465, 38.8876477061606], [-76.9772578803225, 38.8875967113485], [-76.9772582683946, 38.8875457276873], [-76.9772577123375, 38.8874641638224], [-76.9772548305421, 38.8873961251056], [-76.9772580285445, 38.8872861680246], [-76.9772590050132, 38.8872061869266], [-76.9772599239897, 38.8870530846572], [-76.9772618284181, 38.8869264803258], [-76.9772624311877, 38.8869093756027], [-76.977264224225, 38.8868583858544]]], [[[-76.9840010741212, 38.8877180311141], [-76.9840329993481, 38.8886374744417], [-76.984224552506, 38.8886232746892], [-76.984220457985, 38.8883502554375], [-76.9845255626864, 38.8883605773578], [-76.9846258991137, 38.8883712279111], [-76.9846708939297, 38.8883314113914], [-76.9846933113876, 38.8882659781118], [-76.9848633076736, 38.8883023293197], [-76.9849847329506, 38.8883386812082], [-76.9851024230326, 38.8883372268254], [-76.9853116487471, 38.8883415892746], [-76.9853583512604, 38.8883372268254], [-76.9853676919427, 38.8884710019533], [-76.9854872496222, 38.888466639512], [-76.9854797774357, 38.8882368967126], [-76.9854760413424, 38.8882179946008], [-76.9852219807121, 38.8882194475876], [-76.9850800055747, 38.8882078153015], [-76.9845737537081, 38.8879882502979], [-76.9844822171773, 38.887956260703], [-76.9842038714916, 38.8879533533201], [-76.9842108693676, 38.8877109304471], [-76.9840010741212, 38.8877180311141]]]]}, "properties": {"Route": "R604_2A", "ROUTE_NUMB": 604, "CollectionDay": "Tuesday", "RunsPerWeek": 1, "RStatus": "Scheduled Other Day", "RecycleRouteArea": "OR_604A"}}, {"type": "Feature", "geometry": {"type": "Polygon", "coordinates": [[[-76.977264224225, 38.8868583858544], [-76.9772640499518, 38.8866912840775], [-76.9772618436895, 38.8845634995309], [-76.9772628426161, 38.8844959852784], [-76.9772630168892, 38.8844841978459], [-76.9772639951546, 38.8843986104129], [-76.9772641766143, 38.8842876508449], [-76.9772643329211, 38.8842001611792], [-76.9772644703634, 38.884181074087], [-76.977264985098, 38.8841096575773], [-76.9772647919602, 38.8840319601987], [-76.9772640122226, 38.8839057665468], [-76.9772627464963, 38.8838288472293], [-76.9772626890042, 38.8837593253807], [-76.9772628740571, 38.8837201880624], [-76.9772630456353, 38.8836839212192], [-76.9773585293635, 38.8836487843755], [-76.9773695193527, 38.8836447237222], [-76.9773699002384, 38.8836445733795], [-76.977371560325, 38.8836439027808], [-76.9773716187155, 38.8836438790056], [-76.9775413670666, 38.8835753023883], [-76.9777567938515, 38.88348801813], [-76.9778426620128, 38.8834532532015], [-76.9778573809088, 38.8834472954158], [-76.9781926510374, 38.8833115332866], [-76.9782977925532, 38.8832685693031], [-76.9783805058313, 38.8832347356985], [-76.9784405905474, 38.8832101366775], [-76.9785286991071, 38.8831740639719], [-76.978612035816, 38.8831399443193], [-76.9787321378746, 38.8830909426992], [-76.9787936203692, 38.8830657730205], [-76.9788644255799, 38.8830367692098], [-76.9788808899025, 38.8830300275021], [-76.9788905854193, 38.8830260402373], [-76.9788987070878, 38.8830227256747], [-76.9790007817552, 38.8829810691613], [-76.9791471694173, 38.8829215433311], [-76.9791962857038, 38.8829007489627], [-76.9792606185528, 38.8828735135544], [-76.9793059457455, 38.8828561694021], [-76.9793398490626, 38.8828431936267], [-76.9795150412042, 38.8827734134796], [-76.9795814464667, 38.882747111558], [-76.9796658952899, 38.8827118462833], [-76.9798520091488, 38.8826362459113], [-76.9799487936375, 38.8825974618096], [-76.9800658935264, 38.8825497751601], [-76.980231184437, 38.8824844351538], [-76.9803244133938, 38.8824472278467], [-76.980524398139, 38.8823654854058], [-76.9806364117667, 38.8823174972101], [-76.9807126472933, 38.8822872162049], [-76.9807620115147, 38.8822664496221], [-76.9807687973884, 38.8822636958485], [-76.9808102537405, 38.8822468711142], [-76.980837382862, 38.8822358616101], [-76.9808476047916, 38.8822317127664], [-76.9808710885498, 38.882222182243], [-76.9809824005933, 38.882177007866], [-76.981170662324, 38.8821006048463], [-76.981221278797, 38.8820800626792], [-76.9821144206834, 38.8817175927299], [-76.9821145671088, 38.8817175332904], [-76.982236776615, 38.8816681230043], [-76.9823305921717, 38.8816301929047], [-76.9823388881134, 38.8816267489086], [-76.982704220363, 38.8814750115175], [-76.9828064261844, 38.8814316478279], [-76.9828175266664, 38.8814269828608], [-76.9829258221672, 38.8813812981952], [-76.983257186421, 38.8812469810521], [-76.9832781926256, 38.8812386245085], [-76.9833802780728, 38.8811980158883], [-76.9834795410134, 38.8811576855636], [-76.9835355761242, 38.8811360382402], [-76.9836583668403, 38.8810868813934], [-76.9836567768223, 38.8811404976341], [-76.9836547511213, 38.8812731744394], [-76.9836545660684, 38.8812937133433], [-76.983653955214, 38.8813504664487], [-76.9836540055196, 38.8813645872364], [-76.9836540899613, 38.8813786611688], [-76.9836542768108, 38.8814180990733], [-76.9836552757374, 38.881496216087], [-76.9836548589192, 38.8815188430054], [-76.9836534332928, 38.8815643289845], [-76.9836557572344, 38.8816472933046], [-76.9836558829986, 38.8816675740631], [-76.983655995288, 38.8817151263422], [-76.9836560186442, 38.8817326539863], [-76.9836560428987, 38.8817490096205], [-76.9836562270533, 38.8818734036441], [-76.9836563276646, 38.8819243885788], [-76.9836565836845, 38.882058076484], [-76.9836566016508, 38.8821099542716], [-76.9836566088373, 38.8821300530843], [-76.9836565854811, 38.8821478512487], [-76.9836565486502, 38.8821579013497], [-76.9836561992056, 38.8822522562883], [-76.9836559144396, 38.8823168119139], [-76.9836557509462, 38.8823335415294], [-76.9836546289504, 38.8824479865661], [-76.9836555874528, 38.8824794618733], [-76.9836561417134, 38.8824980123755], [-76.9836560204408, 38.8825503450728], [-76.9836561030858, 38.8826036245553], [-76.9836559422874, 38.8826971306778], [-76.9836558767104, 38.8827137965693], [-76.9836557940654, 38.8827352895708], [-76.9836556197922, 38.8827595600959], [-76.9836551239221, 38.8828365141363], [-76.983655083498, 38.8828428866442], [-76.9836552937037, 38.8828938666876], [-76.9836551275154, 38.8829381958838], [-76.9836550610401, 38.8829569133931], [-76.983655032294, 38.8829729051223], [-76.9836550044462, 38.8829892716594], [-76.9836553026869, 38.8830683561401], [-76.9836554877398, 38.8831716423882], [-76.9836559162362, 38.8832226242935], [-76.9836564040214, 38.8832807834933], [-76.983656758856, 38.8833484429506], [-76.9836571433349, 38.8834391258362], [-76.983657288862, 38.883473653719], [-76.9836572502344, 38.8834822470524], [-76.9836566312952, 38.8835430975289], [-76.9836561596797, 38.8836422000614], [-76.9836562333415, 38.8836585105029], [-76.9836563483259, 38.8836748181435], [-76.9836573140148, 38.8838116956087], [-76.9836581925672, 38.8839177421778], [-76.9836590513566, 38.8840216313561], [-76.983659112442, 38.8840292232758], [-76.9836591726291, 38.8840364529756], [-76.9836592732405, 38.8840483670492], [-76.9836595508199, 38.8840647815879], [-76.9836601760473, 38.884097182704], [-76.9836608632585, 38.8841024712394], [-76.9836604410503, 38.884108835942], [-76.9855218832697, 38.8841097946331], [-76.9855196680242, 38.8853634054362], [-76.9855196293966, 38.885385505985], [-76.9855195458533, 38.885432053749], [-76.9855186098088, 38.8859616002441], [-76.9855134310212, 38.8878431205571], [-76.9855134085633, 38.8879103865498], [-76.9807678173264, 38.8859571859046], [-76.9807670528601, 38.886652632947], [-76.9789991890422, 38.8866542202197], [-76.9789977463479, 38.8868571789712], [-76.977264224225, 38.8868583858544]], [[-76.9849360316858, 38.8873097797163], [-76.9854422763658, 38.8873239797313], [-76.9854422763658, 38.8871358286025], [-76.9849223494457, 38.8871642280001], [-76.9849360316858, 38.8873097797163]]]}, "properties": {"Route": "R604_2B", "ROUTE_NUMB": 604, "CollectionDay": "Tuesday", "RunsPerWeek": 1, "RStatus": "Scheduled Other Day", "RecycleRouteArea": "OR_604B"}}, {"type": "Feature", "geometry": {"type": "Polygon", "coordinates": [[[-76.9164834108042, 38.8984213436242], [-76.9205209876634, 38.8983706753472], [-76.9205154208036, 38.8958140966464], [-76.9205193985437, 38.8947271487605], [-76.9205176432356, 38.8940595062095], [-76.9218867215427, 38.8943525121757], [-76.9219060991016, 38.8938146354113], [-76.9227736506806, 38.89135250264], [-76.9239664049687, 38.8914973284042], [-76.9241652344804, 38.8915218462464], [-76.9259060060077, 38.8917364864271], [-76.9270613140232, 38.8918779245434], [-76.9278931988921, 38.891885595331], [-76.9279567717664, 38.8918978150316], [-76.9279860083357, 38.8919019332457], [-76.9281627878004, 38.8919361179097], [-76.928254169821, 38.892008401933], [-76.9284742076583, 38.8920424089526], [-76.9292772018093, 38.8921516098443], [-76.9288991044995, 38.8936692913929], [-76.9283920989464, 38.8938244664204], [-76.9280051774855, 38.8946918251099], [-76.9276227305331, 38.8960252777612], [-76.9274565080695, 38.8963607367149], [-76.927240714772, 38.8965606152806], [-76.9265302039761, 38.8983562062804], [-76.9274398065918, 38.8983573290734], [-76.9274585122109, 38.8983577128924], [-76.9274649684029, 38.898357716388], [-76.927566529234, 38.8983576898213], [-76.9279309263374, 38.898358274988], [-76.9283395915197, 38.8983581666238], [-76.9285291108918, 38.8983580121174], [-76.9287584022748, 38.8983577918934], [-76.9291533546743, 38.8983540739525], [-76.9291988875811, 38.8983536453895], [-76.9293065767191, 38.8983535845658], [-76.929346944313, 38.8983525750308], [-76.9293820163383, 38.8983515620002], [-76.929417089262, 38.8983510663213], [-76.9294534863023, 38.8983505713416], [-76.929489220386, 38.8983495583109], [-76.9295137048674, 38.8983500903443], [-76.9295355420136, 38.8983501036276], [-76.9295679676022, 38.8983496058514], [-76.9295884671569, 38.8983491793857], [-76.9296162763032, 38.8983486012102], [-76.9296731872714, 38.8983465667594], [-76.9297069360783, 38.898346587034], [-76.9297383600452, 38.8983469883312], [-76.9297659544941, 38.8983468296301], [-76.9297988445116, 38.8983478776169], [-76.9298317363258, 38.8983478971924], [-76.9298593640123, 38.8983489423827], [-76.9298896228644, 38.8983499882722], [-76.9299290903463, 38.898352068166], [-76.9299777673567, 38.8983541536526], [-76.9300277595005, 38.8983562391392], [-76.9300830121787, 38.898360385643], [-76.9301395799905, 38.8983655598584], [-76.9302237709972, 38.8983758915093], [-76.9303395305997, 38.8983944665246], [-76.9304552911004, 38.8984120124255], [-76.9305539485765, 38.8984285201241], [-76.9306649111754, 38.8984484220611], [-76.9308694737352, 38.8984831712617], [-76.9310976053932, 38.898521617404], [-76.931151532158, 38.8985313981239], [-76.9313747509297, 38.8985718814809], [-76.9315218114299, 38.8985955439526], [-76.9316641512833, 38.8986210332204], [-76.9317388318262, 38.8986318849802], [-76.9318906569907, 38.8986538618513], [-76.932143475251, 38.8986961614538], [-76.9324297297045, 38.8987485045902], [-76.9328319925937, 38.8988192037678], [-76.933373830322, 38.898916407157], [-76.9336200423717, 38.8989599118825], [-76.9338163260579, 38.8989921551952], [-76.9338142096271, 38.8989963708744], [-76.9337757311902, 38.8990730353696], [-76.9337718010608, 38.8990855544537], [-76.9337683308689, 38.8990981644208], [-76.9337653215127, 38.8991109547578], [-76.9337627738905, 38.8991237450924], [-76.9337606871041, 38.8991365354248], [-76.9337599900115, 38.89914221085], [-76.9337590611535, 38.8991494166399], [-76.9337580110229, 38.8991622978527], [-76.933757307642, 38.8991752699482], [-76.9337570650969, 38.8991881518554], [-76.9337567911107, 38.8992346346454], [-76.9337565180229, 38.8992811174049], [-76.9337563590211, 38.8993276008332], [-76.933756315902, 38.8993740835319], [-76.9337563877672, 38.8994205668992], [-76.9337564605307, 38.8994670502362], [-76.933756763263, 38.8995135335428], [-76.9337570659952, 38.8995600168188], [-76.9337574837118, 38.8996065000645], [-76.9337579014284, 38.8996535243918], [-76.933758173618, 38.8997326175859], [-76.9337584404176, 38.8998178369888], [-76.9337587817774, 38.8999460262917], [-76.9337590458821, 38.9001488666668], [-76.9337591860193, 38.9002560941042], [-76.933759583973, 38.9005724678619], [-76.9337597896872, 38.9005993133767], [-76.9337604140163, 38.9006721010239], [-76.9337611443466, 38.9007539873874], [-76.9337616563863, 38.9008238924884], [-76.9337618701854, 38.9008420893497], [-76.933763199692, 38.9010726477708], [-76.9337651463412, 38.9014103388572], [-76.9337632266414, 38.9014914127223], [-76.9334225612312, 38.9014915798055], [-76.9330041699893, 38.9014898397629], [-76.9323465178614, 38.9014883758621], [-76.9310395140387, 38.9014949718048], [-76.9306561130755, 38.9015775318433], [-76.9303041603337, 38.901711930091], [-76.9299579298602, 38.9018036402662], [-76.9297988301386, 38.901824559831], [-76.9295869651738, 38.9018397181925], [-76.9256304648623, 38.9018461330383], [-76.9252766597944, 38.9018244997093], [-76.9244702089261, 38.901654861883], [-76.9236903751398, 38.9038552774587], [-76.9236010403797, 38.9040062148474], [-76.9235478771829, 38.9039645454728], [-76.9234390211334, 38.9038792548482], [-76.9233638016014, 38.9038202911059], [-76.9231365332244, 38.903639163909], [-76.9227672313195, 38.9033512834263], [-76.9225002035081, 38.9031438382931], [-76.9223813447179, 38.90305149998], [-76.9222859229734, 38.9029758744164], [-76.9219679391258, 38.9027238610941], [-76.9216853893246, 38.9024981023468], [-76.9215852900524, 38.9024212842558], [-76.921517904728, 38.9023696212395], [-76.9214438386329, 38.9023126381494], [-76.9213826732435, 38.902265754002], [-76.9211015059494, 38.9020443190532], [-76.921017996764, 38.9019786816893], [-76.9209501532988, 38.9019253964651], [-76.9208596174912, 38.9018542592547], [-76.9207697742847, 38.9017835721871], [-76.9205737304486, 38.901629486258], [-76.9202742500992, 38.9013971371681], [-76.9200582825285, 38.9012277220313], [-76.9200216528245, 38.9012000413346], [-76.9199486251818, 38.9011445904243], [-76.9198717958688, 38.9010863437819], [-76.9198602776702, 38.9010776875621], [-76.9196028465609, 38.9008754531627], [-76.9195497480428, 38.9008331674423], [-76.9193041854751, 38.9006377870364], [-76.9192918614877, 38.9006279590678], [-76.9192078941614, 38.9005611493984], [-76.9192037493347, 38.9005578132827], [-76.9191383277275, 38.9005056993874], [-76.919125197053, 38.9004952408097], [-76.9190655336468, 38.900448535831], [-76.9190625386636, 38.9004461917376], [-76.9189746564794, 38.9003776676942], [-76.9188803234931, 38.9003039135825], [-76.9187665258112, 38.9002150118747], [-76.918492284528, 38.8999997010062], [-76.918287148843, 38.8998407405117], [-76.9182772440187, 38.8998328965051], [-76.9181996143068, 38.8997719453285], [-76.9180692328264, 38.8996695193535], [-76.9179742117306, 38.8995949535366], [-76.9179609660717, 38.8995844941256], [-76.9179101124435, 38.8995447111571], [-76.9177865869054, 38.8994480749097], [-76.9177658555853, 38.8994318456952], [-76.9175742000194, 38.8992827120858], [-76.9175404539075, 38.8992553927723], [-76.9175065928111, 38.8992281636343], [-76.9174726167305, 38.8992010246718], [-76.9174311540902, 38.8991679348244], [-76.917389460583, 38.8991349344486], [-76.9173477670757, 38.8991020242435], [-76.9173058427013, 38.8990692943953], [-76.9172639192253, 38.8990365645319], [-76.917221763984, 38.8990039241406], [-76.917187787005, 38.8989775953698], [-76.917153579159, 38.8989514469618], [-76.917119371313, 38.8989252083578], [-76.9164834108042, 38.8984213436242]]]}, "properties": {"Route": "R713_2B", "ROUTE_NUMB": 713, "CollectionDay": "Tuesday", "RunsPerWeek": 1, "RStatus": "Scheduled Other Day", "RecycleRouteArea": "OR_713B"}}, {"type": "Feature", "geometry": {"type": "Polygon", "coordinates": [[[-76.9292772018093, 38.8921516098443], [-76.9284742076583, 38.8920424089526], [-76.928254169821, 38.892008401933], [-76.9281627878004, 38.8919361179097], [-76.9279860083357, 38.8919019332457], [-76.9279567717664, 38.8918978150316], [-76.9278931988921, 38.891885595331], [-76.9270613140232, 38.8918779245434], [-76.9259060060077, 38.8917364864271], [-76.9241652344804, 38.8915218462464], [-76.9239664049687, 38.8914973284042], [-76.9227736506806, 38.89135250264], [-76.9229167774581, 38.8909591111834], [-76.9229306501411, 38.8906564094005], [-76.9229333145442, 38.8899600429416], [-76.9228874905832, 38.8897617427918], [-76.9207016676131, 38.8897617008393], [-76.9206830967412, 38.88961803642], [-76.9206168540739, 38.8893567887388], [-76.9204274101602, 38.8886096440988], [-76.9203986434099, 38.8884964424133], [-76.9203851282564, 38.888443268737], [-76.9203790960693, 38.888419534359], [-76.9203689100723, 38.8883793283998], [-76.9203584402077, 38.8883379945717], [-76.9203551415939, 38.8883249624612], [-76.9203399196414, 38.8882648160028], [-76.9203344560879, 38.8882432100014], [-76.9202932710271, 38.8880750633435], [-76.9202324263362, 38.8878266429121], [-76.9202285510041, 38.8878108256839], [-76.9201655862892, 38.8875563399051], [-76.9201381337741, 38.8874453838705], [-76.920133828149, 38.8874292071524], [-76.9201295252188, 38.8874130374229], [-76.9201003712945, 38.8873036558366], [-76.9200792330376, 38.8872241509363], [-76.9200752678739, 38.8872085384494], [-76.9200618560267, 38.8871555274299], [-76.9200338923702, 38.8870450014982], [-76.9200262881314, 38.8870149399701], [-76.920018027224, 38.8869822877605], [-76.920009168937, 38.8869472805084], [-76.9200030559015, 38.8869231176979], [-76.9199954804087, 38.8868931721915], [-76.9199810867029, 38.8868362829668], [-76.9199164798677, 38.8865809133539], [-76.9198943570572, 38.8864934698651], [-76.9198856963995, 38.8864592441236], [-76.9198768300276, 38.8864241946592], [-76.9198737326365, 38.8864116964181], [-76.9198492167141, 38.8863127536798], [-76.9198353925402, 38.8862569583055], [-76.9198197807189, 38.8861939550845], [-76.9198171486551, 38.8861833307762], [-76.9198102810348, 38.8861556085539], [-76.9198079885342, 38.8861436263077], [-76.9198062736503, 38.886131553857], [-76.9198052495709, 38.8861194814042], [-76.9198047186665, 38.8861047644068], [-76.9198048129896, 38.8860960867819], [-76.9198054049794, 38.8860840786537], [-76.9198069698446, 38.8860696853992], [-76.919808312826, 38.8860606588469], [-76.9198106313777, 38.8860490394929], [-76.9198135257496, 38.8860374208362], [-76.9198168809572, 38.8860259818836], [-76.919819097101, 38.8860217836149], [-76.920939825368, 38.8862787460149], [-76.9220401690645, 38.8864226290578], [-76.9232564511283, 38.8864759531848], [-76.9236162183148, 38.8865464541083], [-76.9239745580782, 38.8866581219738], [-76.9241152567096, 38.8865535031479], [-76.9241818012109, 38.8865456520798], [-76.9257062611127, 38.8867403118831], [-76.927954568199, 38.8870485459216], [-76.9302108559184, 38.8873485430656], [-76.9306533633324, 38.8853130921538], [-76.9329449808935, 38.8856251293079], [-76.9359180990568, 38.8859890253627], [-76.9361619395541, 38.8865565972852], [-76.9366027051348, 38.8875844237818], [-76.9368829022483, 38.8882412864377], [-76.9369613503255, 38.888424198867], [-76.9375452058528, 38.8897794117885], [-76.9375452013612, 38.8897836112337], [-76.937542989709, 38.8897836098352], [-76.9375411894852, 38.8897793992028], [-76.934877454699, 38.8897716289002], [-76.9331094525406, 38.8897698137551], [-76.9320586904578, 38.8897685404966], [-76.9300562657394, 38.8897714533989], [-76.9300523050673, 38.8922363048672], [-76.9292772018093, 38.8921516098443]]]}, "properties": {"Route": "R714_2B", "ROUTE_NUMB": 714, "CollectionDay": "Tuesday", "RunsPerWeek": 1, "RStatus": "Scheduled Other Day", "RecycleRouteArea": "OR_714B"}}, {"type": "Feature", "geometry": {"type": "MultiPolygon", "coordinates": [[[[-76.9497495035038, 38.8977370119156], [-76.9498688824185, 38.8976428355472], [-76.9499601359801, 38.8977103477918], [-76.9500329543153, 38.897764158429], [-76.9503684598026, 38.8980292378644], [-76.9504920886469, 38.8981237877529], [-76.9505699761753, 38.8981834560505], [-76.950643485315, 38.8982397894716], [-76.9507876226973, 38.8983500225292], [-76.9511252095811, 38.8986151906635], [-76.9512172689314, 38.8986874762786], [-76.9513013781914, 38.8987536326355], [-76.9514005809449, 38.8988315061697], [-76.9520285293796, 38.8993189381069], [-76.9523253372411, 38.8995522860374], [-76.9523451549746, 38.8995678783334], [-76.9524203951678, 38.8996256529231], [-76.9524964420482, 38.8996839678784], [-76.9528946526372, 38.8999896023945], [-76.9529659761758, 38.900044222269], [-76.9528817770842, 38.9001096789543], [-76.9524718524639, 38.9004285890129], [-76.9520020578248, 38.900797379131], [-76.9514075698378, 38.9012641267277], [-76.9513332872486, 38.9013223802153], [-76.9512270533814, 38.9014058429846], [-76.9511085934433, 38.9014987601896], [-76.9507458887658, 38.9017780556665], [-76.9514013373263, 38.9022997134658], [-76.9513363316391, 38.9025737843459], [-76.9511760569211, 38.9027703534539], [-76.9507258859794, 38.9031366224224], [-76.9514145722054, 38.903735729439], [-76.9511750220619, 38.9039172094194], [-76.949651627562, 38.9026442748839], [-76.9496425249333, 38.9026365234658], [-76.9495728183622, 38.9025778488107], [-76.9493906975147, 38.9024245419866], [-76.9491958286751, 38.9022605017732], [-76.949122435418, 38.902198672531], [-76.9490522689095, 38.9021396367854], [-76.9490460471779, 38.9021343195321], [-76.948830136201, 38.901947121344], [-76.9483580975703, 38.901554239486], [-76.9482784709036, 38.9014863205285], [-76.9480955056398, 38.901330259012], [-76.9479725954476, 38.9012253527962], [-76.9479448294205, 38.901201648556], [-76.9479054275155, 38.9011676696916], [-76.9474732713885, 38.9007954307397], [-76.947444814557, 38.9007709153998], [-76.9473661266296, 38.9007030467272], [-76.9472930819189, 38.900642568191], [-76.9468808531199, 38.9003007843896], [-76.9467570014934, 38.9001981228796], [-76.9467538897292, 38.900195778778], [-76.9466832632833, 38.9001410660389], [-76.9467312503874, 38.9001014511678], [-76.946752475781, 38.9000838043139], [-76.9467792374916, 38.9000617460899], [-76.9468416389628, 38.9000159217016], [-76.9468810875802, 38.899986662646], [-76.9469387603198, 38.8999437192345], [-76.9469960872079, 38.8999005947278], [-76.9470531841274, 38.8998572003388], [-76.9471099351955, 38.899813536067], [-76.9471664544982, 38.8997696906989], [-76.9472227456288, 38.8997256649331], [-76.9472788049942, 38.8996814594687], [-76.9473345185081, 38.8996369834206], [-76.9473898870689, 38.8995923269739], [-76.9475585268989, 38.8994586280219], [-76.9478102141803, 38.899261547781], [-76.9481868202867, 38.8989666017419], [-76.9486273253559, 38.8986190735834], [-76.9491152318278, 38.8982365217611], [-76.9496594213454, 38.8978080490806], [-76.9497495035038, 38.8977370119156]]], [[[-76.9358428678467, 38.9060772862393], [-76.9366606859965, 38.902874649887], [-76.9366494202245, 38.9028382411228], [-76.936593585438, 38.902775683942], [-76.9336528461509, 38.9029125994027], [-76.9337654859044, 38.9029070780762], [-76.9337638419874, 38.9028155517861], [-76.9337623058683, 38.9027311427203], [-76.933759780704, 38.902488647247], [-76.9337592363249, 38.9024363879613], [-76.9337605667299, 38.9021208257593], [-76.9337606880024, 38.9019090168136], [-76.9337607481896, 38.9018012088313], [-76.9337603475409, 38.9016123032817], [-76.9337614237227, 38.9015696957185], [-76.9337632266414, 38.9014914127223], [-76.9337651463412, 38.9014103388572], [-76.933763199692, 38.9010726477708], [-76.9337618701854, 38.9008420893497], [-76.9337616563863, 38.9008238924884], [-76.9337611443466, 38.9007539873874], [-76.9337604140163, 38.9006721010239], [-76.9386009176528, 38.900673934766], [-76.9391929873751, 38.9008367552209], [-76.9391907963841, 38.9005673140812], [-76.9426112486094, 38.9019352158651], [-76.942490044318, 38.9020386983888], [-76.942484852954, 38.9020428397838], [-76.9422087970739, 38.9022625074493], [-76.9420785745954, 38.9023681286943], [-76.941985802881, 38.9024433746037], [-76.9418963980524, 38.9025153067803], [-76.9415567728912, 38.9027871901052], [-76.9415221652949, 38.902813567098], [-76.9414852535199, 38.9028382320348], [-76.9414464993002, 38.902860823493], [-76.9414057858549, 38.9028814316561], [-76.9413507766202, 38.902902304065], [-76.941293464105, 38.9029190302305], [-76.9412343136368, 38.9029313424083], [-76.9411740124268, 38.9029391490214], [-76.9411129072245, 38.9029423612883], [-76.9410744009399, 38.9029429722832], [-76.9410358973501, 38.9029407009763], [-76.9410285185884, 38.9029400669119], [-76.9410233739368, 38.9030281661617], [-76.9410225564698, 38.9030411375509], [-76.941021619527, 38.903058433432], [-76.9410167632346, 38.9030752763066], [-76.9410078735065, 38.9030911264876], [-76.9409954102803, 38.9031053534079], [-76.9409798370865, 38.9031175970439], [-76.94096149798, 38.9031274064919], [-76.9408149899437, 38.9032398473334], [-76.9406704402347, 38.9033538196693], [-76.940527848853, 38.9034692340112], [-76.9403871008143, 38.9035861812312], [-76.9403679882583, 38.9035915193479], [-76.9402726994645, 38.9036799952879], [-76.9399651908714, 38.903910676618], [-76.9377450315962, 38.9057218831176], [-76.9377291664499, 38.905736372354], [-76.9375214984141, 38.9059003821669], [-76.9373736806341, 38.9060144557883], [-76.9373057958464, 38.9060878097052], [-76.9358428678467, 38.9060772862393]]], [[[-76.9393231191238, 38.9065484506343], [-76.9395073375374, 38.9063411756233], [-76.9395681543805, 38.906272653774], [-76.939861392337, 38.9059403069766], [-76.9398963583611, 38.9059018592588], [-76.9399254386235, 38.9058698043319], [-76.9401500030715, 38.9056227303002], [-76.9401985228766, 38.9055721901952], [-76.9402230459855, 38.9055466474985], [-76.9402993147498, 38.9054726373099], [-76.9403379683581, 38.9054354525298], [-76.9404381161393, 38.905345780597], [-76.9405420655907, 38.9052588131984], [-76.9409296006009, 38.9049273221967], [-76.9412828460184, 38.9046504928156], [-76.9413196473006, 38.9046215949878], [-76.9413387975858, 38.9046066504343], [-76.9414112664764, 38.9045500578186], [-76.9415014600259, 38.9044796243987], [-76.9415424142197, 38.9044475751212], [-76.9416523545358, 38.9043617803521], [-76.9419587617943, 38.9041169954106], [-76.9420319655068, 38.9040585219123], [-76.9421887960841, 38.9039332488602], [-76.9422872442527, 38.9038560653103], [-76.9425869069601, 38.9036211257549], [-76.9426521515992, 38.9035688057844], [-76.9427835993798, 38.9034633960476], [-76.9428313556169, 38.9034293679322], [-76.9428822227199, 38.9033980438198], [-76.9429357389546, 38.9033696935566], [-76.9429916734541, 38.9033444975077], [-76.943049911234, 38.9033224549772], [-76.9431099905602, 38.9033037470286], [-76.9431366283033, 38.9032960124603], [-76.9431639559526, 38.903289900445], [-76.9432172278455, 38.9032783957615], [-76.9432714196134, 38.9032701340875], [-76.943292160815, 38.9032675635868], [-76.9433336809474, 38.9032624169924], [-76.9433966312892, 38.9032582141499], [-76.9434289131473, 38.9032563378308], [-76.9434878264603, 38.9032543846134], [-76.9435467370783, 38.9032557638897], [-76.9436054141343, 38.9032604770577], [-76.9440267895796, 38.9032603190666], [-76.9440735980941, 38.9032572787867], [-76.9440770575063, 38.9032570103416], [-76.9442647577899, 38.9032650937528], [-76.9443203473363, 38.9032674685125], [-76.9443830326752, 38.9032701732358], [-76.9444024847943, 38.9032734204414], [-76.9444204951175, 38.9032801846955], [-76.9444272917709, 38.9032845762872], [-76.9444359784797, 38.9032901863668], [-76.9444478569027, 38.903302718689], [-76.9444515139442, 38.9033097381027], [-76.9444554117342, 38.9033172203034], [-76.9444565858323, 38.9033227947277], [-76.944458642076, 38.9033325643001], [-76.9444598467168, 38.903483749573], [-76.9444606111831, 38.9035797315889], [-76.9444613388185, 38.9036633804541], [-76.9445582957838, 38.9036636062542], [-76.9446399194054, 38.9036637348833], [-76.9447703835307, 38.9036608099675], [-76.9449546612332, 38.9036566770557], [-76.945048622317, 38.9036545595674], [-76.9450619811635, 38.9036738434586], [-76.9450777609698, 38.9036920479783], [-76.9450957335637, 38.9037088117076], [-76.9451002260385, 38.9037129578988], [-76.9454429054716, 38.9041083150929], [-76.9456798469075, 38.9043802971773], [-76.9457633587879, 38.9044766359017], [-76.9458260207706, 38.9045489120544], [-76.9459066526522, 38.9046418251462], [-76.9459412099428, 38.9046816583875], [-76.9462074157958, 38.9049842815175], [-76.9462199697519, 38.9050010428445], [-76.9462309112321, 38.9050157314596], [-76.9462489862339, 38.9050493407781], [-76.9462612958482, 38.9050843894403], [-76.9462677250907, 38.9051205153325], [-76.9462676065131, 38.9051243888089], [-76.9462654227086, 38.9054221138754], [-76.9462655924902, 38.9055027392605], [-76.9462657649668, 38.9055800307715], [-76.9462659401382, 38.9056530887393], [-76.9462661853783, 38.9057872234197], [-76.9462655502694, 38.9060595625772], [-76.9462653337754, 38.9061522409093], [-76.9462668959457, 38.9063735770636], [-76.9462649043807, 38.9064163655926], [-76.9462622309944, 38.9064452815641], [-76.9462571483266, 38.9064571702087], [-76.9462505654722, 38.9064727512017], [-76.9462308321803, 38.9064973351763], [-76.9462040686731, 38.9065174117097], [-76.9461718910196, 38.9065318099081], [-76.94614018049, 38.9065389121887], [-76.9461362602422, 38.9065398111584], [-76.9457599424949, 38.9065430603117], [-76.945388352581, 38.9065455894503], [-76.944927647096, 38.9065416797011], [-76.9443651337431, 38.9065421340793], [-76.9442191745775, 38.9065410736306], [-76.9441380064017, 38.9065434671549], [-76.9440570681946, 38.9065474817604], [-76.9439762440735, 38.9065531188448], [-76.9438956481245, 38.906560556664], [-76.9438706623832, 38.9065642021738], [-76.9437953323584, 38.9065751925283], [-76.9436965104907, 38.9065954137415], [-76.9435996442552, 38.906620860292], [-76.9435054262533, 38.9066516237488], [-76.9434763630589, 38.9066628699392], [-76.943407973418, 38.9066895915179], [-76.9433418870575, 38.9067195573384], [-76.9433041721886, 38.9067371053764], [-76.9432676098583, 38.9067559151793], [-76.9432320832854, 38.9067761663998], [-76.9431629902636, 38.9068168505741], [-76.9431010442383, 38.9068589796411], [-76.943041748243, 38.9069034518643], [-76.9429851022778, 38.9069499974103], [-76.9429314521941, 38.9069985260988], [-76.9428806821092, 38.9070490386249], [-76.9428330246867, 38.9071013532346], [-76.9427966716638, 38.9071439455945], [-76.9427604264387, 38.9071991485544], [-76.9427358377528, 38.9072373320329], [-76.9427132091908, 38.9072762368961], [-76.9426807665343, 38.9073325232582], [-76.9426513206576, 38.9073898022054], [-76.9426246406936, 38.9074478926852], [-76.9424632969804, 38.9077927429833], [-76.9423624772594, 38.9079997054843], [-76.9423215958292, 38.9080835525589], [-76.9421666067983, 38.9084064252244], [-76.9421500921701, 38.9084410996492], [-76.9421037804239, 38.9085380962364], [-76.9420640515322, 38.9086184314834], [-76.9420470769665, 38.9086527444099], [-76.9420287145038, 38.9086893095693], [-76.9420112755092, 38.9087260550574], [-76.9419947563895, 38.9087631612216], [-76.9419791625345, 38.9088005378876], [-76.9419643744682, 38.9088380054066], [-76.9419506230579, 38.9088758336002], [-76.9419377942173, 38.9089137519473], [-76.9419258879465, 38.9089519414937], [-76.9419149033472, 38.9089902218921], [-76.9419049563021, 38.9090287727901], [-76.9418987974525, 38.9090541366832], [-76.9418961644904, 38.9090649819554], [-76.9418879484988, 38.9091012812755], [-76.9418805400927, 38.9091376714494], [-76.9418739383736, 38.9091741517779], [-76.941867913373, 38.9092107229598], [-76.9418625800752, 38.909247294123], [-76.9418580534645, 38.9092839554403], [-76.9418541035722, 38.9093207076108], [-76.941850960367, 38.9093574604613], [-76.9418485088646, 38.9093943034657], [-76.9418483184217, 38.9094868187679], [-76.9418480192827, 38.9095709569727], [-76.9418477129572, 38.9096637872993], [-76.9418463699759, 38.9098964273851], [-76.9418458884789, 38.9099217406395], [-76.9418449452479, 38.9099470538848], [-76.9418436561654, 38.9099722762499], [-76.9418419062472, 38.909997498606], [-76.9418396954933, 38.9100227209531], [-76.9418371370914, 38.9100479432913], [-76.9418342346347, 38.9100731649215], [-76.9418307554596, 38.9100982963706], [-76.9418270454175, 38.9101233376389], [-76.941822758657, 38.9101484690703], [-76.9418177801937, 38.9101744106426], [-76.9418119941449, 38.9102002620334], [-76.9418052855264, 38.9102260225438], [-76.9417976552363, 38.9102516921741], [-76.9417892173609, 38.9102770912796], [-76.9417799727983, 38.9103023100323], [-76.9417699215486, 38.9103274386044], [-76.9417589477291, 38.9103522959532], [-76.9417505161418, 38.9103702184592], [-76.9417416237188, 38.9103879606172], [-76.9417322704601, 38.9104057020717], [-76.9417122919282, 38.9104439781911], [-76.9416080136934, 38.9106435507929], [-76.9413638893284, 38.9111086196723], [-76.9413541884216, 38.9111279826224], [-76.9413441416635, 38.9111472553966], [-76.9413306301033, 38.9111725619138], [-76.94131677359, 38.9111976880808], [-76.941302456241, 38.9112226338976], [-76.9412875621736, 38.9112473993643], [-76.9412735915743, 38.9112704536785], [-76.9412590451549, 38.911293327644], [-76.9412442678685, 38.9113160212612], [-76.9412290297463, 38.9113386247006], [-76.9412117138209, 38.9113636592403], [-76.9411940520441, 38.9113885134303], [-76.9411758144472, 38.9114130971004], [-76.9411380726289, 38.911459831214], [-76.941099178272, 38.9115059341048], [-76.9410589014079, 38.9115514064732], [-76.9410175860914, 38.9115962469223], [-76.9409750023536, 38.9116403659821], [-76.940931153788, 38.9116837643531], [-76.9408862658716, 38.9117265315076], [-76.940840226315, 38.9117683969368], [-76.9407930342198, 38.9118096311521], [-76.9407446895862, 38.9118499636451], [-76.9406878073641, 38.9118957873853], [-76.9406291976817, 38.911940259249], [-76.9405749753711, 38.9118901339492], [-76.940528527081, 38.9118515433648], [-76.9405141225955, 38.9118423872809], [-76.9396744960455, 38.9115217376679], [-76.9391115083822, 38.9113070755061], [-76.9386183997665, 38.9111203167094], [-76.9383587543101, 38.9110203661851], [-76.9383504430971, 38.9110160869118], [-76.9381971464922, 38.9108799238258], [-76.9378707112943, 38.9107533941224], [-76.9378558342949, 38.9107466851025], [-76.9378308701132, 38.9107367753519], [-76.9378108987678, 38.9107300670295], [-76.9377875120277, 38.9107235110889], [-76.937760633536, 38.9107174276731], [-76.9376491768638, 38.9106889517165], [-76.9374356625921, 38.9106336997442], [-76.9365617096185, 38.9096744136874], [-76.9366257082943, 38.9096031933697], [-76.9366411736902, 38.9095848246996], [-76.936736394212, 38.9094724519256], [-76.9369162072875, 38.9092693208335], [-76.9371418281543, 38.9090244158057], [-76.9373466799716, 38.9087961641127], [-76.9374627836289, 38.9086649745068], [-76.937535028839, 38.9085843883632], [-76.9375691899726, 38.9085463013755], [-76.9376511298012, 38.9084549102768], [-76.937653776238, 38.9084519568984], [-76.9377621525872, 38.9083310143736], [-76.9377726547912, 38.9083192190133], [-76.937875021411, 38.9082050477365], [-76.9379112594496, 38.9081637191556], [-76.9379472675195, 38.908122299677], [-76.9379830447223, 38.9080807899997], [-76.9380185928547, 38.9080391901234], [-76.9380540242061, 38.907997500747], [-76.9380991510744, 38.9079438348747], [-76.9381153530889, 38.9079243696967], [-76.938144047974, 38.9078898984373], [-76.9381885981239, 38.9078358717839], [-76.9382328033207, 38.9077817549144], [-76.9382412286198, 38.9077714001661], [-76.9383435907481, 38.9076604708191], [-76.9384443386038, 38.9075486402447], [-76.9385433589993, 38.9074358182633], [-76.9386406492395, 38.9073220936475], [-76.9387103531157, 38.9072447488093], [-76.9387460126392, 38.9072050407356], [-76.938838959525, 38.9071016447333], [-76.9389232727026, 38.9070078505768], [-76.9389387372002, 38.9069901117682], [-76.9389445079776, 38.9069833590522], [-76.9391765823414, 38.9067147723988], [-76.9392214846308, 38.9066628056273], [-76.9393231191238, 38.9065484506343]]]]}, "properties": {"Route": "R712_2A", "ROUTE_NUMB": 712, "CollectionDay": "Tuesday", "RunsPerWeek": 1, "RStatus": "Scheduled Other Day", "RecycleRouteArea": "OR_712A"}}, {"type": "Feature", "geometry": {"type": "Polygon", "coordinates": [[[-76.9338142096271, 38.8989963708744], [-76.9338163260579, 38.8989921551952], [-76.9336200423717, 38.8989599118825], [-76.933373830322, 38.898916407157], [-76.9328319925937, 38.8988192037678], [-76.9324297297045, 38.8987485045902], [-76.932143475251, 38.8986961614538], [-76.9318906569907, 38.8986538618513], [-76.9317388318262, 38.8986318849802], [-76.9316641512833, 38.8986210332204], [-76.9315218114299, 38.8985955439526], [-76.9313747509297, 38.8985718814809], [-76.931151532158, 38.8985313981239], [-76.9310976053932, 38.898521617404], [-76.9308694737352, 38.8984831712617], [-76.9306649111754, 38.8984484220611], [-76.9305539485765, 38.8984285201241], [-76.9304552911004, 38.8984120124255], [-76.9303395305997, 38.8983944665246], [-76.9302237709972, 38.8983758915093], [-76.9301395799905, 38.8983655598584], [-76.9300830121787, 38.898360385643], [-76.9300277595005, 38.8983562391392], [-76.9299777673567, 38.8983541536526], [-76.9299290903463, 38.898352068166], [-76.9298896228644, 38.8983499882722], [-76.9298593640123, 38.8983489423827], [-76.9298317363258, 38.8983478971924], [-76.9297988445116, 38.8983478776169], [-76.9297659544941, 38.8983468296301], [-76.9297383600452, 38.8983469883312], [-76.9297069360783, 38.898346587034], [-76.9296731872714, 38.8983465667594], [-76.9296162763032, 38.8983486012102], [-76.9295884671569, 38.8983491793857], [-76.9295679676022, 38.8983496058514], [-76.9295355420136, 38.8983501036276], [-76.9295137048674, 38.8983500903443], [-76.929489220386, 38.8983495583109], [-76.9294534863023, 38.8983505713416], [-76.929417089262, 38.8983510663213], [-76.9293820163383, 38.8983515620002], [-76.929346944313, 38.8983525750308], [-76.9293065767191, 38.8983535845658], [-76.9291988875811, 38.8983536453895], [-76.9291533546743, 38.8983540739525], [-76.9287584022748, 38.8983577918934], [-76.9285291108918, 38.8983580121174], [-76.9283395915197, 38.8983581666238], [-76.9279309263374, 38.898358274988], [-76.927566529234, 38.8983576898213], [-76.9274649684029, 38.898357716388], [-76.9274585122109, 38.8983577128924], [-76.9274398065918, 38.8983573290734], [-76.9265302039761, 38.8983562062804], [-76.927240714772, 38.8965606152806], [-76.9274565080695, 38.8963607367149], [-76.9276227305331, 38.8960252777612], [-76.9280051774855, 38.8946918251099], [-76.9283920989464, 38.8938244664204], [-76.9288991044995, 38.8936692913929], [-76.9292772018093, 38.8921516098443], [-76.9300523050673, 38.8922363048672], [-76.9300562657394, 38.8897714533989], [-76.9320586904578, 38.8897685404966], [-76.9331094525406, 38.8897698137551], [-76.934877454699, 38.8897716289002], [-76.9375411894852, 38.8897793992028], [-76.937542989709, 38.8897836098352], [-76.9375452013612, 38.8897836112337], [-76.9475812946998, 38.8897989973104], [-76.9484764389309, 38.8898032079417], [-76.9485474956699, 38.889799358801], [-76.9485612416904, 38.889800178273], [-76.9486959988645, 38.8898039819651], [-76.9487398815661, 38.8898050049065], [-76.9488774540603, 38.8898082072794], [-76.9490187419865, 38.8898055146292], [-76.9491926037232, 38.889805517426], [-76.9492652657516, 38.8898015396312], [-76.9492846370224, 38.889800941109], [-76.9494137150472, 38.8898007537213], [-76.9494898894884, 38.8898010781538], [-76.9497582764509, 38.889802889802], [-76.9500119867383, 38.889806659932], [-76.950193777904, 38.8898036498412], [-76.9503125028452, 38.8898014319531], [-76.9504222823628, 38.8897996126136], [-76.9505981500376, 38.8898015375335], [-76.9507106658235, 38.8898027681398], [-76.9508401040728, 38.889801680172], [-76.9509580636494, 38.8898008893676], [-76.9510686534474, 38.8898084876619], [-76.9512721236559, 38.8897984232605], [-76.9512941943641, 38.8897973317966], [-76.951395315919, 38.8898016480084], [-76.9514109996055, 38.8898023178498], [-76.951449895759, 38.889803978469], [-76.9515496464848, 38.8898082366462], [-76.9516665640157, 38.8897972604774], [-76.9517619147932, 38.8897974534588], [-76.9518785286935, 38.8897994406084], [-76.9519554271767, 38.8898041001312], [-76.9520784272004, 38.8897990525478], [-76.9521623729671, 38.8897983841049], [-76.9522768201309, 38.8897990791178], [-76.9523677655703, 38.889798928788], [-76.9524573797064, 38.8898017871508], [-76.9525722562649, 38.8898020171903], [-76.9528716342064, 38.8897859682648], [-76.9529918467577, 38.8897984812948], [-76.9530883662434, 38.8897739950214], [-76.9491626134674, 38.8951408375099], [-76.9466413478921, 38.89402943926], [-76.9445418862585, 38.8934448085134], [-76.9426132204114, 38.8929467954629], [-76.9402476373664, 38.8919832445031], [-76.9392079470195, 38.8915348113472], [-76.939201135993, 38.8934407099655], [-76.9355183577385, 38.8929695774476], [-76.9348770046431, 38.8928875171016], [-76.9348742593916, 38.8950104287988], [-76.9340884167743, 38.8949082833097], [-76.9340720934873, 38.8949836741591], [-76.9340683115799, 38.8958354262787], [-76.9340681831208, 38.896221118311], [-76.9340677456413, 38.896583108759], [-76.9340684382424, 38.8966936974542], [-76.9340689107562, 38.8968059422378], [-76.934069152403, 38.8969182763337], [-76.9340692790655, 38.8970305207624], [-76.9340692907436, 38.8971428552021], [-76.9340690985041, 38.8972407935794], [-76.9340690715546, 38.8972550992758], [-76.934068622397, 38.8973674333603], [-76.9340680573567, 38.8974796777783], [-76.9340679693218, 38.8974963870437], [-76.9340679172195, 38.8975062518007], [-76.9340676162839, 38.8975831835745], [-76.9340671895841, 38.8975920506589], [-76.9340667754608, 38.8976501827137], [-76.9340663649307, 38.8977042324991], [-76.9340665347123, 38.8977141384759], [-76.9340667071888, 38.897724219933], [-76.9340680340005, 38.8978462557872], [-76.9340686942622, 38.8979160106417], [-76.9340788730727, 38.8980705849292], [-76.9340827789476, 38.8981634981092], [-76.9340859158645, 38.8982185905988], [-76.93408672345, 38.8982326856617], [-76.9340902125065, 38.8982978664645], [-76.9340891983086, 38.8983120586899], [-76.9340962734398, 38.898395923498], [-76.9341549280379, 38.8989099647808], [-76.9341641465494, 38.8990552211711], [-76.9340552294144, 38.899036767975], [-76.9340357000401, 38.8990334590532], [-76.9339616815557, 38.899020976314], [-76.9338791425508, 38.8990070582843], [-76.9338142096271, 38.8989963708744]]]}, "properties": {"Route": "R715_2A", "ROUTE_NUMB": 715, "CollectionDay": "Tuesday", "RunsPerWeek": 1, "RStatus": "Scheduled Other Day", "RecycleRouteArea": "OR_715A"}}, {"type": "Feature", "geometry": {"type": "Polygon", "coordinates": [[[-76.9843960579618, 38.9058880816888], [-76.9849519579174, 38.9050923831642], [-76.9828043214317, 38.9041781896279], [-76.9828402576363, 38.9041210555927], [-76.9829014248224, 38.9040237258063], [-76.9829701594163, 38.9039144313186], [-76.983043571538, 38.9038033764038], [-76.9830887819496, 38.9037349842294], [-76.9831628273835, 38.9036229076896], [-76.9832826491677, 38.9034376939025], [-76.9833290749999, 38.9033659821698], [-76.9816989588477, 38.9026855262837], [-76.9834446998551, 38.9001385394686], [-76.9835297963636, 38.9001563498997], [-76.9835356111584, 38.9001575670436], [-76.9836709845768, 38.9001859004125], [-76.9839060620086, 38.9002073126243], [-76.9840283640412, 38.9002184521733], [-76.9841547013062, 38.9002192079064], [-76.9841936504603, 38.9002342463644], [-76.9843584041783, 38.9002978586362], [-76.9843712411037, 38.900304324656], [-76.9843923883438, 38.9003149790111], [-76.9844036882518, 38.9003206711207], [-76.9844118494461, 38.9003247825545], [-76.9845492189211, 38.9003826935526], [-76.9847285864322, 38.9004595208402], [-76.9848597952609, 38.900516242555], [-76.9850897531938, 38.9006157912045], [-76.9851796547908, 38.9006559776534], [-76.9851911325652, 38.9006596703062], [-76.9852399865436, 38.9006753902945], [-76.9852953416298, 38.9007039101167], [-76.9853034758746, 38.9007080998276], [-76.9854382716763, 38.9007652282201], [-76.9854673456505, 38.9007775456651], [-76.9854966756445, 38.900789947], [-76.9855692649093, 38.9008073846476], [-76.9855972105995, 38.9008139310175], [-76.9856063913817, 38.9008158381614], [-76.985619450191, 38.9008180452191], [-76.9856551645118, 38.9008268175211], [-76.9856590075045, 38.9008283017095], [-76.9856664599281, 38.9008308904751], [-76.9857516049457, 38.9008671583515], [-76.9912984314323, 38.9032297317056], [-76.9913086210225, 38.9032340708696], [-76.99152416908, 38.9033258762502], [-76.991633345828, 38.9033719900165], [-76.9916500284412, 38.903379062553], [-76.9917212387921, 38.9034093205858], [-76.9918710427472, 38.9034729411982], [-76.9921659318072, 38.9035997425355], [-76.992253023474, 38.903636908004], [-76.9925102650387, 38.9037466831806], [-76.9927688208388, 38.9038570188414], [-76.9928372041914, 38.9038862008026], [-76.9929279636795, 38.9039249313369], [-76.9930023908975, 38.9039566921348], [-76.9930932474036, 38.9039954638756], [-76.9931217904734, 38.904007644442], [-76.9931321579301, 38.9040122023669], [-76.9930506915137, 38.9040756308945], [-76.9929735163493, 38.9041361330711], [-76.9929201240821, 38.9041778254142], [-76.9928161494778, 38.9042590135623], [-76.9927468372671, 38.9043190772688], [-76.9926681619162, 38.9043882958738], [-76.9926078625028, 38.9044413478595], [-76.992485830863, 38.9045488750041], [-76.9924190545964, 38.9046085057458], [-76.992261747912, 38.9047467612672], [-76.9922268025491, 38.9047801435182], [-76.9921611464817, 38.9048405360411], [-76.9921543103024, 38.904846824086], [-76.9920872690327, 38.904908367903], [-76.9920098207805, 38.9049754496101], [-76.991932084169, 38.9050443376198], [-76.991824018637, 38.9051402602032], [-76.9917385708872, 38.90521307675], [-76.9916878430231, 38.9052602986922], [-76.9916261907468, 38.9053147208739], [-76.9915023337304, 38.905424090102], [-76.9914568744855, 38.9054644346118], [-76.9913821499252, 38.9055317234123], [-76.9913690965058, 38.905542601379], [-76.9913116492433, 38.9055904704249], [-76.9912460183287, 38.9056507476139], [-76.9911758823629, 38.9057126954848], [-76.9910063217597, 38.905862569864], [-76.9909009520718, 38.9059568366927], [-76.9908546699701, 38.905992776194], [-76.9908020430675, 38.9060423100692], [-76.9906176943981, 38.9062057473552], [-76.9905605202236, 38.9062563806813], [-76.9904538704364, 38.9063508014761], [-76.9904022415621, 38.9063938542578], [-76.9903390971841, 38.9064518651626], [-76.990269743651, 38.9065139563374], [-76.9900549870092, 38.9067047782004], [-76.9900011258214, 38.9067518635364], [-76.9899387486047, 38.9068072296777], [-76.9898938535018, 38.9068442284937], [-76.9898438092556, 38.906892169362], [-76.9897749354228, 38.9069519798857], [-76.9897206717897, 38.9069995229282], [-76.9896620351579, 38.9070517466993], [-76.9895738223936, 38.9071296852307], [-76.989518477189, 38.9071788072788], [-76.989442556971, 38.9072464250985], [-76.989184348819, 38.9070991687414], [-76.9859646332288, 38.9058473193877], [-76.9857966581522, 38.9058207240201], [-76.9855955900387, 38.9058204297199], [-76.9854262055054, 38.9058401848816], [-76.985268719158, 38.9059179492817], [-76.9851029063262, 38.9060286408789], [-76.9849961217918, 38.9061445646722], [-76.9843960579618, 38.9058880816888]]]}, "properties": {"Route": "R510_2B", "ROUTE_NUMB": 510, "CollectionDay": "Tuesday", "RunsPerWeek": 1, "RStatus": "Scheduled Other Day", "RecycleRouteArea": "OR_510B"}}, {"type": "Feature", "geometry": {"type": "MultiPolygon", "coordinates": [[[[-76.9491626134674, 38.8951408375099], [-76.9530883662434, 38.8897739950214], [-76.9569781702383, 38.8897909913768], [-76.9568562203452, 38.8899100601435], [-76.9526931165015, 38.8943125179254], [-76.9516125213682, 38.8955931428694], [-76.9493563531248, 38.8952288031097], [-76.9491626134674, 38.8951408375099]]], [[[-76.9548647838194, 38.8960731686049], [-76.9547133530154, 38.8960496038724], [-76.9547052457199, 38.8960502897352], [-76.9546940904407, 38.8960466052326], [-76.9546748269678, 38.8960436079909], [-76.9544108435468, 38.8960025282183], [-76.9541406743268, 38.8959604835985], [-76.954026771542, 38.8959427315425], [-76.953825054845, 38.8959097981843], [-76.9536222889157, 38.8958766942188], [-76.9534233983185, 38.8958442229672], [-76.9532714994922, 38.8958194234619], [-76.9531461512724, 38.895798957274], [-76.9530218603697, 38.8957786644692], [-76.9529106094116, 38.8957605012679], [-76.9527824422785, 38.8957395757216], [-76.9526547440659, 38.8957187263766], [-76.952566048008, 38.8957042441848], [-76.95246889521, 38.8956883818677], [-76.9523248683205, 38.895664865948], [-76.9522467714846, 38.8956521141428], [-76.9520953802064, 38.8956274362226], [-76.9521041477636, 38.8956193183827], [-76.9521219945934, 38.8956025184851], [-76.9522259090105, 38.8955046967043], [-76.9523058411044, 38.8954268132294], [-76.9523148350371, 38.8954236153047], [-76.9524071423224, 38.8953342215753], [-76.9525481544658, 38.8952042411021], [-76.9527453095179, 38.8950225095288], [-76.9529060001559, 38.8948697638971], [-76.9529253390873, 38.8948513802284], [-76.952958354869, 38.8948199970982], [-76.9529718430729, 38.894807525504], [-76.9529918314863, 38.8947890439369], [-76.9532755490975, 38.8945267217859], [-76.9532837049019, 38.8945190953308], [-76.953445287567, 38.894367996544], [-76.9534619207729, 38.8943529945985], [-76.953508531658, 38.8943109545953], [-76.9535204226574, 38.8942977369039], [-76.9539706205485, 38.8938445346514], [-76.9540357313387, 38.8937806530121], [-76.9540595016594, 38.8937574566803], [-76.9544017705624, 38.8934233271419], [-76.9544746445932, 38.8933482681418], [-76.9545632085988, 38.893257047655], [-76.9546032474093, 38.8932135107696], [-76.9547319867693, 38.8930790076418], [-76.9547465592398, 38.8930576757834], [-76.9547674369853, 38.8930360635489], [-76.9548482530216, 38.892952416847], [-76.9551372536249, 38.8926532942714], [-76.9552134693886, 38.8925752916056], [-76.9555406313234, 38.8922404985736], [-76.9555520111815, 38.8922288543606], [-76.9556184990889, 38.8921612599947], [-76.9559786633307, 38.8917951252924], [-76.9560376323392, 38.8917343832664], [-76.9560942046426, 38.891676091149], [-76.956108765435, 38.8916610865373], [-76.9561483793424, 38.8916202447513], [-76.9561725080909, 38.891595370356], [-76.956216420437, 38.8915500970604], [-76.9562833592987, 38.8914810847873], [-76.95637578067, 38.8913858002931], [-76.9563895248939, 38.8913711696882], [-76.9565049602045, 38.8912483060488], [-76.9565416222479, 38.8912093064023], [-76.9565910718094, 38.8911681483205], [-76.9566867495736, 38.8910878352803], [-76.9567555488463, 38.8910364702663], [-76.9567656953174, 38.8910289154536], [-76.9567734935924, 38.8910204544819], [-76.9569445076697, 38.8908212714085], [-76.9569493855217, 38.8908155897247], [-76.9569692472726, 38.8907982936584], [-76.9570111950031, 38.8907617675297], [-76.9572148637393, 38.890584395291], [-76.9573243917286, 38.8904878720076], [-76.9574081398659, 38.8904190342021], [-76.9574302213539, 38.8904008843134], [-76.9574558790351, 38.8903819100604], [-76.9575891584805, 38.8902834860671], [-76.9576462931292, 38.890244771166], [-76.957713992864, 38.890199485123], [-76.957852402588, 38.8901091835429], [-76.95799008288, 38.890031385048], [-76.9580596313476, 38.8899943529989], [-76.9581513960505, 38.8899469663794], [-76.9583260303384, 38.8898610324278], [-76.9584059929751, 38.8898222291962], [-76.9585771831221, 38.8897403365202], [-76.9587248392054, 38.8897370782075], [-76.9587446578372, 38.889736641202], [-76.959180471904, 38.8897415412568], [-76.9592809745197, 38.8897427732625], [-76.9594630504514, 38.8897450386987], [-76.9597044205817, 38.8897498436605], [-76.9600435543644, 38.8897492045838], [-76.9601622451696, 38.8897498527502], [-76.960200103769, 38.8897500597159], [-76.9609493319536, 38.8897497842278], [-76.9611585693462, 38.8897499939903], [-76.9611579638817, 38.8897628957866], [-76.9611509839719, 38.8899077919158], [-76.9611518679142, 38.8899244966699], [-76.9611518607276, 38.889938454936], [-76.961151844558, 38.889967990822], [-76.9611518409647, 38.8899754415658], [-76.9611518283883, 38.889997212053], [-76.9611504216266, 38.8900563774575], [-76.9611464223269, 38.8902245313121], [-76.9611433680549, 38.8903529616767], [-76.9611431497643, 38.8903768233627], [-76.961142470638, 38.8904514296235], [-76.9611409012812, 38.8906236560822], [-76.9611407288046, 38.8906426225795], [-76.9611405653113, 38.8906612863182], [-76.9611404485303, 38.8906747570974], [-76.961139931999, 38.8907305336194], [-76.9611398053365, 38.8907441798844], [-76.9611396903522, 38.8907567158192], [-76.9611430338817, 38.890955598419], [-76.9611460818654, 38.8911369103937], [-76.9611465004803, 38.8911618248037], [-76.9611463917842, 38.8912445031332], [-76.9611463163257, 38.8913024404145], [-76.9611461977481, 38.8913919098371], [-76.9611461887649, 38.8913992143003], [-76.9611460126952, 38.8915333842982], [-76.9611459444232, 38.8915845552772], [-76.9611459102872, 38.8916107119913], [-76.961145869863, 38.8916848471006], [-76.9611458366253, 38.8917469854494], [-76.9611455985718, 38.8918657390996], [-76.9611444092024, 38.8918878711866], [-76.9611432117481, 38.8919105996735], [-76.9611403065964, 38.8919526683657], [-76.9611370555934, 38.8919965381374], [-76.961136415993, 38.8920036264898], [-76.9611347648895, 38.8920219584567], [-76.9611331119894, 38.8920403169879], [-76.9611298654779, 38.8920750882021], [-76.9611273448052, 38.8920980704334], [-76.9611260431464, 38.8921099495942], [-76.9611155193828, 38.8921729147066], [-76.9611130310495, 38.892184964456], [-76.96110454197, 38.8922260848918], [-76.9611021012474, 38.8922375347321], [-76.9610983921036, 38.8922526014494], [-76.96108753776, 38.8922966954738], [-76.9610791663599, 38.892326057681], [-76.961069425029, 38.8923600030203], [-76.9610254012918, 38.8924689258485], [-76.9610220999832, 38.8924770964873], [-76.9610030062918, 38.8925182677942], [-76.9609998523068, 38.8925250701295], [-76.9609685514091, 38.8925925655645], [-76.9609091251581, 38.8927062312702], [-76.9608780964499, 38.8927592947809], [-76.9608496306352, 38.892807979297], [-76.9608438212302, 38.8928179132247], [-76.96082018925, 38.8928542264451], [-76.9608146035256, 38.8928628095545], [-76.9607892521699, 38.8929017628466], [-76.9607829711495, 38.8929103990877], [-76.9607317501103, 38.8929808265043], [-76.9606663455711, 38.8930620400403], [-76.9606113875403, 38.8931235647065], [-76.9606027214928, 38.8931332671631], [-76.9605967342214, 38.8931399694573], [-76.9605215766732, 38.8932161976973], [-76.9605030794632, 38.8932332547564], [-76.9604456483704, 38.8932862143956], [-76.9603683151025, 38.893347239658], [-76.9603590417939, 38.8933545586028], [-76.9602758012047, 38.8934218309128], [-76.9602233333039, 38.8934652662904], [-76.9601889386083, 38.8934937701308], [-76.9601646248068, 38.8935139929721], [-76.9601571095012, 38.8935202442648], [-76.9601312299361, 38.893542456241], [-76.9601257403314, 38.8935471686553], [-76.9600715943777, 38.8935934978242], [-76.9600515080479, 38.8936127096365], [-76.9600354371875, 38.8936281228507], [-76.9600004909263, 38.8936630631859], [-76.959964504416, 38.8937004359155], [-76.9599443740688, 38.893722131149], [-76.9599293245929, 38.8937383490834], [-76.9598951832222, 38.893776713195], [-76.9598807383124, 38.8937936687399], [-76.9598713356463, 38.8938047065172], [-76.959861963523, 38.8938157079359], [-76.9598296654952, 38.8938550634263], [-76.9597985191077, 38.8938950495442], [-76.9597855923508, 38.8939123064022], [-76.9597769388797, 38.8939238566508], [-76.95976829529, 38.8939353971092], [-76.9597391081281, 38.8939762851073], [-76.9597295069343, 38.8939903537447], [-76.959721892814, 38.8940015103497], [-76.9597109585203, 38.8940175331528], [-76.9596834970221, 38.8940641871271], [-76.9596739712868, 38.8940805462149], [-76.9596633046911, 38.894098862264], [-76.9596446107501, 38.8941339890448], [-76.9596152439251, 38.8941898334661], [-76.9595894712596, 38.8942438040829], [-76.9595738046411, 38.8942790510483], [-76.9595619783204, 38.8943056598282], [-76.9595383319671, 38.8943637540218], [-76.9595355444948, 38.8943706009267], [-76.9595115298323, 38.8944361733095], [-76.959508209659, 38.8944462734101], [-76.9595041016632, 38.8944587646443], [-76.9594898211452, 38.8945021972903], [-76.9594872528618, 38.8945109976399], [-76.9594696602553, 38.8945716554894], [-76.9594534348846, 38.8946355084509], [-76.9594518466632, 38.8946420504956], [-76.9594457533906, 38.8946674069436], [-76.9594397984586, 38.8946955893871], [-76.9594382659327, 38.8947041247311], [-76.9594343636511, 38.8947258560143], [-76.9594217566944, 38.8947997200943], [-76.9594197282985, 38.8948323889861], [-76.9594187473382, 38.8948508572579], [-76.9594175651553, 38.8948731366362], [-76.9594159257299, 38.8949170968929], [-76.9594155116065, 38.8949389385779], [-76.9594150938899, 38.8949609676303], [-76.9594149537528, 38.8950049285317], [-76.9594152600783, 38.8950251670234], [-76.9594156203027, 38.8950487992148], [-76.9594170944381, 38.89509267057], [-76.9594184185548, 38.8951195034741], [-76.9594192593779, 38.8951365425972], [-76.9594222319032, 38.8951804138981], [-76.9594241102804, 38.8952028707584], [-76.9594258943346, 38.8952241956801], [-76.9594301541457, 38.8952659009469], [-76.9594351173376, 38.8952968643877], [-76.9594395559134, 38.895324553678], [-76.9594428320693, 38.8953411243189], [-76.9594461127167, 38.8953577166298], [-76.9594507058027, 38.8953809501933], [-76.9594636999333, 38.8954369866002], [-76.9594688957889, 38.8954565439943], [-76.9594785383052, 38.8954928439799], [-76.9594908793606, 38.8955341820343], [-76.9594951068323, 38.8955483412527], [-76.959513634585, 38.8956034784194], [-76.9595175970537, 38.8956141362764], [-76.9595340056807, 38.8956582568791], [-76.959543266413, 38.8956810177186], [-76.9595505903775, 38.8956990215341], [-76.9595561087283, 38.8957125850439], [-76.9595799401345, 38.8957663727247], [-76.9595881704991, 38.8957834221798], [-76.9595970296844, 38.8958017748447], [-76.9596057316646, 38.8958198017014], [-76.9596416310383, 38.8958890146092], [-76.9596653250022, 38.8959346137385], [-76.9596793126695, 38.895961528824], [-76.9596900466388, 38.8959823207677], [-76.9597011866467, 38.896003781789], [-76.9597162756485, 38.8960323468346], [-76.9597218973056, 38.8960431178891], [-76.959751752814, 38.8961003185509], [-76.9597846033057, 38.8961631801479], [-76.9597902034031, 38.8961738938526], [-76.959827986544, 38.8962460568059], [-76.9598643611265, 38.8963154412876], [-76.9599015558708, 38.8963862596446], [-76.9599070086446, 38.8963966307354], [-76.9599387497168, 38.8964569877414], [-76.9599760594455, 38.8965276262777], [-76.9599870575195, 38.8965469365743], [-76.959990685815, 38.8965533050559], [-76.9599995548818, 38.896569385312], [-76.9600048504504, 38.8965789838249], [-76.9600185533517, 38.8966049324531], [-76.9600319113, 38.8966309712609], [-76.9600352826773, 38.8966378039644], [-76.9600448075142, 38.8966571002484], [-76.9600572419944, 38.8966834089052], [-76.9600644321099, 38.8966992612122], [-76.9600692165371, 38.8967098070423], [-76.9600784736761, 38.896730728807], [-76.9600892480696, 38.8967562977468], [-76.9600938025281, 38.8967674182612], [-76.9600988034493, 38.896779632228], [-76.9601354987304, 38.896826299769], [-76.9601725838802, 38.8968734636676], [-76.9601311832237, 38.8968684298703], [-76.9601004311966, 38.8968646915763], [-76.9600340160527, 38.8968566836426], [-76.9600058592584, 38.8968536381945], [-76.9599754144551, 38.8968503466494], [-76.9599599391778, 38.8968486736105], [-76.9598960788425, 38.8968426631145], [-76.9598862216289, 38.8968407327922], [-76.9598347760109, 38.8968306644934], [-76.9598102295458, 38.8968287369674], [-76.9597842430812, 38.896826697579], [-76.959758143429, 38.8968246484027], [-76.9597066061828, 38.8968167872836], [-76.9592238102266, 38.8967426015998], [-76.9590987297047, 38.8967238751382], [-76.9590761029394, 38.8967203158165], [-76.9590533045958, 38.8967167411136], [-76.9587897712308, 38.8966771886531], [-76.9582843008985, 38.8966005502363], [-76.9577813817816, 38.8965350973076], [-76.957602007084, 38.8965117508608], [-76.9575690856255, 38.8965074665181], [-76.9575091096055, 38.8964993019362], [-76.9574056039219, 38.8964914372854], [-76.957343966917, 38.8964820533974], [-76.9572716785877, 38.8964710481968], [-76.957131397673, 38.8964496928872], [-76.9570349437643, 38.8964326135289], [-76.957008097612, 38.8964278607557], [-76.9569388060626, 38.8964155907971], [-76.956870616746, 38.8964035172955], [-76.9567066149178, 38.8963744783799], [-76.9565917823767, 38.8963537879269], [-76.9564878706546, 38.8963350648584], [-76.9563652012109, 38.8963129628222], [-76.9562538738961, 38.8962929029793], [-76.9562315723209, 38.8962888849973], [-76.9561853962203, 38.8962805644811], [-76.9561081734452, 38.8962666515076], [-76.9559438401387, 38.8962410795948], [-76.95582042689, 38.8962218761841], [-76.9557672142859, 38.8962135955113], [-76.9556905897888, 38.8962016729907], [-76.9556101016376, 38.8961891485041], [-76.9555982097399, 38.8961872971675], [-76.9555073280809, 38.8961731555551], [-76.9553689722558, 38.8961516260687], [-76.9553006751414, 38.8961409990547], [-76.9552328280829, 38.8961304412546], [-76.9552155139541, 38.8961277467466], [-76.9551607436713, 38.8961192234592], [-76.9551368727392, 38.8961155088968], [-76.9551275787693, 38.8961140623638], [-76.9550205094689, 38.8960974017133], [-76.9549463760001, 38.8960858651019], [-76.9548647838194, 38.8960731686049]]]]}, "properties": {"Route": "R715_2B", "ROUTE_NUMB": 715, "CollectionDay": "Tuesday", "RunsPerWeek": 1, "RStatus": "Scheduled Other Day", "RecycleRouteArea": "OR_715B"}}, {"type": "Feature", "geometry": {"type": "Polygon", "coordinates": [[[-77.0804008323624, 38.9496925352488], [-77.0801829684481, 38.9488195114176], [-77.0797576745516, 38.9480622874354], [-77.0796761021339, 38.9479170482083], [-77.0796679256681, 38.9479168987003], [-77.0795934167035, 38.9477826033253], [-77.0794703052888, 38.947560705379], [-77.079207407931, 38.9470868517492], [-77.0788888293987, 38.9465126298244], [-77.0786303993628, 38.9460468176848], [-77.0786271276985, 38.9460409839226], [-77.0785856740414, 38.9459670599828], [-77.0785597459674, 38.9459208222865], [-77.0784981547765, 38.9458109872887], [-77.0783260501445, 38.9455022084085], [-77.0780467639227, 38.9450002854548], [-77.0779304105338, 38.9447911783708], [-77.0776724449269, 38.9443260766472], [-77.0774664693171, 38.9439547068375], [-77.077030970559, 38.9431700124982], [-77.0814222958922, 38.9431673966309], [-77.0814808929982, 38.943096265825], [-77.0815245259681, 38.9430464168564], [-77.0815748747432, 38.9429887369999], [-77.0816112349526, 38.9429463946244], [-77.0816820338751, 38.9428629555539], [-77.081786571723, 38.9427407001567], [-77.0818427083434, 38.9426750522212], [-77.0818846003784, 38.9426260246135], [-77.0819702861818, 38.9425258033608], [-77.0820512037276, 38.9424336231871], [-77.0820890533438, 38.9423869919198], [-77.082301497722, 38.9421427510645], [-77.0825256094191, 38.9418791988324], [-77.0827303740999, 38.9416424357853], [-77.0830082418819, 38.9413148660595], [-77.0830179984842, 38.9413032340882], [-77.0830293999018, 38.9412896408613], [-77.0830643084337, 38.9412465575463], [-77.083139497423, 38.9411616261433], [-77.0832849517355, 38.9409915792731], [-77.083382174602, 38.9408756453278], [-77.0835396753225, 38.9406910534901], [-77.0837903511008, 38.9403991422242], [-77.0839503895619, 38.9402119359645], [-77.0841632570466, 38.9399632451926], [-77.0844102910548, 38.9396756622768], [-77.0844558976235, 38.9396199297986], [-77.084667758995, 38.9393746271393], [-77.0847025929668, 38.9393315077246], [-77.0848983214942, 38.9391043869267], [-77.0851338624566, 38.9388264471295], [-77.0851812378081, 38.9387728374116], [-77.0853512098396, 38.9385747350906], [-77.0854096757916, 38.9385071177749], [-77.0854751153651, 38.9384306076689], [-77.0856359488352, 38.938233691536], [-77.085693311656, 38.9382580290357], [-77.085701144067, 38.9382602768529], [-77.0857141292144, 38.9382640059794], [-77.0857316445658, 38.9382690347451], [-77.0857492030363, 38.938272104968], [-77.0858062981592, 38.9382806036296], [-77.0858236563054, 38.9382831868368], [-77.0858471176057, 38.9382831581889], [-77.0858939360017, 38.9382828311829], [-77.0859020953994, 38.9382827745858], [-77.0859334627725, 38.9382875070882], [-77.085964794213, 38.9382793004969], [-77.0860259021102, 38.9382653237857], [-77.0860911853768, 38.9382451549179], [-77.0861018582607, 38.9382418652922], [-77.0861639273552, 38.9382162113772], [-77.0862284066297, 38.9381765255244], [-77.0864199849405, 38.9382820611818], [-77.0864811134989, 38.9383568623546], [-77.0864873855362, 38.9383610044255], [-77.086508534573, 38.9383748113264], [-77.0865598903595, 38.9384062911903], [-77.0866195708337, 38.9384473065957], [-77.0866704828524, 38.9384843615836], [-77.0867772862514, 38.9385616087895], [-77.0868573503978, 38.9386200671361], [-77.0869109519725, 38.9386590190774], [-77.0870229018198, 38.9387403480512], [-77.0872483897359, 38.9389068172613], [-77.0873532491807, 38.9389844042855], [-77.0874214007681, 38.9390314088127], [-77.0875085553169, 38.9390968484088], [-77.0876470440927, 38.9391970968674], [-77.0879662586323, 38.9394294563662], [-77.0881143620765, 38.9395364944992], [-77.0882118607259, 38.9396079432994], [-77.0884585318147, 38.9397887669878], [-77.0887050510883, 38.9399653546104], [-77.0888448855403, 38.9400695593519], [-77.088902618467, 38.9401118335742], [-77.0889592473642, 38.9401532986625], [-77.0890286062873, 38.9402005574447], [-77.0891625082652, 38.9403009377966], [-77.0894535812819, 38.9405144488096], [-77.0895104437411, 38.9405562210941], [-77.0895232698867, 38.9405653762676], [-77.0896455629362, 38.9406526595348], [-77.0897492240284, 38.9407310726159], [-77.0899679099012, 38.9408922262964], [-77.0900823031661, 38.9409750500318], [-77.0901699176524, 38.9410375735419], [-77.0902671701634, 38.9411066494321], [-77.0903149955708, 38.9411413539926], [-77.090382705187, 38.9411904902272], [-77.0904442577503, 38.9412350366573], [-77.0905110097624, 38.941283319713], [-77.0905323474453, 38.941298658296], [-77.0905988632006, 38.9413464738777], [-77.0906561505629, 38.9413877663638], [-77.0906623956507, 38.9413922855556], [-77.0908644195716, 38.9415400262159], [-77.0906975368463, 38.9416825829345], [-77.090664786966, 38.9417274413729], [-77.0906633631363, 38.9417320800201], [-77.0906160515652, 38.9418863178375], [-77.0906139018967, 38.9424997967603], [-77.090614800212, 38.9431704512708], [-77.0906147040923, 38.9455451263499], [-77.0906138111669, 38.9462942560939], [-77.0906122939124, 38.947913857539], [-77.0906112177307, 38.9496995696351], [-77.0905560521891, 38.9496995458821], [-77.0862099552338, 38.9496975659983], [-77.0862095087711, 38.9496975659983], [-77.081614216461, 38.9496952975851], [-77.0814238203332, 38.9496947156362], [-77.0812840631363, 38.9496950949858], [-77.0810024484812, 38.9496948581543], [-77.0808943667795, 38.9496947687312], [-77.0805426745491, 38.9496934217953], [-77.0804008323624, 38.9496925352488]]]}, "properties": {"Route": "R321_4", "ROUTE_NUMB": 321, "CollectionDay": "Thursday", "RunsPerWeek": 1, "RStatus": "Scheduled Other Day", "RecycleRouteArea": "OR_321"}}, {"type": "Feature", "geometry": {"type": "Polygon", "coordinates": [[[-77.0812884226603, 38.9520734629382], [-77.080769235952, 38.9510615391462], [-77.080644129379, 38.9507103028825], [-77.0805153666628, 38.9501851187519], [-77.0804008323624, 38.9496925352488], [-77.0805426745491, 38.9496934217953], [-77.0808943667795, 38.9496947687312], [-77.0810024484812, 38.9496948581543], [-77.0812840631363, 38.9496950949858], [-77.0814238203332, 38.9496947156362], [-77.081614216461, 38.9496952975851], [-77.0862095087711, 38.9496975659983], [-77.0862099552338, 38.9496975659983], [-77.0905560521891, 38.9496995458821], [-77.0906112177307, 38.9496995696351], [-77.0906076801651, 38.950977325093], [-77.0906074681627, 38.9510536498028], [-77.0906093734894, 38.951846989341], [-77.0906089872138, 38.9521179340679], [-77.0906098576813, 38.9547099746956], [-77.0934763898378, 38.9547379858997], [-77.0933292089633, 38.954854519599], [-77.0931770666935, 38.9549721980565], [-77.0930289659442, 38.9550930897176], [-77.0927699888343, 38.9552958094892], [-77.0926511803498, 38.9553870578214], [-77.0925500650831, 38.9554693679455], [-77.0924984838195, 38.9555100570315], [-77.0920170164716, 38.9558859677], [-77.0916167963513, 38.9561983603737], [-77.0913481183346, 38.9564091103319], [-77.0912492048387, 38.9564845567016], [-77.0911517915293, 38.9565623962251], [-77.0906165150959, 38.9569798194271], [-77.0905303963045, 38.9570427828763], [-77.090437683879, 38.9571194684889], [-77.0903727240059, 38.9571703490909], [-77.0899751584072, 38.95747957171], [-77.089425072348, 38.9579116050044], [-77.0890350328348, 38.9582167868614], [-77.0889677876476, 38.9582717572887], [-77.0888689558984, 38.9583501110647], [-77.0887817249927, 38.9584230196963], [-77.0887125493259, 38.9584776965803], [-77.0886552754384, 38.9585262242528], [-77.0876998075392, 38.9592811465707], [-77.0875857232948, 38.9593693735498], [-77.0874719786135, 38.9594604950939], [-77.0869499029232, 38.9598561025758], [-77.0866398538945, 38.9600851315946], [-77.0865577272162, 38.9601480028746], [-77.0864800004863, 38.9602109174068], [-77.0863172140787, 38.960338533799], [-77.086233968998, 38.9604039369625], [-77.0860724276554, 38.9605364789089], [-77.0858810065498, 38.9606854502593], [-77.0857349782138, 38.9607900052307], [-77.0857133135441, 38.9607475163241], [-77.0856945809755, 38.9607107789201], [-77.0821828671039, 38.9538233030834], [-77.0819561251397, 38.953360846073], [-77.0817316810659, 38.9529373846312], [-77.0814179148085, 38.952325848], [-77.0812884226603, 38.9520734629382]]]}, "properties": {"Route": "R318_4", "ROUTE_NUMB": 318, "CollectionDay": "Thursday", "RunsPerWeek": 1, "RStatus": "Scheduled Other Day", "RecycleRouteArea": "OR_318"}}, {"type": "Feature", "geometry": {"type": "Polygon", "coordinates": [[[-77.0906147040923, 38.9455451263499], [-77.090614800212, 38.9431704512708], [-77.0906139018967, 38.9424997967603], [-77.0906160515652, 38.9418863178375], [-77.0906633631363, 38.9417320800201], [-77.090664786966, 38.9417274413729], [-77.0906975368463, 38.9416825829345], [-77.0908644195716, 38.9415400262159], [-77.0906623956507, 38.9413922855556], [-77.0906561505629, 38.9413877663638], [-77.0905988632006, 38.9413464738777], [-77.0905323474453, 38.941298658296], [-77.0905110097624, 38.941283319713], [-77.0907695071719, 38.941057777948], [-77.0927447129372, 38.9375704835925], [-77.0927251691899, 38.9375639713572], [-77.0932736688242, 38.936966829678], [-77.0960484192098, 38.9359389801604], [-77.098807309839, 38.9359694199629], [-77.0991210509436, 38.935935468224], [-77.0994728824128, 38.9358022968099], [-77.0997669926335, 38.9357152961584], [-77.1002321546606, 38.9357130063351], [-77.100554180927, 38.9356298529291], [-77.1010381869139, 38.9351700121761], [-77.1012891178138, 38.9352994247499], [-77.1018748499218, 38.9355118502789], [-77.1026410984861, 38.9356741002911], [-77.1027752906199, 38.935719265092], [-77.1032763196814, 38.9357663102151], [-77.103561719837, 38.9357486589517], [-77.1075553591973, 38.9357475744831], [-77.1063605828015, 38.936044848959], [-77.1057538328108, 38.9363868903734], [-77.1052711922631, 38.936802022421], [-77.1047527700211, 38.9374558604775], [-77.1042766988531, 38.9382873023602], [-77.1040400367932, 38.9389183371311], [-77.1040115323509, 38.9390262815811], [-77.1040137502914, 38.9390285335664], [-77.1039954273545, 38.9391048271219], [-77.1039768780422, 38.9391873769501], [-77.1039639890145, 38.9392497937348], [-77.1039540698172, 38.9393047781741], [-77.103951938115, 38.9393159045997], [-77.103936808689, 38.9393949619812], [-77.1039262597726, 38.9394570613646], [-77.1039193894573, 38.9395159507811], [-77.1039121247816, 38.9395734566871], [-77.1039061761378, 38.9396318583022], [-77.1039008635012, 38.93968987278], [-77.1038961203965, 38.9397480031973], [-77.1038911095938, 38.9398050896858], [-77.1038890156209, 38.9398643072092], [-77.1038862712677, 38.9399224297976], [-77.1038843039573, 38.9399805788895], [-77.1038812649566, 38.9400350086825], [-77.1038770374849, 38.9401883705133], [-77.1038691556666, 38.9404620903586], [-77.1038593685216, 38.9407872248418], [-77.103854355024, 38.940933370223], [-77.1038479230865, 38.9411190052917], [-77.1038372214566, 38.9414432214662], [-77.1038274010739, 38.9417290944893], [-77.1038184960745, 38.9419921274509], [-77.1038077854614, 38.942357333912], [-77.1038019284457, 38.9425580674063], [-77.1037987663759, 38.9426621879884], [-77.1037887420757, 38.9429844198297], [-77.103773975569, 38.943402576267], [-77.1037625418121, 38.9436796059153], [-77.1037448683572, 38.944078754335], [-77.1037406408854, 38.9441619090122], [-77.1037353569949, 38.9442266570786], [-77.1037312804402, 38.9442921310054], [-77.1037251934558, 38.9443571842721], [-77.1037169684811, 38.944421584921], [-77.1037091136122, 38.9444869343047], [-77.1036980661309, 38.9445513229584], [-77.1036869351062, 38.9446171857437], [-77.1036774399136, 38.9446714603664], [-77.1036641412542, 38.9447454722918], [-77.1036503898438, 38.9448098739855], [-77.1036361066308, 38.9448747129853], [-77.1036203699436, 38.9449394624967], [-77.1036043206428, 38.9450039834856], [-77.1035871071253, 38.9450682060864], [-77.103570746109, 38.9451327360409], [-77.1035531876385, 38.9451971045455], [-77.1035343077461, 38.9452607952897], [-77.1035123735819, 38.9453359950226], [-77.1034961203634, 38.9453889842581], [-77.1034737603977, 38.9454424562282], [-77.1034608534037, 38.9454924334627], [-77.103437678666, 38.9455539567014], [-77.1033996089625, 38.945657479723], [-77.1033742486238, 38.9457187904267], [-77.1033487472495, 38.9457804308433], [-77.1033226224444, 38.9458417966344], [-77.1032958795984, 38.9459029450906], [-77.103269206821, 38.945964226937], [-77.1032395462469, 38.9460243594442], [-77.1031782829412, 38.9461444454502], [-77.1031370781174, 38.946224053441], [-77.1030944602437, 38.9463027132722], [-77.103050329607, 38.9463811438586], [-77.1030056042857, 38.9464596204693], [-77.1029579594396, 38.9465364251252], [-77.1029098178252, 38.9466133303033], [-77.1028608380827, 38.9466864089039], [-77.1028091903437, 38.9467655509872], [-77.1027574042643, 38.9468410970497], [-77.1027104115951, 38.9469083137788], [-77.1026694798592, 38.9469651520723], [-77.1026336505541, 38.9470137239576], [-77.1025961126533, 38.9470614756016], [-77.1025588846713, 38.9471092949818], [-77.1025060269017, 38.9471745552562], [-77.1024435284124, 38.9472515966759], [-77.1024046062078, 38.9472987228752], [-77.1023642071728, 38.9473450490988], [-77.1023225361234, 38.947390863887], [-77.1022306366732, 38.9474962621701], [-77.1021593050498, 38.947574741738], [-77.1012849128, 38.9471156114188], [-77.1005799823386, 38.9471324347547], [-77.1002759367509, 38.9470781962497], [-77.0999886824725, 38.9469046724376], [-77.0995566566013, 38.9465675003409], [-77.099422901947, 38.9462788089033], [-77.0991479159605, 38.9462971485119], [-77.0978068947347, 38.946298818988], [-77.097635087445, 38.9463533724824], [-77.0975502757024, 38.9464194739292], [-77.0973376956786, 38.9462672308439], [-77.0963547680779, 38.9455799936212], [-77.0943450741923, 38.9455442474368], [-77.0926173929153, 38.9455446379872], [-77.0906147040923, 38.9455451263499]]]}, "properties": {"Route": "R320_4", "ROUTE_NUMB": 320, "CollectionDay": "Thursday", "RunsPerWeek": 1, "RStatus": "Scheduled Other Day", "RecycleRouteArea": "OR_320"}}, {"type": "Feature", "geometry": {"type": "Polygon", "coordinates": [[[-77.0862117868986, 38.9254957888324], [-77.0862127894185, 38.9254865157032], [-77.086222036676, 38.9254009720952], [-77.0862303559739, 38.9253318424694], [-77.0862320304336, 38.9252596182289], [-77.0862430365924, 38.925207831364], [-77.0862517412675, 38.9251559242573], [-77.086259529661, 38.9250862856221], [-77.0862725821821, 38.9250150996396], [-77.0862847256081, 38.9249613138512], [-77.0862887338909, 38.9249435634558], [-77.0862971268506, 38.924913911431], [-77.0863028419325, 38.9248937240901], [-77.0863061423428, 38.9248820635674], [-77.0863094876689, 38.9248702464975], [-77.0863158279782, 38.9248535842089], [-77.0863218224361, 38.9248380121429], [-77.086335447184, 38.9248026182121], [-77.0863553412743, 38.9247548348051], [-77.0863643522749, 38.9247331937815], [-77.0863685303393, 38.924723820615], [-77.0863939014579, 38.9246669176689], [-77.086422844278, 38.9246014444908], [-77.0864431542883, 38.9245546826902], [-77.0864513496186, 38.9245358147062], [-77.0864574626541, 38.9245214970353], [-77.0864794031066, 38.9244701149743], [-77.0865066579923, 38.924405281777], [-77.0865111019581, 38.9243943689622], [-77.086545477789, 38.9243099569028], [-77.0865499307379, 38.9243003600426], [-77.0865763439022, 38.9242434420805], [-77.0866456659944, 38.9240845764079], [-77.0866523719179, 38.9240689077289], [-77.086667467208, 38.9240336441033], [-77.0866784023999, 38.9240083778145], [-77.0866857057032, 38.9239915042643], [-77.0866902143476, 38.9239810889824], [-77.0867186595011, 38.9239150253232], [-77.0867477577298, 38.9238471501241], [-77.0867769098574, 38.9237793049115], [-77.0867983885758, 38.9237280655821], [-77.0868222280668, 38.9236771707609], [-77.0868521105247, 38.9236088711169], [-77.0868806859339, 38.9235402261625], [-77.0869084339947, 38.9234713616944], [-77.0869338374526, 38.9234073138213], [-77.0869533425724, 38.923358018501], [-77.0869587423456, 38.9233429492988], [-77.0869660905646, 38.9233224421236], [-77.0869716152036, 38.9233070227758], [-77.0869791278143, 38.9232840436573], [-77.0869894620334, 38.9232524291863], [-77.0869931011086, 38.9232405363661], [-77.0870102077265, 38.9231846330255], [-77.0870110763974, 38.9231754860915], [-77.0870157296706, 38.9231265009127], [-77.0870193301183, 38.923073395101], [-77.0870234372157, 38.9230119439108], [-77.0870245484317, 38.9229953252154], [-77.0870281102518, 38.9229348433067], [-77.0870294424534, 38.9229122421629], [-77.0870282629654, 38.9228536108247], [-77.0870275056857, 38.922815957114], [-77.0870257045635, 38.9227994480973], [-77.0870207961688, 38.9227544407047], [-77.0870193112536, 38.9227408369335], [-77.0869772153011, 38.9225698869634], [-77.0869521882373, 38.9224991198844], [-77.0869361290549, 38.9224452266566], [-77.0869130432505, 38.9223894505857], [-77.0868834904742, 38.9223111947422], [-77.0868454063978, 38.9222385739523], [-77.0868050998893, 38.9221694146873], [-77.0867602676684, 38.9220993740544], [-77.0867108118187, 38.922034556163], [-77.0866940564421, 38.9220145497145], [-77.0866718689529, 38.9219880575504], [-77.0866587014474, 38.9219721423987], [-77.0866418562392, 38.9219517829922], [-77.086557905981, 38.9218503115564], [-77.0864919426897, 38.9217691721833], [-77.0864541424808, 38.9217128043167], [-77.0864102031853, 38.9216511024428], [-77.0863720571251, 38.9215999957642], [-77.086358010169, 38.9215811773149], [-77.0863077961413, 38.9215042386977], [-77.0862610055931, 38.9214256603853], [-77.0862245088397, 38.9213618762465], [-77.0861884594473, 38.9213022295263], [-77.0861817373541, 38.9212911072637], [-77.086158946197, 38.9212506753014], [-77.08613996749, 38.9212170072587], [-77.0861344715971, 38.9212065035083], [-77.0861020693648, 38.9211445754496], [-77.0860877960332, 38.9210762544973], [-77.0860854163961, 38.9210648638216], [-77.0860766928563, 38.921027044221], [-77.0860704432769, 38.9209999548268], [-77.0860560819104, 38.9209370117828], [-77.086045418908, 38.920876124853], [-77.0860350604345, 38.920809652939], [-77.0860260889597, 38.9207473673943], [-77.0860227238707, 38.9207245223352], [-77.0860216360109, 38.920717145407], [-77.0860178756631, 38.9206916556857], [-77.0860168075662, 38.9206837133408], [-77.0860135637497, 38.9206340513], [-77.0859954546119, 38.9205900342799], [-77.0859868038357, 38.9205636499142], [-77.0859984307305, 38.9196228096334], [-77.0860023051643, 38.9194222530452], [-77.0860074174766, 38.9192332497098], [-77.0860058067972, 38.9191746174282], [-77.0861387799172, 38.9191767777865], [-77.0863501517069, 38.9191798089976], [-77.0864496580909, 38.9191802556067], [-77.0865656584419, 38.9191804191537], [-77.086687443045, 38.9191812697379], [-77.0868038754856, 38.9191811690936], [-77.0872307513153, 38.9191800186732], [-77.0873982601664, 38.9191796419559], [-77.0875642769157, 38.9191792680344], [-77.087599961592, 38.9191791883576], [-77.0876297434386, 38.9191791212614], [-77.0879910458459, 38.9191742309261], [-77.0880047649169, 38.9191737766288], [-77.0880215732942, 38.9191732195904], [-77.0880316748496, 38.9191728848083], [-77.088106160458, 38.9191704176245], [-77.0882222605219, 38.9191672934568], [-77.0883383399246, 38.9191624751093], [-77.0884143895, 38.9191607313064], [-77.088485526189, 38.9191593816937], [-77.0884961119363, 38.9191593740056], [-77.088629081463, 38.9191592747591], [-77.0886570891369, 38.9191592537915], [-77.088694827362, 38.9191648032085], [-77.0887403234379, 38.9191720628796], [-77.088748315749, 38.9191733377077], [-77.0887485367345, 38.9191657935767], [-77.0887492571834, 38.9191412321617], [-77.0887507870143, 38.919089012393], [-77.0887579932995, 38.9190274305484], [-77.0887593704168, 38.9189740840356], [-77.0887610520631, 38.918920866783], [-77.0887625441648, 38.9188676515873], [-77.0887642267093, 38.9188143119435], [-77.0887656864716, 38.9187610959689], [-77.0887662955294, 38.9187070454399], [-77.0887679142935, 38.9186364604219], [-77.088768305959, 38.9186194080674], [-77.0887702993206, 38.9185478759188], [-77.0887717024891, 38.9184946254971], [-77.0887721327821, 38.9184707054638], [-77.0887727121954, 38.9184384779867], [-77.0887737928687, 38.9183823318296], [-77.088774873542, 38.9183261856282], [-77.0887759551136, 38.9182701274472], [-77.0887755481768, 38.9182132626586], [-77.0887765408152, 38.9181571226137], [-77.0887773798417, 38.9181006966623], [-77.0887788890114, 38.9180456573431], [-77.0887793435589, 38.9179895171657], [-77.0887793624235, 38.9179167123272], [-77.0887793669151, 38.917902195523], [-77.0887808114061, 38.9178235761782], [-77.0887810746124, 38.9178091655927], [-77.0887823232707, 38.9177318915911], [-77.0887825694091, 38.9177166730201], [-77.0887832072129, 38.9176363802217], [-77.0887832638068, 38.9176262456774], [-77.0887836312177, 38.9175608337988], [-77.088783332977, 38.9174984063141], [-77.0887833024343, 38.9174918097615], [-77.0887832629085, 38.9174838530797], [-77.0887831335511, 38.9174760983894], [-77.0887828128525, 38.9174570607784], [-77.0887818884861, 38.9174022683835], [-77.08877903903, 38.917331724004], [-77.0887783868531, 38.9173156016214], [-77.0887779242207, 38.9173079447639], [-77.088777429249, 38.9172997266589], [-77.0887763907965, 38.917282530701], [-77.0887742339415, 38.9172468107908], [-77.0887733895252, 38.9172328285371], [-77.0887709667688, 38.917200621466], [-77.0887691054596, 38.9171758790447], [-77.0887628235408, 38.917111213917], [-77.0887589895312, 38.9170766492676], [-77.0887546434818, 38.9170374618127], [-77.0887528881738, 38.917021635015], [-77.0887469422249, 38.9169572157738], [-77.0887422233747, 38.91689487233], [-77.0887410384968, 38.9168792111495], [-77.0887368730089, 38.9168149581274], [-77.0887336076328, 38.916754123576], [-77.0887328009457, 38.9167390592617], [-77.08873117769, 38.9167080918917], [-77.0887284522014, 38.9166559912497], [-77.0887276751587, 38.9166411428882], [-77.0887240513548, 38.9165967159067], [-77.0887225897959, 38.9165788005646], [-77.0887211488981, 38.9165611354402], [-77.0887191303837, 38.9165450736907], [-77.0887123741544, 38.9164913422896], [-77.0887068504138, 38.916447396089], [-77.0916680632046, 38.9164261928675], [-77.0927130149841, 38.9162683532203], [-77.0935583395479, 38.9159980899707], [-77.0946754745537, 38.9156365381986], [-77.0954137989875, 38.9158050655303], [-77.0955246816362, 38.9158361451266], [-77.0979828091218, 38.9142357721558], [-77.0980378363229, 38.9143321813813], [-77.098116734456, 38.9144600376318], [-77.0982344451992, 38.9146517230217], [-77.0982430923821, 38.9146658057357], [-77.0983575090032, 38.9148517646778], [-77.0983882098264, 38.9149058740602], [-77.0984006496964, 38.9149277997624], [-77.0984373261129, 38.9150006062694], [-77.0984440598842, 38.9150141402306], [-77.0984992802231, 38.9151251237876], [-77.0985729339915, 38.9152500842264], [-77.0986258744062, 38.9153462523319], [-77.0988005374401, 38.9156663520641], [-77.0988407774733, 38.9157412406925], [-77.0989203969535, 38.9158902369837], [-77.0989847774133, 38.9160108807578], [-77.0991442921566, 38.9163040631388], [-77.0993329284848, 38.9166435486528], [-77.0994793466896, 38.9169072834304], [-77.0995120804003, 38.9169657127958], [-77.099664339451, 38.9172437326683], [-77.0997716135673, 38.9174406322903], [-77.0997917978134, 38.9174786509023], [-77.0998176719885, 38.917527383471], [-77.0998356445824, 38.9175612349874], [-77.0998525481811, 38.9175930728574], [-77.0998780836914, 38.9176411714145], [-77.0998865431264, 38.9176571036131], [-77.0999225610778, 38.9177324814906], [-77.0999516377469, 38.9177898457023], [-77.0999785279166, 38.917847473365], [-77.0999852670778, 38.9178615191003], [-77.1000156238462, 38.9179247884777], [-77.1000504865641, 38.9179966099127], [-77.1000562654263, 38.9180070428474], [-77.10011464514, 38.9181123939449], [-77.1002120341949, 38.918282509651], [-77.1003005685561, 38.9184720949283], [-77.100328758588, 38.9185341811798], [-77.1003355013425, 38.9185495148981], [-77.1003745699725, 38.9186383524097], [-77.1003749158239, 38.9186450208449], [-77.1003938846494, 38.9187509189509], [-77.1004083394407, 38.918769654979], [-77.1004424547602, 38.9188272972223], [-77.1004702917542, 38.9189085524859], [-77.1005061767549, 38.9189536154361], [-77.1005254303464, 38.9190006080775], [-77.1005301420101, 38.9190058108422], [-77.100566275844, 38.9190457066141], [-77.1005744343435, 38.9190547128987], [-77.1006185748616, 38.9191106250846], [-77.1006595236655, 38.9191767512276], [-77.1006789389537, 38.9192628300234], [-77.1007957082626, 38.9194652587593], [-77.1009604934217, 38.919746726363], [-77.1009800560336, 38.9197801434946], [-77.1010242324843, 38.9198420454866], [-77.1010336746763, 38.9198552744977], [-77.1010872915223, 38.9199191200973], [-77.1011403828539, 38.9199855348359], [-77.1012066425893, 38.9200587100709], [-77.1012457148125, 38.9201014602972], [-77.1012853125503, 38.920143876419], [-77.1013375531773, 38.9202007578321], [-77.1013842997081, 38.9202519172378], [-77.1013899150769, 38.920258063437], [-77.1014414011191, 38.9203148790612], [-77.1014812476902, 38.9203587376], [-77.1015191781547, 38.9204028232564], [-77.1015723530297, 38.9204634659751], [-77.1016256464822, 38.9205227213145], [-77.1016792040394, 38.9205825769637], [-77.1017319198752, 38.9206416337147], [-77.1017842476389, 38.9207006771373], [-77.1018352764386, 38.9207562078229], [-77.1018428761859, 38.9207638244707], [-77.1018934100139, 38.9208144746692], [-77.101912249482, 38.9208333576209], [-77.1019303559249, 38.9208493925403], [-77.1019638307456, 38.9208790371781], [-77.1019785298786, 38.9208920549275], [-77.1020394886555, 38.9209477972304], [-77.1020828215882, 38.9209876926093], [-77.1021246588259, 38.921030659634], [-77.1021685163747, 38.9210719548633], [-77.1022110264506, 38.9211149672655], [-77.1022688770565, 38.921170177531], [-77.1023352778274, 38.9212336186828], [-77.1023443822528, 38.9212423122821], [-77.1023995442011, 38.9212949924378], [-77.1024575097915, 38.9213505163681], [-77.1025095734504, 38.9213997627627], [-77.1025350155359, 38.921423828577], [-77.1025937303212, 38.9214793440198], [-77.1026526624988, 38.9215342401975], [-77.102759127233, 38.9216347755666], [-77.1028577900989, 38.9217245352497], [-77.1030609414055, 38.9219107321882], [-77.1031489529471, 38.9219912403007], [-77.1033059407296, 38.9221372615746], [-77.1034313545264, 38.9222530025083], [-77.1035558430584, 38.9223700956003], [-77.1036234646398, 38.9224334420285], [-77.1037903078392, 38.9225863156617], [-77.1040936365713, 38.9228528364627], [-77.1042619134819, 38.9230048572562], [-77.1042923654717, 38.9230382309205], [-77.1043066864139, 38.9230539228902], [-77.1043218400945, 38.923066007235], [-77.1043698828942, 38.923104313567], [-77.1044166482896, 38.9231417378921], [-77.1044658103901, 38.9231797688248], [-77.1045270557296, 38.9232230161703], [-77.1045767828704, 38.9232580537621], [-77.1046274748019, 38.9232921380666], [-77.1046776511004, 38.9233267360301], [-77.1047288981908, 38.9233603303883], [-77.1047997025031, 38.9234072110864], [-77.1049807399824, 38.9235177286451], [-77.105262407638, 38.9236827351997], [-77.105475706314, 38.9238110547291], [-77.1055564271288, 38.9238574074804], [-77.1056997748919, 38.923938901589], [-77.1058738333597, 38.924040829196], [-77.106129121987, 38.9241896431274], [-77.1063284734199, 38.9243062626849], [-77.1065250912794, 38.9244285079313], [-77.1066086256177, 38.924481124221], [-77.106759265006, 38.924579405067], [-77.1068329394357, 38.9246270998363], [-77.1069106823354, 38.9246770281451], [-77.1070491091274, 38.9247617766201], [-77.1070612130275, 38.9247691111959], [-77.1070733160294, 38.9247764450721], [-77.1071268098062, 38.9248056561715], [-77.1071810851174, 38.9248339741118], [-77.1072030291631, 38.9248457904889], [-77.1072249732089, 38.9248576075628], [-77.1072897489274, 38.9248937198969], [-77.1073886237958, 38.9249547054129], [-77.1074611798229, 38.9250008666277], [-77.1075174413092, 38.9250385205766], [-77.1075715746865, 38.9250760046822], [-77.1076304844062, 38.9251177455266], [-77.1076871555242, 38.9251587979694], [-77.1079615800638, 38.9253709631452], [-77.1080340839887, 38.9254317679457], [-77.1080952718359, 38.9254831073789], [-77.1079495722834, 38.9255895886078], [-77.1075872493899, 38.9258891615569], [-77.1075284627394, 38.9258670086201], [-77.1067038326648, 38.926362952089], [-77.1056710045484, 38.9269987067161], [-77.1052954602506, 38.9271250725792], [-77.1047837169827, 38.9271748977982], [-77.1040371208618, 38.9273664524021], [-77.1034264218772, 38.9275557177997], [-77.1027045725458, 38.9278868641173], [-77.1019800974388, 38.9282717984979], [-77.1015669406801, 38.9286930396561], [-77.1015839628564, 38.9286068926348], [-77.1004524970268, 38.9283758163644], [-77.1000859673229, 38.9283632493348], [-77.0995934605785, 38.9283404801049], [-77.098764109857, 38.928030590174], [-77.0983627704359, 38.9279056403618], [-77.0979492300965, 38.927908089771], [-77.0954474373016, 38.927238393681], [-77.0954477606951, 38.9272596915092], [-77.0954479753924, 38.9272737703233], [-77.0954485395344, 38.9273108052923], [-77.095448977014, 38.9273386190689], [-77.0954492357288, 38.9273550012385], [-77.0954493974255, 38.9273645005469], [-77.0954485646873, 38.9273642328919], [-77.0936369484235, 38.9275730699038], [-77.0944171711803, 38.9262084016671], [-77.094273252987, 38.926215746576], [-77.093116590312, 38.9264948399743], [-77.0921072908695, 38.9267261404116], [-77.0918667193414, 38.9267347900095], [-77.091627129672, 38.9266969294041], [-77.0910038803245, 38.926582130077], [-77.0901165900639, 38.9265578067405], [-77.0900429533634, 38.9259625934717], [-77.0895534398055, 38.9260342299614], [-77.0891681209391, 38.9260532198458], [-77.0888227968658, 38.9260321711454], [-77.0882371204534, 38.9259255501115], [-77.0862117868986, 38.9254957888324]]]}, "properties": {"Route": "R324_4", "ROUTE_NUMB": 324, "CollectionDay": "Thursday", "RunsPerWeek": 1, "RStatus": "Scheduled Other Day", "RecycleRouteArea": "OR_324"}}, {"type": "Feature", "geometry": {"type": "Polygon", "coordinates": [[[-77.0862117868986, 38.9254957888324], [-77.0882371204534, 38.9259255501115], [-77.0888227968658, 38.9260321711454], [-77.0891681209391, 38.9260532198458], [-77.0895534398055, 38.9260342299614], [-77.0900429533634, 38.9259625934717], [-77.0901165900639, 38.9265578067405], [-77.0910038803245, 38.926582130077], [-77.091627129672, 38.9266969294041], [-77.0918667193414, 38.9267347900095], [-77.0921072908695, 38.9267261404116], [-77.093116590312, 38.9264948399743], [-77.094273252987, 38.926215746576], [-77.0944171711803, 38.9262084016671], [-77.0936369484235, 38.9275730699038], [-77.0954485646873, 38.9273642328919], [-77.0954493974255, 38.9273645005469], [-77.0954492357288, 38.9273550012385], [-77.095448977014, 38.9273386190689], [-77.0954485395344, 38.9273108052923], [-77.0954479753924, 38.9272737703233], [-77.0954477606951, 38.9272596915092], [-77.0954474373016, 38.927238393681], [-77.0979492300965, 38.927908089771], [-77.0983627704359, 38.9279056403618], [-77.098764109857, 38.928030590174], [-77.0995934605785, 38.9283404801049], [-77.1000859673229, 38.9283632493348], [-77.1004524970268, 38.9283758163644], [-77.1015839628564, 38.9286068926348], [-77.1015669406801, 38.9286930396561], [-77.0997333722857, 38.9302326863497], [-77.0983089146379, 38.9314830762555], [-77.0983592544298, 38.9315227602637], [-77.0984632299324, 38.9315323498577], [-77.1044565254034, 38.9315527666112], [-77.1044664499906, 38.9315528001535], [-77.1063869600332, 38.9321405698122], [-77.1067064503555, 38.932241450028], [-77.1046732484572, 38.9333256056053], [-77.1046696830439, 38.9333275069842], [-77.1046563268922, 38.9333346282454], [-77.1047937879953, 38.9342629016873], [-77.1035778984953, 38.9356510399303], [-77.103561719837, 38.9357486589517], [-77.1032763196814, 38.9357663102151], [-77.1027752906199, 38.935719265092], [-77.1026410984861, 38.9356741002911], [-77.1018748499218, 38.9355118502789], [-77.1012891178138, 38.9352994247499], [-77.1010381869139, 38.9351700121761], [-77.100554180927, 38.9356298529291], [-77.1002321546606, 38.9357130063351], [-77.0997669926335, 38.9357152961584], [-77.0994728824128, 38.9358022968099], [-77.0991210509436, 38.935935468224], [-77.098807309839, 38.9359694199629], [-77.0960484192098, 38.9359389801604], [-77.0932736688242, 38.936966829678], [-77.0927251691899, 38.9375639713572], [-77.0877305721428, 38.9357883685234], [-77.0874546393319, 38.9356508135332], [-77.0872722373118, 38.9355267505918], [-77.0870632146165, 38.9353677522687], [-77.0869423858209, 38.9352590888151], [-77.0868223987467, 38.9351364849015], [-77.0866871322279, 38.9349676799586], [-77.0865898356994, 38.9348185741933], [-77.0864744156602, 38.934618017937], [-77.0864917261957, 38.9345991281728], [-77.0865186469081, 38.9345874727393], [-77.0864917504502, 38.9345990093824], [-77.0864741380807, 38.9346180382012], [-77.0864498673984, 38.9345762645148], [-77.0864154250921, 38.9345171054644], [-77.0862755753687, 38.9342765968841], [-77.0862175522861, 38.9341744855333], [-77.086134970162, 38.9340288314344], [-77.086093647659, 38.9339563952364], [-77.0860768877908, 38.9339269510209], [-77.0860447568497, 38.9338708527582], [-77.0860125100259, 38.9338143044404], [-77.085929985394, 38.933669781619], [-77.0858903409439, 38.9336001764979], [-77.0858380985202, 38.9335082397746], [-77.0857836597157, 38.9334124316986], [-77.0857805389684, 38.9334069385995], [-77.0856064742124, 38.9330997932568], [-77.0854303316532, 38.9327897654943], [-77.0853500069954, 38.9326506463949], [-77.0852933754033, 38.9325526772095], [-77.085237894553, 38.9324521845651], [-77.0851937414585, 38.932372313041], [-77.0851269948363, 38.9322594550532], [-77.0850762085817, 38.9321735855906], [-77.0849420299226, 38.9319409081248], [-77.0849377530436, 38.9319335246762], [-77.0849125921308, 38.9318892337516], [-77.0849070099996, 38.9318794066159], [-77.084883086067, 38.9318374454373], [-77.0848657503786, 38.9318070101503], [-77.0847627729043, 38.9316261081089], [-77.0846681174229, 38.931459883158], [-77.0846267419192, 38.9313870355391], [-77.0826223624668, 38.9278672010485], [-77.0830879538886, 38.9276106826537], [-77.0831970093641, 38.9275734018509], [-77.0833517468667, 38.9275469872369], [-77.0835095009121, 38.9275365137747], [-77.0838120022958, 38.9275358477835], [-77.0838955402273, 38.9265807344817], [-77.0860541325663, 38.9263196234946], [-77.0862117868986, 38.9254957888324]]]}, "properties": {"Route": "R323_4", "ROUTE_NUMB": 323, "CollectionDay": "Thursday", "RunsPerWeek": 1, "RStatus": "Scheduled Other Day", "RecycleRouteArea": "OR_323"}}, {"type": "Feature", "geometry": {"type": "Polygon", "coordinates": [[[-77.1015669406801, 38.9286930396561], [-77.1019800974388, 38.9282717984979], [-77.1027045725458, 38.9278868641173], [-77.1034264218772, 38.9275557177997], [-77.1040371208618, 38.9273664524021], [-77.1047837169827, 38.9271748977982], [-77.1052954602506, 38.9271250725792], [-77.1056710045484, 38.9269987067161], [-77.1067038326648, 38.926362952089], [-77.1075284627394, 38.9258670086201], [-77.1075872493899, 38.9258891615569], [-77.107703409641, 38.9259956596476], [-77.1077846829197, 38.9260652645441], [-77.1080514115922, 38.9262882962055], [-77.1083599954687, 38.926551452132], [-77.1085685636164, 38.926725352115], [-77.1086278155942, 38.9267750050002], [-77.1087512845384, 38.9268834089036], [-77.10881781826, 38.9269476248549], [-77.1088394784381, 38.9269697949253], [-77.1088574150994, 38.9269881549027], [-77.1088667647649, 38.9269990211949], [-77.1088746052607, 38.927008132694], [-77.1088896547366, 38.9270256233026], [-77.108962350901, 38.927125371683], [-77.1090111653535, 38.9271950970691], [-77.1090444847657, 38.9272424357683], [-77.109078645001, 38.9272957585936], [-77.1091358065992, 38.9273861184051], [-77.1091792805674, 38.927455980507], [-77.109232850701, 38.9275431736865], [-77.1092738345392, 38.9276099104402], [-77.1093040826115, 38.9276592300607], [-77.1093513977758, 38.9277373612033], [-77.1094945676725, 38.9279821170974], [-77.1095223723272, 38.9280296481489], [-77.1096139762317, 38.9281886496451], [-77.1096556706373, 38.9282617486333], [-77.1096818556295, 38.9283090551734], [-77.1097161021031, 38.9283636078337], [-77.1097784874046, 38.9284694019847], [-77.1098719948391, 38.9286297407465], [-77.1099470391997, 38.9287544782383], [-77.1100315464134, 38.9288956797856], [-77.1100729219171, 38.9289656626948], [-77.1101084592697, 38.9290217592466], [-77.1103200888759, 38.9293596926347], [-77.1104934816921, 38.9296376324976], [-77.1106232747759, 38.9298464215865], [-77.1106618619089, 38.929911882237], [-77.1107065773488, 38.9299810898594], [-77.1107469269764, 38.9300421527629], [-77.1107806182912, 38.9300939102427], [-77.1108145332864, 38.9301460233795], [-77.1108574754519, 38.9302120127528], [-77.1108957912937, 38.930270886087], [-77.1109360609713, 38.9303327880106], [-77.1109722783486, 38.9303884648949], [-77.1110117422373, 38.9304491207415], [-77.1110450634462, 38.9305003531201], [-77.1110887844511, 38.9305686293579], [-77.1112105627659, 38.930771522687], [-77.1112948067733, 38.9309124015649], [-77.1113424570092, 38.9309928701126], [-77.1114032343264, 38.9310999125943], [-77.1114326047446, 38.9311596125718], [-77.1114617631604, 38.931217594848], [-77.1114812296526, 38.9312563027813], [-77.111489256998, 38.9312752710026], [-77.1115195508843, 38.9313468601993], [-77.1115478020017, 38.9314221669306], [-77.1115671957303, 38.9314787632763], [-77.1116065608044, 38.9315837533578], [-77.1116665835367, 38.9317451206941], [-77.111695070911, 38.9318223200363], [-77.1117300171722, 38.9319167368663], [-77.1117495411566, 38.9319694566136], [-77.1117833609304, 38.9320599180854], [-77.1118342504913, 38.9321957959551], [-77.1118785787573, 38.9323174622855], [-77.1119077452579, 38.9323976560128], [-77.1119337937062, 38.9324672769887], [-77.1119583293916, 38.9325292154287], [-77.1119762040691, 38.9325782500178], [-77.1119945620402, 38.9326137372003], [-77.1120006589061, 38.9326255222337], [-77.1120069614861, 38.9326421987688], [-77.1120112985523, 38.9326536756328], [-77.11205197876, 38.9327421775369], [-77.1120849190831, 38.9328099813348], [-77.1121192625747, 38.9328773434363], [-77.1121550110315, 38.9329442093378], [-77.1121921662499, 38.9330107460497], [-77.1122260875334, 38.9330659009381], [-77.112259881256, 38.9331151070563], [-77.1122700403036, 38.9331298988629], [-77.1123113232808, 38.9331829153891], [-77.1123578928434, 38.9332372288121], [-77.1124839570205, 38.933371647472], [-77.1126134213209, 38.9335094954781], [-77.1126758470467, 38.9335741100228], [-77.1127474113338, 38.9336503214008], [-77.1128034778856, 38.9337061151716], [-77.1129627419989, 38.933871026753], [-77.1130354219936, 38.933945989104], [-77.1130860258902, 38.9339982531406], [-77.1136845967202, 38.934631860505], [-77.1138433218444, 38.9347986300462], [-77.1138980579913, 38.9348594603062], [-77.1139044647759, 38.934866580016], [-77.1139419613542, 38.9349148429514], [-77.1139541847303, 38.9349305770147], [-77.1139686458097, 38.9349527914072], [-77.1139831059908, 38.9349750064915], [-77.1141189447365, 38.9352441961323], [-77.1142527928155, 38.9355195988054], [-77.1142901546465, 38.9355901830978], [-77.1143009856339, 38.9356104631244], [-77.1142801303463, 38.9356164032572], [-77.1142724443607, 38.9356185442483], [-77.1142422816284, 38.9356260523908], [-77.1142266940616, 38.9356299912829], [-77.1141911468275, 38.935638975897], [-77.1141688982528, 38.9356445093511], [-77.1141083068869, 38.9356568403084], [-77.1140670993682, 38.9356633995355], [-77.1140325106365, 38.9356689071337], [-77.1140227127117, 38.9356701802678], [-77.1139463199799, 38.9356801144867], [-77.1138714903168, 38.9356851636994], [-77.1138588734786, 38.9356859008873], [-77.1137810461373, 38.9356904497902], [-77.1137135790662, 38.9356925809966], [-77.1136448354891, 38.9356917746319], [-77.1135707864619, 38.9356906650072], [-77.1135055103818, 38.9356911164036], [-77.1133609660627, 38.9356882941274], [-77.1130147382842, 38.9356826991862], [-77.1129860883149, 38.9356822359107], [-77.1128819933364, 38.9356804841288], [-77.1127644326118, 38.9356822799324], [-77.1126559808041, 38.9356822247307], [-77.1126466356302, 38.9356822177431], [-77.1124473587575, 38.9356820779919], [-77.1122447275755, 38.9356811395622], [-77.1121235439454, 38.9356835949917], [-77.1120272786829, 38.9356841092763], [-77.1117955357975, 38.935684580238], [-77.1116934701132, 38.935684416729], [-77.1115986340703, 38.9356969992317], [-77.111590589657, 38.9356980662322], [-77.1115886142616, 38.935688848241], [-77.111360298449, 38.9357427949944], [-77.1075553591973, 38.9357475744831], [-77.103561719837, 38.9357486589517], [-77.1035778984953, 38.9356510399303], [-77.1047937879953, 38.9342629016873], [-77.1046563268922, 38.9333346282454], [-77.1046696830439, 38.9333275069842], [-77.1046732484572, 38.9333256056053], [-77.1067064503555, 38.932241450028], [-77.1063869600332, 38.9321405698122], [-77.1044664499906, 38.9315528001535], [-77.1044565254034, 38.9315527666112], [-77.0984632299324, 38.9315323498577], [-77.0983592544298, 38.9315227602637], [-77.0983089146379, 38.9314830762555], [-77.0997333722857, 38.9302326863497], [-77.1015669406801, 38.9286930396561]]]}, "properties": {"Route": "R322_4", "ROUTE_NUMB": 322, "CollectionDay": "Thursday", "RunsPerWeek": 1, "RStatus": "Scheduled Other Day", "RecycleRouteArea": "OR_322"}}, {"type": "Feature", "geometry": {"type": "Polygon", "coordinates": [[[-77.0724174487369, 38.9334917423302], [-77.0722741521777, 38.9334911183216], [-77.0722537720988, 38.9334910295768], [-77.0722202891932, 38.9334909645905], [-77.0720587200029, 38.9334906522368], [-77.072041758912, 38.933490620093], [-77.0718578459256, 38.9334907214158], [-77.0718400350284, 38.9334907311987], [-77.0716619305486, 38.9334906340686], [-77.0716483471232, 38.9334906270808], [-77.0714431674207, 38.9334911553568], [-77.0713543743448, 38.9334913887486], [-77.071114854744, 38.9334920190462], [-77.0710974956994, 38.9334920651656], [-77.0709988049857, 38.9334922363662], [-77.0709847652161, 38.9334922601246], [-77.0709005463616, 38.9334930776947], [-77.0708862478772, 38.9334932216429], [-77.0708209789836, 38.9334925081907], [-77.0708096305666, 38.9334923789168], [-77.0707982839463, 38.9334922482454], [-77.0704298839499, 38.9334914970592], [-77.0704134277122, 38.9334914635179], [-77.0699020572452, 38.9334925899478], [-77.0698932825015, 38.9334926102123], [-77.0698847044888, 38.9334926283805], [-77.0695345259197, 38.9334926500426], [-77.0695195869366, 38.9334926514402], [-77.0693975966193, 38.9334931356932], [-77.0693797884171, 38.9334932048723], [-77.0692518081335, 38.9334937142813], [-77.0692340008296, 38.9334937834603], [-77.0690972745484, 38.9334942425574], [-77.0690838123956, 38.9334942865803], [-77.0688706897894, 38.9334939336975], [-77.0688528797906, 38.9334939050476], [-77.0687401933247, 38.933493636717], [-77.068727270161, 38.9334936066695], [-77.0686510319395, 38.9334954053236], [-77.0686371969858, 38.9334957351467], [-77.0685588055025, 38.9334940678629], [-77.068541312609, 38.9334936954143], [-77.0684765485686, 38.9334931790175], [-77.0684587457563, 38.9334930371656], [-77.0681053763713, 38.933492765341], [-77.0680914938069, 38.9334927555581], [-77.0678394040803, 38.9334947351957], [-77.0678215967764, 38.9334948742525], [-77.0677191726643, 38.9334954095163], [-77.0677017228899, 38.9334955010562], [-77.0672303822503, 38.9334971417865], [-77.0672157127617, 38.9334971927972], [-77.067044899907, 38.933496369637], [-77.0670251333775, 38.9334962787959], [-77.0669488735964, 38.9334960824393], [-77.0669330632474, 38.933496042609], [-77.0669157598984, 38.9334959964896], [-77.0665229975916, 38.9334969712847], [-77.0665074387708, 38.9334970097175], [-77.0663918345769, 38.933498744084], [-77.0663926026365, 38.9314747563703], [-77.0663992187286, 38.9299718599441], [-77.0632421516463, 38.9275277999816], [-77.0613821449347, 38.9260677678284], [-77.0577200611694, 38.9232203317759], [-77.0515157325736, 38.9235372859915], [-77.0496543173037, 38.9234256257993], [-77.0496844746461, 38.9232916698181], [-77.049708769583, 38.9231934472919], [-77.0497294146648, 38.9231240862824], [-77.0497567126697, 38.9230450310307], [-77.049784370899, 38.9229774499272], [-77.0498306422209, 38.9228868377949], [-77.0498717590098, 38.9228182620302], [-77.0499129458672, 38.9227535468325], [-77.0499455690851, 38.9227061177774], [-77.0499823200617, 38.9226604198277], [-77.050037253838, 38.9226005358793], [-77.0501787888008, 38.922467410714], [-77.050248825952, 38.9224035911696], [-77.0503248270183, 38.9223372220253], [-77.0503796844377, 38.9222944312128], [-77.0504624399367, 38.9222364451372], [-77.0505423998784, 38.9221936612528], [-77.0506897056187, 38.922116353587], [-77.0508094869787, 38.922068056084], [-77.0509229684536, 38.9220147985196], [-77.051038465748, 38.921952937561], [-77.0512522001069, 38.9218532028748], [-77.0512654700203, 38.9218470113858], [-77.0512541853837, 38.9217985983821], [-77.051245789729, 38.9217661781242], [-77.0512179787862, 38.9216593857399], [-77.0512129455256, 38.9216400571133], [-77.0512110446905, 38.9216287699645], [-77.0511988707217, 38.9215565049127], [-77.0511950394071, 38.9214914754588], [-77.0511983038848, 38.9214333615278], [-77.0512227973493, 38.9213021743133], [-77.0512466170774, 38.9212228919862], [-77.0512666926274, 38.9211544641777], [-77.0512855743163, 38.9211012478615], [-77.051316099968, 38.9210224594327], [-77.0513706546552, 38.9208981682228], [-77.0514162935632, 38.9208364684361], [-77.0514221963929, 38.9208284415402], [-77.0515119713275, 38.9207023244537], [-77.0515220638997, 38.9206899692305], [-77.0515549745785, 38.9206496774054], [-77.0515916752494, 38.920603685989], [-77.0516038087939, 38.920588753886], [-77.0516570546358, 38.9205232301177], [-77.0516687156665, 38.9205066003557], [-77.0516745601057, 38.9205016891447], [-77.0517254900908, 38.9204391587124], [-77.0517933928448, 38.9203892791404], [-77.0518201994712, 38.920370934229], [-77.0518666217101, 38.9203407547147], [-77.051883366307, 38.9203298678332], [-77.0519571943486, 38.9202844772704], [-77.0519873642674, 38.9202672156395], [-77.0520041807296, 38.9202575944695], [-77.0520364536044, 38.9202391307096], [-77.0520679934541, 38.9202223184659], [-77.0521079397381, 38.9202010248153], [-77.0521245980968, 38.9201921444798], [-77.0521646683483, 38.9201720291807], [-77.0521928278375, 38.9201578944424], [-77.0522039588622, 38.9201523059642], [-77.0522396668948, 38.9201357984244], [-77.0522895521391, 38.9201127875268], [-77.0523158997264, 38.9201014623939], [-77.0523311288654, 38.9200949157059], [-77.0523413777445, 38.9200905104771], [-77.0523887495027, 38.9200701477351], [-77.0524720655503, 38.9200364777345], [-77.0524977322146, 38.9200262827277], [-77.0525735715842, 38.9199975931447], [-77.0525904859627, 38.9199915755226], [-77.0526061957004, 38.9199860820832], [-77.0526865203581, 38.9199581067711], [-77.0527778987855, 38.9199298197335], [-77.0527920140135, 38.9199260777615], [-77.0529000454096, 38.9198974328683], [-77.0529255872081, 38.9198906380477], [-77.0530046434446, 38.9198696063896], [-77.053066971254, 38.9198540982285], [-77.0530800641993, 38.9198503415754], [-77.0531774281013, 38.9198209620945], [-77.0532569451736, 38.9198115023128], [-77.0533291140269, 38.9197996704202], [-77.0533442371647, 38.9197971445495], [-77.0534337452997, 38.9197798338762], [-77.0534531138755, 38.9197760884017], [-77.0535474765062, 38.9197645074129], [-77.053560841641, 38.9197632395846], [-77.0536402670852, 38.9197557025054], [-77.0537373812556, 38.9197389516515], [-77.0538998164219, 38.919707690649], [-77.0539498453967, 38.9197007301678], [-77.0539690666488, 38.9196980554249], [-77.0540001088318, 38.9196846537528], [-77.054009258173, 38.9196807041904], [-77.0540237668631, 38.9196744398248], [-77.0540357342193, 38.9196692734526], [-77.0540691102254, 38.919658313781], [-77.0540872040918, 38.9196523716128], [-77.0540971008313, 38.9196491216618], [-77.0541139065137, 38.9196436037338], [-77.0541286757152, 38.9196371359809], [-77.0541464048657, 38.9196289188445], [-77.0541930427003, 38.9196072874401], [-77.05426215279, 38.9195672703727], [-77.0542848307594, 38.9195518299404], [-77.0543503673509, 38.9195072104826], [-77.0543592489942, 38.9195011634644], [-77.0544043462181, 38.9194674785166], [-77.0544289807181, 38.9194490781525], [-77.0544439403625, 38.9194369757188], [-77.0544802278084, 38.919407619131], [-77.0544939010654, 38.9193965580761], [-77.0546579990133, 38.9192600049967], [-77.0547043817263, 38.9192210158426], [-77.0547207499291, 38.919207256234], [-77.0547338168232, 38.9191962727279], [-77.0547754438552, 38.9191612813556], [-77.0548945631568, 38.9190592614704], [-77.0549513699204, 38.9190134975701], [-77.0550003406798, 38.9189756971449], [-77.0550173862123, 38.9189624525935], [-77.0550552609813, 38.9189330252185], [-77.0551035849537, 38.91889559448], [-77.0551232113461, 38.9188803915348], [-77.0551396056, 38.9188688677114], [-77.0551664948714, 38.9188499646671], [-77.0551996894178, 38.9188266290526], [-77.0552512392404, 38.9187902361581], [-77.055285334797, 38.9187691901953], [-77.0552922437398, 38.9187649645075], [-77.055346846936, 38.9187315664675], [-77.0554525525938, 38.9186931571297], [-77.0554632263761, 38.9186892788023], [-77.0555577677715, 38.9186556535766], [-77.0555700755892, 38.9186512818068], [-77.055628432845, 38.9186306747272], [-77.0556997977061, 38.918607288718], [-77.0557418828789, 38.9185935261947], [-77.0558241964067, 38.9185695894205], [-77.0558331571016, 38.9185669838286], [-77.0559462558942, 38.9185347556963], [-77.0560581087235, 38.9185024765278], [-77.0561067623776, 38.9184884309194], [-77.0561211848295, 38.9184842841934], [-77.0561445625865, 38.9184775647215], [-77.0562133879103, 38.9184577788295], [-77.0562210927605, 38.9184556834494], [-77.05624583416, 38.9184544540386], [-77.0562966689236, 38.9184492421474], [-77.056345141118, 38.9184442741809], [-77.05635499923, 38.9184431838562], [-77.0564368159894, 38.9184307282932], [-77.0564614136585, 38.9184269834464], [-77.0565427722772, 38.9184066614637], [-77.0565524112002, 38.918404254361], [-77.0565861734818, 38.9183939158397], [-77.0566257370836, 38.9183817999464], [-77.0566356931118, 38.9183786918193], [-77.0566884799146, 38.9183622146197], [-77.0567820160952, 38.9183329575339], [-77.0569251590425, 38.9182854633193], [-77.0569859830721, 38.9182627565542], [-77.0570576533604, 38.918235615083], [-77.0570783361715, 38.9182270434277], [-77.0570995498869, 38.9182182516091], [-77.05710918342, 38.9182142600293], [-77.0571702374183, 38.9181889581196], [-77.0571827356788, 38.9181835581971], [-77.0573119565358, 38.9181277144747], [-77.0573339634637, 38.9181171669333], [-77.0573993527315, 38.9180858276352], [-77.0574427898687, 38.9180650093146], [-77.0574612071287, 38.9180543331608], [-77.0575335475602, 38.918012396654], [-77.0575569810127, 38.9179986493918], [-77.0576211629448, 38.9179609945026], [-77.0576555118264, 38.9179381555357], [-77.0576888986122, 38.9179159560836], [-77.0577168452007, 38.917897372896], [-77.0577294521574, 38.9178878520509], [-77.0578030690949, 38.9178323072387], [-77.0578687000096, 38.9177848595175], [-77.0579356604308, 38.9177335620412], [-77.0579637803942, 38.9177089477105], [-77.0580144525628, 38.9176645884951], [-77.0580222894653, 38.9176528785579], [-77.0580390241807, 38.9176278686025], [-77.0580670516176, 38.9175859849626], [-77.0580780155556, 38.9175938724384], [-77.0583195303147, 38.9177675979775], [-77.058350308393, 38.9177897366689], [-77.0583733941974, 38.9178063433039], [-77.0583894434983, 38.9178180776785], [-77.0583990680483, 38.9178251410874], [-77.0584503816139, 38.9178627974467], [-77.0584928647404, 38.9178939718954], [-77.0586461847015, 38.9180077844125], [-77.0587799025248, 38.9181069045535], [-77.0588022328461, 38.9181234517053], [-77.0588950692391, 38.9181914120579], [-77.058997202297, 38.9182960213196], [-77.0590864409374, 38.9183212302338], [-77.0592137178401, 38.9183254832063], [-77.0593511573836, 38.918331180861], [-77.0594617956906, 38.9183332706533], [-77.0595660218232, 38.9183363515242], [-77.0597415607145, 38.918340516431], [-77.0600428026602, 38.9183464845693], [-77.0601595198668, 38.9183497031283], [-77.0604156421307, 38.9183571418082], [-77.0606073632736, 38.9183627227396], [-77.0606758077117, 38.9183646888209], [-77.0608448257324, 38.9183696532983], [-77.0609466533631, 38.9183728061571], [-77.0611972725476, 38.9183795899402], [-77.0614539760215, 38.9183878051244], [-77.061636772402, 38.9183921985771], [-77.061792835818, 38.9183969275143], [-77.0618607053344, 38.9183989641863], [-77.0620224676625, 38.918403607155], [-77.0622404079336, 38.9184119397561], [-77.0624758114538, 38.9184215052622], [-77.0625835356261, 38.9184247259145], [-77.0626709443981, 38.9184266780156], [-77.0628403055753, 38.9184319947475], [-77.0630358400666, 38.91843524755], [-77.0632327022678, 38.9184398996024], [-77.0633081311073, 38.9184415665412], [-77.0633790809467, 38.9184256212391], [-77.06346137022, 38.9184307856052], [-77.063539775178, 38.9184337993749], [-77.0636163305048, 38.9184420858433], [-77.0636815787372, 38.9184431034797], [-77.0637634341242, 38.9184402357859], [-77.064032052852, 38.9187250762659], [-77.0645546756163, 38.9192886005241], [-77.0644361492028, 38.9193846366529], [-77.0643309232454, 38.9194746172443], [-77.0642164949462, 38.9195645529911], [-77.0640564160609, 38.9197288865999], [-77.0639224718621, 38.9198765228229], [-77.0638365192591, 38.9199857892395], [-77.0637281482998, 38.9201497262901], [-77.0636758097564, 38.9202405187417], [-77.0636457530253, 38.9202945156847], [-77.0636157079723, 38.9203495665388], [-77.0635437798675, 38.9205012921662], [-77.0635123900366, 38.9205710750828], [-77.0634874033969, 38.9206269490319], [-77.0634595169956, 38.9207061174047], [-77.0634386949456, 38.9207692766147], [-77.0634137065094, 38.9208815560213], [-77.0634018622223, 38.9209379420208], [-77.0633915863938, 38.9209882908686], [-77.0633735904437, 38.9211183932721], [-77.0633530558546, 38.9211766095003], [-77.0633313813035, 38.9212251396444], [-77.063136222308, 38.9214135275372], [-77.0631641123026, 38.9214639277659], [-77.0632026428418, 38.9215447355127], [-77.06321226829, 38.9215629403416], [-77.0632338817558, 38.921603577601], [-77.0632592483828, 38.9216633463745], [-77.0632809750362, 38.9217267213894], [-77.0633052448203, 38.9218238465878], [-77.0633078831722, 38.9218344075561], [-77.0633268007938, 38.9219275440318], [-77.0633396026849, 38.921979469575], [-77.0633505396735, 38.9220306668361], [-77.063377443318, 38.9221230258887], [-77.0633995131279, 38.922189712529], [-77.0634341997759, 38.9222828282706], [-77.0634681255509, 38.9223656073452], [-77.0635218528898, 38.9224801730784], [-77.0635571854265, 38.9225474925735], [-77.0635636820427, 38.9225598705365], [-77.0635972188472, 38.9226239792787], [-77.0636007474296, 38.9226306648115], [-77.0636251438761, 38.9226767303936], [-77.0636569253725, 38.9227250149023], [-77.0636716101325, 38.9227473239723], [-77.0636781354947, 38.9227571118379], [-77.0637317334761, 38.9228375064699], [-77.063739685363, 38.9228494315063], [-77.0637530990068, 38.9228676534724], [-77.063802117377, 38.9229339054073], [-77.0638105732187, 38.9229453349203], [-77.0638588935979, 38.9230077911593], [-77.0639166426942, 38.9230763464732], [-77.0639251820793, 38.9230864837336], [-77.0639331627123, 38.9230954007475], [-77.0639854284921, 38.923153682446], [-77.0640492178605, 38.92322335303], [-77.0641041624165, 38.9232789753909], [-77.0641739103101, 38.9233412468323], [-77.0642523251496, 38.9234112911313], [-77.0643184133067, 38.9234669385045], [-77.0643302216611, 38.9234768807225], [-77.0643470956154, 38.9234884093885], [-77.0649114262601, 38.9238597703692], [-77.0654307360376, 38.9240925043947], [-77.0672264063068, 38.9244472522444], [-77.0673990283684, 38.924310136512], [-77.0680102501726, 38.9242081687575], [-77.0685929208221, 38.9240399129761], [-77.0692317442616, 38.9237464054323], [-77.0698201578407, 38.9233256359961], [-77.070156657763, 38.9229716785641], [-77.0704353196557, 38.9225696765989], [-77.073177847472, 38.9225522722524], [-77.0731845605822, 38.9283424270414], [-77.0731846414305, 38.9284124684992], [-77.0731798372404, 38.9284515427512], [-77.0731390887608, 38.9287829714048], [-77.073108468786, 38.9290320179512], [-77.077058175139, 38.9291225733172], [-77.0770593052196, 38.9292868554376], [-77.0770561422515, 38.9294249468843], [-77.077056183574, 38.9296412111333], [-77.0770559338424, 38.9297081450755], [-77.0770544444357, 38.9297760020884], [-77.0770562913719, 38.9298386186315], [-77.0770557955018, 38.9300250835829], [-77.0770542153653, 38.9303019104305], [-77.0770536341553, 38.9304017695073], [-77.0770520198827, 38.9305690053159], [-77.0770473333719, 38.9308135005688], [-77.0770425965554, 38.9310209675568], [-77.077039062583, 38.9310990376949], [-77.0770329190048, 38.9311913458091], [-77.0770694786402, 38.9313409099257], [-77.077024764997, 38.9314013364507], [-77.0770177051372, 38.9314108785429], [-77.0770134282581, 38.9314139707255], [-77.0770109273483, 38.9314200369935], [-77.0770161133225, 38.9314249565331], [-77.0770228920096, 38.931431386874], [-77.0770286017016, 38.9314368032582], [-77.0770524169381, 38.9314593967947], [-77.0771070497787, 38.9314963736746], [-77.0770286017016, 38.9314368032582], [-77.0797670709294, 38.9334395736531], [-77.076990090027, 38.9334961397391], [-77.0770431319513, 38.9349968651997], [-77.0771894594262, 38.9357084252909], [-77.0761134672604, 38.9357203006483], [-77.074678576579, 38.9354381857804], [-77.0735205610411, 38.934869864907], [-77.0739805972813, 38.9334892323202], [-77.0724174487369, 38.9334917423302]]]}, "properties": {"Route": "R328_4A", "ROUTE_NUMB": 328, "CollectionDay": "Thursday", "RunsPerWeek": 1, "RStatus": "Scheduled Other Day", "RecycleRouteArea": "OR_328A"}}, {"type": "Feature", "geometry": {"type": "Polygon", "coordinates": [[[-77.073177847472, 38.9225522722524], [-77.0731777405725, 38.9224604491056], [-77.0731697653294, 38.9223873154852], [-77.0731577791086, 38.9222936722202], [-77.0731632318824, 38.9221750337577], [-77.073152714407, 38.922021073162], [-77.0731471637169, 38.9219350815792], [-77.0731434797259, 38.921875687641], [-77.073129023138, 38.9216361733559], [-77.0731134733005, 38.9214171652952], [-77.0731056040586, 38.9212997868779], [-77.0730898017944, 38.921085953833], [-77.073086635233, 38.9210249719806], [-77.0730773098221, 38.920901244789], [-77.0730599202348, 38.9206138396774], [-77.0730589383762, 38.9205976027212], [-77.0730435385573, 38.9203534070343], [-77.0730258309664, 38.9200904699403], [-77.0730209333515, 38.9200050316518], [-77.0730192490103, 38.9199867949723], [-77.0730174595663, 38.919967410676], [-77.0730155515446, 38.9199467319908], [-77.0730153458304, 38.9198998692747], [-77.0730152928298, 38.9198878619699], [-77.073012974278, 38.9198490996083], [-77.0730114336673, 38.9198233481819], [-77.0730105946409, 38.9198093231033], [-77.0730098166998, 38.9197963261227], [-77.0730074128081, 38.9197561547022], [-77.07300648934, 38.9197407233967], [-77.0730048786607, 38.9197138026486], [-77.0729997241276, 38.9196276621964], [-77.0729992650885, 38.9196199965025], [-77.0729983865362, 38.9196053088127], [-77.0729962530373, 38.9195696557697], [-77.0736505625341, 38.9207056449458], [-77.0736877581768, 38.9206944526992], [-77.0737162760938, 38.9206901090112], [-77.0737505225673, 38.9206872050652], [-77.0754134011763, 38.9206871903882], [-77.0754688380091, 38.9206871896893], [-77.0746134621956, 38.9191765911752], [-77.0797673835432, 38.9191829156917], [-77.0797642259649, 38.920689921705], [-77.0797654611484, 38.9207717171846], [-77.0797652365696, 38.9208943801744], [-77.0797645295955, 38.9211235238949], [-77.0797632845305, 38.9214070753213], [-77.079762362859, 38.9217502929751], [-77.0797621355853, 38.9218030272673], [-77.0797619217862, 38.921855690932], [-77.0797616873259, 38.9219255955215], [-77.0797612480498, 38.9219981131959], [-77.079760456634, 38.9221545884462], [-77.0797608761472, 38.9223747949191], [-77.0797608339264, 38.9224688329479], [-77.0797608941135, 38.9225565396479], [-77.0798746783207, 38.9225562635881], [-77.0799247441264, 38.9225561706363], [-77.0800067495321, 38.9225560189782], [-77.0800800197199, 38.922556056718], [-77.0802538859482, 38.9225564138485], [-77.0803440597347, 38.9225566451796], [-77.0804874937362, 38.9225574076638], [-77.0805501404474, 38.9225577459244], [-77.080574018566, 38.9225578745193], [-77.0806878090613, 38.9225580101031], [-77.0807164275897, 38.9225596028634], [-77.0806989248147, 38.9226070348119], [-77.0806966835181, 38.9226616456712], [-77.0806562907713, 38.9228812180819], [-77.0806373587767, 38.9229792201939], [-77.0805901370371, 38.9232214339082], [-77.0805482090696, 38.9234359894459], [-77.0805277661086, 38.9235456599223], [-77.0805116772819, 38.9236314384928], [-77.0804969844371, 38.9237108606989], [-77.0804669573504, 38.9238718636621], [-77.0804477298101, 38.9239745314704], [-77.0804307022439, 38.9240653665511], [-77.0804112653961, 38.924168980349], [-77.0803801747041, 38.9243344368576], [-77.0803607351614, 38.924437874847], [-77.0803402400982, 38.9245476059738], [-77.0803266530795, 38.9246245391942], [-77.0803120024555, 38.9247085210777], [-77.0801927771527, 38.924708730737], [-77.0799967099605, 38.9247079752646], [-77.0798129757388, 38.9247086056403], [-77.0796387456928, 38.9247090123794], [-77.0793499849396, 38.9247093834763], [-77.07921376441, 38.9247093359535], [-77.0789951971148, 38.9247087943336], [-77.0789049343951, 38.9247091912886], [-77.0787595312866, 38.9247015603881], [-77.0788043293715, 38.9248157079234], [-77.078863908336, 38.9249588615448], [-77.0788815207055, 38.9250123950461], [-77.078880815528, 38.9251316095169], [-77.0788804032013, 38.9252267124475], [-77.0788791069323, 38.9254196232033], [-77.0789036965166, 38.925498422823], [-77.0788772806574, 38.9255725064758], [-77.0788761945942, 38.9256612932631], [-77.0788753286183, 38.925730681144], [-77.0788743871838, 38.9258227201971], [-77.0789103638126, 38.9259886250061], [-77.0789817906575, 38.9261903958046], [-77.0789808941389, 38.9261999986989], [-77.0789763765113, 38.9262483360188], [-77.0789755707225, 38.9262569500337], [-77.0789637515883, 38.9263010641723], [-77.0789594432682, 38.92631714398], [-77.0789539626466, 38.9263242540647], [-77.0789231683987, 38.9263642058224], [-77.0788760319991, 38.9263994731816], [-77.0787780527511, 38.9264840721423], [-77.0786851274248, 38.9265612422681], [-77.0784916321092, 38.9267134563827], [-77.078425580783, 38.9267654511029], [-77.0783145049965, 38.9268519490832], [-77.078177510119, 38.9269614227964], [-77.0780564253036, 38.9270590845272], [-77.0778627539182, 38.927212999947], [-77.0777882476485, 38.9272686632069], [-77.0777394601454, 38.9273107745433], [-77.0776199213306, 38.9274021609284], [-77.0775096073154, 38.9274871786944], [-77.0774215427731, 38.9275198877531], [-77.0772861657615, 38.9275300621156], [-77.0771472862186, 38.9275331663477], [-77.0770484481811, 38.927535187383], [-77.077052952334, 38.9276068006208], [-77.0770532119471, 38.9276770832042], [-77.0770554244976, 38.9278914938863], [-77.0770574421137, 38.9279525376236], [-77.0770527376366, 38.9280203718568], [-77.0770554415656, 38.9281302511851], [-77.0770554505488, 38.9282105328074], [-77.0770556670428, 38.9283984318407], [-77.0770551217654, 38.9285049492257], [-77.0770515428773, 38.9285615758522], [-77.077052487905, 38.9288341959021], [-77.0770555826011, 38.9289543774103], [-77.0770540958893, 38.9290265105364], [-77.077058175139, 38.9291225733172], [-77.073108468786, 38.9290320179512], [-77.0731390887608, 38.9287829714048], [-77.0731798372404, 38.9284515427512], [-77.0731846414305, 38.9284124684992], [-77.0731845605822, 38.9283424270414], [-77.073177847472, 38.9225522722524]]]}, "properties": {"Route": "R326_4A", "ROUTE_NUMB": 326, "CollectionDay": "Thursday", "RunsPerWeek": 1, "RStatus": "Scheduled Other Day", "RecycleRouteArea": "OR_326A"}}, {"type": "Feature", "geometry": {"type": "Polygon", "coordinates": [[[-77.0946754745537, 38.9156365381986], [-77.0935583395479, 38.9159980899707], [-77.0927130149841, 38.9162683532203], [-77.0916680632046, 38.9164261928675], [-77.0887068504138, 38.916447396089], [-77.0885950272289, 38.9160216788363], [-77.0883271379331, 38.9156083773469], [-77.0881684774876, 38.9154232856947], [-77.0879782259885, 38.9152410998256], [-77.087649184778, 38.9150023054411], [-77.0876397318063, 38.9149965977336], [-77.0875964599591, 38.9149717664749], [-77.0875523841196, 38.9149477480985], [-77.0875236550985, 38.9149324562386], [-77.0874946934138, 38.9149173433093], [-77.0874655035569, 38.9149025001757], [-77.0874361978174, 38.9148879289349], [-77.0874065462265, 38.9148735373242], [-77.0873767796513, 38.9148594176065], [-77.0873468998883, 38.9148455676851], [-77.0873166724773, 38.9148319861624], [-77.0872863300819, 38.9148186765332], [-77.0872558727022, 38.9148055472336], [-77.0872107629019, 38.9147835110577], [-77.0871659962581, 38.9147612036775], [-77.0871213445985, 38.9147387166568], [-77.0870769247044, 38.9147158682653], [-77.0870327338806, 38.9146929290013], [-77.0869886589395, 38.9146696311617], [-77.0869448139671, 38.914646150885], [-77.0869011998618, 38.9146224923647], [-77.0868578148268, 38.9145984717733], [-77.0868146615572, 38.9145742722389], [-77.0867708138898, 38.9145481805994], [-77.0867273120739, 38.9145215479517], [-77.086684386078, 38.914494555327], [-77.0866418032386, 38.9144671104615], [-77.0865996857265, 38.9144393063172], [-77.0865580236603, 38.9144110520279], [-77.0865167101404, 38.914382435663], [-77.0864759733389, 38.9143533677543], [-77.0864356946782, 38.9143239412637], [-77.0863958795481, 38.9142940625293], [-77.0863537530529, 38.9142620239735], [-77.0863120900883, 38.914229624736], [-77.0862708852646, 38.9141968648162], [-77.0862302580575, 38.9141637442137], [-77.0861899767019, 38.914130352396], [-77.0861501552836, 38.9140965104266], [-77.0861107964978, 38.9140624881069], [-77.0860718958527, 38.9140280156345], [-77.0860334587383, 38.9139932712461], [-77.0859955965457, 38.913958166871], [-77.0859601589061, 38.9139269333777], [-77.0858978284018, 38.9138717587159], [-77.0858926352411, 38.9138672580407], [-77.0857907932374, 38.9139397601855], [-77.0856781220429, 38.9140200173252], [-77.085635609272, 38.9140497759522], [-77.0855925197828, 38.9140790837316], [-77.0855488553718, 38.9141079420621], [-77.0855047265318, 38.914136351643], [-77.0854600218717, 38.9141642195122], [-77.0854148545792, 38.9141916386329], [-77.0853692273493, 38.9142185160432], [-77.0853279758131, 38.9142421481373], [-77.0853231356903, 38.9142449461041], [-77.085276584094, 38.9142708316596], [-77.0852295698653, 38.9142961803992], [-77.0851729894771, 38.9143246884591], [-77.0851162932063, 38.9143528358409], [-77.0850634129788, 38.9143785948442], [-77.0850592492874, 38.9143806225449], [-77.0850018595172, 38.9144080499697], [-77.0849442397782, 38.9144351167176], [-77.0848863882739, 38.9144619129557], [-77.0848283059026, 38.9144882590501], [-77.0847933874892, 38.9145038697338], [-77.0847698776799, 38.9145143367323], [-77.0847112167935, 38.9145400523413], [-77.084638049912, 38.9145716692961], [-77.0845782194191, 38.914598981318], [-77.0845690521116, 38.9146034644727], [-77.084517040555, 38.9146289039587], [-77.0844356855296, 38.9146498099588], [-77.0844180587871, 38.9146543392419], [-77.0843526057389, 38.9146770394729], [-77.084324327672, 38.9146852299231], [-77.0842884453663, 38.9146956235038], [-77.0842670115636, 38.9147018323919], [-77.084267824539, 38.9147256201937], [-77.0841553509738, 38.9147478996266], [-77.0835636711203, 38.9149922669771], [-77.0832677480995, 38.9144755099265], [-77.0826833949055, 38.9135771173135], [-77.0821515185954, 38.9126859785558], [-77.0816036891042, 38.9126876260582], [-77.081577871523, 38.9126408025842], [-77.0815689359808, 38.9126191026461], [-77.0815600004387, 38.9125974020024], [-77.0815428848376, 38.9125610855976], [-77.0815366622076, 38.9125478817881], [-77.0815121148442, 38.9124954223087], [-77.0815070860752, 38.9124846782145], [-77.0814801599729, 38.9124273481587], [-77.0814687522671, 38.9124030577148], [-77.081431928527, 38.9123244630333], [-77.0814212089307, 38.9122980860791], [-77.0814105782676, 38.9122719278982], [-77.0808187888197, 38.91154243139], [-77.0807739736668, 38.9112244988221], [-77.0807423026631, 38.9107931246763], [-77.0807442043966, 38.9107079478048], [-77.0807262695319, 38.9106489338141], [-77.0807103747413, 38.9105772692088], [-77.0806861489747, 38.9104910966961], [-77.0806836471667, 38.9104843184501], [-77.0806604077502, 38.9104213555937], [-77.0806443548561, 38.9103702121681], [-77.080654811246, 38.9102482216054], [-77.0804864427073, 38.9101484977296], [-77.0804269320146, 38.9100868969427], [-77.0803834221139, 38.9100477349866], [-77.0803698180272, 38.9100359028641], [-77.0803240506601, 38.9099960949953], [-77.0802616644603, 38.9099464289701], [-77.0801908412832, 38.9098962715059], [-77.0801803103332, 38.9098888592006], [-77.0801240443553, 38.9098492609526], [-77.0800671971676, 38.9098049163968], [-77.0800030646428, 38.9097486732368], [-77.0799444899947, 38.9096899492376], [-77.0799258562407, 38.9096694541939], [-77.0799237020807, 38.9096669608163], [-77.0798534340625, 38.9095787852241], [-77.0798081167514, 38.9095127389126], [-77.0797723880576, 38.9094529885647], [-77.079741876779, 38.9093946417891], [-77.0797160672825, 38.9093325419497], [-77.0796946990569, 38.9092694152008], [-77.079677356182, 38.9091985216167], [-77.0796594779112, 38.9091019034017], [-77.079653431351, 38.9090591961794], [-77.0796513077337, 38.9090279374626], [-77.0796505513522, 38.9089955644956], [-77.0796512358685, 38.9089631901157], [-77.0796533612825, 38.9089306738201], [-77.0796569284924, 38.9088984399137], [-77.0796619357018, 38.9088662024976], [-77.0796680253811, 38.9088342467722], [-77.0796774945226, 38.9087961067929], [-77.0796809395617, 38.908782439531], [-77.0796842094293, 38.9087661467421], [-77.0796878494028, 38.9087460918153], [-77.0796905290773, 38.9087259012726], [-77.0796916169371, 38.9087158647169], [-77.079721504785, 38.9086633534738], [-77.0797220482657, 38.9086624000072], [-77.0797173887043, 38.9085667436177], [-77.0803792934568, 38.908190145879], [-77.0803887769713, 38.9081847507878], [-77.0804395443612, 38.9080398583947], [-77.0804447563865, 38.9080249837646], [-77.0805163350467, 38.9078207349746], [-77.0805163745725, 38.9078206196345], [-77.0806438320366, 38.9074527390904], [-77.0807613244893, 38.9071141700913], [-77.0807648773262, 38.9071039291888], [-77.0808006176981, 38.9070320114478], [-77.0808046331674, 38.9070239312616], [-77.0808901635623, 38.9069699773483], [-77.080929396584, 38.9069495094809], [-77.0809617772567, 38.9069326178935], [-77.0809878715191, 38.9069203168951], [-77.0810929025421, 38.9068708067009], [-77.0809015155725, 38.9066244414868], [-77.0808733417102, 38.9065830798298], [-77.0808366365477, 38.9065409268315], [-77.0808152593389, 38.9065134061901], [-77.0807909967414, 38.906482173615], [-77.0807240875241, 38.9064026007053], [-77.0805815275835, 38.9062538529305], [-77.0805502572284, 38.9062294625076], [-77.080518062507, 38.9062058829702], [-77.0804849497073, 38.9061831136204], [-77.0804509125412, 38.9061611565559], [-77.0804159563985, 38.9061401012556], [-77.0803800767877, 38.9061198575432], [-77.0803435081692, 38.9061006050745], [-77.0803061328634, 38.9060821627971], [-77.0802680676516, 38.9060648040393], [-77.0802471881094, 38.9060557185119], [-77.0802260812935, 38.9060471761437], [-77.0802046277279, 38.9060390832626], [-77.0801829441936, 38.9060313510894], [-77.0801610306905, 38.9060241592798], [-77.0801387704378, 38.9060174176567], [-77.0801163969973, 38.9060112177956], [-77.0800937935882, 38.9060054681212], [-77.0800709602103, 38.9060001679347], [-77.0800478959653, 38.9059953193331], [-77.0799673952378, 38.9059815061298], [-77.0799210682203, 38.9059735565462], [-77.0798283665745, 38.9059632728371], [-77.0797974528506, 38.9059598440017], [-77.0796973904095, 38.9059522467364], [-77.0796149852535, 38.9059477043151], [-77.0795325845891, 38.9059462272243], [-77.0794802334693, 38.9059478518145], [-77.0794308917057, 38.9059503173608], [-77.0793816649265, 38.9059528737834], [-77.0793323231628, 38.9059556091625], [-77.0792830963836, 38.9059584354179], [-77.0792050759045, 38.9059609820535], [-77.0791749877324, 38.9059605339631], [-77.0792260794142, 38.9059151719582], [-77.079258756531, 38.905886159302], [-77.0792668072325, 38.9058808367369], [-77.079275678096, 38.9058749724078], [-77.0793492932369, 38.9058263066364], [-77.0793632180221, 38.9058171015408], [-77.0793833124367, 38.9058067150486], [-77.079397314477, 38.9057994784771], [-77.079425037385, 38.9057851486371], [-77.0794446754554, 38.9057751263458], [-77.0794702468983, 38.9057676520936], [-77.0794767228532, 38.9057613298768], [-77.0794973751216, 38.9057525875446], [-77.0795078153418, 38.9057489343036], [-77.079521677245, 38.9057438382208], [-77.0795348204959, 38.905738663844], [-77.079543790174, 38.9057355978053], [-77.079556201298, 38.9057316579524], [-77.0795747856445, 38.9057259327221], [-77.0795816550615, 38.9057241019066], [-77.0796029083028, 38.9057184374933], [-77.0796061916452, 38.9057176524586], [-77.0796273029527, 38.9057126074043], [-77.0796312627265, 38.9057116608886], [-77.07965663654, 38.9057065466278], [-77.079660901741, 38.9057055260126], [-77.0796737126152, 38.9057024208256], [-77.0799830528732, 38.9056246715685], [-77.0799831903154, 38.905624636616], [-77.0800399961807, 38.905610164134], [-77.0801129636363, 38.9055919915635], [-77.0804295443155, 38.9055123002151], [-77.0811243992726, 38.9053071501037], [-77.081185946446, 38.9052918827308], [-77.0812483047981, 38.9052784175204], [-77.081259989185, 38.9052762644286], [-77.0813111239859, 38.9052668432534], [-77.0813746384697, 38.905257159232], [-77.0814385006016, 38.9052494584312], [-77.0815027103815, 38.9052436478773], [-77.0815671546216, 38.905239819846], [-77.0816317147445, 38.9052378820625], [-77.0816679734443, 38.9052379079275], [-77.0817102831958, 38.9052389711919], [-77.0817361133535, 38.905239619916], [-77.0818322519535, 38.905242747493], [-77.0818459476684, 38.9052432962521], [-77.0819304665602, 38.905246686674], [-77.0819493760969, 38.9052474444508], [-77.082054005573, 38.9052523644071], [-77.082119153194, 38.9052564566808], [-77.0821447830274, 38.9052580666066], [-77.0821664414089, 38.9052593493743], [-77.082259973098, 38.9052648907904], [-77.0823274222028, 38.9052699589454], [-77.0824270705206, 38.9052783049724], [-77.0824470724087, 38.9052799799099], [-77.0825318922362, 38.905287550683], [-77.082568712383, 38.9052944951016], [-77.082601162226, 38.9053006167311], [-77.0826106412489, 38.905302404216], [-77.0826276463572, 38.9053056121817], [-77.0826962929163, 38.9053253360292], [-77.082714427207, 38.9053305453889], [-77.0827424258977, 38.905338589417], [-77.0827759411427, 38.9053497505307], [-77.0829388694841, 38.9054040048707], [-77.0830704070962, 38.9054480208241], [-77.0834434774337, 38.9055824571837], [-77.0836524049075, 38.9056576290822], [-77.0839387797352, 38.9057602687174], [-77.0844580652583, 38.9059440671623], [-77.0845702010569, 38.9059844330472], [-77.0847969888352, 38.9060687096204], [-77.0849131059671, 38.9061104777238], [-77.0850751054505, 38.9061687810617], [-77.0851066129608, 38.9061801203018], [-77.0851257192286, 38.9061870324768], [-77.0851356024933, 38.9061906108973], [-77.0853340421362, 38.9062624574889], [-77.0854932397742, 38.9063180658817], [-77.0855780578051, 38.906344630305], [-77.0858888452489, 38.9064385350877], [-77.0860816057426, 38.9064988430136], [-77.0861606251483, 38.9065235577002], [-77.0864126232467, 38.9066023936833], [-77.0865028697968, 38.9066308747746], [-77.0865205252854, 38.9066363790344], [-77.0865940038824, 38.9066592880473], [-77.0866142132813, 38.9066655444742], [-77.0867100626238, 38.9066940087632], [-77.0868087928634, 38.9067216097244], [-77.0869074054237, 38.9067509946282], [-77.0870471913668, 38.9067925980556], [-77.0873377209027, 38.9068809343926], [-77.0876018426642, 38.9069624417065], [-77.0878521195906, 38.9070363021458], [-77.0881172824995, 38.9071185299891], [-77.0883590290239, 38.9071923958584], [-77.0884307478213, 38.9072144274008], [-77.0885399515188, 38.9072460077738], [-77.0886440545821, 38.9072791120314], [-77.0887978847863, 38.9073251155785], [-77.0890149527933, 38.9073932337678], [-77.0892240608285, 38.9074557722003], [-77.0893968418919, 38.9075121234302], [-77.0895855455937, 38.9075777402997], [-77.0898712628547, 38.9076850802465], [-77.0901362398124, 38.9077991915439], [-77.0903051185942, 38.9078685158045], [-77.0904670866366, 38.907942348738], [-77.090675767972, 38.9080323620121], [-77.0907341396009, 38.9080575389216], [-77.0908634574759, 38.908113290607], [-77.0910317640309, 38.9081853156018], [-77.091114642599, 38.9082222451948], [-77.0912082156106, 38.9082606147631], [-77.0913474419032, 38.9083285999389], [-77.0913485351529, 38.9083291332955], [-77.0913634319153, 38.908336036873], [-77.091526674667, 38.9084147331354], [-77.0916883085361, 38.9084956815661], [-77.0918479849762, 38.9085787018093], [-77.0920059339559, 38.9086638875269], [-77.0921619273033, 38.9087511457412], [-77.0923165983307, 38.908840927313], [-77.0924680435078, 38.9089319718998], [-77.0927083949486, 38.9090785261357], [-77.0928286326527, 38.9091538320387], [-77.0929544093689, 38.9092326448293], [-77.0930815784738, 38.9093190236814], [-77.0932813359452, 38.9094547997116], [-77.0934453189087, 38.9095661030229], [-77.093552310954, 38.9096502439297], [-77.0937324662876, 38.9097853161209], [-77.0939903178084, 38.9099945522819], [-77.094067484888, 38.9100526657944], [-77.0941685624255, 38.9101287871053], [-77.0942236830513, 38.9101702983811], [-77.0943467917711, 38.9102652305359], [-77.0910841286255, 38.9126734744514], [-77.0932456845065, 38.915132671843], [-77.0946754745537, 38.9156365381986]]]}, "properties": {"Route": "R325_4", "ROUTE_NUMB": 325, "CollectionDay": "Thursday", "RunsPerWeek": 1, "RStatus": "Scheduled Other Day", "RecycleRouteArea": "OR_325"}}, {"type": "Feature", "geometry": {"type": "Polygon", "coordinates": [[[-77.0412963874087, 38.9323764750275], [-77.0410121532663, 38.9323734967894], [-77.0407148809758, 38.9323703829861], [-77.0406020534744, 38.9323777628953], [-77.0399210972514, 38.9325217432953], [-77.0394956946587, 38.9325963912209], [-77.0393276656831, 38.9326258772171], [-77.038883656286, 38.9325470128411], [-77.03884173281, 38.9325395658659], [-77.0388428107883, 38.9324045048399], [-77.0388431629279, 38.9323603958944], [-77.0388455147173, 38.9320662617185], [-77.0388469151908, 38.9318910785668], [-77.0388541960362, 38.9309803755234], [-77.0388551886746, 38.9308562408208], [-77.0388563088738, 38.9307161249267], [-77.0388638205862, 38.9297765506577], [-77.0388645015092, 38.9296913469554], [-77.0388715739454, 38.9288067279309], [-77.0373507719835, 38.9287358217175], [-77.0373177885412, 38.9286537321293], [-77.0372987343757, 38.9286060840932], [-77.0371383850975, 38.9282034529615], [-77.0371154690746, 38.9281459084847], [-77.0370411002472, 38.9279572072217], [-77.0370084195371, 38.9278741614275], [-77.0369764314282, 38.9277930967305], [-77.0369000997818, 38.9275993517293], [-77.0368773167096, 38.9275443309596], [-77.0367353245042, 38.9272014159791], [-77.0367097054506, 38.9271257050299], [-77.0368169202781, 38.9270952726131], [-77.0368630451747, 38.9270848983197], [-77.0371076222906, 38.9270301406142], [-77.0371361051733, 38.9270242766349], [-77.0371647030404, 38.9270190423113], [-77.0371935308761, 38.9270143488908], [-77.0372224763912, 38.9270103766747], [-77.037251651875, 38.9270070334159], [-77.0373968205233, 38.9270019248826], [-77.0374293476214, 38.9269988667509], [-77.0374636075697, 38.9269907252432], [-77.0375724600259, 38.9269541422581], [-77.0376657258137, 38.9269773948328], [-77.037753252265, 38.9269989883494], [-77.0384598311349, 38.9271733100335], [-77.0391548801281, 38.9271813837327], [-77.0400243972209, 38.9271922157522], [-77.0410077928439, 38.9271967728871], [-77.0411978637816, 38.9271982194856], [-77.0416498241673, 38.927201660573], [-77.0425988960616, 38.9275639654657], [-77.043080022948, 38.9278694394114], [-77.0432416011215, 38.9279343812561], [-77.043370381804, 38.9279766494346], [-77.0434499878096, 38.9280701712891], [-77.0434908360022, 38.9281290100618], [-77.0435285517694, 38.9282001111566], [-77.0435505595955, 38.9282515995335], [-77.043645018346, 38.9286117243175], [-77.0436513757232, 38.9286353229664], [-77.0436580798502, 38.9286589230051], [-77.0436651289302, 38.9286823420402], [-77.0436725238616, 38.9287057603687], [-77.0436802655427, 38.92872908924], [-77.0436883530753, 38.9287524174047], [-77.0436969014435, 38.928775565964], [-77.0437056806788, 38.9287987138168], [-77.0437149207498, 38.9288216813655], [-77.0439790793422, 38.9292862313919], [-77.0442121158017, 38.9295705587256], [-77.0442279315406, 38.9296362719032], [-77.0441713574406, 38.9297521333777], [-77.0442271131753, 38.929810471802], [-77.0442904803355, 38.9298777584853], [-77.0443043691881, 38.9298925083393], [-77.044363880779, 38.9299610444218], [-77.0443708876383, 38.9299691143096], [-77.0443762954962, 38.9299756314352], [-77.0444286600908, 38.9300387530432], [-77.0444718870223, 38.9300890933361], [-77.0447857323314, 38.9304383283526], [-77.0451996418783, 38.930896581356], [-77.0452529317376, 38.9309556288228], [-77.0454133349148, 38.9311276291495], [-77.0454793943258, 38.9312005853489], [-77.0455443299444, 38.9312723325498], [-77.0456057450655, 38.9313374592559], [-77.0456470109747, 38.9313858252199], [-77.0457253764068, 38.9314705447163], [-77.0457817950982, 38.9315347131896], [-77.0459019474624, 38.9316713726203], [-77.0460216255161, 38.9318010962526], [-77.0461143657894, 38.9319021250954], [-77.0461602723954, 38.9319606210763], [-77.0463844685341, 38.9322076865753], [-77.0464485552448, 38.9322747557572], [-77.046490667367, 38.9323202371782], [-77.0467068577199, 38.9325505375234], [-77.0467356810641, 38.9325721607888], [-77.046745573312, 38.9325795812067], [-77.046757670924, 38.9325882992707], [-77.0468175553158, 38.9326105465411], [-77.0467874833133, 38.9326563205381], [-77.046614064446, 38.93272485395], [-77.0461037360247, 38.9329133049433], [-77.0454087831512, 38.9332174512288], [-77.0452058402538, 38.933093594364], [-77.0441934065892, 38.9327273248552], [-77.043220210438, 38.9323841749813], [-77.0412963874087, 38.9323764750275]]]}, "properties": {"Route": "R103_4", "ROUTE_NUMB": 103, "CollectionDay": "Thursday", "RunsPerWeek": 1, "RStatus": "Scheduled Other Day", "RecycleRouteArea": "OR_103"}}, {"type": "Feature", "geometry": {"type": "MultiPolygon", "coordinates": [[[[-77.0413148109568, 38.9361817617311], [-77.0412963874087, 38.9323764750275], [-77.043220210438, 38.9323841749813], [-77.0441934065892, 38.9327273248552], [-77.0452058402538, 38.933093594364], [-77.0454087831512, 38.9332174512288], [-77.0461037360247, 38.9329133049433], [-77.046614064446, 38.93272485395], [-77.0467874833133, 38.9326563205381], [-77.0468175553158, 38.9326105465411], [-77.0477156073935, 38.9350607642542], [-77.0476760114524, 38.9351013336882], [-77.0475601377639, 38.9351186070826], [-77.0473497918502, 38.9351823802503], [-77.0470209779135, 38.935278693934], [-77.0467573080046, 38.9353556308889], [-77.046682613987, 38.9353795522171], [-77.0465981157565, 38.9354088595716], [-77.0465322548731, 38.9354334943145], [-77.0464632651576, 38.9354586901519], [-77.0464012679283, 38.9354840774401], [-77.0463358391345, 38.9355097162721], [-77.0461650226866, 38.9355791504199], [-77.0458481994623, 38.9357083044061], [-77.0457682251475, 38.9357425783801], [-77.0457237711174, 38.9357613106197], [-77.0456852558496, 38.9357775399129], [-77.0455777409848, 38.9358235815853], [-77.0455600468686, 38.9358308430456], [-77.0455081826357, 38.93585212921], [-77.0454921495045, 38.9358585521619], [-77.0454343878318, 38.9358788579657], [-77.0454109283281, 38.9358870864962], [-77.0453926835447, 38.9358924864688], [-77.0453378207353, 38.9359084187615], [-77.0453187989092, 38.935913942412], [-77.0452430035571, 38.9359335396635], [-77.045226802441, 38.9359372640211], [-77.0451711679788, 38.9359500526112], [-77.045144397285, 38.9359562065342], [-77.0450467037012, 38.935973358836], [-77.044980800597, 38.9359809766451], [-77.0449263896403, 38.9359854339924], [-77.0449074118316, 38.9359869887184], [-77.0448866230193, 38.9359886915801], [-77.0448465195301, 38.9359904112118], [-77.0447921184548, 38.9359927443489], [-77.0447688862249, 38.9359937407709], [-77.0447233605046, 38.9359940747749], [-77.0444488973375, 38.935995391226], [-77.0444272039217, 38.9359954597038], [-77.0443088868156, 38.9359958174654], [-77.0442921907278, 38.9359958677756], [-77.0442208878504, 38.935995832838], [-77.0438871610274, 38.9359953045806], [-77.0438078173299, 38.9359954212723], [-77.0437935278287, 38.9359954422349], [-77.0437798590634, 38.935995515604], [-77.0436952880693, 38.9359959963462], [-77.04368156271, 38.9359960746066], [-77.0436050379259, 38.9359968432351], [-77.0435236918837, 38.9359982267663], [-77.0434192142229, 38.9360006046233], [-77.0434035934184, 38.9360009602886], [-77.0433030952943, 38.9360042542108], [-77.0432126556064, 38.9360104849918], [-77.0431946174355, 38.9360120788475], [-77.0431797566058, 38.9360133918044], [-77.0431438608254, 38.936016564143], [-77.043074663599, 38.9360234265956], [-77.0429891188311, 38.9360335522233], [-77.0429717606849, 38.9360359251877], [-77.0428981212895, 38.9360460249597], [-77.0428932128948, 38.9360466978586], [-77.0428216971167, 38.9360594591776], [-77.0427458182213, 38.9360734607798], [-77.0426445367663, 38.9360913292743], [-77.0426051672006, 38.9360980016591], [-77.0425685716326, 38.936104203783], [-77.0424906068491, 38.9361160979405], [-77.042415273231, 38.9361271382211], [-77.0424150154145, 38.9361271745562], [-77.0423472887303, 38.9361358879917], [-77.0420943815368, 38.9361510425191], [-77.0420835703124, 38.9361512856847], [-77.04178680557, 38.9361488756902], [-77.0417191085302, 38.936148285245], [-77.0416604494405, 38.9361488631126], [-77.0415709520854, 38.9361528872234], [-77.0415489765986, 38.9361549143019], [-77.0414948998151, 38.9361599019907], [-77.0414820790594, 38.9361610842783], [-77.041473621421, 38.936161864085], [-77.0414063429961, 38.9361700632351], [-77.0413391858437, 38.9361761563476], [-77.0413194570435, 38.9361806933403], [-77.0413148109568, 38.9361817617311]]], [[[-77.0328532918348, 38.9450696956376], [-77.0327284502648, 38.9450694916278], [-77.0327279921241, 38.9450694909291], [-77.0327285490795, 38.9449904314908], [-77.0327291419676, 38.9447049579807], [-77.0327291114249, 38.9446073044783], [-77.0327287026914, 38.9445214471725], [-77.0327281322612, 38.9444015309889], [-77.0327285886054, 38.9443506614813], [-77.0327287601836, 38.9443314745798], [-77.0327285859104, 38.9440859024634], [-77.0327283074327, 38.9440271824284], [-77.032728194245, 38.9440033597357], [-77.0327282876698, 38.9439892248552], [-77.0327287035898, 38.9439262819482], [-77.0327287934213, 38.9437046779516], [-77.0327287350308, 38.9436405386556], [-77.0327285526728, 38.9434593824372], [-77.0327281448376, 38.9434513895418], [-77.0327257741836, 38.9434049566704], [-77.0327094877275, 38.9433315029889], [-77.0327279786493, 38.9432826064884], [-77.03272869281, 38.9418747907642], [-77.0327321845615, 38.937616545063], [-77.0327325097516, 38.9370964108635], [-77.0335756370362, 38.9373152789844], [-77.0338685462094, 38.9373860836887], [-77.0341802391551, 38.937428059053], [-77.034929419729, 38.9374334037079], [-77.035856375101, 38.9374342883115], [-77.0364490107619, 38.9374348535913], [-77.0364471018419, 38.9382385120818], [-77.0364462637138, 38.9391130440986], [-77.0364459753546, 38.9397454270306], [-77.036428550733, 38.9450668276228], [-77.0364285408515, 38.945069927594], [-77.0363464878352, 38.9450699185113], [-77.0362858892827, 38.9450699827884], [-77.0360631349401, 38.9450701574544], [-77.035935725985, 38.9450702461847], [-77.0358204739307, 38.9450701756196], [-77.0356350356049, 38.9450701029586], [-77.0354579614927, 38.9450698800849], [-77.0353949725233, 38.9450698172051], [-77.0353949168277, 38.9450698172051], [-77.0343132059868, 38.9450696921443], [-77.0342609473934, 38.9450698039305], [-77.0341025708156, 38.9450701574544], [-77.0340372839557, 38.9450703342163], [-77.0334640186673, 38.9450713703346], [-77.0332525974702, 38.9450710161121], [-77.032931805489, 38.945069925498], [-77.0328532918348, 38.9450696956376]]]]}, "properties": {"Route": "R404_4B", "ROUTE_NUMB": 404, "CollectionDay": "Thursday", "RunsPerWeek": 1, "RStatus": "Scheduled Other Day", "RecycleRouteArea": "OR_404B"}}, {"type": "Feature", "geometry": {"type": "Polygon", "coordinates": [[[-77.0217272375278, 38.9441292460556], [-77.0217279471968, 38.9440782652635], [-77.0217260679213, 38.9440688226901], [-77.0217241886457, 38.944059380814], [-77.0217080513099, 38.9437493087393], [-77.0217059007431, 38.9436902321], [-77.0216941507792, 38.9434366977033], [-77.0216921753839, 38.9433857373737], [-77.0216799340415, 38.9431361487475], [-77.0216756939934, 38.9430570892491], [-77.0216722175132, 38.9429787737615], [-77.0216575911438, 38.9426813222414], [-77.0216285144747, 38.9420800266066], [-77.0216240390679, 38.9419897064759], [-77.0216202005667, 38.9418897742822], [-77.0216086158928, 38.9416331500945], [-77.0215872611419, 38.9412126516534], [-77.0215763690691, 38.9409940876203], [-77.0215720373928, 38.9409165579927], [-77.0215673023729, 38.9408173802861], [-77.0215588680907, 38.9406327813096], [-77.02154455164, 38.9403483040817], [-77.02154056851, 38.9402883770722], [-77.021537932853, 38.9402145617228], [-77.0215426750594, 38.9401370298455], [-77.0215844970257, 38.9400093819674], [-77.0216129116365, 38.9399482319215], [-77.0218326233853, 38.9396525983262], [-77.0218853113734, 38.9395817043531], [-77.0219929879349, 38.9394368173741], [-77.0222424509876, 38.9391011469502], [-77.0225046629308, 38.9387483156249], [-77.0246925870604, 38.9386919731282], [-77.0297067251599, 38.9386837798595], [-77.0297076621027, 38.9376114317039], [-77.0327321845615, 38.937616545063], [-77.03272869281, 38.9418747907642], [-77.0327279786493, 38.9432826064884], [-77.0327094877275, 38.9433315029889], [-77.0327257741836, 38.9434049566704], [-77.0327281448376, 38.9434513895418], [-77.0327285526728, 38.9434593824372], [-77.0327287350308, 38.9436405386556], [-77.0327287934213, 38.9437046779516], [-77.0327287035898, 38.9439262819482], [-77.0327282876698, 38.9439892248552], [-77.032728194245, 38.9440033597357], [-77.0327283074327, 38.9440271824284], [-77.0327285859104, 38.9440859024634], [-77.0327287601836, 38.9443314745798], [-77.0327285886054, 38.9443506614813], [-77.0327281322612, 38.9444015309889], [-77.0327287026914, 38.9445214471725], [-77.0327291114249, 38.9446073044783], [-77.0327291419676, 38.9447049579807], [-77.0327285490795, 38.9449904314908], [-77.0327279921241, 38.9450694909291], [-77.0325747844523, 38.9450688656251], [-77.0324450003517, 38.945068878201], [-77.0323085130223, 38.9450691101574], [-77.0321282031785, 38.9450695062997], [-77.0319281798058, 38.9450702692405], [-77.0318440606643, 38.945070401288], [-77.0317021403241, 38.9450687824841], [-77.0316372846555, 38.9450688914756], [-77.0315603691043, 38.9450679259223], [-77.0314661681703, 38.9450687859774], [-77.0314173923453, 38.9450692310262], [-77.0312867252007, 38.9450704341252], [-77.0312184514425, 38.945070893846], [-77.0310982694339, 38.9450716882266], [-77.0309765522045, 38.9450725790229], [-77.0308943123385, 38.9450734209127], [-77.0307941124551, 38.945073985433], [-77.0306665229387, 38.945073823343], [-77.0305752082917, 38.9450735892907], [-77.0304999860648, 38.9450733768969], [-77.030387593348, 38.9450730590049], [-77.0303081652089, 38.9450725741323], [-77.0302126123105, 38.9450724008637], [-77.0301313578964, 38.9450720787797], [-77.0299951391633, 38.9450715373153], [-77.029915838585, 38.9450711712155], [-77.0298196380012, 38.9450706737669], [-77.0297054639252, 38.94506975712], [-77.0295832804702, 38.9450697152002], [-77.0295037283636, 38.9450699506499], [-77.0293444453856, 38.9450702902004], [-77.0292427354342, 38.9450700903826], [-77.0292147187771, 38.9450700302976], [-77.0291706932433, 38.9450699352793], [-77.029046551461, 38.945069686555], [-77.0289694454669, 38.9450697382561], [-77.0288788279126, 38.9450698493436], [-77.0286516287059, 38.9450702259234], [-77.0284655157453, 38.9450706968228], [-77.0283913939546, 38.9450705752553], [-77.0282931676698, 38.9450704138639], [-77.0281685443905, 38.9450697270775], [-77.0279688785472, 38.9450690794162], [-77.0278507195446, 38.9450686958498], [-77.027685163631, 38.9450686057221], [-77.0275904749119, 38.9450685121012], [-77.0273791372581, 38.945068637162], [-77.0272118457994, 38.9450684366455], [-77.0269554531426, 38.9450681299321], [-77.0268538438025, 38.9450682270463], [-77.026515100787, 38.9450668555693], [-77.0263471086423, 38.9450680726417], [-77.0263389483463, 38.9450681320281], [-77.0263156029286, 38.9450683842457], [-77.0262443952727, 38.9450691513786], [-77.0261547856282, 38.9450703537789], [-77.0261370196468, 38.9450705920232], [-77.0261230274879, 38.9450709769869], [-77.0235037566134, 38.9451054860772], [-77.0234527897975, 38.9440790065561], [-77.02290610476, 38.9440949237346], [-77.0217272375278, 38.9441292460556]]]}, "properties": {"Route": "R405_4", "ROUTE_NUMB": 405, "CollectionDay": "Thursday", "RunsPerWeek": 1, "RStatus": "Scheduled Other Day", "RecycleRouteArea": "OR_405"}}, {"type": "Feature", "geometry": {"type": "Polygon", "coordinates": [[[-77.036379740772, 38.9518784241018], [-77.0364174852853, 38.9518239768547], [-77.036417686508, 38.9513327348793], [-77.0364177826277, 38.9510949603876], [-77.0364203886403, 38.9500451954424], [-77.0364253527306, 38.9480467630815], [-77.0364270837841, 38.9473508079991], [-77.0364304353985, 38.9460008832567], [-77.0364301398527, 38.9458547727739], [-77.0364297230345, 38.9457065331808], [-77.0364283863413, 38.9452239066316], [-77.0364285408515, 38.945069927594], [-77.036428550733, 38.9450668276228], [-77.0364459753546, 38.9397454270306], [-77.0364462637138, 38.9391130440986], [-77.0364471139692, 38.9382385075401], [-77.0366103517802, 38.9381838321613], [-77.0367597955109, 38.9381314517262], [-77.0369111221104, 38.9380762239168], [-77.0370337870624, 38.9380293242651], [-77.0372305666187, 38.9379482516098], [-77.0374021771773, 38.9378723173569], [-77.0374915056491, 38.937831282753], [-77.0376217137546, 38.9377681764651], [-77.0377836404745, 38.937685446807], [-77.0377838668499, 38.9376853266243], [-77.0379157476185, 38.9376151399025], [-77.0379992100915, 38.9375699504557], [-77.0381342690995, 38.9374945328642], [-77.0383329557791, 38.9373819660168], [-77.0385214609533, 38.9372748645398], [-77.0386235616719, 38.9372188569668], [-77.038731125944, 38.937165485702], [-77.0388166347793, 38.9371270632855], [-77.0388856370712, 38.9370972612329], [-77.0389243975791, 38.9370814605709], [-77.03901509688, 38.9370464095432], [-77.0390969504704, 38.9370159506381], [-77.0392470859038, 38.9369670847194], [-77.0393053057174, 38.9369494030102], [-77.0394937201617, 38.9368968323035], [-77.0397047550832, 38.9368393920051], [-77.0397047910158, 38.9368393822226], [-77.0398507950973, 38.9367996040637], [-77.0399218859722, 38.9367789093224], [-77.0400189094128, 38.9367475894476], [-77.0400742222781, 38.9367282202122], [-77.0401485246302, 38.9366999803885], [-77.0401683306856, 38.9366917952746], [-77.0402304599673, 38.9366660059407], [-77.0404042237876, 38.936582325399], [-77.0404674562005, 38.9365472636434], [-77.0405428868365, 38.9365014292703], [-77.0406204500731, 38.9364525860557], [-77.040739906243, 38.9363842728584], [-77.0407920561402, 38.9363576602856], [-77.0408755599357, 38.9363178427265], [-77.0409493843841, 38.9362871634021], [-77.0410248249016, 38.9362601511076], [-77.041099945619, 38.9362358380772], [-77.0411779616065, 38.9362141600287], [-77.0413148109568, 38.9361817617311], [-77.0413194570435, 38.9361806933403], [-77.0413391858437, 38.9361761563476], [-77.0414063429961, 38.9361700632351], [-77.041473621421, 38.936161864085], [-77.0414820790594, 38.9361610842783], [-77.0414948998151, 38.9361599019907], [-77.0415489765986, 38.9361549143019], [-77.0415709520854, 38.9361528872234], [-77.0416604494405, 38.9361488631126], [-77.0417191085302, 38.936148285245], [-77.04178680557, 38.9361488756902], [-77.0420835703124, 38.9361512856847], [-77.0420943815368, 38.9361510425191], [-77.0423472887303, 38.9361358879917], [-77.0424150154145, 38.9361271745562], [-77.042415273231, 38.9361271382211], [-77.0424906068491, 38.9361160979405], [-77.0425685716326, 38.936104203783], [-77.0426051672006, 38.9360980016591], [-77.0426445367663, 38.9360913292743], [-77.0427458182213, 38.9360734607798], [-77.0428216971167, 38.9360594591776], [-77.0428932128948, 38.9360466978586], [-77.0428981212895, 38.9360460249597], [-77.0429717606849, 38.9360359251877], [-77.0429891188311, 38.9360335522233], [-77.043074663599, 38.9360234265956], [-77.0431438608254, 38.936016564143], [-77.0431797566058, 38.9360133918044], [-77.0431946174355, 38.9360120788475], [-77.0432126556064, 38.9360104849918], [-77.0433030952943, 38.9360042542108], [-77.0434035934184, 38.9360009602886], [-77.0434192142229, 38.9360006046233], [-77.0435236918837, 38.9359982267663], [-77.0436050379259, 38.9359968432351], [-77.04368156271, 38.9359960746066], [-77.0436952880693, 38.9359959963462], [-77.0437798590634, 38.935995515604], [-77.0437935278287, 38.9359954422349], [-77.0438078173299, 38.9359954212723], [-77.0438871610274, 38.9359953045806], [-77.0442208878504, 38.935995832838], [-77.0442921907278, 38.9359958677756], [-77.0443088868156, 38.9359958174654], [-77.0444272039217, 38.9359954597038], [-77.0444488973375, 38.935995391226], [-77.0447233605046, 38.9359940747749], [-77.0447688862249, 38.9359937407709], [-77.0447921184548, 38.9359927443489], [-77.0448465195301, 38.9359904112118], [-77.0448866230193, 38.9359886915801], [-77.0449074118316, 38.9359869887184], [-77.0449263896403, 38.9359854339924], [-77.044980800597, 38.9359809766451], [-77.0450467037012, 38.935973358836], [-77.045144397285, 38.9359562065342], [-77.0451711679788, 38.9359500526112], [-77.045226802441, 38.9359372640211], [-77.0452430035571, 38.9359335396635], [-77.0453187989092, 38.935913942412], [-77.0453378207353, 38.9359084187615], [-77.0453926835447, 38.9358924864688], [-77.0454109283281, 38.9358870864962], [-77.0454343878318, 38.9358788579657], [-77.0454921495045, 38.9358585521619], [-77.0455081826357, 38.93585212921], [-77.0455600468686, 38.9358308430456], [-77.0455777409848, 38.9358235815853], [-77.0456852558496, 38.9357775399129], [-77.0457237711174, 38.9357613106197], [-77.0457682251475, 38.9357425783801], [-77.0458481994623, 38.9357083044061], [-77.045976872347, 38.9359089868485], [-77.0461282941679, 38.9361432612203], [-77.0461652014514, 38.9361875264295], [-77.0462227358504, 38.9362344098305], [-77.0462856089371, 38.9362679903898], [-77.0463865723885, 38.936304080145], [-77.0465022673123, 38.9363378626101], [-77.0466144246705, 38.9363752191624], [-77.0467251537073, 38.9364191285637], [-77.0468247436347, 38.9364687194621], [-77.0468895040818, 38.9365086284726], [-77.0469641235392, 38.9365628967249], [-77.0470425922776, 38.9366288046633], [-77.0471279852302, 38.9367208204921], [-77.0472732032857, 38.9368846182521], [-77.04736017368, 38.9369826883612], [-77.0474098828545, 38.9370392439351], [-77.047458965005, 38.9370961020193], [-77.0475104609287, 38.9371570113627], [-77.0475606830413, 38.9372176732994], [-77.0475961296641, 38.937261239796], [-77.0477747560651, 38.9374781341705], [-77.0478469761223, 38.9375459250556], [-77.047926477025, 38.937600991171], [-77.0480395452748, 38.9376582470848], [-77.0481270555566, 38.9376922140699], [-77.0483796213903, 38.9377874510871], [-77.0484383595317, 38.9378096932329], [-77.0484496648296, 38.9378139792751], [-77.0484609647375, 38.9378182653171], [-77.0487865106033, 38.9379475207341], [-77.0491505259227, 38.9381037525815], [-77.0494637783437, 38.9382402770765], [-77.0497821574501, 38.9383867735785], [-77.0498605803744, 38.9384257361288], [-77.049919062496, 38.9384585554334], [-77.0499750230467, 38.9384913013563], [-77.050049046921, 38.9385414106593], [-77.0501160477665, 38.9385917330389], [-77.0503675544865, 38.9387949604649], [-77.0505823255012, 38.938971992156], [-77.0512337109817, 38.939498514259], [-77.051219249004, 38.9395247790887], [-77.0512079221466, 38.9395453514517], [-77.0512063357218, 38.9395540372171], [-77.0511873103023, 38.9396150115261], [-77.0511646170616, 38.9396950593545], [-77.0511452987915, 38.9397677014018], [-77.0511289476567, 38.9398402148111], [-77.0511136089232, 38.9399146852458], [-77.0511111690989, 38.9399265333477], [-77.0510938154442, 38.9400007654303], [-77.0510909947342, 38.940012830119], [-77.0510758051211, 38.9400645956943], [-77.0510730131572, 38.9400741044801], [-77.0510675208575, 38.9400928264922], [-77.0510499255561, 38.9401431037519], [-77.051028778316, 38.9401986653332], [-77.0510015126504, 38.9402625701811], [-77.0509698856642, 38.940332427286], [-77.0509636001522, 38.9403463141548], [-77.0509430008844, 38.9403969922942], [-77.050937762808, 38.940409878598], [-77.0509111358447, 38.9404685024124], [-77.0509050407755, 38.9404819211195], [-77.050885271551, 38.9405300859075], [-77.0508802158326, 38.9405424034386], [-77.0508655643103, 38.9405869055586], [-77.0508600369764, 38.9406036990019], [-77.0508484289463, 38.9406537222686], [-77.0508439508446, 38.9406730198624], [-77.0508352353897, 38.940726910421], [-77.0508323041869, 38.9407450467449], [-77.0508244268602, 38.9408129896195], [-77.0508220265617, 38.9408336936641], [-77.0508162647675, 38.9408978306085], [-77.0508143028469, 38.9409196700234], [-77.0508086452573, 38.9409882499487], [-77.0508072025629, 38.9410057280267], [-77.0508019662831, 38.9410685295936], [-77.0507953582759, 38.9411182423084], [-77.0507923192753, 38.941137254705], [-77.050784186827, 38.9411881726326], [-77.0507794724684, 38.9412097946618], [-77.0507673047879, 38.941265592267], [-77.0507543942006, 38.9413026401925], [-77.0507358394984, 38.9413558769878], [-77.0507202088125, 38.9413894439426], [-77.0507010926632, 38.9414305002432], [-77.0506935252553, 38.9414446600884], [-77.0506647953359, 38.9414984368714], [-77.0506560897625, 38.9415147319266], [-77.0506208955663, 38.9415769810711], [-77.0506109161818, 38.9415946329798], [-77.0505771071877, 38.9416512051376], [-77.0505671197184, 38.94166791728], [-77.050539352793, 38.9417157703422], [-77.0505328220409, 38.9417270256483], [-77.0505092412646, 38.941769437923], [-77.0505002293657, 38.9417856462776], [-77.050473703912, 38.941835853166], [-77.0504615910287, 38.9418587850517], [-77.0504301329258, 38.9419180749216], [-77.0504206781574, 38.9419358965281], [-77.050395566652, 38.9419870332722], [-77.0503844041862, 38.9420097610902], [-77.0503655602265, 38.942050784193], [-77.0503379451164, 38.9421108955653], [-77.050334593502, 38.9421184798766], [-77.0503055976813, 38.9421841388077], [-77.0503011653937, 38.9421941741231], [-77.0502786742739, 38.94224573828], [-77.0502725280007, 38.9422598287919], [-77.0502456665771, 38.9423206966691], [-77.0502358309231, 38.9423429814104], [-77.050208344272, 38.9424058928846], [-77.0501859654417, 38.9424593908601], [-77.0501658827052, 38.9425086945653], [-77.0501442809175, 38.942559613604], [-77.0501367296793, 38.9425775370578], [-77.0501130725463, 38.9426336892187], [-77.0501097236269, 38.9426413684955], [-77.0500808517737, 38.9427075712196], [-77.0500554025016, 38.9427634465977], [-77.0500483480317, 38.9427786933327], [-77.0500288653698, 38.9428208010498], [-77.0500075995521, 38.9428605290191], [-77.0499984807537, 38.942877563669], [-77.0499674358758, 38.9429300481956], [-77.0499556068601, 38.9429500487453], [-77.0499176449545, 38.9430037594088], [-77.0498752094388, 38.9430425021315], [-77.0498477668052, 38.9430690073929], [-77.0498316438425, 38.9430845789499], [-77.0498200016764, 38.9430947699442], [-77.0497510999958, 38.9431550809532], [-77.0496331538939, 38.9432063495674], [-77.0495289798637, 38.943245797848], [-77.0494522421788, 38.9432673130501], [-77.0494170578641, 38.9432774236698], [-77.049343687065, 38.9432985042826], [-77.0492714768892, 38.9433224445905], [-77.0492063077086, 38.9433250716309], [-77.0491414655147, 38.9433191398294], [-77.0489515949013, 38.9433021171631], [-77.0488493944698, 38.943291971613], [-77.048764408454, 38.9432822417767], [-77.0486893263642, 38.9432709783333], [-77.0486253465531, 38.9432596743646], [-77.0485445772293, 38.9432432280965], [-77.0484768038326, 38.9432281044295], [-77.0484131887375, 38.9432117895063], [-77.0483453030515, 38.9431925771441], [-77.0482380046807, 38.9431602176678], [-77.0481408608658, 38.9431251982908], [-77.0480382319379, 38.9430866414631], [-77.0479182816946, 38.9430396151702], [-77.0478495884232, 38.9430105548103], [-77.047631320267, 38.9429140895332], [-77.0474049816463, 38.9428146442292], [-77.047225858477, 38.9427366107432], [-77.0470941762361, 38.9426865274615], [-77.0470250382986, 38.9426636000358], [-77.0469516279736, 38.9426444958216], [-77.046875458024, 38.942628606265], [-77.0467990823602, 38.9426173021939], [-77.0467136417969, 38.9426126007226], [-77.0463850093199, 38.9429665188366], [-77.0462393960056, 38.9431516706832], [-77.0456271635968, 38.9439301232635], [-77.045467388342, 38.9440919746342], [-77.0453600630218, 38.9442006559927], [-77.0453170633641, 38.9442427412065], [-77.0452742936751, 38.9442849165239], [-77.0452314090017, 38.9443270925149], [-77.0451887525005, 38.9443692677822], [-77.0451461004908, 38.9444115324542], [-77.0451034466845, 38.9444537984983], [-77.0450609078625, 38.9444961532483], [-77.0450183681422, 38.9445385086715], [-77.0449759443046, 38.9445808640695], [-77.0449335213653, 38.9446233095704], [-77.0449007804682, 38.9446571928721], [-77.044885157867, 38.9446731658142], [-77.0448678122972, 38.9446908966001], [-77.0448346114626, 38.944724510184], [-77.0448011779644, 38.9447580343226], [-77.0447853191064, 38.9447737983407], [-77.0447676330751, 38.9447913774908], [-77.0447338528271, 38.9448247213419], [-77.044717797238, 38.9448403903266], [-77.0446999593914, 38.9448577947937], [-77.0446658368854, 38.94489086823], [-77.0446495665989, 38.9449064449762], [-77.0446314817157, 38.9449237613953], [-77.0445970115616, 38.9449565644176], [-77.0444529029254, 38.9450951668178], [-77.0443808167171, 38.9451630482334], [-77.0442388137319, 38.9452967637915], [-77.0440153290589, 38.9455152635587], [-77.0440070915078, 38.9455233191008], [-77.0439723922833, 38.9455591854651], [-77.0439378071448, 38.9455952313666], [-77.0439214191791, 38.9456124246536], [-77.0439034528734, 38.9456312779484], [-77.0438692144847, 38.9456675040669], [-77.0438530448096, 38.9456847720927], [-77.0438352078613, 38.9457038195951], [-77.0438014303083, 38.9457403160568], [-77.0437854897036, 38.9457576567253], [-77.0437678845206, 38.9457768124999], [-77.0437344537173, 38.9458134884788], [-77.0437241590242, 38.9458248500287], [-77.0437138679243, 38.9458362066863], [-77.0437011378984, 38.9458502545653], [-77.0436666533713, 38.9458887798479], [-77.043408689561, 38.9461962820032], [-77.0431433227345, 38.9465004097442], [-77.0430091431772, 38.9466575638251], [-77.0429493144809, 38.9467275802085], [-77.0428882182618, 38.9468002094615], [-77.0427882402623, 38.9469189178216], [-77.0427111639126, 38.9470104333415], [-77.0426049839443, 38.947136501558], [-77.0425955866681, 38.9471472369116], [-77.0425812387764, 38.9471636249853], [-77.0425574909136, 38.9471907491008], [-77.0425422662661, 38.9472082801439], [-77.0425338571367, 38.9472179626323], [-77.0425270640766, 38.9472258244569], [-77.0425103419375, 38.9472451761532], [-77.0424868231451, 38.9472724797886], [-77.042474038322, 38.9472873964935], [-77.0424634238286, 38.9472997834134], [-77.0424401350048, 38.9473270870277], [-77.0424292653899, 38.9473399392359], [-77.0424169665553, 38.9473544800576], [-77.0423937954109, 38.9473818737755], [-77.0423810977244, 38.9473969357747], [-77.0423706233681, 38.9474093576075], [-77.0423292370847, 38.9474535130836], [-77.0422871555052, 38.9474973988571], [-77.0422443849179, 38.9475408339811], [-77.0422010358155, 38.9475839092794], [-77.0421569941121, 38.9476265346283], [-77.042112374792, 38.9476687994542], [-77.0420671769567, 38.9477107044565], [-77.0420212901137, 38.947752158813], [-77.041974822959, 38.9477932533472], [-77.0419277799842, 38.9478338078116], [-77.0419162438193, 38.94784348742], [-77.0419046986713, 38.9478531733147], [-77.0418900776917, 38.9478654399704], [-77.0418524876887, 38.9478971622389], [-77.0418348151321, 38.9479120823056], [-77.0418150162632, 38.947928795068], [-77.0417774280568, 38.9479605180069], [-77.0417659745369, 38.9479702122693], [-77.0417545264069, 38.9479799044344], [-77.0417399521398, 38.947992240233], [-77.0417023639333, 38.9480239631435], [-77.0416648925079, 38.9480556853412], [-77.0416534686324, 38.9480653865769], [-77.0416420429603, 38.9480750885099], [-77.0416275333719, 38.9480874075247], [-77.0415900610481, 38.9481192205164], [-77.0415715737196, 38.9481349628279], [-77.0415514918814, 38.9481521142796], [-77.0414842161514, 38.9482147453376], [-77.0414257609793, 38.948268996247], [-77.0414179330599, 38.9482762396656], [-77.0413668027505, 38.948320268848], [-77.0412852069766, 38.9483902975618], [-77.0412405786733, 38.9484276973672], [-77.0410665884775, 38.9485735126157], [-77.0409636541224, 38.9486630467854], [-77.0408050817118, 38.9488009733529], [-77.0406107922855, 38.9489650813412], [-77.0403820264169, 38.9491598298822], [-77.0403207146022, 38.9492109767853], [-77.0401132450941, 38.9493840485327], [-77.0401055339557, 38.9493903326305], [-77.0400997541951, 38.949395043433], [-77.0400339103797, 38.9494488449247], [-77.0399669310938, 38.9495035818279], [-77.0399557317972, 38.9495126506143], [-77.0398624498398, 38.94959267609], [-77.0396657196908, 38.949758910933], [-77.039576738867, 38.949833772654], [-77.0393085046181, 38.9500555286521], [-77.0392257068984, 38.9501276172612], [-77.0390432967934, 38.9502863191104], [-77.0387935902973, 38.9504984042287], [-77.0386121916953, 38.9506587930862], [-77.0383892684694, 38.950851297939], [-77.0382716924734, 38.9509497427437], [-77.0381679029221, 38.9510368015491], [-77.0380706665808, 38.951118170117], [-77.0378535303019, 38.9513015052656], [-77.037624048476, 38.9514953685479], [-77.0375336572972, 38.9515726791225], [-77.0374760034223, 38.9516201552416], [-77.0374141786695, 38.9516751720033], [-77.0371590050265, 38.9518943583911], [-77.0365713190828, 38.9523915547619], [-77.0365323573523, 38.9524195564035], [-77.0364211234622, 38.9525019083965], [-77.0364197427516, 38.9522667142375], [-77.0364154865338, 38.9522170261065], [-77.0364167630398, 38.9520346573873], [-77.0363795081084, 38.9518787608254], [-77.036379740772, 38.9518784241018]]]}, "properties": {"Route": "R404_4A", "ROUTE_NUMB": 404, "CollectionDay": "Thursday", "RunsPerWeek": 1, "RStatus": "Scheduled Other Day", "RecycleRouteArea": "OR_404A"}}, {"type": "Feature", "geometry": {"type": "Polygon", "coordinates": [[[-77.0906112177307, 38.9496995696351], [-77.0906122939124, 38.947913857539], [-77.0906138111669, 38.9462942560939], [-77.0906147040923, 38.9455451263499], [-77.0926173929153, 38.9455446379872], [-77.0943450741923, 38.9455442474368], [-77.0963547680779, 38.9455799936212], [-77.0973376956786, 38.9462672308439], [-77.0975502757024, 38.9464194739292], [-77.097635087445, 38.9463533724824], [-77.0978068947347, 38.946298818988], [-77.0991479159605, 38.9462971485119], [-77.099422901947, 38.9462788089033], [-77.0995566566013, 38.9465675003409], [-77.0999886824725, 38.9469046724376], [-77.1002759367509, 38.9470781962497], [-77.1005799823386, 38.9471324347547], [-77.1012849128, 38.9471156114188], [-77.1021593050498, 38.947574741738], [-77.1012745669029, 38.9485947537356], [-77.1011045517522, 38.9485405177467], [-77.1009558428434, 38.9485338004231], [-77.1007858456591, 38.9485653854613], [-77.1006138622996, 38.9486590401517], [-77.1005859660168, 38.9486903652444], [-77.1005524381954, 38.9487280150002], [-77.1005460628518, 38.9487351731394], [-77.1004981413247, 38.9488121898083], [-77.1004835589727, 38.9488618859152], [-77.1004811469961, 38.9488775407336], [-77.1004787529859, 38.9488930774807], [-77.1004753869985, 38.9489569346703], [-77.1004843458969, 38.9490125640973], [-77.1005051481839, 38.9490667480268], [-77.1005414374264, 38.9491263420577], [-77.1005474013416, 38.9491336168268], [-77.1005553181942, 38.9491432752989], [-77.1005951072731, 38.9491836983484], [-77.1004934054065, 38.949260386876], [-77.1003439733539, 38.9493701019555], [-77.1002951202739, 38.9494084842037], [-77.0999641315158, 38.9496674702205], [-77.0998588516595, 38.9497476177795], [-77.0996978672724, 38.9498738718503], [-77.0996365931868, 38.949924010834], [-77.0994341569392, 38.9500825531564], [-77.0991556064376, 38.9502986461242], [-77.0990974243533, 38.9503460448522], [-77.098892914794, 38.9505057081985], [-77.0988364655599, 38.9505478811871], [-77.0987836967235, 38.9505905962715], [-77.0985758966353, 38.9507536920255], [-77.0983299316223, 38.9509454002099], [-77.0982105913351, 38.9510379661236], [-77.0980705098464, 38.9511479159769], [-77.0980228551189, 38.9511852388781], [-77.0979168063046, 38.9512681120657], [-77.0978403650638, 38.9513278795949], [-77.0976617826803, 38.9514675935864], [-77.097610652371, 38.9515055003492], [-77.0975467255604, 38.951557736074], [-77.097456577825, 38.9516261569071], [-77.0973667256354, 38.9516984863325], [-77.0969932321914, 38.9519930106272], [-77.0969007632093, 38.9520637573609], [-77.0967674918487, 38.9521642082403], [-77.0967671882181, 38.9521644366805], [-77.0959523794245, 38.9528016792382], [-77.0951479192229, 38.953430811126], [-77.0934763898378, 38.9547379858997], [-77.0906098576813, 38.9547099746956], [-77.0906089872138, 38.9521179340679], [-77.0906093734894, 38.951846989341], [-77.0906074681627, 38.9510536498028], [-77.0906076801651, 38.950977325093], [-77.0906112177307, 38.9496995696351]]]}, "properties": {"Route": "R319_4", "ROUTE_NUMB": 319, "CollectionDay": "Thursday", "RunsPerWeek": 1, "RStatus": "Scheduled Other Day", "RecycleRouteArea": "OR_319"}}, {"type": "Feature", "geometry": {"type": "Polygon", "coordinates": [[[-77.0729962530373, 38.9195696557697], [-77.0728636383452, 38.9193400618207], [-77.0724353800082, 38.9185879347976], [-77.0723034273745, 38.9183462140846], [-77.0724331476948, 38.9183022152152], [-77.0724503261779, 38.9182963889555], [-77.0723082836669, 38.9171620764043], [-77.0723032791525, 38.9170909698386], [-77.0723023269383, 38.9170774390693], [-77.0723210909479, 38.9169743782614], [-77.0724347943067, 38.9169470692505], [-77.0726525890507, 38.9169140666546], [-77.0726752247992, 38.9165309046805], [-77.0726570186433, 38.9165306348877], [-77.0726386831301, 38.9165302861142], [-77.0726020130019, 38.9165285974633], [-77.0725655728424, 38.9165257373804], [-77.0724836914042, 38.9165138972515], [-77.0724522072502, 38.9165079715947], [-77.0723707722747, 38.9164885562935], [-77.0723589001399, 38.9164862288054], [-77.0722823376265, 38.9164625855765], [-77.0722581639622, 38.916455120837], [-77.0721864020458, 38.9164315481913], [-77.0721661647991, 38.9164248998175], [-77.0721015974897, 38.9164056298744], [-77.0720858473278, 38.9164009301602], [-77.0720179131328, 38.9163832202589], [-77.0719201333107, 38.916362451763], [-77.0718900208841, 38.9163574277347], [-77.0718239893208, 38.9163464144317], [-77.0717612464898, 38.9163395032459], [-77.0716585663579, 38.9163354032238], [-77.0716359512706, 38.9163362035179], [-77.0715662599709, 38.9163386694024], [-77.0714997289443, 38.9163438618781], [-77.0714445490296, 38.916348169487], [-77.0714167488666, 38.9163526644132], [-77.0713469740235, 38.9163639468097], [-77.0713292017539, 38.916366820878], [-77.0712560734999, 38.9163825548619], [-77.0711848209282, 38.9164020743351], [-77.0711648019721, 38.9164078084895], [-77.0711343409991, 38.9164165348315], [-77.0710498517517, 38.9164407365336], [-77.0709750867672, 38.9164623297624], [-77.070865935172, 38.9164935789146], [-77.0707976461424, 38.9165122561284], [-77.0707297748294, 38.9165282396034], [-77.0706529518046, 38.9165432732089], [-77.070628594884, 38.9165476164518], [-77.0706003401734, 38.9165526544455], [-77.0705366397383, 38.9165637341163], [-77.0704710681124, 38.9165686092547], [-77.070454700808, 38.9165692711552], [-77.070400733619, 38.916571454658], [-77.0703199571086, 38.9165742084994], [-77.0702383496566, 38.9165777863962], [-77.0701431614742, 38.9165807527165], [-77.0700835070511, 38.9165828432592], [-77.07003528369, 38.9165845340058], [-77.0699913866153, 38.916586064694], [-77.0699687697314, 38.9165868538022], [-77.0698994629106, 38.9165893497325], [-77.0698175347601, 38.9165924635296], [-77.0697019260746, 38.9165967180035], [-77.0695146426092, 38.9166036745956], [-77.0694292065375, 38.9166070742602], [-77.0694125373991, 38.9166077368593], [-77.0694119984099, 38.9165342393467], [-77.0694057766783, 38.9164240764591], [-77.0694036854003, 38.9163776265907], [-77.0694025481331, 38.9163523610703], [-77.0693980484719, 38.916254956492], [-77.0693927636831, 38.9161325084469], [-77.0693812571626, 38.9158796220104], [-77.0693766532967, 38.9157676331418], [-77.0693728255753, 38.9156493199645], [-77.0693697371674, 38.9155855578925], [-77.06936612055, 38.9154763175512], [-77.0693619137396, 38.9153895345071], [-77.0693616029225, 38.9153821318619], [-77.0693602671276, 38.9153503684872], [-77.0693562633364, 38.9152550810737], [-77.0693525631758, 38.9151637063015], [-77.0693413090819, 38.9148979946732], [-77.0693379727389, 38.9148066844446], [-77.0693318138893, 38.9146411169498], [-77.0693292698604, 38.9145764963429], [-77.0693251645596, 38.9145023236234], [-77.0693234631505, 38.9144677772744], [-77.0693157196727, 38.9143112375434], [-77.0693113430806, 38.9142474183519], [-77.0693068290463, 38.9141577149134], [-77.0693047126155, 38.9141041613398], [-77.0693026393038, 38.9140493020509], [-77.0692994583694, 38.9139651279156], [-77.0692968236107, 38.9139080031551], [-77.0692935330818, 38.9138300434083], [-77.0692931539928, 38.9138210455471], [-77.0692907339314, 38.9137636886119], [-77.0692869906516, 38.9136664992591], [-77.0692968990692, 38.9136662231647], [-77.069418497721, 38.9136628352418], [-77.069442833082, 38.9136622180485], [-77.069589457001, 38.9136584960162], [-77.0697969058479, 38.9136534927657], [-77.0698731880869, 38.9136516880167], [-77.0699539915467, 38.9136498287477], [-77.0700402980859, 38.9136478429646], [-77.0701534534724, 38.9136449394293], [-77.0704367300107, 38.9136357654034], [-77.0705352437563, 38.9136355536145], [-77.0705708556691, 38.9136346246788], [-77.070710851818, 38.9136309732413], [-77.0708668496569, 38.9136265529329], [-77.0709460972347, 38.9136243315949], [-77.071018613736, 38.9136227106752], [-77.0711164717115, 38.9136198176235], [-77.071111353111, 38.913503511816], [-77.0711102427933, 38.9134785744896], [-77.071102890981, 38.9133126655916], [-77.0710977265664, 38.913022767939], [-77.0710740335008, 38.9127050551917], [-77.0710691260044, 38.9126215351085], [-77.0711381768054, 38.9126216511398], [-77.0711647768192, 38.9126216937778], [-77.0713249724855, 38.9126189789261], [-77.0714255406782, 38.9126171804416], [-77.0715610596237, 38.9126148087906], [-77.0718210033208, 38.9126117332632], [-77.0722572476807, 38.912606515351], [-77.0725859133953, 38.9126026031397], [-77.0726579430098, 38.912601780436], [-77.0726786132445, 38.9126015399856], [-77.0727978331574, 38.9126002489629], [-77.0730519611614, 38.9125974390486], [-77.0730770493106, 38.9125970937506], [-77.0733105924199, 38.9125938847165], [-77.0735976041532, 38.9125905121201], [-77.0736247000371, 38.9125901940825], [-77.0737121222839, 38.912589483216], [-77.07379692684, 38.9125894594506], [-77.0738823862679, 38.9125898131363], [-77.073960386984, 38.9125908490302], [-77.0740282645852, 38.9125914326816], [-77.0740400388036, 38.9125916437747], [-77.0740539366394, 38.9125918926129], [-77.07411919116, 38.9125923462534], [-77.0741273442695, 38.9125925636373], [-77.0741981988875, 38.9125943397549], [-77.0742634354418, 38.9125956391656], [-77.074274573653, 38.912595921555], [-77.074285637304, 38.9125961955566], [-77.0742968509737, 38.9125964737521], [-77.0743185848137, 38.9125970308421], [-77.0743620731549, 38.9125981401292], [-77.0744049416586, 38.9125993172177], [-77.0744531138157, 38.9126006334039], [-77.0745466760475, 38.9126031413571], [-77.0748159873764, 38.912610125601], [-77.0751747125171, 38.9126184882397], [-77.075440974964, 38.912624760917], [-77.075540099564, 38.9126283704672], [-77.0755706674365, 38.912629177793], [-77.079505750115, 38.9182444257705], [-77.0794855353261, 38.9183045810847], [-77.0797673835432, 38.9191829156917], [-77.0746134621956, 38.9191765911752], [-77.0754688380091, 38.9206871896893], [-77.0754134011763, 38.9206871903882], [-77.0737505225673, 38.9206872050652], [-77.0737162760938, 38.9206901090112], [-77.0736877581768, 38.9206944526992], [-77.0736505625341, 38.9207056449458], [-77.0729962530373, 38.9195696557697]]]}, "properties": {"Route": "R326_4B", "ROUTE_NUMB": 326, "CollectionDay": "Thursday", "RunsPerWeek": 1, "RStatus": "Scheduled Other Day", "RecycleRouteArea": "OR_326B"}}, {"type": "Feature", "geometry": {"type": "Polygon", "coordinates": [[[-77.0567731245705, 38.9325795511589], [-77.056263932518, 38.9317029078696], [-77.0562630970848, 38.9317032076528], [-77.0541659054939, 38.9280960993219], [-77.0522048805337, 38.9277018338439], [-77.0521120387508, 38.927677465467], [-77.0520403891237, 38.9276550489289], [-77.0519806116314, 38.9276315841303], [-77.0519184679767, 38.9276039032474], [-77.0518518165759, 38.9275700579198], [-77.0517910706998, 38.9275442841376], [-77.0517167189403, 38.9274992853457], [-77.0516440416406, 38.9274531432275], [-77.0515678483348, 38.9274009931704], [-77.0514926728202, 38.9273474251319], [-77.0514285995843, 38.9272872683994], [-77.0513734529073, 38.9272332669946], [-77.0513038469475, 38.9271593660756], [-77.0512566844968, 38.9271011778182], [-77.0511984071911, 38.9270202624888], [-77.0511479631946, 38.9269330826435], [-77.0511166667884, 38.9268799768857], [-77.0510854305693, 38.9268269039338], [-77.0510541144002, 38.9267737296099], [-77.0510228781812, 38.9267206579762], [-77.0509916428604, 38.9266675863028], [-77.0509626506329, 38.9266182687882], [-77.0509305304716, 38.9265609829962], [-77.0508995691371, 38.9265077225148], [-77.0508686266671, 38.926454545855], [-77.0507507865665, 38.9262601451718], [-77.0506809344683, 38.9261529842694], [-77.0506298032606, 38.926052355367], [-77.050520884329, 38.9258558758915], [-77.0504605651526, 38.9257682221899], [-77.0503935184931, 38.9256535108135], [-77.0503613147885, 38.9255982041004], [-77.0502542284201, 38.9254047235625], [-77.0502008343562, 38.9253313965979], [-77.0501884187407, 38.9253119305977], [-77.0501760031252, 38.9252924659898], [-77.0501487778839, 38.925246129551], [-77.0501219532911, 38.9251996491169], [-77.0501120116359, 38.9251822510065], [-77.0501020690823, 38.9251648507952], [-77.0500725064246, 38.9250868572901], [-77.0500390855028, 38.9250217975266], [-77.0500038993915, 38.924957868462], [-77.0499685722446, 38.9248940951861], [-77.0499371985833, 38.9248290401378], [-77.0499051053715, 38.9247684395878], [-77.0498777687391, 38.9247075175085], [-77.0498523715693, 38.9246500582527], [-77.0498280990904, 38.9245872798847], [-77.0498094437768, 38.9245305990684], [-77.0497928752498, 38.9244699772975], [-77.0497762411456, 38.9244047855812], [-77.0497624708706, 38.9243484931897], [-77.0497441245776, 38.9242876357444], [-77.0497307747142, 38.9242253085253], [-77.0497186088303, 38.9241662638424], [-77.0497076610619, 38.9241130742457], [-77.049696008116, 38.9240507259069], [-77.0496853846395, 38.9239637087438], [-77.0496776231954, 38.9239091247451], [-77.0496699174469, 38.9238455881432], [-77.0496632564391, 38.9237599006852], [-77.0496626653476, 38.9236774111737], [-77.0496576725113, 38.9235965904806], [-77.0496577291051, 38.9235167096838], [-77.0496543173037, 38.9234256257993], [-77.0515157325736, 38.9235372859915], [-77.0577200611694, 38.9232203317759], [-77.0613821449347, 38.9260677678284], [-77.0632421516463, 38.9275277999816], [-77.0663992187286, 38.9299718599441], [-77.0663926026365, 38.9314747563703], [-77.0663918345769, 38.933498744084], [-77.0663913252322, 38.9335712618075], [-77.0663911563489, 38.9335866307087], [-77.0663911455691, 38.9335877739077], [-77.0663900343531, 38.9337371233383], [-77.066393920465, 38.933923879911], [-77.0663889716461, 38.9339947411081], [-77.0663892204795, 38.9340810604713], [-77.0621428437072, 38.9341087304413], [-77.0613611027975, 38.9342836607509], [-77.0608899166681, 38.9343128148289], [-77.0604990462132, 38.9341587093759], [-77.0601396599125, 38.9338783205568], [-77.0593275065388, 38.9338623277135], [-77.0585084999179, 38.9338649928383], [-77.0575933960194, 38.9339917210116], [-77.0567731245705, 38.9325795511589]]]}, "properties": {"Route": "R328_4B", "ROUTE_NUMB": 328, "CollectionDay": "Thursday", "RunsPerWeek": 1, "RStatus": "Scheduled Other Day", "RecycleRouteArea": "OR_328B"}}, {"type": "Feature", "geometry": {"type": "Polygon", "coordinates": [[[-77.0528266530509, 38.9754849652668], [-77.0544006891765, 38.975624683306], [-77.0587954873966, 38.972844369244], [-77.059104988453, 38.9728428621185], [-77.0594132210883, 38.9728427063775], [-77.0595640913436, 38.9728434445757], [-77.0597468428084, 38.9728443378165], [-77.0597990034854, 38.9728439509084], [-77.0599432522587, 38.9728427056791], [-77.0601090803619, 38.9728413598816], [-77.0601255824136, 38.9728411706179], [-77.0604379706554, 38.9728424514652], [-77.0609183833811, 38.9728455348569], [-77.0612501563684, 38.9728443706408], [-77.0613241281404, 38.972844242137], [-77.0614828020607, 38.9728439781456], [-77.0616456315874, 38.9728437127574], [-77.0616764429033, 38.9728436959961], [-77.0621380413137, 38.9728425513349], [-77.0624885118353, 38.9728438056433], [-77.0628300953238, 38.9728440731267], [-77.0631858721937, 38.9728428907525], [-77.0634301735268, 38.9728432986122], [-77.0635398039241, 38.9728439599875], [-77.0636372019622, 38.9728446276483], [-77.0636607441108, 38.9728447945635], [-77.063840884173, 38.9728458679888], [-77.0640334874615, 38.9728471139165], [-77.0640439887672, 38.972847107631], [-77.0663808490793, 38.9728464553348], [-77.0665114236974, 38.9728464190185], [-77.0697964521987, 38.9728455020325], [-77.0700744807791, 38.9728462430242], [-77.070150603118, 38.9728480183315], [-77.0702075042047, 38.9728581631427], [-77.0702570346145, 38.9728820955611], [-77.065906489202, 38.9762840657654], [-77.0658435235888, 38.9763334667559], [-77.0655303035071, 38.9765734415683], [-77.0652219334296, 38.9768200792308], [-77.065151356391, 38.9768757894416], [-77.065087351427, 38.9769261809775], [-77.0650037416302, 38.9769920772249], [-77.064788428033, 38.9771572275051], [-77.0644628624044, 38.9774083772361], [-77.0640994669225, 38.9776900841397], [-77.0639789525373, 38.9777860872678], [-77.0638856544102, 38.9778604563791], [-77.063777594268, 38.9779464541649], [-77.0637124349689, 38.9779983770949], [-77.0633918190575, 38.9782445656522], [-77.0630834364036, 38.9784930892816], [-77.0628016816113, 38.9787074566222], [-77.0627496673598, 38.9787476609886], [-77.0626570564439, 38.9788193265489], [-77.0625397643155, 38.9789101018434], [-77.0624562650115, 38.9789747357599], [-77.0622825757514, 38.9791097716067], [-77.0622620465522, 38.9791259972599], [-77.0621584797831, 38.9792075765892], [-77.0621027752523, 38.9792513861329], [-77.0617883819709, 38.9794990989656], [-77.0614072034396, 38.9797931480654], [-77.0614030514264, 38.9797963030816], [-77.0611805656799, 38.9799668720676], [-77.061018875217, 38.9800985499041], [-77.0609940790202, 38.9801179303325], [-77.0607773649495, 38.9802871277484], [-77.0605509625484, 38.9804658784052], [-77.0602605444036, 38.9806897919917], [-77.0600309080675, 38.9808680933164], [-77.0598380622339, 38.9810152963876], [-77.0598088813602, 38.9810384620991], [-77.0597832766797, 38.9810588338689], [-77.0597284920238, 38.9811023713233], [-77.0597246867602, 38.9811054361994], [-77.0596737073678, 38.9811458193676], [-77.0596460266807, 38.9811677231941], [-77.0596188068292, 38.981189266687], [-77.0595637913063, 38.9812326245963], [-77.059508774885, 38.9812759817808], [-77.0594536434794, 38.9813192502538], [-77.0593985120738, 38.9813625166054], [-77.0593432647855, 38.9814056942459], [-77.0592880174972, 38.9814487817786], [-77.0592339236458, 38.9814911479364], [-77.059179945677, 38.9815334232892], [-77.0591257359429, 38.9815756993151], [-77.0590715262087, 38.9816178852346], [-77.0590173164746, 38.9816600711291], [-77.0589629917561, 38.9817021669173], [-77.0589086661393, 38.9817442626805], [-77.0588543405225, 38.9817862683377], [-77.0587998999213, 38.98182827397], [-77.0587453434375, 38.9818701901949], [-77.0585822542976, 38.9819998100941], [-77.0585055534437, 38.9820607436968], [-77.0584997862596, 38.9820653405993], [-77.0584217011019, 38.9821273565081], [-77.0577101509552, 38.9826752295427], [-77.0574667748868, 38.9828626301882], [-77.0573784210871, 38.9829307756909], [-77.0573764600648, 38.9829323077402], [-77.0573036776622, 38.9829883748563], [-77.0572929490827, 38.9829966677469], [-77.0571794550314, 38.9830887874784], [-77.0571480804718, 38.9831119539079], [-77.0571168208966, 38.9831352104091], [-77.057085677204, 38.9831584662045], [-77.0570545335114, 38.9831818127695], [-77.0570233898188, 38.9832051593269], [-77.0569923611106, 38.9832285959557], [-77.056961448285, 38.9832520325767], [-77.0569305354595, 38.9832755585708], [-77.0568997385166, 38.9832991753342], [-77.0568689406754, 38.9833227920898], [-77.0568307595808, 38.9833500154867], [-77.0567930402204, 38.9833776885692], [-77.0567556676096, 38.9834056325759], [-77.0567187567329, 38.9834338461097], [-77.056697302269, 38.9834507020219], [-77.0566821917076, 38.9834625100263], [-77.0566460893146, 38.9834913533905], [-77.0566104486557, 38.9835206478348], [-77.0565818445005, 38.9835445333561], [-77.0565751547465, 38.9835502118048], [-77.0565403225714, 38.9835800459984], [-77.0565117193144, 38.9836051926002], [-77.0565059521303, 38.9836102397956], [-77.0564707723072, 38.9836390830996], [-77.0564355933823, 38.9836679263918], [-77.0564004135592, 38.9836966795938], [-77.0563651187517, 38.9837254327842], [-77.0563298239441, 38.9837540958844], [-77.0562944132539, 38.983782758973], [-77.0562590025637, 38.98381142205], [-77.0562234768892, 38.9838399957354], [-77.0561879503164, 38.983868568711], [-77.0561524246418, 38.9838970515968], [-77.0561253179781, 38.9839186843374], [-77.0560980963301, 38.983940136915], [-77.0560707596977, 38.9839615894861], [-77.0560433053859, 38.9839828618945], [-77.0560156229022, 38.9840040449166], [-77.0559878236374, 38.984025047078], [-77.0559599093882, 38.9840459598534], [-77.0559317633737, 38.9840667818463], [-77.0559036173593, 38.9840875144533], [-77.0558949665831, 38.9840937340247], [-77.0558752413761, 38.9841080668983], [-77.0558154899349, 38.9841529564396], [-77.0557107517627, 38.9842316474868], [-77.0556853743559, 38.984250667171], [-77.0556484625809, 38.9842792406791], [-77.0556115508059, 38.9843077240979], [-77.0555745240465, 38.9843362082036], [-77.0555373805061, 38.9843645114442], [-77.0555002387624, 38.9843928146735], [-77.0554629802377, 38.9844211185897], [-77.0554256067286, 38.9844492416414], [-77.0553881173368, 38.98447736538], [-77.0553506279451, 38.9845053983318], [-77.055313023569, 38.9845333418934], [-77.0551072401987, 38.9846937849823], [-77.0551048183406, 38.9846955879234], [-77.0550725194146, 38.9847196545992], [-77.0550379136149, 38.984745614982], [-77.0550207261486, 38.9847585944716], [-77.0550034236979, 38.9847715746571], [-77.0549689328825, 38.9847975343226], [-77.0549534764698, 38.9848091626465], [-77.0549344429655, 38.984823584754], [-77.0548999530485, 38.9848496344775], [-77.0548655781159, 38.9848756841914], [-77.0548312031832, 38.9849018239726], [-77.0547969432349, 38.9849278743656], [-77.0547625683022, 38.9849541042046], [-77.0545588654301, 38.9851205807798], [-77.0544634841098, 38.9852135901342], [-77.0543498714809, 38.9853121031069], [-77.0543320929231, 38.9853076069656], [-77.054314430248, 38.9853027505182], [-77.054297112526, 38.9852974436881], [-77.0542799106866, 38.9852915963989], [-77.0542630546986, 38.9852853888032], [-77.0542464295776, 38.9852787301263], [-77.0542301494097, 38.9852716217646], [-77.0542162946931, 38.9852650517664], [-77.0542142159915, 38.9852640623214], [-77.0541985125421, 38.985256141873], [-77.0539613303576, 38.9851112197866], [-77.0537907735228, 38.9850019385126], [-77.0537610958808, 38.9849828547894], [-77.0537318799728, 38.9849635001322], [-77.0537031257988, 38.9849436950851], [-77.0536747174763, 38.9849234396477], [-77.0536468858722, 38.9849029139738], [-77.0536194001194, 38.9848820272876], [-77.0535923761007, 38.9848606902102], [-77.0535658138161, 38.9848390828952], [-77.0535398273515, 38.9848171145671], [-77.0535141876367, 38.9847946958466], [-77.0533812423646, 38.984664137697], [-77.053351788403, 38.9846338835996], [-77.0533230261443, 38.9846032684815], [-77.0532949555883, 38.9845722029633], [-77.0532675776333, 38.9845406870443], [-77.0532410081622, 38.9845089001807], [-77.0532151303938, 38.9844766622169], [-77.0531900602109, 38.9844440639283], [-77.0531656817307, 38.9844111053143], [-77.0531421117342, 38.9843778757538], [-77.0531193493233, 38.9843442851688], [-77.0530969327637, 38.9843100640238], [-77.0530748620555, 38.9842755726289], [-77.0530534839483, 38.9842409003633], [-77.0530325675752, 38.9842061387013], [-77.0530122270223, 38.984171015314], [-77.0529924649843, 38.9841358025296], [-77.0529732787665, 38.9841004088735], [-77.052954555181, 38.9840647449655], [-77.0529365232983, 38.9840289902633], [-77.0529189531497, 38.9839930553868], [-77.0529012644234, 38.9839528868181], [-77.0528842673999, 38.9839124479918], [-77.0528679638758, 38.983871918366], [-77.0528523511562, 38.983831207862], [-77.0528374328343, 38.9837903171779], [-77.0528233211995, 38.9837492463132], [-77.0528099021658, 38.983708084648], [-77.0527971757331, 38.9836667428018], [-77.0527851419016, 38.9836253101545], [-77.0527738006711, 38.9835837874044], [-77.0527663940616, 38.9835574872293], [-77.0527593342018, 38.9835311863462], [-77.052752736076, 38.9835047960729], [-77.0527465978877, 38.9834783136161], [-77.0527409241284, 38.9834518318476], [-77.0527355953221, 38.9834252599905], [-77.0527307282499, 38.9833986881233], [-77.0527263220134, 38.9833719360883], [-77.0527223784093, 38.9833452734239], [-77.0527188965393, 38.9833185206705], [-77.0527118241031, 38.9832761849343], [-77.0527046375808, 38.983233759792], [-77.0526975651445, 38.983191424005], [-77.0526904936066, 38.9831490888911], [-77.0526834220687, 38.9831066629743], [-77.0526763505308, 38.9830643278097], [-77.0526692789929, 38.9830219025404], [-77.0526623224393, 38.9829795666268], [-77.0526552509014, 38.9829371413067], [-77.0526482943478, 38.9828948060407], [-77.0526397235217, 38.9828537318634], [-77.0526313826643, 38.9828126583606], [-77.0526232735722, 38.9827715848339], [-77.0526155103315, 38.9827304205053], [-77.0526079779579, 38.9826892561529], [-77.0526007914356, 38.9826480917765], [-77.0525938357804, 38.9826068372963], [-77.0525872268748, 38.9825655827921], [-77.0525807329536, 38.9825243282637], [-77.0525745857822, 38.9824829829331], [-77.0525679741817, 38.9824383953931], [-77.0525611317141, 38.982393807825], [-77.0525538275126, 38.982349310309], [-77.0525462933423, 38.9823048134634], [-77.052538411524, 38.9822603158915], [-77.0525301847526, 38.98221581899], [-77.0525217262159, 38.9821714128392], [-77.0525129227261, 38.9821270960428], [-77.0525037715883, 38.9820827799169], [-77.0524943904818, 38.9820384637633], [-77.0524875534041, 38.9820010823961], [-77.0524807163265, 38.9819636116268], [-77.0524739951316, 38.9819262302201], [-77.052467388921, 38.9818888487937], [-77.0524607827104, 38.981851377965], [-77.0524542923824, 38.9818139964991], [-77.0524478011562, 38.9817765256307], [-77.0524414258126, 38.9817391441253], [-77.0524351663517, 38.981701672519], [-77.0524289059925, 38.9816642015913], [-77.0524216044859, 38.9816232174795], [-77.0524143038776, 38.9815823234251], [-77.0524070023709, 38.9815413399642], [-77.0523997008643, 38.981500355083], [-77.0523947179094, 38.9814723411922], [-77.052392400256, 38.9814594609577], [-77.0523850987494, 38.9814184767273], [-77.0523777972427, 38.9813774924733], [-77.0523738572319, 38.9813549735041], [-77.0523704966344, 38.9813365081955], [-77.0523633110105, 38.9812956139756], [-77.0523560095038, 38.9812546303487], [-77.052325209866, 38.9811193402183], [-77.0523228940092, 38.981108622581], [-77.0523172184532, 38.9810803382896], [-77.052311541999, 38.9810519653017], [-77.0523059814273, 38.9810235916042], [-77.052299609677, 38.9809912549883], [-77.0522934696921, 38.9809589183577], [-77.0522874437931, 38.980926581014], [-77.0522814187925, 38.9808942443538], [-77.0522753937919, 38.9808619076789], [-77.0522694837757, 38.980829480907], [-77.0522651970151, 38.9808065113527], [-77.0522609093563, 38.9807834524071], [-77.0522567375801, 38.9807603934539], [-77.0522524508196, 38.9807373344933], [-77.0522483940277, 38.9807142748267], [-77.0522443372359, 38.9806912158511], [-77.0522407439748, 38.9806689669107], [-77.0522387730711, 38.980656626326], [-77.0522371498153, 38.9806466285793], [-77.0522336706402, 38.9806242895425], [-77.0522301923635, 38.9806019504987], [-77.052226829071, 38.9805796114478], [-77.0522233498959, 38.9805572730882], [-77.0522219584056, 38.9805484457018], [-77.0522197557365, 38.9805344836106], [-77.0522160456944, 38.9805116948241], [-77.0522123356522, 38.9804889954144], [-77.0522087414928, 38.9804662059149], [-77.0522053782004, 38.9804434171063], [-77.0522049137714, 38.980439993966], [-77.0522022448767, 38.9804206275921], [-77.0522000386143, 38.980401710928], [-77.0521978314537, 38.9803828850399], [-77.0521958560584, 38.9803639683657], [-77.0521939956474, 38.9803450523848], [-77.0521922502208, 38.9803261357005], [-77.0521903898099, 38.9803072190112], [-77.0521885276023, 38.9802859608613], [-77.0521866653947, 38.9802647020069], [-77.0521850340541, 38.9802435332288], [-77.0521834027136, 38.980222184977], [-77.052181771373, 38.9802009261034], [-77.0521802559151, 38.9801796672233], [-77.0521787386606, 38.9801567868429], [-77.0521773363905, 38.9801339071534], [-77.0521766357045, 38.9801221963584], [-77.0521759350186, 38.9801109366751], [-77.0521746477328, 38.9800880569708], [-77.0521733622436, 38.9800650857793], [-77.0521721917388, 38.9800422053619], [-77.052171021234, 38.9800204059351], [-77.0521697357448, 38.9799986065017], [-77.0521685643417, 38.9799768070615], [-77.0521675115162, 38.9799550076146], [-77.0521665718784, 38.979933208161], [-77.0521659789903, 38.9799114087008], [-77.0521658505312, 38.9798941134007], [-77.0521657229705, 38.9798767273147], [-77.0521658253784, 38.9798594313079], [-77.0521659277864, 38.9798420452134], [-77.052166146077, 38.9798247498964], [-77.0521662493832, 38.9798073637933], [-77.0521663526895, 38.979791509105], [-77.0521663481979, 38.9797847528447], [-77.0521664568941, 38.9797755643296], [-77.0521665602003, 38.9797597103325], [-77.0521666644049, 38.97974376555], [-77.0521666527268, 38.9797278207639], [-77.052166756033, 38.9797119660578], [-77.0521666257773, 38.9796916078669], [-77.0521664955216, 38.9796713397537], [-77.0521662502815, 38.9796509808528], [-77.0521662484849, 38.9796492692635], [-77.0521660041431, 38.9796307127281], [-77.0521657589031, 38.9796103538155], [-77.0521657436317, 38.9795900856791], [-77.0521658460397, 38.9795718887647], [-77.0521659475493, 38.9795537826278], [-77.0521661658399, 38.9795355857041], [-77.0521663832322, 38.9795174788596], [-77.0521664973182, 38.9795154069319], [-77.0521667156089, 38.9794992819266], [-77.0521668180168, 38.9794811757712], [-77.0521858353514, 38.9792883010731], [-77.0522196003279, 38.9790632608404], [-77.0522540623972, 38.9788429936819], [-77.0522919811837, 38.9786168703161], [-77.0523095639087, 38.9785145295365], [-77.0523222050014, 38.9784411967428], [-77.0523257677198, 38.9784205665342], [-77.0523355333052, 38.9783608372209], [-77.0523556384996, 38.9782370550406], [-77.0524051662145, 38.9779466077996], [-77.0524465282435, 38.9776950793811], [-77.0524889224367, 38.9774358941168], [-77.052517523897, 38.9772530141699], [-77.0525285632935, 38.9771993196854], [-77.0525488023369, 38.9770999497245], [-77.0525568512418, 38.9770604001717], [-77.0525634053501, 38.9770282377297], [-77.0525671890541, 38.9769947253645], [-77.0525736111101, 38.9769385117371], [-77.052600023376, 38.9767608569673], [-77.0526940958509, 38.9761597855177], [-77.0527043186788, 38.9760943815365], [-77.0527148864599, 38.9760266345018], [-77.0527167235146, 38.9760143824979], [-77.0527689722265, 38.9756625876211], [-77.0527833264064, 38.9755660131464], [-77.0527958435316, 38.9754822304737], [-77.0528266530509, 38.9754849652668]]]}, "properties": {"Route": "R314_1", "ROUTE_NUMB": 314, "CollectionDay": "Monday", "RunsPerWeek": 1, "RStatus": "Scheduled Other Day", "RecycleRouteArea": "OR_314"}}, {"type": "Feature", "geometry": {"type": "Polygon", "coordinates": [[[-77.0528266530509, 38.9754849652668], [-77.0532210952073, 38.9728392018565], [-77.0532378757368, 38.9727492023742], [-77.0532387920184, 38.9727404641068], [-77.0532465867001, 38.972669565514], [-77.0532737580425, 38.9724311048603], [-77.0532844363163, 38.9723587637727], [-77.0532964926057, 38.9722770536356], [-77.0533079739734, 38.972199487688], [-77.0533131401845, 38.972163362431], [-77.0533411514517, 38.971968591204], [-77.0533561901479, 38.9718631881115], [-77.0533978872485, 38.9716072451358], [-77.0534355589982, 38.9713680587551], [-77.0534622084194, 38.9712047275917], [-77.0534715158641, 38.9711518449586], [-77.0534921950819, 38.9710349239069], [-77.0534948424171, 38.9710199535342], [-77.053523098026, 38.9708437394026], [-77.0535257399713, 38.9708274336298], [-77.0535582895273, 38.9706048151417], [-77.0535783408227, 38.9704941041753], [-77.0536011984551, 38.970353204773], [-77.0536450353427, 38.9700290684549], [-77.0536722471093, 38.9698471792951], [-77.0536732828668, 38.9698434853542], [-77.0536951460642, 38.9697609600524], [-77.0537091660708, 38.9696842937094], [-77.0537732932057, 38.9693354650264], [-77.0537867391889, 38.9692620417099], [-77.0538000692894, 38.9691885282204], [-77.0538132835072, 38.9691150146545], [-77.0538262677563, 38.9690415017108], [-77.0538390211384, 38.9689678978952], [-77.0538516586378, 38.9688942947014], [-77.0538640652702, 38.9688206921297], [-77.0538762419339, 38.968747088783], [-77.0538883018166, 38.9686734860583], [-77.0539001317306, 38.9685997931594], [-77.0539770499768, 38.9680784503076], [-77.0539891754365, 38.9679379162723], [-77.0539984307788, 38.9678175165757], [-77.054000266037, 38.9678031475779], [-77.0540021021934, 38.9677889140745], [-77.0540038215689, 38.9677745897711], [-77.0540056577253, 38.9677603562619], [-77.0540074929834, 38.9677460319527], [-77.0540093282415, 38.9677317984379], [-77.0540112793823, 38.9677174741229], [-77.0540131146405, 38.9677032406023], [-77.0540141468047, 38.9676950423054], [-77.0540149498986, 38.9676889162815], [-77.0540169010394, 38.9676746827552], [-77.0540225334762, 38.9676466654901], [-77.0540288585141, 38.9676186454201], [-77.0540350703643, 38.9675929693096], [-77.0540356461844, 38.9675907168349], [-77.0540430096748, 38.9675629684368], [-77.0540509507819, 38.9675352193293], [-77.0540552096947, 38.9675209843753], [-77.0540593536231, 38.9675075603101], [-77.0540683331827, 38.9674800807799], [-77.0540777744763, 38.9674526913382], [-77.054086065028, 38.9674300764447], [-77.0540877924884, 38.9674253912866], [-77.0540983881171, 38.9673981820222], [-77.0541137034944, 38.967356466764], [-77.0541439883976, 38.9672736668695], [-77.0541571118856, 38.9672325829325], [-77.0541765666997, 38.9671719487754], [-77.0542164905258, 38.9670200512989], [-77.0542452285301, 38.9668742844808], [-77.0542903697714, 38.9666035651991], [-77.0543514830585, 38.966243567717], [-77.054396285635, 38.9659823974335], [-77.0543969746428, 38.9659778930802], [-77.0544098349245, 38.9658956419597], [-77.0544221220809, 38.9658171742974], [-77.0544230401591, 38.9658114085161], [-77.0544354387067, 38.9657302384185], [-77.0544384220117, 38.9657079861745], [-77.0544454216844, 38.965654565115], [-77.0544481714275, 38.9656289797909], [-77.0544502285695, 38.9656033951561], [-77.0544517089931, 38.9655778112105], [-77.0544524968156, 38.9655522272557], [-77.0544527079197, 38.9655265538885], [-77.054452227321, 38.9655009706136], [-77.0544511691056, 38.9654753873295], [-77.0544495341718, 38.9654497146329], [-77.0544472057386, 38.9654242228289], [-77.0544441865009, 38.9653986402155], [-77.0544374706958, 38.9653668447587], [-77.0544293687903, 38.9653352294913], [-77.0544198834792, 38.965303795112], [-77.054409012966, 38.965272721825], [-77.0543968740315, 38.9652418287284], [-77.0543684423528, 38.9651813067172], [-77.0543522654911, 38.9651515870032], [-77.0543348202083, 38.9651223184859], [-77.0571775829424, 38.9645060179572], [-77.0587016996877, 38.96559971636], [-77.0591317591468, 38.9658880343495], [-77.0595552402431, 38.9661533538093], [-77.0600763673125, 38.9664798448857], [-77.0604292974213, 38.9666973923168], [-77.0606727992538, 38.9668664415985], [-77.0608776744274, 38.9670690208252], [-77.0611743646095, 38.9676316105882], [-77.0638787805016, 38.9676182738493], [-77.0663835799578, 38.9676179595506], [-77.0663808490793, 38.9728464553348], [-77.0640439887672, 38.972847107631], [-77.0640334874615, 38.9728471139165], [-77.063840884173, 38.9728458679888], [-77.0636607441108, 38.9728447945635], [-77.0636372019622, 38.9728446276483], [-77.0635398039241, 38.9728439599875], [-77.0634301735268, 38.9728432986122], [-77.0631858721937, 38.9728428907525], [-77.0628300953238, 38.9728440731267], [-77.0624885118353, 38.9728438056433], [-77.0621380413137, 38.9728425513349], [-77.0616764429033, 38.9728436959961], [-77.0616456315874, 38.9728437127574], [-77.0614828020607, 38.9728439781456], [-77.0613241281404, 38.972844242137], [-77.0612501563684, 38.9728443706408], [-77.0609183833811, 38.9728455348569], [-77.0604379706554, 38.9728424514652], [-77.0601255824136, 38.9728411706179], [-77.0601090803619, 38.9728413598816], [-77.0599432522587, 38.9728427056791], [-77.0597990034854, 38.9728439509084], [-77.0597468428084, 38.9728443378165], [-77.0595640913436, 38.9728434445757], [-77.0594132210883, 38.9728427063775], [-77.059104988453, 38.9728428621185], [-77.0587954873966, 38.972844369244], [-77.0544006891765, 38.975624683306], [-77.0528266530509, 38.9754849652668]]]}, "properties": {"Route": "R317_1", "ROUTE_NUMB": 317, "CollectionDay": "Monday", "RunsPerWeek": 1, "RStatus": "Scheduled Other Day", "RecycleRouteArea": "OR_317"}}, {"type": "Feature", "geometry": {"type": "Polygon", "coordinates": [[[-77.03631837416, 38.9922797839718], [-77.0363308355897, 38.9882145984516], [-77.036333788352, 38.9878086966632], [-77.0363356721192, 38.9873870491846], [-77.0363379277888, 38.9870011147079], [-77.0363385916438, 38.9868873912827], [-77.0363401583057, 38.9866193816169], [-77.0363407988045, 38.986505790247], [-77.036341335997, 38.9864171976639], [-77.0363414105572, 38.9864048846148], [-77.0363446256276, 38.9857787422296], [-77.0363451798881, 38.985666827438], [-77.0363427697082, 38.9845817036827], [-77.0363418354603, 38.9841626380693], [-77.0363429349982, 38.9834288240401], [-77.0363432458153, 38.9832211417358], [-77.0363432251541, 38.982675611509], [-77.0363432143743, 38.9824359108582], [-77.0363432089844, 38.9822911561761], [-77.0363446669501, 38.9820717635534], [-77.0363489555073, 38.9815737985321], [-77.0363499185012, 38.9813564043332], [-77.0363534318123, 38.9808669299306], [-77.0363634704856, 38.9808676827097], [-77.0371930341078, 38.9809480121523], [-77.038484830351, 38.9810608498868], [-77.0386084475172, 38.9810791951582], [-77.0386994747033, 38.9811045290966], [-77.03879162658, 38.9811359781111], [-77.0388534351632, 38.9811866459383], [-77.0389264816705, 38.9812722570122], [-77.0389324599587, 38.9813764931977], [-77.0389343482175, 38.9814461002869], [-77.0389658144052, 38.9817597154079], [-77.0390428386526, 38.9825604740723], [-77.0391525840343, 38.9826905710384], [-77.0392156870897, 38.9827289596775], [-77.0393906088385, 38.9829123038104], [-77.0395006506642, 38.9830129385964], [-77.0396036380199, 38.9831195889961], [-77.0398933662586, 38.9833830220781], [-77.0399741041414, 38.9834954991081], [-77.0400261435458, 38.9835986077834], [-77.0392436723058, 38.9839344529113], [-77.0392717671163, 38.9839904144917], [-77.0392209835566, 38.9840779082274], [-77.0392348409682, 38.9840962862345], [-77.0393673676254, 38.9842720547082], [-77.0394277820232, 38.9843521791846], [-77.039436286374, 38.98436348009], [-77.0395083896503, 38.9844592849372], [-77.0395763103706, 38.9845495306917], [-77.0395833801119, 38.9845588966471], [-77.0397291533263, 38.9847520006845], [-77.0397365213083, 38.9847616494136], [-77.0398144061417, 38.9848636515793], [-77.0398612038765, 38.9849093254981], [-77.0398850029433, 38.9849436406199], [-77.0399042834842, 38.9849714422596], [-77.03996081716, 38.9850495772727], [-77.0400262261908, 38.9851399779885], [-77.0402337918187, 38.9851658348735], [-77.0404883285561, 38.98517624815], [-77.0407830559193, 38.985243935457], [-77.0410375926568, 38.9853897217253], [-77.0412068011203, 38.9856091934438], [-77.0413420074521, 38.985778439882], [-77.0415737907617, 38.9860514166601], [-77.0417142648142, 38.9862329457953], [-77.0417340358353, 38.9863392834129], [-77.0417438607096, 38.9863465571543], [-77.0418214841333, 38.9864124062304], [-77.0419103275149, 38.9864706882501], [-77.0419695193056, 38.9865070268569], [-77.04197593687, 38.9865109664128], [-77.0419824846901, 38.9865178784404], [-77.042014771938, 38.9865519637549], [-77.0423867750769, 38.9863889706556], [-77.0426655735136, 38.9859186571165], [-77.0426771887302, 38.9858578015484], [-77.0426971798385, 38.9857656442225], [-77.042713099782, 38.9856477627471], [-77.042720533341, 38.9855642943519], [-77.0427284762447, 38.9855136883119], [-77.0427310921388, 38.9854984109701], [-77.0427337071346, 38.9854831329268], [-77.0427723185222, 38.9851608953224], [-77.0427940739217, 38.9849891064026], [-77.0428242662984, 38.9849131925226], [-77.0428409704711, 38.9849139997238], [-77.0428878589357, 38.9849153054904], [-77.0429177153425, 38.984916137131], [-77.0429712827812, 38.9849162830697], [-77.0430184542151, 38.9849164108532], [-77.0431241553813, 38.9849151672328], [-77.0432025612376, 38.9849136722347], [-77.0432794794838, 38.9849121122975], [-77.0433702245989, 38.9849102716553], [-77.0434736530274, 38.984908031602], [-77.0435958418723, 38.984905462663], [-77.0437318243485, 38.9849025473815], [-77.0438486601327, 38.9849008659448], [-77.0439725387087, 38.9849059682112], [-77.0440378561113, 38.9849077858106], [-77.0441141356553, 38.9849181949354], [-77.0441929915676, 38.9849341015442], [-77.0442641507145, 38.9849531461774], [-77.0443399307952, 38.9849860968581], [-77.044397740977, 38.9850166091649], [-77.0444522911727, 38.9850447124284], [-77.0444640438315, 38.9850514723763], [-77.0445291402486, 38.985108165558], [-77.0445384917107, 38.9851179615733], [-77.044545131159, 38.9851249170295], [-77.0445915875339, 38.9851735814631], [-77.0446429693715, 38.9852432679131], [-77.0446853123607, 38.9853095914405], [-77.0446893386098, 38.9853158974897], [-77.0447275304841, 38.985375008556], [-77.044765228285, 38.985429080887], [-77.0447747863597, 38.9854413270722], [-77.0448266757454, 38.9855078138081], [-77.0448776353748, 38.9855604985859], [-77.0449287333448, 38.9856126777814], [-77.0449786329622, 38.985656468], [-77.0449972972589, 38.9856728485638], [-77.0450646125147, 38.9857208052805], [-77.0451599273596, 38.9857709363539], [-77.0452389737147, 38.9858088031175], [-77.0452578949296, 38.9858178672572], [-77.0453315154604, 38.9858481348139], [-77.045400098239, 38.9858714560529], [-77.0454824072753, 38.9859070115184], [-77.0456501389085, 38.9859659552069], [-77.0457348958539, 38.986000158095], [-77.0458154612601, 38.9860350724933], [-77.0459061866122, 38.9860780329184], [-77.0459867825612, 38.9861209200003], [-77.0460420873417, 38.9861570905064], [-77.0462371277595, 38.9862714679756], [-77.0462569158486, 38.9862863122309], [-77.046279989975, 38.9863042260219], [-77.0463121882897, 38.9863292236255], [-77.0463783321424, 38.9863867613724], [-77.0464379245817, 38.9864183504847], [-77.0464884952406, 38.9864690152297], [-77.0465480562389, 38.9865406436477], [-77.0466536927265, 38.9866900148717], [-77.0466919025671, 38.9867275760072], [-77.0467458446032, 38.9867738722628], [-77.0468784521089, 38.9868594772787], [-77.0469697604676, 38.9869058279118], [-77.0471892512309, 38.9869699762273], [-77.0472542209855, 38.9869972736327], [-77.0473929388316, 38.9870655171], [-77.0474666878215, 38.987116016595], [-77.0476036503596, 38.9872552326857], [-77.0476475492309, 38.9873425834351], [-77.0476773993495, 38.9875568660278], [-77.0476717543363, 38.987640862739], [-77.047664037808, 38.9878004064311], [-77.0476609511967, 38.9879311598899], [-77.0476748409476, 38.9879575506079], [-77.0477319432569, 38.9880679109874], [-77.0478091085398, 38.9881542797083], [-77.047847556434, 38.9882146096234], [-77.0478684916717, 38.9882317995516], [-77.0478844565309, 38.9882432583377], [-77.0479394594774, 38.9882827360097], [-77.0480015222838, 38.9883216864904], [-77.0481170860535, 38.9883933088443], [-77.0481659813544, 38.9884286822], [-77.0481789018232, 38.9884380301863], [-77.0482567372493, 38.9885061640381], [-77.0482965640574, 38.9885590609426], [-77.0483194468426, 38.9885951827229], [-77.0483268534522, 38.9886068746605], [-77.048360257306, 38.9886756276832], [-77.0483702789113, 38.9887304871947], [-77.0483730394342, 38.9887456039435], [-77.0483758538559, 38.9887845199561], [-77.0485001618267, 38.989246277917], [-77.0471585225599, 38.9893145192161], [-77.0473478335229, 38.9899094924402], [-77.0466866168799, 38.9901312731216], [-77.0468718449999, 38.9906638729202], [-77.047067869073, 38.9912271438165], [-77.0470155574791, 38.9913419578515], [-77.0468048279848, 38.9914360824458], [-77.0466542029695, 38.9915712460351], [-77.0454484940767, 38.992731292686], [-77.0444948434694, 38.9932155554622], [-77.044200335295, 38.9933651039037], [-77.042886135967, 38.9944849788064], [-77.041454856513, 38.9957045674573], [-77.0412833250061, 38.99574598326], [-77.0410179006874, 38.9958021568204], [-77.0404557798984, 38.9953638916961], [-77.0399560947166, 38.9949256029124], [-77.0395188981425, 38.9945847265157], [-77.0383947257347, 38.9937568970499], [-77.0378951160114, 38.9934160345731], [-77.0374072598452, 38.9931234258686], [-77.0370832959127, 38.9929291158506], [-77.0363339383707, 38.9924908894873], [-77.0363172943851, 38.9923646813387], [-77.03631837416, 38.9922797839718]]]}, "properties": {"Route": "R406_1", "ROUTE_NUMB": 406, "CollectionDay": "Monday", "RunsPerWeek": 1, "RStatus": "Scheduled Other Day", "RecycleRouteArea": "OR_406"}}, {"type": "Feature", "geometry": {"type": "Polygon", "coordinates": [[[-77.0266132372402, 38.9842155479954], [-77.0268824380763, 38.9838304921233], [-77.0296352075852, 38.9812675581053], [-77.0296393865479, 38.9812654038285], [-77.0296433822543, 38.9812598460036], [-77.0296671489817, 38.981229053453], [-77.0322723369675, 38.9786968049614], [-77.0363507395614, 38.9786983776055], [-77.0363515606216, 38.9794021826556], [-77.0363527104651, 38.9803894240669], [-77.0363615615656, 38.9807023162268], [-77.0363534318123, 38.9808669299306], [-77.0363499185012, 38.9813564043332], [-77.0363489555073, 38.9815737985321], [-77.0363446669501, 38.9820717635534], [-77.0363432089844, 38.9822911561761], [-77.0363432143743, 38.9824359108582], [-77.0363432251541, 38.982675611509], [-77.0363432458153, 38.9832211417358], [-77.0363429349982, 38.9834288240401], [-77.0363418354603, 38.9841626380693], [-77.0363427697082, 38.9845817036827], [-77.0363451798881, 38.985666827438], [-77.0363446256276, 38.9857787422296], [-77.0363414105572, 38.9864048846148], [-77.036341335997, 38.9864171976639], [-77.0363407988045, 38.986505790247], [-77.0363401583057, 38.9866193816169], [-77.0363385916438, 38.9868873912827], [-77.0363379277888, 38.9870011147079], [-77.0363356721192, 38.9873870491846], [-77.036333788352, 38.9878086966632], [-77.0363308355897, 38.9882145984516], [-77.03631837416, 38.9922797839718], [-77.0360271304635, 38.9919358660323], [-77.0335255613491, 38.9899686122387], [-77.0334169415565, 38.9898842140192], [-77.033230672289, 38.9897389320475], [-77.033179326384, 38.9897010101319], [-77.0328908063794, 38.9894734132769], [-77.0328847202933, 38.9894691638736], [-77.0328368553601, 38.9894357998351], [-77.0325686759084, 38.9892219209208], [-77.032270737068, 38.988987697014], [-77.0322211698273, 38.9889494227875], [-77.031855254571, 38.9886843835347], [-77.0315148820115, 38.9884169259952], [-77.0312549158565, 38.9881951727594], [-77.0312450065406, 38.9881867205811], [-77.0311492730808, 38.9881117974407], [-77.031069580837, 38.9880494613945], [-77.0310597388947, 38.9880417472386], [-77.0309720444584, 38.9879730166421], [-77.0308179779973, 38.9878631525646], [-77.030521623785, 38.9876221372283], [-77.0305088784878, 38.9876117717922], [-77.0303595847758, 38.98749530664], [-77.0301817003832, 38.9873569896651], [-77.0301427548224, 38.9873263310369], [-77.0301377727658, 38.987322406888], [-77.0301320253446, 38.9873178794532], [-77.0300072628264, 38.9872398733266], [-77.0299292540254, 38.9871693593227], [-77.0298219242136, 38.9870748610769], [-77.0297500212616, 38.9870185213884], [-77.0296388915762, 38.9869320039508], [-77.0294776897967, 38.9868118739509], [-77.029162911138, 38.9865772950368], [-77.0266199207059, 38.9846821238207], [-77.0266132372402, 38.9842155479954]]]}, "properties": {"Route": "R407_1", "ROUTE_NUMB": 407, "CollectionDay": "Monday", "RunsPerWeek": 1, "RStatus": "Scheduled Other Day", "RecycleRouteArea": "OR_407"}}, {"type": "Feature", "geometry": {"type": "Polygon", "coordinates": [[[-77.0210329898318, 38.9803151721357], [-77.0208489798273, 38.9799873055979], [-77.0206909535924, 38.9797057349282], [-77.0205797969575, 38.9795076764829], [-77.0205170792793, 38.9793959263591], [-77.0199043635768, 38.978304179838], [-77.0196269027316, 38.9778097903617], [-77.0195771082171, 38.9777210535132], [-77.0195750528717, 38.9777173851233], [-77.0194851117489, 38.9775682030741], [-77.0193809916176, 38.9773955011508], [-77.0192540938039, 38.9771850168388], [-77.0185585938564, 38.9755348822069], [-77.0180237360379, 38.9744934743121], [-77.0170561381875, 38.9736136974742], [-77.0163038970534, 38.9723530117934], [-77.0198113556056, 38.9723558395939], [-77.0210330257644, 38.9723575213285], [-77.0270263481848, 38.9723657714653], [-77.0266677245537, 38.9758204927175], [-77.0266554625501, 38.975940167182], [-77.0266126820813, 38.976334111338], [-77.0265694246071, 38.9767398791884], [-77.0265200981149, 38.9771912530786], [-77.0265097369464, 38.9772938073695], [-77.0264989697394, 38.9773871021541], [-77.0264846434072, 38.9775193769837], [-77.0264758920197, 38.9776028234384], [-77.0264493000907, 38.9779041424516], [-77.0264432984463, 38.9779898845922], [-77.0265815985758, 38.9838396033012], [-77.0259212488071, 38.9838448858007], [-77.0259088538528, 38.9838449849567], [-77.0257596158364, 38.9838508861331], [-77.0257016268898, 38.9838385893965], [-77.0256937845974, 38.9838368143648], [-77.0256315412297, 38.9838202951163], [-77.0256113992044, 38.9838041829623], [-77.0253545052876, 38.9835986699306], [-77.0252825852677, 38.9835528485266], [-77.0249261723905, 38.9832702027086], [-77.0245635647311, 38.9829794933063], [-77.0244275813567, 38.9828653186091], [-77.0244126217122, 38.9828527584454], [-77.0244021581358, 38.982843971846], [-77.0243022861375, 38.9827627458525], [-77.0242317504214, 38.9827096798196], [-77.0241214579657, 38.9826234406231], [-77.0240022802736, 38.9825300277432], [-77.0237150933688, 38.9823050564706], [-77.0234863472632, 38.9821266372607], [-77.0233553549285, 38.9820245529419], [-77.0232552610463, 38.9819455871043], [-77.0232300201834, 38.981926290274], [-77.023159383856, 38.9818722913825], [-77.0230777611327, 38.9818054143731], [-77.0228351809716, 38.9816176401302], [-77.0227787694667, 38.9815762467853], [-77.0225694620055, 38.9814112548526], [-77.0224918996673, 38.9813426470051], [-77.0223492301322, 38.9813127888246], [-77.0221898088136, 38.981256532537], [-77.0211682895883, 38.9803533651378], [-77.0210850489991, 38.9803417360821], [-77.0210329898318, 38.9803151721357]]]}, "properties": {"Route": "R408_1", "ROUTE_NUMB": 408, "CollectionDay": "Monday", "RunsPerWeek": 1, "RStatus": "Scheduled Other Day", "RecycleRouteArea": "OR_408"}}, {"type": "Feature", "geometry": {"type": "Polygon", "coordinates": [[[-77.0663808490793, 38.9728464553348], [-77.0663835799578, 38.9676179595506], [-77.0663841971004, 38.9667245215286], [-77.0663843480174, 38.9664408781981], [-77.0686936911357, 38.9664532519921], [-77.068412624453, 38.9658180229254], [-77.0704758633194, 38.9657953579195], [-77.0703284911038, 38.9653675564932], [-77.0702914697343, 38.9651859040171], [-77.0701097881631, 38.9649105174051], [-77.0701157889091, 38.9649104238104], [-77.0702349818726, 38.9649087307235], [-77.0699813156027, 38.9630988542564], [-77.0697183598544, 38.9619966801012], [-77.0691779594306, 38.9610246402382], [-77.0699734517507, 38.9610247450141], [-77.0733115886515, 38.9610251843747], [-77.0735705424052, 38.9614686123708], [-77.0743113461891, 38.9627371129966], [-77.0745231779163, 38.9630998314384], [-77.0817582703, 38.9630993599603], [-77.082598956862, 38.9632415101093], [-77.0729931448665, 38.9707429741785], [-77.0716433524902, 38.9717968757337], [-77.0715796313939, 38.9718466074039], [-77.0713998659291, 38.971986794961], [-77.0713197263243, 38.9720494510485], [-77.07124362285, 38.9721089517221], [-77.0711607164342, 38.9721737720326], [-77.0708685232183, 38.9724022178805], [-77.0708288913446, 38.9724334493691], [-77.0705214420403, 38.9726757378994], [-77.0704752030577, 38.9727117986432], [-77.0704132812868, 38.9727601203183], [-77.0702570346145, 38.9728820955611], [-77.0702075042047, 38.9728581631427], [-77.070150603118, 38.9728480183315], [-77.0700744807791, 38.9728462430242], [-77.0697964521987, 38.9728455020325], [-77.0665114236974, 38.9728464190185], [-77.0663808490793, 38.9728464553348]]]}, "properties": {"Route": "R316_1", "ROUTE_NUMB": 316, "CollectionDay": "Monday", "RunsPerWeek": 1, "RStatus": "Scheduled Other Day", "RecycleRouteArea": "OR_316"}}, {"type": "Feature", "geometry": {"type": "Polygon", "coordinates": [[[-77.0733115886515, 38.9610251843747], [-77.0734970054178, 38.961025428852], [-77.0740045652314, 38.9610260100094], [-77.0743558990339, 38.961024885414], [-77.0744440920353, 38.961024729647], [-77.0745956593833, 38.961024463516], [-77.0745976123207, 38.9596931304513], [-77.0745985699248, 38.9549565005746], [-77.0745974685903, 38.9547022275678], [-77.0745974640987, 38.9547012893899], [-77.079186887715, 38.9547086173766], [-77.0792175687752, 38.9546025745595], [-77.0792508136272, 38.954420614356], [-77.0792993406189, 38.9541813762325], [-77.0794846882148, 38.9533165566561], [-77.0796212608841, 38.9527627630105], [-77.079762710507, 38.9521217225446], [-77.0811540167275, 38.952110196437], [-77.0812884226603, 38.9520734629382], [-77.0814179148085, 38.952325848], [-77.0817316810659, 38.9529373846312], [-77.0819561251397, 38.953360846073], [-77.0821828671039, 38.9538233030834], [-77.0856945809755, 38.9607107789201], [-77.0857133135441, 38.9607475163241], [-77.0857349782138, 38.9607900052307], [-77.0855184779421, 38.9609492441053], [-77.08529984507, 38.961126451678], [-77.0851755173363, 38.9612384765035], [-77.0851661775523, 38.9612436181941], [-77.0847531492527, 38.961564522235], [-77.0847402386654, 38.9615745310576], [-77.0846338898139, 38.96165662654], [-77.0845113003203, 38.9617512585944], [-77.0840642564141, 38.9620965071144], [-77.0834029104137, 38.962611532136], [-77.0826866854344, 38.963173075345], [-77.0826828810691, 38.9631760508924], [-77.082598956862, 38.9632415101093], [-77.0817582703, 38.9630993599603], [-77.0745231779163, 38.9630998314384], [-77.0743113461891, 38.9627371129966], [-77.0735705424052, 38.9614686123708], [-77.0733115886515, 38.9610251843747]], [[-77.0768045196489, 38.9609874335813], [-77.07679616891, 38.9605285563932], [-77.0750925624827, 38.9605675172521], [-77.0750897777053, 38.9603986848459], [-77.0748726513079, 38.9604008488381], [-77.0748726522062, 38.9607471726575], [-77.0765623401365, 38.9607363499546], [-77.0765818263916, 38.9609874335813], [-77.0768045196489, 38.9609874335813]], [[-77.0750953463618, 38.9597428294066], [-77.074864300569, 38.9597428287081], [-77.074892137563, 38.9601129660451], [-77.0764537769378, 38.960093485144], [-77.0764760461737, 38.9602709770567], [-77.0766764710933, 38.9602666476673], [-77.0766709042335, 38.9599333090316], [-77.0750953463618, 38.9599311443266], [-77.0750953463618, 38.9597428294066]], [[-77.0750979065603, 38.9586083358407], [-77.075088998866, 38.9584143893311], [-77.07484849022, 38.958415775219], [-77.0748716496863, 38.9587648791062], [-77.0765676842141, 38.9587676494712], [-77.0765765928068, 38.9589879161988], [-77.0767779079569, 38.9589934576098], [-77.076767218005, 38.9586097217249], [-77.0750979065603, 38.9586083358407]], [[-77.0788365995514, 38.9583064164236], [-77.0788254658318, 38.9581865005086], [-77.0788338156723, 38.9580587894308], [-77.07881883357, 38.9579721416082], [-77.0787113348749, 38.9579657122771], [-77.078235326589, 38.9579462307858], [-77.0773572521449, 38.9579629132407], [-77.0773436597363, 38.9583064164236], [-77.0788365995514, 38.9583064164236]], [[-77.0791206459459, 38.9579502997627], [-77.0791259900235, 38.9582910947926], [-77.0793406191045, 38.9582882363938], [-77.0793449678488, 38.9580988350761], [-77.0800147894539, 38.9581258921389], [-77.080032187126, 38.9577335581301], [-77.0797538198807, 38.9577335581301], [-77.0797620035329, 38.9579502990642], [-77.0791206459459, 38.9579502997627]]]}, "properties": {"Route": "R315_1", "ROUTE_NUMB": 315, "CollectionDay": "Monday", "RunsPerWeek": 1, "RStatus": "Scheduled Other Day", "RecycleRouteArea": "OR_315"}}, {"type": "Feature", "geometry": {"type": "Polygon", "coordinates": [[[-77.0571775829424, 38.9645060179572], [-77.0565062512693, 38.9640242625986], [-77.0563600675248, 38.9639172265169], [-77.0563135356914, 38.9638763515738], [-77.0562289871552, 38.9637671220432], [-77.0561921822797, 38.9636244490882], [-77.0562028812147, 38.9610206063631], [-77.056208190258, 38.9600742871366], [-77.0560169272559, 38.9587991698754], [-77.0562050623242, 38.9584491985806], [-77.0565350422741, 38.958163477507], [-77.056986766403, 38.9573719843705], [-77.058029121153, 38.9574535293816], [-77.0596695427782, 38.9587903670195], [-77.0594998698856, 38.9609739412214], [-77.0594941817533, 38.9610264374954], [-77.0597530887946, 38.9610258731021], [-77.0661467562011, 38.9610250369898], [-77.0662645954035, 38.961025103348], [-77.0691779594306, 38.9610246402382], [-77.0697183598544, 38.9619966801012], [-77.0699813156027, 38.9630988542564], [-77.0702349818726, 38.9649087307235], [-77.0701157889091, 38.9649104238104], [-77.0701097881631, 38.9649105174051], [-77.0702914697343, 38.9651859040171], [-77.0703284911038, 38.9653675564932], [-77.0704758633194, 38.9657953579195], [-77.068412624453, 38.9658180229254], [-77.0686936911357, 38.9664532519921], [-77.0663843480174, 38.9664408781981], [-77.0663841971004, 38.9667245215286], [-77.0663835799578, 38.9676179595506], [-77.0638787805016, 38.9676182738493], [-77.0611743646095, 38.9676316105882], [-77.0608776744274, 38.9670690208252], [-77.0606727992538, 38.9668664415985], [-77.0604292974213, 38.9666973923168], [-77.0600763673125, 38.9664798448857], [-77.0595552402431, 38.9661533538093], [-77.0591317591468, 38.9658880343495], [-77.0587016996877, 38.96559971636], [-77.0571775829424, 38.9645060179572]]]}, "properties": {"Route": "R323_1", "ROUTE_NUMB": 323, "CollectionDay": "Monday", "RunsPerWeek": 1, "RStatus": "Scheduled Other Day", "RecycleRouteArea": "OR_323"}}, {"type": "Feature", "geometry": {"type": "Polygon", "coordinates": [[[-77.0715225425592, 38.9521046845272], [-77.0715317799353, 38.9514223927092], [-77.0717550903351, 38.95056003001], [-77.0721645999338, 38.9495271399911], [-77.0724806047929, 38.9487603118532], [-77.0725803303659, 38.9479069857576], [-77.0723495971868, 38.9470971036488], [-77.0717348450036, 38.9462863766997], [-77.0698521055255, 38.9462853545722], [-77.0698504050146, 38.9447861968785], [-77.0698249171151, 38.9440388593666], [-77.0693173950307, 38.9431689861336], [-77.0692742830836, 38.9430803693827], [-77.0692129092851, 38.9429544700216], [-77.0691653803217, 38.9428529978873], [-77.068971209473, 38.942438437858], [-77.0689347917714, 38.9423527903276], [-77.0688908587641, 38.9422497613461], [-77.0688770983706, 38.9422175544529], [-77.0688669267467, 38.9421937451261], [-77.0688604525884, 38.942178524117], [-77.0687957217856, 38.942038663257], [-77.0687909822742, 38.9420284867835], [-77.0687194323602, 38.9418741270037], [-77.068698401901, 38.9418356743], [-77.068675756271, 38.9417977623661], [-77.0686518431182, 38.9417603919016], [-77.0686264306771, 38.9417236523406], [-77.0685996348305, 38.9416874549495], [-77.0685715705627, 38.9416518884637], [-77.0685421228894, 38.9416169535829], [-77.0685112918105, 38.9415827411387], [-77.0684793081931, 38.9415492483374], [-77.0684459402719, 38.9415164786736], [-77.0683143739137, 38.941390784748], [-77.0681085824585, 38.9411941779762], [-77.0680435767713, 38.9411268335563], [-77.067982491332, 38.9410572357543], [-77.0679254411249, 38.9409855620344], [-77.0678955263276, 38.9409439611854], [-77.0678813194714, 38.9409241515149], [-77.0678725411345, 38.940911995451], [-77.0678543700129, 38.9408838348497], [-77.0678239081416, 38.9408366247337], [-77.0678124698931, 38.9408168122384], [-77.0677796571307, 38.9407596287456], [-77.0677399021878, 38.9406812792784], [-77.0677384002047, 38.9406780379765], [-77.0677045301252, 38.9406014875918], [-77.067682328263, 38.9405430357696], [-77.0676737709116, 38.9405206100222], [-77.0676554910938, 38.9404628778038], [-77.0676477404296, 38.9404387394943], [-77.0676379101654, 38.9404121717632], [-77.0676279649169, 38.9403852875064], [-77.0676182514337, 38.9403589433425], [-77.0676085352556, 38.9403322847491], [-77.0675988217724, 38.9403057155806], [-77.067589107391, 38.9402790569672], [-77.0675795088922, 38.940252397645], [-77.067569909495, 38.9402257383128], [-77.0675604259806, 38.940199080368], [-77.0675509424661, 38.9401724210158], [-77.0674458404762, 38.9399066458356], [-77.0674230726753, 38.9398596362989], [-77.0673991514376, 38.9398128971339], [-77.0673738476927, 38.9397666994431], [-77.0673473896126, 38.9397208615611], [-77.0673196640097, 38.9396754757193], [-77.0672905541029, 38.9396305419187], [-77.067260406642, 38.9395861474997], [-77.0672288757755, 38.9395422952582], [-77.0671963073549, 38.9394989844966], [-77.0671624705131, 38.9394561243824], [-77.0671400701232, 38.9394311842991], [-77.0671172088975, 38.9394064244767], [-77.0670942317892, 38.9393818449153], [-77.0670707938451, 38.9393574456152], [-77.067047125034, 38.9393332272753], [-77.0670232262542, 38.939309189197], [-77.0669989807246, 38.9392853306817], [-77.0669743902421, 38.9392615629922], [-77.0669494530098, 38.9392380656998], [-77.0669244016914, 38.9392147486698], [-77.0669025807149, 38.9391927808637], [-77.0668978465933, 38.9391880987296], [-77.0668009803579, 38.9390903251341], [-77.0706499226855, 38.9390810209422], [-77.0714287377823, 38.9381620757516], [-77.0742624832275, 38.9381440945843], [-77.0743029298732, 38.938217756272], [-77.0744714214812, 38.938524291819], [-77.0746710181541, 38.9388860323007], [-77.077030970559, 38.9431700124982], [-77.0774664693171, 38.9439547068375], [-77.0776724449269, 38.9443260766472], [-77.0779304105338, 38.9447911783708], [-77.0780467639227, 38.9450002854548], [-77.0783260501445, 38.9455022084085], [-77.0784981547765, 38.9458109872887], [-77.0785597459674, 38.9459208222865], [-77.0785856740414, 38.9459670599828], [-77.0786271276985, 38.9460409839226], [-77.0786303993628, 38.9460468176848], [-77.0788888293987, 38.9465126298244], [-77.079207407931, 38.9470868517492], [-77.0794703052888, 38.947560705379], [-77.0795934167035, 38.9477826033253], [-77.0796679256681, 38.9479168987003], [-77.0796761021339, 38.9479170482083], [-77.0797576745516, 38.9480622874354], [-77.0801829684481, 38.9488195114176], [-77.0804008323624, 38.9496925352488], [-77.0803142886679, 38.9501851669562], [-77.0801906202977, 38.9506997322415], [-77.0749726212226, 38.9507858084134], [-77.0737315169109, 38.9521587131009], [-77.0736265649396, 38.9521359857422], [-77.0734912993191, 38.9521066922876], [-77.0715225425592, 38.9521046845272]]]}, "properties": {"Route": "R320_1", "ROUTE_NUMB": 320, "CollectionDay": "Monday", "RunsPerWeek": 1, "RStatus": "Scheduled Other Day", "RecycleRouteArea": "OR_320"}}, {"type": "Feature", "geometry": {"type": "Polygon", "coordinates": [[[-77.0509497184861, 38.9452930399255], [-77.0509390959079, 38.9452790820634], [-77.050928357447, 38.9452651234999], [-77.0509176198844, 38.9452513465858], [-77.0509065355721, 38.9452375682718], [-77.0508953371738, 38.9452238800824], [-77.0508855230793, 38.9452120838681], [-77.0508755940005, 38.9452003770806], [-77.0508655499373, 38.945188761816], [-77.0508553908897, 38.9451771444536], [-77.0508451150612, 38.9451657087415], [-77.0508346101622, 38.9451542723289], [-77.050821796593, 38.9451408559034], [-77.0508087521568, 38.9451276197305], [-77.0507954768535, 38.9451144736827], [-77.0507819706832, 38.9451015071889], [-77.0507682345442, 38.9450886308204], [-77.0507543825225, 38.9450758452758], [-77.0507412240002, 38.9450640511328], [-77.0507277187283, 38.9450524351473], [-77.0507140993703, 38.9450410008124], [-77.0507004791139, 38.9450295671744], [-77.0506866288889, 38.9450181314385], [-77.0506730086325, 38.9450066970981], [-77.0506583499237, 38.9449945424328], [-77.0506435753322, 38.9449822976377], [-77.0506289166234, 38.9449701422695], [-77.0506141429303, 38.9449579875979], [-77.0505993692371, 38.9449458329243], [-77.0505845946456, 38.9449336789471], [-77.0505646268935, 38.9449172023261], [-77.0505447741257, 38.9449007257012], [-77.0505248063736, 38.944884158246], [-77.0505048377231, 38.9448676816135], [-77.050484869971, 38.9448512049771], [-77.0504649022188, 38.9448347290356], [-77.0504096154047, 38.9447901618111], [-77.0503332442325, 38.9447285631521], [-77.050331476348, 38.9447271371725], [-77.0502581684309, 38.9446450129948], [-77.0502324245115, 38.9446161083972], [-77.0502275745073, 38.9446089931596], [-77.0502224936361, 38.9446018786199], [-77.0501316128754, 38.9444814609276], [-77.0501070673086, 38.9444470018378], [-77.0500935674265, 38.944428817554], [-77.0500788422424, 38.9444096732926], [-77.0500596461431, 38.9443904933939], [-77.0500408048783, 38.9443685188073], [-77.0500273085894, 38.9443551203985], [-77.0500089074992, 38.9443398083275], [-77.0499929606062, 38.9443283256694], [-77.0499696538162, 38.944313017086], [-77.0499353166128, 38.9443005842305], [-77.0498798474406, 38.9442792279404], [-77.0498589625086, 38.9442704980388], [-77.0498477703984, 38.9442669914058], [-77.0498028672107, 38.9442508520883], [-77.0497783414068, 38.9442432030286], [-77.0497574933056, 38.9442365111488], [-77.0496885781503, 38.9442194656466], [-77.0496946615414, 38.9441796154724], [-77.0497060360096, 38.9441346342217], [-77.0497105859765, 38.9441172645107], [-77.0497145610216, 38.944094997794], [-77.0497139627436, 38.9440535832193], [-77.049711653175, 38.9440139516369], [-77.0497059282117, 38.9439810000595], [-77.0496949121714, 38.9439232783442], [-77.0496712460552, 38.9438181213815], [-77.049639687341, 38.9437499668929], [-77.0496280820058, 38.9437279089652], [-77.0496157418488, 38.9436925579969], [-77.0496066643728, 38.9436583360741], [-77.0495968529733, 38.9436130834056], [-77.0495935786141, 38.9435927211276], [-77.0495855818114, 38.9435511448647], [-77.0495853087236, 38.9435488818443], [-77.0494170578641, 38.9432774236698], [-77.0494522421788, 38.9432673130501], [-77.0495289798637, 38.943245797848], [-77.0496331538939, 38.9432063495674], [-77.0497510999958, 38.9431550809532], [-77.0498200016764, 38.9430947699442], [-77.0498316438425, 38.9430845789499], [-77.0498477668052, 38.9430690073929], [-77.0498752094388, 38.9430425021315], [-77.0499176449545, 38.9430037594088], [-77.0499556068601, 38.9429500487453], [-77.0499674358758, 38.9429300481956], [-77.0499984807537, 38.942877563669], [-77.0500075995521, 38.9428605290191], [-77.0500288653698, 38.9428208010498], [-77.0500483480317, 38.9427786933327], [-77.0500554025016, 38.9427634465977], [-77.0500808517737, 38.9427075712196], [-77.0501097236269, 38.9426413684955], [-77.0501130725463, 38.9426336892187], [-77.0501367296793, 38.9425775370578], [-77.0501442809175, 38.942559613604], [-77.0501658827052, 38.9425086945653], [-77.0501859654417, 38.9424593908601], [-77.050208344272, 38.9424058928846], [-77.0502358309231, 38.9423429814104], [-77.0502456665771, 38.9423206966691], [-77.0502725280007, 38.9422598287919], [-77.0502786742739, 38.94224573828], [-77.0503011653937, 38.9421941741231], [-77.0503055976813, 38.9421841388077], [-77.050334593502, 38.9421184798766], [-77.0503379451164, 38.9421108955653], [-77.0503655602265, 38.942050784193], [-77.0503844041862, 38.9420097610902], [-77.050395566652, 38.9419870332722], [-77.0504206781574, 38.9419358965281], [-77.0504301329258, 38.9419180749216], [-77.0504615910287, 38.9418587850517], [-77.050473703912, 38.941835853166], [-77.0505002293657, 38.9417856462776], [-77.0505092412646, 38.941769437923], [-77.0505328220409, 38.9417270256483], [-77.050539352793, 38.9417157703422], [-77.0505671197184, 38.94166791728], [-77.0505771071877, 38.9416512051376], [-77.0506109161818, 38.9415946329798], [-77.0506208955663, 38.9415769810711], [-77.0506560897625, 38.9415147319266], [-77.0506647953359, 38.9414984368714], [-77.0506935252553, 38.9414446600884], [-77.0507010926632, 38.9414305002432], [-77.0507202088125, 38.9413894439426], [-77.0507358394984, 38.9413558769878], [-77.0507543942006, 38.9413026401925], [-77.0507673047879, 38.941265592267], [-77.0507794724684, 38.9412097946618], [-77.050784186827, 38.9411881726326], [-77.0507923192753, 38.941137254705], [-77.0507953582759, 38.9411182423084], [-77.0508019662831, 38.9410685295936], [-77.0508072025629, 38.9410057280267], [-77.0508086452573, 38.9409882499487], [-77.0508143028469, 38.9409196700234], [-77.0508162647675, 38.9408978306085], [-77.0508220265617, 38.9408336936641], [-77.0508244268602, 38.9408129896195], [-77.0508323041869, 38.9407450467449], [-77.0508352353897, 38.940726910421], [-77.0508439508446, 38.9406730198624], [-77.0508484289463, 38.9406537222686], [-77.0508600369764, 38.9406036990019], [-77.0508655643103, 38.9405869055586], [-77.0508802158326, 38.9405424034386], [-77.050885271551, 38.9405300859075], [-77.0509050407755, 38.9404819211195], [-77.0509111358447, 38.9404685024124], [-77.050937762808, 38.940409878598], [-77.0509430008844, 38.9403969922942], [-77.0509636001522, 38.9403463141548], [-77.0509698856642, 38.940332427286], [-77.0510015126504, 38.9402625701811], [-77.051028778316, 38.9401986653332], [-77.0510499255561, 38.9401431037519], [-77.0510675208575, 38.9400928264922], [-77.0510730131572, 38.9400741044801], [-77.0510758051211, 38.9400645956943], [-77.0510909947342, 38.940012830119], [-77.0510938154442, 38.9400007654303], [-77.0511111690989, 38.9399265333477], [-77.0511136089232, 38.9399146852458], [-77.0511289476567, 38.9398402148111], [-77.0511452987915, 38.9397677014018], [-77.0511646170616, 38.9396950593545], [-77.0511873103023, 38.9396150115261], [-77.0512063357218, 38.9395540372171], [-77.0512079221466, 38.9395453514517], [-77.051219249004, 38.9395247790887], [-77.0512337109817, 38.939498514259], [-77.0505823255012, 38.938971992156], [-77.0503675544865, 38.9387949604649], [-77.0501160477665, 38.9385917330389], [-77.050049046921, 38.9385414106593], [-77.0499750230467, 38.9384913013563], [-77.049919062496, 38.9384585554334], [-77.0498605803744, 38.9384257361288], [-77.0497821574501, 38.9383867735785], [-77.0494637783437, 38.9382402770765], [-77.0491505259227, 38.9381037525815], [-77.0487865106033, 38.9379475207341], [-77.0484609647375, 38.9378182653171], [-77.0484496648296, 38.9378139792751], [-77.0484383595317, 38.9378096932329], [-77.0483796213903, 38.9377874510871], [-77.0481270555566, 38.9376922140699], [-77.0480395452748, 38.9376582470848], [-77.047926477025, 38.937600991171], [-77.0478469761223, 38.9375459250556], [-77.0477747560651, 38.9374781341705], [-77.0475961296641, 38.937261239796], [-77.0475606830413, 38.9372176732994], [-77.0475104609287, 38.9371570113627], [-77.047458965005, 38.9370961020193], [-77.0474098828545, 38.9370392439351], [-77.04736017368, 38.9369826883612], [-77.0472732032857, 38.9368846182521], [-77.0471279852302, 38.9367208204921], [-77.0470425922776, 38.9366288046633], [-77.0469641235392, 38.9365628967249], [-77.0468895040818, 38.9365086284726], [-77.0468247436347, 38.9364687194621], [-77.0467251537073, 38.9364191285637], [-77.0466144246705, 38.9363752191624], [-77.0465022673123, 38.9363378626101], [-77.0463865723885, 38.936304080145], [-77.0462856089371, 38.9362679903898], [-77.0462227358504, 38.9362344098305], [-77.0461652014514, 38.9361875264295], [-77.0461282941679, 38.9361432612203], [-77.045976872347, 38.9359089868485], [-77.0458481994623, 38.9357083044061], [-77.0461650226866, 38.9355791504199], [-77.0463358391345, 38.9355097162721], [-77.0464012679283, 38.9354840774401], [-77.0464632651576, 38.9354586901519], [-77.0465322548731, 38.9354334943145], [-77.0465981157565, 38.9354088595716], [-77.046682613987, 38.9353795522171], [-77.0467573080046, 38.9353556308889], [-77.0470209779135, 38.935278693934], [-77.0473497918502, 38.9351823802503], [-77.0475601377639, 38.9351186070826], [-77.0476760114524, 38.9351013336882], [-77.0477156073935, 38.9350607642542], [-77.0477539277269, 38.9350194890465], [-77.0477818195181, 38.9349646326518], [-77.0478332669328, 38.9348747003555], [-77.0479143551585, 38.9347321411302], [-77.0479232107506, 38.9347165712327], [-77.047965163871, 38.9346426466657], [-77.0480154964764, 38.9345501124501], [-77.048108587991, 38.9343797799998], [-77.0481419873532, 38.9343226723732], [-77.0481801082606, 38.9342558881299], [-77.0482260876301, 38.9341841781869], [-77.0482460607721, 38.9341579959304], [-77.0482937837716, 38.9340964788748], [-77.0483226780827, 38.9340714285968], [-77.0483616092705, 38.9340376744006], [-77.0483676351694, 38.9340328256182], [-77.0483736062711, 38.9340280215569], [-77.0483795540166, 38.9340232349647], [-77.0483856005768, 38.9340183708084], [-77.0484351615293, 38.9339851881832], [-77.0485649582064, 38.9340851853225], [-77.0486139415422, 38.9341037810407], [-77.0486191562624, 38.9341057606612], [-77.0486257984057, 38.9341077465707], [-77.0486871704076, 38.9341260956165], [-77.0487126699852, 38.9341316284898], [-77.0487506157211, 38.9341398621144], [-77.0488194644011, 38.93414954499], [-77.0490112286631, 38.934173533807], [-77.04905153607, 38.9341783916638], [-77.0492974912015, 38.9342080321295], [-77.0493010377502, 38.9342084597772], [-77.0493048142677, 38.9342086058203], [-77.0493386780589, 38.934209914618], [-77.0493731257552, 38.9342112443788], [-77.0495128344431, 38.9342140974597], [-77.0495691282687, 38.9342083095415], [-77.0496246136105, 38.9342025789221], [-77.0496515379162, 38.93419874267], [-77.0497217044247, 38.9341891541352], [-77.0498236901589, 38.934173814713], [-77.0499324716483, 38.9341544238115], [-77.0500254544667, 38.934142982129], [-77.0500604115077, 38.9341370558482], [-77.0500891432237, 38.9341322448063], [-77.050117713243, 38.9341274610162], [-77.0501933522882, 38.9341162045038], [-77.0502182616728, 38.9341124975198], [-77.0503980972061, 38.9340858163137], [-77.050495041595, 38.9340715592672], [-77.0505644014164, 38.9340501873181], [-77.0505714361233, 38.9340480197262], [-77.0505751892846, 38.934047028867], [-77.0505991841842, 38.9340406882062], [-77.0506334216746, 38.9340318857692], [-77.0506496344688, 38.9340277175909], [-77.0507290805742, 38.9340108205694], [-77.0507368456116, 38.9340091700682], [-77.0507448819401, 38.9340077844018], [-77.0508092821628, 38.9339966816004], [-77.050835900143, 38.9339947376142], [-77.0508965004921, 38.933990310189], [-77.0509366551853, 38.9339880887898], [-77.0509837206179, 38.9339854865593], [-77.0510713036632, 38.9339824916182], [-77.0511582192602, 38.9339813281611], [-77.051213488108, 38.9339870643887], [-77.0512758886809, 38.9339911801613], [-77.0513385165276, 38.9339919634858], [-77.0514010275933, 38.9339893235217], [-77.0514631901126, 38.9339834412507], [-77.0515246582343, 38.9339741349912], [-77.0517497239422, 38.9339310926516], [-77.0520210789384, 38.9338306830181], [-77.0521399592881, 38.9337880214238], [-77.0522602257384, 38.9337478802865], [-77.0524298474269, 38.9336957362548], [-77.0526020104494, 38.9336485458103], [-77.0528160313709, 38.9335905256911], [-77.052888908995, 38.9335705839938], [-77.0529614407677, 38.933550102136], [-77.0530336257906, 38.9335299815402], [-77.0531857222464, 38.9334871227097], [-77.053337356968, 38.9334431828432], [-77.0534859922149, 38.9333989746184], [-77.0534885290572, 38.9333982534787], [-77.0534915267354, 38.9333972605141], [-77.0535408783804, 38.9333814730033], [-77.0536124848884, 38.933358649482], [-77.0537560437556, 38.9333129115759], [-77.0538613137305, 38.9332714243194], [-77.0538849502023, 38.9332607839953], [-77.0539125060236, 38.9332490612589], [-77.0539397159936, 38.9332367068231], [-77.0539665792138, 38.9332238122279], [-77.0539928657156, 38.9332103774729], [-77.0540185754991, 38.9331963131139], [-77.0540439376345, 38.9331817085945], [-77.0540687239498, 38.9331666519607], [-77.0540929317501, 38.9331509671195], [-77.0541165637303, 38.933134830862], [-77.0541397330781, 38.9331181544427], [-77.0541765029193, 38.9330884101018], [-77.0542138494789, 38.9330590256212], [-77.0542515418899, 38.9330299115572], [-77.0542895801523, 38.9330011573543], [-77.0543280810471, 38.932972763013], [-77.0543670427776, 38.9329446390895], [-77.0544063512578, 38.9329169651714], [-77.0544461205737, 38.9328895616718], [-77.054486121655, 38.9328625180355], [-77.0545266985564, 38.9328358356602], [-77.0545442237893, 38.9328281692971], [-77.0545622107562, 38.9328212247776], [-77.0545806594572, 38.9328150000053], [-77.0545993399235, 38.9328094069338], [-77.0546184821239, 38.9328046237532], [-77.0546378551913, 38.9328005610193], [-77.0546575750084, 38.9327973081767], [-77.0546774107082, 38.9327947764797], [-77.0546973622907, 38.9327929652297], [-77.0547173138732, 38.9327919652687], [-77.0550104682863, 38.9327559743513], [-77.0553100824847, 38.9327226828237], [-77.0555380829887, 38.9327019456643], [-77.0557478575738, 38.9326767125107], [-77.0559969559105, 38.932646685675], [-77.0561057427898, 38.9326371248819], [-77.0567731245705, 38.9325795511589], [-77.0575933960194, 38.9339917210116], [-77.0585084999179, 38.9338649928383], [-77.0593275065388, 38.9338623277135], [-77.0601396599125, 38.9338783205568], [-77.0604990462132, 38.9341587093759], [-77.0608899166681, 38.9343128148289], [-77.0613611027975, 38.9342836607509], [-77.0621428437072, 38.9341087304413], [-77.0663892204795, 38.9340810604713], [-77.0663889716461, 38.9339947411081], [-77.066393920465, 38.933923879911], [-77.0663900343531, 38.9337371233383], [-77.0663911455691, 38.9335877739077], [-77.0663911563489, 38.9335866307087], [-77.0663913252322, 38.9335712618075], [-77.0663918345769, 38.933498744084], [-77.0665074387708, 38.9334970097175], [-77.0665229975916, 38.9334969712847], [-77.0669157598984, 38.9334959964896], [-77.0669330632474, 38.933496042609], [-77.0669488735964, 38.9334960824393], [-77.0670251333775, 38.9334962787959], [-77.067044899907, 38.933496369637], [-77.0672157127617, 38.9334971927972], [-77.0672303822503, 38.9334971417865], [-77.0677017228899, 38.9334955010562], [-77.0677191726643, 38.9334954095163], [-77.0678215967764, 38.9334948742525], [-77.0678394040803, 38.9334947351957], [-77.0680914938069, 38.9334927555581], [-77.0681053763713, 38.933492765341], [-77.0684587457563, 38.9334930371656], [-77.0684765485686, 38.9334931790175], [-77.068541312609, 38.9334936954143], [-77.0685588055025, 38.9334940678629], [-77.0686371969858, 38.9334957351467], [-77.0686510319395, 38.9334954053236], [-77.068727270161, 38.9334936066695], [-77.0687401933247, 38.933493636717], [-77.0688528797906, 38.9334939050476], [-77.0688706897894, 38.9334939336975], [-77.0690838123956, 38.9334942865803], [-77.0690972745484, 38.9334942425574], [-77.0692340008296, 38.9334937834603], [-77.0692518081335, 38.9334937142813], [-77.0693797884171, 38.9334932048723], [-77.0693975966193, 38.9334931356932], [-77.0695195869366, 38.9334926514402], [-77.0695345259197, 38.9334926500426], [-77.0698847044888, 38.9334926283805], [-77.0698932825015, 38.9334926102123], [-77.0699020572452, 38.9334925899478], [-77.0704134277122, 38.9334914635179], [-77.0704298839499, 38.9334914970592], [-77.0707982839463, 38.9334922482454], [-77.0708096305666, 38.9334923789168], [-77.0708209789836, 38.9334925081907], [-77.0708862478772, 38.9334932216429], [-77.0709005463616, 38.9334930776947], [-77.0709847652161, 38.9334922601246], [-77.0709988049857, 38.9334922363662], [-77.0710974956994, 38.9334920651656], [-77.071114854744, 38.9334920190462], [-77.0713543743448, 38.9334913887486], [-77.0714431674207, 38.9334911553568], [-77.0716483471232, 38.9334906270808], [-77.0716619305486, 38.9334906340686], [-77.0718400350284, 38.9334907311987], [-77.0718578459256, 38.9334907214158], [-77.072041758912, 38.933490620093], [-77.0720587200029, 38.9334906522368], [-77.0722202891932, 38.9334909645905], [-77.0722537720988, 38.9334910295768], [-77.0722741521777, 38.9334911183216], [-77.0724174487369, 38.9334917423302], [-77.0724171091737, 38.9334973276613], [-77.0724149586069, 38.9335378672436], [-77.0724132697741, 38.9335784047063], [-77.0724124963247, 38.9336114666335], [-77.0724120678283, 38.9336445264488], [-77.0724117561129, 38.9336775876464], [-77.0724116743662, 38.9337106488285], [-77.0724118225882, 38.9337437085976], [-77.0724122025756, 38.9337767683514], [-77.0724126975473, 38.9338098287885], [-77.0724135383704, 38.9338428885114], [-77.0724144941779, 38.9338759496165], [-77.0724157967351, 38.9339090086098], [-77.072417560128, 38.9339420682865], [-77.0724192085365, 38.9339750371073], [-77.0724209719294, 38.9340080967532], [-77.0724225053536, 38.934041066242], [-77.0724241537621, 38.9340741251584], [-77.0724255713037, 38.9341070946165], [-77.0724271038295, 38.9341401542009], [-77.0724285213711, 38.9341732137698], [-77.0724298239282, 38.9342061838807], [-77.0724311264854, 38.9342392434189], [-77.0724329976761, 38.9342646458178], [-77.0724353297026, 38.9342901376502], [-77.0724380084788, 38.9343155393321], [-77.0724411480907, 38.9343408508637], [-77.0724446344523, 38.9343662518287], [-77.072448465767, 38.9343915640409], [-77.0724526438314, 38.9344167840066], [-77.0724572827315, 38.9344420039634], [-77.0724623833657, 38.9344672239112], [-77.0724677148669, 38.9344923537089], [-77.0724732754385, 38.9345164933439], [-77.0724791818615, 38.9345406315731], [-77.072482656545, 38.9345545922479], [-77.0724852041672, 38.9345646796531], [-77.0724914564415, 38.9345886382827], [-77.0724980554656, 38.9346125962055], [-77.0725048844584, 38.9346365541202], [-77.0725070835342, 38.9346439393837], [-77.0725119443182, 38.934660421886], [-77.0725191200607, 38.9346842896437], [-77.0725266407563, 38.9347081566946], [-77.0725343932172, 38.9347318441548], [-77.0725402888604, 38.9347451731079], [-77.0726113842269, 38.9349052957405], [-77.0727778438457, 38.9352695779072], [-77.0728547153795, 38.9354372648164], [-77.0728943643212, 38.9355238102189], [-77.0729321663267, 38.9356063020265], [-77.0729332065758, 38.9356086435612], [-77.0730900748823, 38.9359526631547], [-77.0731033672535, 38.9359806705911], [-77.0731516840394, 38.9360824341577], [-77.0732260088494, 38.9362393129649], [-77.0732552049944, 38.9362949160364], [-77.0734659273022, 38.9366962434935], [-77.0735041766687, 38.9367661236767], [-77.0735424269335, 38.9368360044899], [-77.0735617254407, 38.9368710339605], [-77.0735807930809, 38.9369058838366], [-77.0736191583301, 38.936975764512], [-77.0736576394619, 38.9370455542819], [-77.0736961205937, 38.9371154348197], [-77.0737347167099, 38.937185225151], [-77.07374881487, 38.9372106195072], [-77.0737733128261, 38.9372550147147], [-77.0737952694483, 38.9372947269366], [-77.0738119098406, 38.9373247140724], [-77.0738429951427, 38.9373807264529], [-77.0738506218395, 38.9373945041976], [-77.0741695704777, 38.9379749774792], [-77.0742253872979, 38.9380765558148], [-77.0742624832275, 38.9381440945843], [-77.0714287377823, 38.9381620757516], [-77.0706499226855, 38.9390810209422], [-77.0668009803579, 38.9390903251341], [-77.0668978465933, 38.9391880987296], [-77.0669025807149, 38.9391927808637], [-77.0669244016914, 38.9392147486698], [-77.0669494530098, 38.9392380656998], [-77.0669743902421, 38.9392615629922], [-77.0669989807246, 38.9392853306817], [-77.0670232262542, 38.939309189197], [-77.067047125034, 38.9393332272753], [-77.0670707938451, 38.9393574456152], [-77.0670942317892, 38.9393818449153], [-77.0671172088975, 38.9394064244767], [-77.0671400701232, 38.9394311842991], [-77.0671624705131, 38.9394561243824], [-77.0671963073549, 38.9394989844966], [-77.0672288757755, 38.9395422952582], [-77.067260406642, 38.9395861474997], [-77.0672905541029, 38.9396305419187], [-77.0673196640097, 38.9396754757193], [-77.0673473896126, 38.9397208615611], [-77.0673738476927, 38.9397666994431], [-77.0673991514376, 38.9398128971339], [-77.0674230726753, 38.9398596362989], [-77.0674458404762, 38.9399066458356], [-77.0675509424661, 38.9401724210158], [-77.0675604259806, 38.940199080368], [-77.067569909495, 38.9402257383128], [-77.0675795088922, 38.940252397645], [-77.067589107391, 38.9402790569672], [-77.0675988217724, 38.9403057155806], [-77.0676085352556, 38.9403322847491], [-77.0676182514337, 38.9403589433425], [-77.0676279649169, 38.9403852875064], [-77.0676379101654, 38.9404121717632], [-77.0676477404296, 38.9404387394943], [-77.0676554910938, 38.9404628778038], [-77.0676737709116, 38.9405206100222], [-77.067682328263, 38.9405430357696], [-77.0677045301252, 38.9406014875918], [-77.0677384002047, 38.9406780379765], [-77.0677399021878, 38.9406812792784], [-77.0677796571307, 38.9407596287456], [-77.0678124698931, 38.9408168122384], [-77.0678239081416, 38.9408366247337], [-77.0678543700129, 38.9408838348497], [-77.0678725411345, 38.940911995451], [-77.0678813194714, 38.9409241515149], [-77.0678955263276, 38.9409439611854], [-77.0679254411249, 38.9409855620344], [-77.067982491332, 38.9410572357543], [-77.0680435767713, 38.9411268335563], [-77.0681085824585, 38.9411941779762], [-77.0683143739137, 38.941390784748], [-77.0684459402719, 38.9415164786736], [-77.0684793081931, 38.9415492483374], [-77.0685112918105, 38.9415827411387], [-77.0685421228894, 38.9416169535829], [-77.0685715705627, 38.9416518884637], [-77.0685996348305, 38.9416874549495], [-77.0686264306771, 38.9417236523406], [-77.0686518431182, 38.9417603919016], [-77.068675756271, 38.9417977623661], [-77.068698401901, 38.9418356743], [-77.0687194323602, 38.9418741270037], [-77.0687909822742, 38.9420284867835], [-77.0687957217856, 38.942038663257], [-77.0688604525884, 38.942178524117], [-77.0688669267467, 38.9421937451261], [-77.0688770983706, 38.9422175544529], [-77.0688908587641, 38.9422497613461], [-77.0689347917714, 38.9423527903276], [-77.068971209473, 38.942438437858], [-77.0691653803217, 38.9428529978873], [-77.0692129092851, 38.9429544700216], [-77.0692742830836, 38.9430803693827], [-77.0693173950307, 38.9431689861336], [-77.0698249171151, 38.9440388593666], [-77.0698504050146, 38.9447861968785], [-77.0541813403471, 38.9463929224122], [-77.0520981732544, 38.9450103629901], [-77.0509497184861, 38.9452930399255]], [[-77.0541070020624, 38.9396784746123], [-77.0525687979368, 38.9395676943601], [-77.052412128158, 38.9401659062246], [-77.0536346723776, 38.9405015171087], [-77.0538221489807, 38.9407751917266], [-77.0545912514927, 38.9407641137408], [-77.0541070020624, 38.9396784746123]], [[-77.0692395299602, 38.939020945431], [-77.0692628592081, 38.9387365539682], [-77.0702327935766, 38.9387500861967], [-77.0704589669073, 38.9387230217371], [-77.0708678189391, 38.9382493843366], [-77.0713158159579, 38.9382392345697], [-77.0714245534297, 38.9380599280713], [-77.0710635456699, 38.9380531622409], [-77.0710896426272, 38.9376934655069], [-77.0710868596464, 38.9376220133802], [-77.0692607706251, 38.9376458305308], [-77.0692663374849, 38.9374249769149], [-77.0689169548231, 38.9374368988004], [-77.0689579027287, 38.9390182853911], [-77.0692395299602, 38.939020945431]]]}, "properties": {"Route": "R321_1B", "ROUTE_NUMB": 321, "CollectionDay": "Monday", "RunsPerWeek": 1, "RStatus": "Scheduled Other Day", "RecycleRouteArea": "OR_321B"}}, {"type": "Feature", "geometry": {"type": "Polygon", "coordinates": [[[-77.056986766403, 38.9573719843705], [-77.0573381289516, 38.9568147296752], [-77.0581448061953, 38.9568645074896], [-77.0581328532121, 38.9568504603964], [-77.0581218811893, 38.9568361422638], [-77.0581119476189, 38.9568214636776], [-77.0581029357199, 38.9568064253361], [-77.0580948472891, 38.9567910251435], [-77.0580877964124, 38.9567753539107], [-77.0580817839882, 38.9567594123362], [-77.0580686434323, 38.9567206820001], [-77.0580683685478, 38.9567198723819], [-77.058077250191, 38.9567175245589], [-77.0581034333866, 38.9567089554583], [-77.0581288072001, 38.956699033267], [-77.0581531416628, 38.9566876699673], [-77.0581765526574, 38.9566750478797], [-77.0581968473963, 38.9566622455642], [-77.0581985775516, 38.956661163511], [-77.0582128742393, 38.9566493545305], [-77.058226592412, 38.9566372773049], [-77.0582398515456, 38.9566248403241], [-77.0582525321642, 38.9566120407937], [-77.0582646360643, 38.9565989737162], [-77.0582761623477, 38.9565855461844], [-77.0582871110144, 38.956571846914], [-77.0582975988453, 38.956557878699], [-77.0583073940752, 38.9565436422377], [-77.0583166116883, 38.9565291340373], [-77.058331708775, 38.9565086776723], [-77.0583461141589, 38.9564877707359], [-77.0583598260434, 38.9564666849641], [-77.0583728453268, 38.956445239432], [-77.0583850570248, 38.9564235214582], [-77.0583964611373, 38.9564015373293], [-77.0584070558678, 38.956379370173], [-77.0584169606921, 38.9563569347655], [-77.0584260570327, 38.9563343205214], [-77.0584343448895, 38.9563115253449], [-77.0584377980134, 38.9563008032547], [-77.0584409034894, 38.95629008256], [-77.0584435481296, 38.9562791802399], [-77.058445731934, 38.9562682800137], [-77.0584474531061, 38.9562573783887], [-77.0584488284268, 38.9562463887443], [-77.0584497429118, 38.9562353082862], [-77.058450310647, 38.9562243172413], [-77.0584503016639, 38.9562132360812], [-77.058449945931, 38.9562022471285], [-77.0584483145905, 38.9561816188248], [-77.0584452980477, 38.9561611721392], [-77.0585579943951, 38.9561278413048], [-77.0621235883191, 38.9550732378955], [-77.0634886403771, 38.9542750933597], [-77.0651736067623, 38.9542656081344], [-77.0652857497474, 38.9543732302286], [-77.0656560613586, 38.9546181016689], [-77.0658174392078, 38.9546722498776], [-77.0674430098847, 38.9547015394776], [-77.069632494388, 38.9546992174347], [-77.0681248904742, 38.9521041018994], [-77.0715225425592, 38.9521046845272], [-77.0734912993191, 38.9521066922876], [-77.0736265649396, 38.9521359857422], [-77.0737315169109, 38.9521587131009], [-77.0743353509701, 38.9523527004837], [-77.072728806611, 38.9546994046512], [-77.0745974640987, 38.9547012893899], [-77.0745974685903, 38.9547022275678], [-77.0745985699248, 38.9549565005746], [-77.0745976123207, 38.9596931304513], [-77.0745956593833, 38.961024463516], [-77.0744440920353, 38.961024729647], [-77.0743558990339, 38.961024885414], [-77.0740045652314, 38.9610260100094], [-77.0734970054178, 38.961025428852], [-77.0733115886515, 38.9610251843747], [-77.0699734517507, 38.9610247450141], [-77.0691779594306, 38.9610246402382], [-77.0662645954035, 38.961025103348], [-77.0661467562011, 38.9610250369898], [-77.0597530887946, 38.9610258731021], [-77.0594941817533, 38.9610264374954], [-77.0594998698856, 38.9609739412214], [-77.0596695427782, 38.9587903670195], [-77.058029121153, 38.9574535293816], [-77.056986766403, 38.9573719843705]], [[-77.0695168686345, 38.9606692504172], [-77.0694862477614, 38.9609354856068], [-77.0697562642678, 38.9609138402569], [-77.0697924520007, 38.9607276919308], [-77.0718690712734, 38.960729855913], [-77.07189412349, 38.9609376502811], [-77.0722058299104, 38.9609592613969], [-77.0721854417467, 38.9605100814631], [-77.0705611799152, 38.9605047965243], [-77.0697796321433, 38.9605153657029], [-77.06964491719, 38.960506910919], [-77.0695335710106, 38.9603900267808], [-77.0692941744789, 38.9603965194566], [-77.0692886076191, 38.960446304534], [-77.0695168686345, 38.9606692504172]]]}, "properties": {"Route": "R319_1", "ROUTE_NUMB": 319, "CollectionDay": "Monday", "RunsPerWeek": 1, "RStatus": "Scheduled Other Day", "RecycleRouteArea": "OR_319"}}, {"type": "Feature", "geometry": {"type": "MultiPolygon", "coordinates": [[[[-77.0270283855639, 38.9723460138771], [-77.0274791287324, 38.9675428595894], [-77.0275503274052, 38.9675009600274], [-77.0276579204234, 38.9674384186516], [-77.0277748092082, 38.9673780270307], [-77.0278285212757, 38.9673506626935], [-77.0278942069875, 38.9673978041642], [-77.0279672301387, 38.9674296175675], [-77.0279778383439, 38.9674321242806], [-77.0280397457417, 38.9674467587621], [-77.0281304333646, 38.9674610118906], [-77.0282349586361, 38.9674701684783], [-77.0285244578044, 38.9674939378847], [-77.0285424932803, 38.9674954192817], [-77.0286501348075, 38.9675041567993], [-77.0287270270026, 38.9675108590543], [-77.0287360182403, 38.9675115770533], [-77.0288207185918, 38.9675182143524], [-77.029042334769, 38.967534896649], [-77.029100153934, 38.9675388854529], [-77.0291082854839, 38.9675394470005], [-77.0292437307675, 38.9675496505428], [-77.0294745456932, 38.9675689366237], [-77.0295610992692, 38.9675758602787], [-77.0295885239365, 38.9675779947171], [-77.0296801440106, 38.9675763401083], [-77.0296883061033, 38.9675761920386], [-77.0297404874415, 38.9675753106049], [-77.0297789802515, 38.9675746610539], [-77.0298139067497, 38.9675740694736], [-77.0298291242106, 38.9675738131454], [-77.0298389131523, 38.9675737111729], [-77.0298681021108, 38.967573577072], [-77.0299975313769, 38.9675729819995], [-77.0301104603879, 38.9675732753452], [-77.0302147943183, 38.9675735547219], [-77.0302574148869, 38.9675726474458], [-77.0302673610338, 38.9675724246428], [-77.0302742367389, 38.9675722702872], [-77.0302823961367, 38.9675720879939], [-77.0303564343841, 38.9675719434164], [-77.0303681070929, 38.9675719196694], [-77.0304230516489, 38.9675718693815], [-77.0304630644083, 38.9675718330626], [-77.0304730258265, 38.9675718232843], [-77.0305007316665, 38.9675717988389], [-77.0305709134464, 38.9675717415666], [-77.0305863276383, 38.9675718204906], [-77.030711202446, 38.9675724455961], [-77.030730030236, 38.9675725405842], [-77.0307400500447, 38.9675725901736], [-77.0308050943595, 38.967572916346], [-77.0309210587778, 38.9675730916549], [-77.0309347850354, 38.9675731126081], [-77.0309728538405, 38.9675731698804], [-77.0312108993059, 38.9675735281811], [-77.0313583478783, 38.9675728038968], [-77.0314337982774, 38.967572429532], [-77.0315329022161, 38.9675719371304], [-77.0316153909154, 38.9675721899664], [-77.0317030305545, 38.9675724609618], [-77.0318615266083, 38.9675729519665], [-77.0318803804495, 38.9675730085403], [-77.031904511893, 38.9675730280967], [-77.0321547690564, 38.9675732257558], [-77.032203663459, 38.9675732662654], [-77.0322188899031, 38.9675733081719], [-77.0325080665762, 38.9675740771565], [-77.0327690792685, 38.9675747378825], [-77.0327798132379, 38.9675747979485], [-77.032836310981, 38.9675751164381], [-77.0330166334012, 38.9675759336151], [-77.0330428803772, 38.9675760516517], [-77.0332885839805, 38.9675745297468], [-77.0334199428278, 38.9675741944947], [-77.0334585272659, 38.9675741609695], [-77.0335042137846, 38.9675741204599], [-77.0335798070158, 38.9675740534094], [-77.0338100344433, 38.9675739360712], [-77.0338217421864, 38.9675739353728], [-77.0338409140312, 38.9675739297852], [-77.0343129562551, 38.9675738501629], [-77.0346595119187, 38.9675737481903], [-77.0348356868173, 38.9675736965056], [-77.0348957373974, 38.9675736783461], [-77.0349116465611, 38.9675736741555], [-77.0349461553427, 38.9675736636788], [-77.0349703478716, 38.967573655996], [-77.0350495163976, 38.9675741414131], [-77.0350781277394, 38.9675743209127], [-77.0351013411047, 38.9675744990154], [-77.0351119178688, 38.9675745793362], [-77.0351536320374, 38.9675748992226], [-77.0352202169629, 38.9675760286032], [-77.0352522967, 38.9675765712925], [-77.0352885491116, 38.9675771866198], [-77.0353037297416, 38.967577442948], [-77.0353167472284, 38.9675776643541], [-77.0353312280707, 38.9675779102057], [-77.0354401667652, 38.9675797575844], [-77.0354516346582, 38.9675807144498], [-77.0354670461552, 38.9675835857442], [-77.0354768566564, 38.9675854149633], [-77.0354853502274, 38.9675869990293], [-77.0354988644825, 38.9675895183089], [-77.0355115343213, 38.967593311546], [-77.0355304025355, 38.9675997260346], [-77.0355437730602, 38.9676042714929], [-77.0355546013527, 38.9676079522801], [-77.0355620385049, 38.9676104813371], [-77.0355670196631, 38.9676054204294], [-77.0360831053871, 38.9670823164592], [-77.0361531380467, 38.9670162133304], [-77.0362201173326, 38.9669633590003], [-77.0363077156492, 38.9669084972897], [-77.0363552392227, 38.9668787335996], [-77.0363666523183, 38.9668715863729], [-77.0363801306409, 38.9668631449196], [-77.0363864978996, 38.9668591574745], [-77.0363866479183, 38.9661494096285], [-77.0363867988352, 38.9654311788228], [-77.0375454934994, 38.9675938137256], [-77.0377152705965, 38.967798183767], [-77.0378758794879, 38.9682822972199], [-77.0379763389844, 38.968761981412], [-77.0380501742125, 38.9692344615886], [-77.0381267502006, 38.9697244633885], [-77.038147502182, 38.9697730126915], [-77.0381743088084, 38.9701712074925], [-77.038215570226, 38.9702948536124], [-77.0378688735269, 38.9702578746187], [-77.0375833179627, 38.9703069885738], [-77.037308590691, 38.9702867785366], [-77.0374946919734, 38.9719797634854], [-77.0363703848184, 38.9722765696474], [-77.0310317069663, 38.9722704887171], [-77.0309666949909, 38.972270502685], [-77.0309180826593, 38.9722705278273], [-77.0307641500471, 38.972270606746], [-77.0306900605958, 38.9722706444593], [-77.0306264068731, 38.9722706765855], [-77.0305810320697, 38.9722706996326], [-77.0303223253527, 38.9722709084529], [-77.0302739663461, 38.972270947563], [-77.030243260133, 38.9722709713085], [-77.030129453468, 38.9722709196272], [-77.030059958001, 38.9722708881994], [-77.0300262532115, 38.9722708728347], [-77.0299542595297, 38.9722697162915], [-77.0299342172174, 38.9722693943312], [-77.0299082559057, 38.972268977389], [-77.0298863864201, 38.9722691072906], [-77.029830880417, 38.9722694390285], [-77.0298181297299, 38.9722695151536], [-77.0298091501703, 38.9722695842948], [-77.0297328436768, 38.9722701744391], [-77.0297184715305, 38.9722702861823], [-77.0296939547098, 38.9722704754476], [-77.0295724773306, 38.972270924516], [-77.0292559002447, 38.9722706689032], [-77.0286832916247, 38.9722702289139], [-77.0285855486336, 38.9722702379931], [-77.0284719952935, 38.9722704188775], [-77.0283710210622, 38.9722703336733], [-77.0282626617811, 38.972270345546], [-77.0280969396792, 38.972269747021], [-77.0280281718475, 38.9722694976937], [-77.0279346194972, 38.9722696792766], [-77.0277887196203, 38.9722699621268], [-77.027506106937, 38.9722696988317], [-77.0271899322964, 38.9722763280026], [-77.0270512952986, 38.9723423375264], [-77.0270283855639, 38.9723460138771]]], [[[-77.0265938956138, 38.9839302960469], [-77.0265897588719, 38.9838393561095], [-77.0265815985758, 38.9838396033012], [-77.0264432984463, 38.9779898845922], [-77.0265876909501, 38.9779902651871], [-77.0266000868027, 38.9779902798522], [-77.0268638285769, 38.9779905864231], [-77.0268762253278, 38.97799060039], [-77.026938461509, 38.9779906737156], [-77.0269508564633, 38.9779906800006], [-77.0273137372105, 38.9779908566804], [-77.0273261339614, 38.9779908818206], [-77.0273799187924, 38.9779910145051], [-77.0277851236643, 38.9779920138285], [-77.0277975177202, 38.9779919698331], [-77.0278755462842, 38.9779916904974], [-77.0278879403401, 38.9779916241552], [-77.0279638318119, 38.9779912121351], [-77.0279762276646, 38.977991166743], [-77.0281569085126, 38.9779905082092], [-77.0281693043652, 38.9779905200809], [-77.0286395472636, 38.977990964923], [-77.0286519413196, 38.9779909942532], [-77.0288545248909, 38.9779914823924], [-77.0290526420386, 38.9779919579613], [-77.0290650387895, 38.97799199218], [-77.0295830082807, 38.9779934035235], [-77.0295954050316, 38.9779934042218], [-77.029683643847, 38.9779934077135], [-77.0296960405979, 38.9779933727966], [-77.0297854337485, 38.9779931234895], [-77.029797832296, 38.9779931109193], [-77.0300157186682, 38.9779928888475], [-77.0300281154191, 38.9779928839591], [-77.0301352359235, 38.9779928497405], [-77.0301476335727, 38.9779929077026], [-77.0306094493754, 38.9779951004877], [-77.0306218461264, 38.9779951361029], [-77.0307422769683, 38.9779954810825], [-77.0307546746175, 38.9779955166978], [-77.0310921599917, 38.9779963672749], [-77.031104554946, 38.9779963588948], [-77.0314033642539, 38.9779961403146], [-77.0314157592081, 38.9779961298396], [-77.031583609419, 38.9779959901717], [-77.0315960061699, 38.9779959594448], [-77.0317365260365, 38.9779956095769], [-77.0317489209908, 38.9779955921184], [-77.0318458168706, 38.9779954510539], [-77.0318582136216, 38.9779954175336], [-77.0319680335633, 38.9779951123594], [-77.0319804303143, 38.9779950823308], [-77.0320465121832, 38.9779949147294], [-77.0320589080358, 38.9779949384729], [-77.0321319141189, 38.9779950369388], [-77.0321443090732, 38.9779950383355], [-77.0322233042244, 38.9779950425255], [-77.0322357009753, 38.9779950613806], [-77.0324151223853, 38.977995340018], [-77.0324275191362, 38.9779953560798], [-77.0325105144854, 38.9779954685124], [-77.0325229067447, 38.9779956340188], [-77.0325389623338, 38.9779958484089], [-77.0328621528168, 38.9780001697314], [-77.0328808584359, 38.9780034135165], [-77.0328910713824, 38.9780051838061], [-77.0329697934457, 38.9780321634323], [-77.0363659651072, 38.9748714771445], [-77.0363507395614, 38.9786983776055], [-77.0322723369675, 38.9786968049614], [-77.0296671489817, 38.981229053453], [-77.0296433822543, 38.9812598460036], [-77.0296393865479, 38.9812654038285], [-77.0296352075852, 38.9812675581053], [-77.0268824380763, 38.9838304921233], [-77.0266132372402, 38.9842155479954], [-77.0266029928526, 38.98407671417], [-77.0265938956138, 38.9839302960469]]]]}, "properties": {"Route": "R409_1B", "ROUTE_NUMB": 409, "CollectionDay": "Monday", "RunsPerWeek": 1, "RStatus": "Scheduled Other Day", "RecycleRouteArea": "OR_409B"}}, {"type": "Feature", "geometry": {"type": "Polygon", "coordinates": [[[-77.0270263481848, 38.9723657714653], [-77.0210330257644, 38.9723575213285], [-77.0198113556056, 38.9723558395939], [-77.0163038970534, 38.9723530117934], [-77.0157574815105, 38.9713065097352], [-77.0149506811976, 38.9699290766181], [-77.0161670908222, 38.96992973383], [-77.0180311534272, 38.9699307151083], [-77.0181306148955, 38.969931224954], [-77.0182285707873, 38.9699316740372], [-77.018682328702, 38.9699313325104], [-77.0192530715211, 38.969931697085], [-77.0193183772456, 38.9699322243911], [-77.0197979105207, 38.9699316007032], [-77.0198974366677, 38.9699312221603], [-77.0198969955949, 38.9698549226718], [-77.0198966335738, 38.969796189065], [-77.0198973486328, 38.9695262163893], [-77.0198973746839, 38.9695198439805], [-77.0198978013836, 38.9694151405566], [-77.0198970467988, 38.9690609969137], [-77.0198970099679, 38.9690432903835], [-77.0198976432802, 38.9689923086543], [-77.0198988030052, 38.9688267803405], [-77.0198991722128, 38.9687740230462], [-77.0198989835666, 38.968714117275], [-77.0198988083951, 38.9686396191269], [-77.0198984652387, 38.9685649337206], [-77.0198987940221, 38.9684893661149], [-77.0198995378271, 38.9683184754421], [-77.0198997201851, 38.9682566178577], [-77.0198998549324, 38.9680715420674], [-77.0198999285942, 38.9679463450257], [-77.0198993572657, 38.9676486232207], [-77.0198972075973, 38.9673706661305], [-77.0198973162934, 38.9673510636004], [-77.0198976244155, 38.9672955896542], [-77.0199685670685, 38.9672956636893], [-77.0200437839055, 38.9672949680384], [-77.0202851055268, 38.9672943317553], [-77.0203933947394, 38.9672942681969], [-77.0205396135182, 38.9672952083034], [-77.0207662584644, 38.9672951684921], [-77.0210834508963, 38.96729551073], [-77.021166231548, 38.9672945622421], [-77.0212436977665, 38.9672949023847], [-77.0214092141542, 38.9672931653527], [-77.0216457073309, 38.9672932931681], [-77.0218123546976, 38.9672938861476], [-77.0220668123833, 38.9672931409072], [-77.0220844337359, 38.9672934985108], [-77.0221326561986, 38.967294480524], [-77.0223605273452, 38.9672950958538], [-77.0224476459614, 38.9672941368893], [-77.022554826653, 38.9672945259229], [-77.0227681334138, 38.9672942214011], [-77.0228604856149, 38.9672941641286], [-77.023248225441, 38.9672947564097], [-77.0232605530216, 38.9672947752677], [-77.0232753599525, 38.9672947976179], [-77.0235701969101, 38.9672943380413], [-77.0237364472215, 38.967294076823], [-77.0238016406566, 38.9672944029967], [-77.0239688845046, 38.9672953200546], [-77.0239932081875, 38.9672954813952], [-77.0241097870535, 38.9672962517798], [-77.0242113954953, 38.9672959472579], [-77.0242311467535, 38.9672959751957], [-77.0243278719534, 38.9672961134877], [-77.0244326209054, 38.96729557359], [-77.0244498092701, 38.9672954848875], [-77.0245904315446, 38.967295586162], [-77.0246082954424, 38.9672956015277], [-77.0247256621309, 38.9672960122132], [-77.0248183610817, 38.9672960736764], [-77.0250017817913, 38.9672961952057], [-77.0252507534656, 38.967296355848], [-77.0255678434895, 38.967296671545], [-77.0258683281554, 38.9672970801351], [-77.0259657971604, 38.9672971017869], [-77.0275031487848, 38.9672960296743], [-77.0274962281638, 38.9673467136903], [-77.0274833193732, 38.9674791553431], [-77.0274791287324, 38.9675428595894], [-77.0270283855639, 38.9723460138771], [-77.0270512952986, 38.9723423375264], [-77.0270478026487, 38.9723658000995], [-77.0270263481848, 38.9723657714653]]]}, "properties": {"Route": "R409_1A", "ROUTE_NUMB": 409, "CollectionDay": "Monday", "RunsPerWeek": 1, "RStatus": "Scheduled Other Day", "RecycleRouteArea": "OR_409A"}}, {"type": "Feature", "geometry": {"type": "Polygon", "coordinates": [[[-77.0509497184861, 38.9452930399255], [-77.0520981732544, 38.9450103629901], [-77.0541813403471, 38.9463929224122], [-77.0698504050146, 38.9447861968785], [-77.0698521055255, 38.9462853545722], [-77.0717348450036, 38.9462863766997], [-77.0723495971868, 38.9470971036488], [-77.0725803303659, 38.9479069857576], [-77.0724806047929, 38.9487603118532], [-77.0721645999338, 38.9495271399911], [-77.0717550903351, 38.95056003001], [-77.0715317799353, 38.9514223927092], [-77.0715225425592, 38.9521046845272], [-77.0681248904742, 38.9521041018994], [-77.069632494388, 38.9546992174347], [-77.0674430098847, 38.9547015394776], [-77.0658174392078, 38.9546722498776], [-77.0656560613586, 38.9546181016689], [-77.0652857497474, 38.9543732302286], [-77.0651736067623, 38.9542656081344], [-77.0634886403771, 38.9542750933597], [-77.0621235883191, 38.9550732378955], [-77.0585579943951, 38.9561278413048], [-77.056227402527, 38.953715433556], [-77.0561821606744, 38.953694375601], [-77.0560250812638, 38.9536138273288], [-77.0560009606001, 38.9536021275175], [-77.0559770699051, 38.9535901580525], [-77.0559534091788, 38.953577918235], [-77.0559299793196, 38.9535654981818], [-77.0559067803274, 38.9535527176591], [-77.0558838122022, 38.9535396667835], [-77.0558611890301, 38.9535264349731], [-77.0558386808423, 38.9535129335082], [-77.0558165203026, 38.9534990715731], [-77.0557892788916, 38.9534809776325], [-77.055762614199, 38.9534624331026], [-77.0557365262248, 38.9534433485644], [-77.0557108990864, 38.9534237226206], [-77.0556859645491, 38.9534037362032], [-77.0556617208162, 38.9533832984963], [-77.0556379388174, 38.9533623207796], [-77.0556148485213, 38.9533409818897], [-77.055592449928, 38.9533192832234], [-77.0555707430375, 38.9532971325675], [-77.0554374932364, 38.95314837971], [-77.0552564395876, 38.9529468602541], [-77.055240505271, 38.9529297518778], [-77.0552246868372, 38.9529126434974], [-77.0552089833877, 38.9528954449952], [-77.0551933958209, 38.9528782464888], [-77.0551779232384, 38.9528609585591], [-77.055162450656, 38.9528435798089], [-77.0551472089406, 38.9528262010544], [-77.0551319663268, 38.9528087321778], [-77.0551168395958, 38.952791263297], [-77.0551018287474, 38.952773704294], [-77.055086122603, 38.9527531727946], [-77.055071454911, 38.9527322801192], [-77.0550578247732, 38.9527108467301], [-77.0550453489705, 38.9526890528629], [-77.0550339098237, 38.9526668978185], [-77.0550235100276, 38.9526443822951], [-77.0550143777545, 38.952621595712], [-77.0550062848321, 38.9525986281868], [-77.0549993444482, 38.9525753001819], [-77.0549935583994, 38.9525518813525], [-77.0549311183007, 38.9523680513422], [-77.0549270695937, 38.9523534598532], [-77.054922674137, 38.9523390492965], [-77.054918163696, 38.9523245479199], [-77.0549133074035, 38.9523101366587], [-77.0549082202441, 38.9522958162116], [-77.0549029022176, 38.952281495063], [-77.0548973533241, 38.9522672647286], [-77.0548915744618, 38.9522531245098], [-77.0548854488499, 38.9522389842883], [-77.0548790932693, 38.952224934881], [-77.0548715833535, 38.9522106151153], [-77.054863381735, 38.9521965657024], [-77.054854603398, 38.952182787341], [-77.0548450174756, 38.9521691892142], [-77.0548348548348, 38.9521559522578], [-77.0548240004912, 38.9521429849563], [-77.0548126844136, 38.9521303788255], [-77.0548005616488, 38.9521180430485], [-77.0547879780484, 38.95210615926], [-77.0547748168311, 38.9520945437298], [-77.0547620041602, 38.9520850910466], [-77.0547489606223, 38.9520759087183], [-77.0547356871157, 38.9520668165076], [-77.0547221818437, 38.9520579946519], [-77.0547083316186, 38.9520494431514], [-77.0546943655109, 38.9520410718873], [-77.0546801694345, 38.9520329716773], [-77.054665742491, 38.9520250510052], [-77.0546510855788, 38.9520174006886], [-77.0546361977996, 38.9520100207276], [-77.0546134659314, 38.9520037256845], [-77.0545906172821, 38.9519977009974], [-77.0545677713278, 38.9519917657299], [-77.0545446936082, 38.9519861015171], [-77.0545217317712, 38.9519805274226], [-77.0544986549499, 38.9519751328668], [-77.0544754622458, 38.9519699192469], [-77.0544522695418, 38.9519648851657], [-77.0544289618535, 38.9519600313219], [-77.0544055391807, 38.9519552682952], [-77.0543573077348, 38.951944841052], [-77.0543090771872, 38.9519345039262], [-77.0542608466396, 38.95192407668], [-77.0542126151937, 38.9519136494322], [-77.0541643846461, 38.9519032221829], [-77.0541161532002, 38.9518927949321], [-77.0540678076682, 38.9518823676798], [-77.0540195762223, 38.9518719404259], [-77.0539713456747, 38.9518616032895], [-77.0539231151271, 38.9518511760326], [-77.0538785766553, 38.9518419175269], [-77.0538339231992, 38.9518326597186], [-77.053789269743, 38.9518234019092], [-77.0537447312712, 38.9518141440985], [-77.0537000778151, 38.951804975707], [-77.053655424359, 38.9517957178939], [-77.0536108867855, 38.9517865501987], [-77.0535662333293, 38.9517773818037], [-77.0535215798732, 38.9517682141061], [-77.053476926417, 38.9517590457088], [-77.0534633106523, 38.9517562597006], [-77.0534498107702, 38.9517533828745], [-77.0534363108881, 38.9517503265087], [-77.0534229259904, 38.9517470899044], [-77.053409656077, 38.9517436723632], [-77.0533963870619, 38.9517401654012], [-77.0533831171486, 38.9517363880816], [-77.0533700772039, 38.9517324305235], [-77.0533570381575, 38.9517283821474], [-77.0533441140956, 38.9517241542314], [-77.0533232264686, 38.9517159666603], [-77.0533030314427, 38.9517067870786], [-77.0532835272212, 38.9516967971215], [-77.0532647138042, 38.9516859953915], [-77.0532468238553, 38.9516743832854], [-77.0532297405936, 38.9516619594056], [-77.0532135790033, 38.9516488145695], [-77.0531984558655, 38.9516349487768], [-77.0531842552975, 38.9516204521463], [-77.0531712081663, 38.9516054140983], [-77.0531568881224, 38.9515865931308], [-77.0531434915465, 38.9515674116808], [-77.0531310175405, 38.9515478697481], [-77.0531193511199, 38.9515279666338], [-77.0531086072691, 38.9515077931555], [-77.0530986701054, 38.9514873486145], [-77.0530897722925, 38.9514666337091], [-77.0530817961511, 38.95144573786], [-77.0530747434778, 38.9514245716461], [-77.0530687283587, 38.9514032251868], [-77.0530616720921, 38.9513778247361], [-77.0530557692624, 38.951352244037], [-77.0530512507365, 38.9513264823908], [-77.0530478865458, 38.9513005397972], [-77.0530475362028, 38.9512954057683], [-77.0530459057606, 38.9512745971941], [-77.0530451942949, 38.9512485637631], [-77.0530457512503, 38.9512226197437], [-77.0530475784236, 38.9511965848965], [-77.0530506740181, 38.9511707295808], [-77.0530550380338, 38.9511449636769], [-77.0530594011511, 38.9511170362825], [-77.0530636492841, 38.951089108877], [-77.0530678965187, 38.9510611807619], [-77.0530721446517, 38.9510332533345], [-77.0530763918864, 38.951005325896], [-77.0530806400193, 38.9509773984466], [-77.0530847722697, 38.9509494709861], [-77.05308890452, 38.9509215435146], [-77.0530930367703, 38.9508936160321], [-77.0530948729267, 38.9508810033917], [-77.0530970540362, 38.9508656885386], [-77.0531011898798, 38.9508433456976], [-77.0531046349189, 38.9508210035481], [-77.0531072714743, 38.9507984818495], [-77.0531081859592, 38.9507882123215], [-77.0531092154285, 38.9507759601438], [-77.0531096061957, 38.9507609952704], [-77.0531108970747, 38.9507115177621], [-77.0530989773293, 38.9506308228851], [-77.053076892248, 38.9505488096395], [-77.0530446436276, 38.9504720924656], [-77.0529835725613, 38.950366283632], [-77.0529061458687, 38.9502710481414], [-77.0527800520472, 38.9501123797915], [-77.0527660796512, 38.9500948194262], [-77.0527159653365, 38.950031423649], [-77.0527131940339, 38.9500280018333], [-77.0526777447161, 38.9499832471518], [-77.0526537273587, 38.9499529006923], [-77.0526362901607, 38.9499295760083], [-77.0526182762443, 38.9499065230782], [-77.0525995706251, 38.9498837405051], [-77.0525802882876, 38.9498613184109], [-77.0525604301299, 38.9498392574944], [-77.0525399943555, 38.9498174662372], [-77.052518982761, 38.9497959460368], [-77.0524973944481, 38.9497748764381], [-77.0524753452994, 38.9497541673198], [-77.0524526035497, 38.9497337285605], [-77.0524288233475, 38.949712480097], [-77.0524046972939, 38.9496915012939], [-77.0523803403733, 38.9496707034266], [-77.0523556376013, 38.9496500850983], [-77.0523305889779, 38.9496297378281], [-77.0523053103858, 38.9496096609176], [-77.052279685044, 38.9495897635465], [-77.0522537147492, 38.9495701372342], [-77.052227512689, 38.9495507812823], [-77.0522009656757, 38.9495316055689], [-77.0521784592846, 38.949516842334], [-77.0521562987448, 38.9495016277875], [-77.0521345990408, 38.9494861435703], [-77.0521132451882, 38.9494702080409], [-77.0520924689523, 38.9494540028404], [-77.0520720376695, 38.9494374364493], [-77.0520521831051, 38.949420509566], [-77.0520326743921, 38.9494032228888], [-77.0520137414991, 38.9493856651423], [-77.0519952712386, 38.9493677469028], [-77.0519716024275, 38.9493417232508], [-77.0519485112331, 38.9493153391003], [-77.0519261117415, 38.9492885944509], [-77.0519044039526, 38.9492614893023], [-77.0518833878666, 38.9492341137763], [-77.0518629476006, 38.9492063770516], [-77.0518433167167, 38.9491782798266], [-77.0518243775355, 38.9491500023454], [-77.0518062441432, 38.9491213636645], [-77.0517886883676, 38.9490924553031], [-77.051771018506, 38.9490648079469], [-77.0517538094801, 38.9490368895136], [-77.0517371771726, 38.9490087908241], [-77.0517208907165, 38.9489806026994], [-77.0517052959632, 38.9489521427981], [-77.0516901629439, 38.9489235033387], [-77.0516754907604, 38.9488947737448], [-77.0516613961936, 38.9488658631952], [-77.0516478774468, 38.948836772388], [-77.0516348213325, 38.9488075013232], [-77.0516211858048, 38.9487762482408], [-77.0516081269955, 38.9487449057203], [-77.0515955299203, 38.9487133822414], [-77.0515833945791, 38.9486817686254], [-77.0515717200737, 38.9486500641736], [-77.0515605073023, 38.9486182702832], [-77.0515497553667, 38.9485862954335], [-77.0515395801495, 38.9485543205694], [-77.0515298666663, 38.9485221654445], [-77.0515206149172, 38.9484900096063], [-77.0515126324875, 38.9484584846168], [-77.0515051108937, 38.9484268687911], [-77.0514979360495, 38.9483952529515], [-77.0514912220411, 38.9483635462757], [-77.051484853884, 38.9483317501608], [-77.0514788324767, 38.9482999533331], [-77.0514732719051, 38.9482680663675], [-77.0514681730675, 38.9482361793876], [-77.051463305097, 38.9482042923933], [-77.0514590138449, 38.9481723145624], [-77.0514561158798, 38.9481533089427], [-77.0514536796487, 38.9481343026192], [-77.0514517051517, 38.9481152955921], [-77.0514501914905, 38.9480961991347], [-77.0514492545476, 38.9480771019735], [-77.0514486643545, 38.9480580041085], [-77.0514486508797, 38.948038906937], [-77.0514492132251, 38.9480198090618], [-77.0514501223202, 38.9480007111814], [-77.0514514931493, 38.9479816125972], [-77.0514562012197, 38.9479522440689], [-77.0514614869068, 38.9479228748299], [-77.0514672334297, 38.947893595004], [-77.0514734407883, 38.947864315166], [-77.0514801116776, 38.9478352155642], [-77.051487358387, 38.9478061159504], [-77.0514950668305, 38.9477771057502], [-77.0515032361097, 38.9477481856624], [-77.0515119830056, 38.9477192648642], [-77.0515210748546, 38.9476905250014], [-77.0515303966723, 38.9476596221429], [-77.0515392576543, 38.9476286298453], [-77.0515480018552, 38.9475975474097], [-77.0515564011031, 38.9475664649605], [-77.0515645685857, 38.9475352930717], [-77.0515723902169, 38.9475041204706], [-77.0515800968637, 38.9474729485546], [-77.0515873417765, 38.9474416865001], [-77.0515944717049, 38.9474103350059], [-77.0516012548836, 38.9473790729238], [-77.0516070041014, 38.9473525860412], [-77.0516124065695, 38.9473260991486], [-77.0516173473036, 38.94729952282], [-77.0516219430846, 38.9472729464815], [-77.0516261921159, 38.9472462800081], [-77.0516300943975, 38.9472197036496], [-77.0516335358433, 38.9471929477299], [-77.0516366314378, 38.9471662819251], [-77.0516392652982, 38.9471395259852], [-77.0516415515106, 38.9471127700352], [-77.0516449956514, 38.9470879060028], [-77.0516484388939, 38.9470631313882], [-77.0516518812381, 38.9470382673384], [-77.0516552085979, 38.9470134032798], [-77.0516586518404, 38.946988628639], [-77.0516619792002, 38.9469637645631], [-77.05166530656, 38.946938989905], [-77.0516687489041, 38.9469141258117], [-77.051672076264, 38.9468893511362], [-77.0516752886394, 38.9468644870255], [-77.0516778093121, 38.9468406142851], [-77.0516796373837, 38.9468168316621], [-77.0516808887369, 38.9467928687802], [-77.0516815633717, 38.9467689967144], [-77.0516815463037, 38.9467451246405], [-77.0516810675016, 38.9467212532572], [-77.0516798969968, 38.9466972917403], [-77.0516781488753, 38.9466734203409], [-77.0514954665808, 38.9460953489789], [-77.0509497184861, 38.9452930399255]]]}, "properties": {"Route": "R321_1A", "ROUTE_NUMB": 321, "CollectionDay": "Monday", "RunsPerWeek": 1, "RStatus": "Scheduled Other Day", "RecycleRouteArea": "OR_321A"}}, {"type": "Feature", "geometry": {"type": "Polygon", "coordinates": [[[-76.9935148402412, 38.8454485698714], [-76.9935066458091, 38.8438183942329], [-76.9942278681165, 38.843695467272], [-76.9939288045854, 38.8421605377171], [-76.9934999713266, 38.8388164979116], [-76.9935486213874, 38.8383882022151], [-76.9939433770559, 38.8383798378344], [-76.9939923550018, 38.8387800052425], [-76.9941216728769, 38.8387725323386], [-76.9942504769155, 38.8387612768005], [-76.9943597084608, 38.8387504508828], [-76.9944364829766, 38.8387419773899], [-76.9945126547228, 38.838730233449], [-76.9945893151525, 38.8387211442084], [-76.9946658704794, 38.838711647735], [-76.9947423386696, 38.8387020728927], [-76.9948183253628, 38.8386909628832], [-76.9948943991927, 38.8386796590522], [-76.9949704290051, 38.83866782064], [-76.9950498930768, 38.8386542973211], [-76.9951224203579, 38.838641417734], [-76.9951986091721, 38.8386279538856], [-76.995274762952, 38.8386140198283], [-76.9953508843925, 38.8385997499066], [-76.9954264596574, 38.8385850713502], [-76.9955026709294, 38.8385699953543], [-76.9955781752274, 38.8385539544521], [-76.9956547736733, 38.8385409936803], [-76.9957301953263, 38.8385244013979], [-76.995804319812, 38.8385045645437], [-76.9958708840762, 38.8384884347631], [-76.9959374878663, 38.8384723189731], [-76.996004110521, 38.8384561576982], [-76.9960706559206, 38.8384399362441], [-76.9961372031169, 38.8384235804414], [-76.9962036631766, 38.8384070993862], [-76.9962699705226, 38.8383903524359], [-76.9963538578988, 38.8383693001409], [-76.9963664217364, 38.8383652872805], [-76.9964203359248, 38.8383533599522], [-76.9964826511577, 38.8383385015184], [-76.9965422840212, 38.8383180705547], [-76.9966119357951, 38.8382962604472], [-76.9966289229371, 38.8382908271614], [-76.9966906973843, 38.8382710644119], [-76.9967646062743, 38.838247005405], [-76.9968380309723, 38.8382220479553], [-76.9969072281987, 38.8381984717357], [-76.99692449831, 38.8381925164545], [-76.9969847474178, 38.8381717432877], [-76.997068600658, 38.8381439274704], [-76.9971314710498, 38.838121501559], [-76.9971918216672, 38.8381025735245], [-76.9972619450566, 38.838074540768], [-76.997338653097, 38.838045511603], [-76.9973565349611, 38.8380375719105], [-76.9974525549835, 38.8380009186066], [-76.997533004507, 38.8379675315677], [-76.9975927146257, 38.837944459061], [-76.9976521058423, 38.8379208561602], [-76.9977113874646, 38.8378970244435], [-76.9977703672529, 38.8378726049549], [-76.9978289059684, 38.8378476998528], [-76.9978873045467, 38.8378224602761], [-76.9979723830889, 38.8377845151785], [-76.9979843648182, 38.8377791721175], [-76.9980606515487, 38.8377442917716], [-76.9981177951806, 38.8377175855441], [-76.9981840153901, 38.8376867264636], [-76.998251989111, 38.8376542223253], [-76.9984331667274, 38.837562735828], [-76.998524400526, 38.8375162042978], [-76.9987186540196, 38.8374119714606], [-76.9987527163386, 38.8373931342015], [-76.9988253523158, 38.8373529630527], [-76.9988903930373, 38.8373170112198], [-76.9989928423022, 38.8372623746149], [-76.9990447613324, 38.8372346850925], [-76.9994158356133, 38.8370318071627], [-76.9994858431201, 38.8369931150341], [-76.9995437889474, 38.8369610884933], [-76.9996535343291, 38.836900418556], [-76.9999031330274, 38.8367633115143], [-77.0001958059436, 38.8366021523426], [-77.0005186559651, 38.8364244455167], [-77.0006229961837, 38.8363703918045], [-77.0007609639366, 38.8362987663219], [-77.0007631315714, 38.8362823687427], [-77.000765127628, 38.8362661376966], [-77.0007704321797, 38.8362191336972], [-77.0007754393891, 38.8361476018268], [-77.0007773321394, 38.8360611696909], [-77.0007745976677, 38.8359644219169], [-77.0007709451177, 38.835903312394], [-77.0007696955612, 38.8358905841524], [-77.0007668595798, 38.8358637428793], [-77.0007601527579, 38.835813030696], [-77.0007516295425, 38.835759881283], [-77.000746676232, 38.8357333961283], [-77.0007388186682, 38.8356963008012], [-77.0007372313451, 38.8356888044821], [-77.0007233137464, 38.835627996311], [-77.0007075752626, 38.8355712360931], [-77.0007049800298, 38.835561878448], [-77.000687950667, 38.8355059914558], [-77.0006775185315, 38.8354717558582], [-77.0006719301122, 38.8354524961406], [-77.0006586018083, 38.8354065776052], [-77.0006550705309, 38.8353945126315], [-77.000648893715, 38.8353715897355], [-77.0006314942463, 38.8353197282217], [-77.0006197514689, 38.8352696195303], [-77.0006146786825, 38.8352494976724], [-77.0006096678798, 38.8352293548165], [-77.0005976807607, 38.8351711024233], [-77.0005890281879, 38.8351154012567], [-77.0005839886391, 38.8350644709189], [-77.0005795895892, 38.835005733466], [-77.0005751384369, 38.8349235733044], [-77.0005729088184, 38.8348282304793], [-77.0005726420188, 38.8347321555882], [-77.0005723114387, 38.8345388739183], [-77.0028222516623, 38.834442992468], [-77.0037843167889, 38.8344335073196], [-77.0070884353882, 38.8366252210861], [-77.0069562626672, 38.8368192402027], [-77.0068572674246, 38.8369386804021], [-77.0067549861446, 38.8370661245776], [-77.006680824828, 38.837158864223], [-77.0065822706582, 38.8372931904965], [-77.0063923021284, 38.8375458039523], [-77.0063591686675, 38.8375897122063], [-77.0061390454903, 38.8378792606816], [-77.0060907349926, 38.8379432765371], [-77.0060281835027, 38.8380260902474], [-77.0059874952103, 38.8380799915631], [-77.0059033509159, 38.8381912009887], [-77.0058575943286, 38.8382514968774], [-77.0058494241511, 38.8382622843867], [-77.0056837864908, 38.838480997514], [-77.0057493679981, 38.838505277551], [-77.0063551603847, 38.8388062184756], [-77.006475902942, 38.8388665992078], [-77.0065884744236, 38.8390476942163], [-77.0065812519687, 38.8390983075352], [-77.0065783001047, 38.8391190055629], [-77.0065542926287, 38.8391744838883], [-77.0065470243597, 38.8391847625714], [-77.0065253129776, 38.8392154649679], [-77.0065043229427, 38.8392451443817], [-77.0064465298289, 38.8393260127975], [-77.0064146108902, 38.839370674934], [-77.0063741858041, 38.8394186480408], [-77.0063030446235, 38.8395133843712], [-77.0069101431605, 38.8398388874916], [-77.0068946840528, 38.8398992141703], [-77.0068914671857, 38.8399107144231], [-77.0068743003807, 38.8399720954864], [-77.0068562963457, 38.8400348430064], [-77.0068532492603, 38.8400454637173], [-77.0068342759432, 38.8401046525136], [-77.0068150322332, 38.8401600307137], [-77.006809948667, 38.8401746599664], [-77.0067799961405, 38.8402574710801], [-77.0067496097276, 38.840334518012], [-77.0067451765417, 38.8403445439377], [-77.0067232504623, 38.8403925583697], [-77.0066833077715, 38.8404721240517], [-77.0066782924772, 38.8404821142737], [-77.0066481369315, 38.8405390426992], [-77.0066159341252, 38.8405978637466], [-77.0066101076522, 38.8406085396491], [-77.0065733072683, 38.8406759633455], [-77.0065642603351, 38.8406925390333], [-77.0064434144715, 38.8409018093831], [-77.006334757848, 38.8410885659806], [-77.006319543082, 38.8411123973281], [-77.0062223085373, 38.8412631559549], [-77.0061702062509, 38.8412974874221], [-77.0059952018571, 38.8415453638044], [-77.0055428938233, 38.8421265348148], [-77.005462960831, 38.8422246378804], [-77.0045455410758, 38.8432927716275], [-77.0044772466563, 38.8433255292678], [-77.0043846977242, 38.8433437100699], [-77.0037598439856, 38.8435704215193], [-77.0032075893933, 38.8436991957692], [-77.0029592546246, 38.8437541499758], [-77.0028667497099, 38.8437722879891], [-77.0027542509919, 38.8437934940103], [-77.0022623272541, 38.8438894531189], [-77.0020470459963, 38.8440275532393], [-77.0020554461425, 38.8440781119411], [-77.0020550194427, 38.8441645224458], [-77.0020494894138, 38.8442954176766], [-77.0020537968356, 38.8443824541087], [-77.0020487285408, 38.844471578202], [-77.0020619813862, 38.8446269544152], [-77.0020274815877, 38.8446702167188], [-77.0020632291461, 38.8447665013821], [-77.0021035455361, 38.8448727615276], [-77.0021689940927, 38.8450438684621], [-77.0021898080578, 38.8450970333299], [-77.0021999446475, 38.845097031231], [-77.0022142323521, 38.8450970375278], [-77.0022414225591, 38.8450970403264], [-77.0022495972282, 38.8450970403264], [-77.0022639460182, 38.8450970186374], [-77.0022725006747, 38.8450970396268], [-77.002289394392, 38.8450970347293], [-77.0023045480725, 38.8450970249342], [-77.0023128691669, 38.8450970067433], [-77.0023249533042, 38.8450970396268], [-77.0023582879877, 38.8450970298317], [-77.0023713917128, 38.8450970298317], [-77.0023947344354, 38.8450970284324], [-77.0024204163711, 38.8450968367289], [-77.002732015892, 38.8450962427278], [-77.0031882962759, 38.8450958446281], [-77.0032970373411, 38.8450957459777], [-77.003298769293, 38.8451502940098], [-77.0033017714626, 38.8452346889298], [-77.0033040109626, 38.845243386236], [-77.0033104024759, 38.8452681942975], [-77.00332006745, 38.8453057121187], [-77.0033233570806, 38.8453184820544], [-77.0033257349211, 38.8453277138797], [-77.0033760783063, 38.8453993379707], [-77.0034394481614, 38.8454630951892], [-77.0035014193396, 38.8454999524437], [-77.0035327543733, 38.8455119898174], [-77.0035678255003, 38.845525024881], [-77.0039175117927, 38.8455836829876], [-77.0039428353005, 38.8455878920407], [-77.0041300217478, 38.8456135976238], [-77.0044739983482, 38.8456601126648], [-77.004599845133, 38.845676815226], [-77.0046508793226, 38.8456835898616], [-77.0047274849551, 38.8457010536278], [-77.0047512067668, 38.8457068718505], [-77.0048264801977, 38.8457325074264], [-77.0049053154488, 38.8457640612599], [-77.0049271292388, 38.8457742389424], [-77.0049867504242, 38.8458020524766], [-77.0050093466468, 38.845815142059], [-77.0050528457678, 38.8458403382217], [-77.005065847085, 38.8458478705523], [-77.0051368274671, 38.8459041223308], [-77.0051510334251, 38.8459154089225], [-77.0052036845822, 38.8459617089769], [-77.0052096853283, 38.8459691041654], [-77.0052465180515, 38.8460164627385], [-77.005279043353, 38.846068337446], [-77.005292665406, 38.846090062614], [-77.0052975423597, 38.8460978432898], [-77.0053289681233, 38.8461660607706], [-77.0053342699801, 38.8461775691058], [-77.0053642234049, 38.8462540590134], [-77.005381985793, 38.846320353745], [-77.005441944745, 38.8468158649577], [-77.0054508290831, 38.8468868138066], [-77.005460641381, 38.8469703839024], [-77.0055002687631, 38.847310830509], [-77.005525455727, 38.8475267019362], [-77.0055434606603, 38.8476836365328], [-77.0055530052602, 38.847766831395], [-77.005561261676, 38.8478418839717], [-77.005571245552, 38.8479254431509], [-77.005581266259, 38.8480133489666], [-77.0055917046826, 38.8481028707922], [-77.0056623931123, 38.8486864732636], [-77.0056647718512, 38.8487061197832], [-77.0056663852254, 38.8487208690114], [-77.0056690217808, 38.8487449846435], [-77.0056745769625, 38.8487957820585], [-77.0056832699595, 38.8488789000621], [-77.0056913763566, 38.8489537135982], [-77.0056970968284, 38.8490174515402], [-77.0057019630023, 38.8490811782314], [-77.0057056622646, 38.8491401734155], [-77.0057011859596, 38.849208904989], [-77.0056958526617, 38.8492781360153], [-77.0056891242802, 38.8493346502323], [-77.0056785573976, 38.8493997737518], [-77.0056610627074, 38.8494738297676], [-77.0056462333187, 38.8495249932548], [-77.0056298696075, 38.8495785906272], [-77.0056126947175, 38.8496341769314], [-77.0055982956219, 38.8496696503092], [-77.0055812860219, 38.8497115544162], [-77.0055033697475, 38.8498134290694], [-77.0054416159616, 38.8498687451441], [-77.0053896834567, 38.8499097774316], [-77.0053148376238, 38.8499589068677], [-77.0052329786436, 38.8500064076019], [-77.0051814809233, 38.8500278776128], [-77.005139454141, 38.8500453969801], [-77.0051214276482, 38.8500529127748], [-77.0050171233623, 38.8500759981456], [-77.0049099848916, 38.8500797025221], [-77.0048767517177, 38.8500783585925], [-77.0048133890491, 38.8500757966611], [-77.0047480168492, 38.8500671783008], [-77.0046987451542, 38.8500604474578], [-77.0046200006331, 38.8500312874604], [-77.0046025436721, 38.8500248217623], [-77.0045193542869, 38.8499843911971], [-77.0044577298584, 38.8499405759427], [-77.0043995792152, 38.8498965703699], [-77.0043599356633, 38.8498504939504], [-77.0043469109901, 38.8498280794241], [-77.004317464215, 38.849777404477], [-77.0043086786915, 38.849762286078], [-77.004284418789, 38.8496904991744], [-77.0042796604129, 38.8495937706303], [-77.0042813995513, 38.8495863604274], [-77.0042958714105, 38.8495247043182], [-77.004307443508, 38.8494753989813], [-77.0043120347975, 38.8494671737262], [-77.0043437830562, 38.8494103000173], [-77.004356404386, 38.8493876894627], [-77.004419281066, 38.8493016365044], [-77.0044573570576, 38.8492406580678], [-77.0044963178898, 38.8491997772092], [-77.00455661371, 38.8491383264499], [-77.0045665248225, 38.8491282262055], [-77.0046356124544, 38.8490674323171], [-77.004578877556, 38.8490336370016], [-77.0045654288778, 38.8490256271751], [-77.0044596989655, 38.8489625790558], [-77.0042919754172, 38.8488622227391], [-77.0038451542932, 38.8485918995635], [-77.00323172443, 38.8482212006491], [-77.0031756821327, 38.8481873013883], [-77.0031136148348, 38.8481491323431], [-77.002963697692, 38.8480556353416], [-77.0028720928892, 38.8480033227222], [-77.0028063290239, 38.8480713158971], [-77.0026709681819, 38.8482148558203], [-77.0026401577643, 38.8482475055522], [-77.0026295226096, 38.8482587749813], [-77.002583135405, 38.848306705016], [-77.0025247943189, 38.8483707975433], [-77.0024616167033, 38.8484287949657], [-77.002443962113, 38.8484450015494], [-77.0023817995936, 38.8485006719936], [-77.0023225188697, 38.848550217274], [-77.0022720434322, 38.8485903527178], [-77.0022237778503, 38.8486271719723], [-77.0021749472281, 38.8486609555875], [-77.0021068423532, 38.8487068459809], [-77.0020836963615, 38.8487194033236], [-77.0020434967526, 38.8487412109359], [-77.0020302052796, 38.8487484218375], [-77.0020111888434, 38.8487566464761], [-77.0019798636911, 38.84877019516], [-77.0019627696496, 38.8487775886573], [-77.0019102002391, 38.8487952447568], [-77.0018679946922, 38.8488091922118], [-77.0018538084972, 38.8488138817071], [-77.0017842941656, 38.8488339388633], [-77.0016328858194, 38.8489536338427], [-77.0014796727578, 38.8490741814438], [-77.0012728266804, 38.8492409456064], [-77.0011400422067, 38.8493454199704], [-77.0009269887708, 38.8492387705276], [-77.0007155487091, 38.8491182847709], [-77.0003817634956, 38.8489529293354], [-77.0003387009559, 38.8489141114626], [-77.0001334439983, 38.8488245787645], [-76.9999428798855, 38.8487113808687], [-76.9998896421285, 38.8486819488685], [-76.99987314367, 38.8486723690713], [-76.9998566443131, 38.8486627899724], [-76.9997164325686, 38.8485794961133], [-76.9996443724115, 38.8485366874379], [-76.9994952475827, 38.8484487514858], [-76.9993015205018, 38.8483390580685], [-76.9989859746819, 38.8481602562674], [-76.998926905062, 38.8481226245145], [-76.9988711053099, 38.848082956152], [-76.9973094731216, 38.8480797043248], [-76.9960178421685, 38.8480529047292], [-76.996026029414, 38.8475307569571], [-76.9960350206516, 38.8472971465194], [-76.9960694108557, 38.847069403799], [-76.9961320189394, 38.8468641681681], [-76.9961812564984, 38.8467558736696], [-76.9963037489739, 38.8465542094635], [-76.9962517733499, 38.8465234304752], [-76.9959850608471, 38.846365476749], [-76.9958982880822, 38.8463139982521], [-76.9957320602288, 38.8462146449765], [-76.9956360599693, 38.8461572544337], [-76.9954246782981, 38.8460329084486], [-76.9953510299196, 38.8459895847057], [-76.9952987362919, 38.8459591378019], [-76.9950923420672, 38.8458367595597], [-76.9950008594353, 38.8457823652754], [-76.9949510999551, 38.8457525696492], [-76.9948162637293, 38.845671828176], [-76.9947078451593, 38.8455876233777], [-76.9945937510334, 38.8458061481749], [-76.994337715906, 38.8459920481351], [-76.9935148402412, 38.8454485698714]]]}, "properties": {"Route": "R814_5B", "ROUTE_NUMB": 814, "CollectionDay": "Friday", "RunsPerWeek": 1, "RStatus": "Scheduled Other Day", "RecycleRouteArea": "OR_814B"}}, {"type": "Feature", "geometry": {"type": "Polygon", "coordinates": [[[-76.9828420300124, 38.8587713259182], [-76.9837590616955, 38.8573369703091], [-76.983726089033, 38.8573160761173], [-76.983707939471, 38.8573045751803], [-76.9836320659655, 38.857251856641], [-76.9836061666375, 38.8572338633693], [-76.9835082197288, 38.8571743852277], [-76.9834931370152, 38.8571654935119], [-76.9834161226492, 38.8571200926501], [-76.9832658884011, 38.8570286255859], [-76.9830855893371, 38.8569243052113], [-76.9830253824501, 38.8569080417987], [-76.9829283284668, 38.8569044587968], [-76.9827521535682, 38.8569275671271], [-76.9827441163414, 38.8569286283165], [-76.9824845319704, 38.8569717970967], [-76.982358695067, 38.8569939708318], [-76.982249068263, 38.8570101712669], [-76.9821482144061, 38.8570312446284], [-76.9818463014189, 38.8570879275679], [-76.9815442851254, 38.8571376291579], [-76.9814800061753, 38.8571482004473], [-76.981209351865, 38.8571932641182], [-76.9811261193607, 38.8572115749863], [-76.9809217175992, 38.8572448984317], [-76.9808003183734, 38.8572640697064], [-76.9806812170381, 38.8572834473366], [-76.9806661594773, 38.8572858977834], [-76.980605390245, 38.8572929958944], [-76.9805879099278, 38.8572949909482], [-76.9805109835968, 38.857299816292], [-76.9804901336991, 38.8573011244092], [-76.9803810000701, 38.8573041743508], [-76.9803124846651, 38.8573061120431], [-76.9801744046228, 38.857307063401], [-76.9800824288158, 38.8573074509394], [-76.9797673833574, 38.8573091277076], [-76.9796402250323, 38.8573116187262], [-76.979521556685, 38.8573093172797], [-76.9791345525791, 38.8573106065095], [-76.9790270610705, 38.8573127708485], [-76.9788990430577, 38.8573095565182], [-76.9787590253493, 38.8573097258039], [-76.9786611386278, 38.857309564213], [-76.978466226669, 38.8573071137669], [-76.9781283622058, 38.8573145686349], [-76.9780219432857, 38.8573133066868], [-76.9780138135324, 38.8573128463975], [-76.9779161873222, 38.8573073194282], [-76.9777554868027, 38.8573070976778], [-76.9777181195819, 38.8573112878496], [-76.9776908988321, 38.8573143405889], [-76.9775460149498, 38.8573105694345], [-76.977336902423, 38.8573051257087], [-76.9773133270367, 38.8573045122228], [-76.9772339851359, 38.8572999855778], [-76.9768324085595, 38.8572043033841], [-76.9768079600107, 38.8571914530376], [-76.976745830729, 38.8571588025143], [-76.9766939108005, 38.8571287325409], [-76.976556408375, 38.8570416557411], [-76.976482297364, 38.8569942268601], [-76.9763197499083, 38.8568908515026], [-76.9762478739058, 38.8568453511319], [-76.976055184379, 38.8567126944822], [-76.9760129114584, 38.8566835910761], [-76.9759614424842, 38.8566522883223], [-76.9756615605878, 38.8564539336966], [-76.9755279092399, 38.8563676101716], [-76.9774296058654, 38.8540597795567], [-76.9776100693212, 38.8540972241845], [-76.97771323634, 38.8541185950223], [-76.9780934563688, 38.8541786521559], [-76.9782788659485, 38.8542034431102], [-76.9785457338599, 38.8542328567359], [-76.9787169626345, 38.8542455614094], [-76.9789375439525, 38.8542523289329], [-76.9792335334487, 38.854252263874], [-76.9794616076145, 38.8542508500675], [-76.9797235446733, 38.8542396032739], [-76.9799766450046, 38.854224038106], [-76.9801914259008, 38.8542006700607], [-76.9803177964034, 38.8541838876524], [-76.9805231961931, 38.8541532189978], [-76.9807392113745, 38.8541124794753], [-76.9810744617402, 38.8540474512133], [-76.9813275728513, 38.8539855527256], [-76.9815334676128, 38.8539285630044], [-76.9816434025389, 38.853895971845], [-76.9817495896937, 38.8538642411316], [-76.9818428231421, 38.8538350155355], [-76.9819572577295, 38.8537991790635], [-76.9820436972194, 38.8537690293185], [-76.9821259128309, 38.8537391006226], [-76.9821564205162, 38.853727996459], [-76.9821810631011, 38.8537190959176], [-76.9824163219925, 38.8536341325234], [-76.9828198506081, 38.8534843046485], [-76.9833049058272, 38.8533051240226], [-76.983423948772, 38.8532434116736], [-76.983577456481, 38.8532008814348], [-76.9836456134582, 38.853178388913], [-76.9838134960084, 38.8531255651781], [-76.9840090215165, 38.8530666516511], [-76.9840892734108, 38.8530447271375], [-76.9842303160969, 38.8530053175626], [-76.9844069706958, 38.852961236933], [-76.9844713430708, 38.852946077936], [-76.9845783423026, 38.8529220203934], [-76.9846666987973, 38.8529048732068], [-76.9847751766561, 38.8528873594408], [-76.9848708104029, 38.8528702549197], [-76.9850029858189, 38.8528250891704], [-76.9851129261349, 38.8528245421051], [-76.9851434976006, 38.8528223209642], [-76.9853365859794, 38.852808295944], [-76.9854187476919, 38.8527978275462], [-76.985441356491, 38.8527959254093], [-76.9855147847823, 38.8527897460876], [-76.9858191861028, 38.8527655590711], [-76.9859298082402, 38.8527579827003], [-76.9864470240448, 38.8527405990185], [-76.9867018715994, 38.8527298920565], [-76.9867969735435, 38.8527288692809], [-76.9870762238327, 38.8527283802795], [-76.9874103351347, 38.8527353976948], [-76.9875620435182, 38.8527361847142], [-76.9876496894455, 38.8527459843295], [-76.9877738608723, 38.8527488931529], [-76.9880464537469, 38.8527686490829], [-76.98811324259, 38.8527705987914], [-76.9881297320654, 38.8527710793977], [-76.988224214172, 38.8527798436411], [-76.9886697803495, 38.8528211694687], [-76.988740151674, 38.852830206539], [-76.9892185521734, 38.8529003434834], [-76.9892375147108, 38.8529036503564], [-76.9892613065911, 38.8529078002125], [-76.9899210661667, 38.8530229474282], [-76.9900069478028, 38.8530406633365], [-76.9901268064179, 38.8530617070932], [-76.9902087309752, 38.8530834714002], [-76.9903211290818, 38.8531148631709], [-76.9905783625617, 38.853175866269], [-76.9908005949833, 38.8532403300772], [-76.990959791723, 38.8532887849288], [-76.9911058029909, 38.8533344002052], [-76.9913156566278, 38.85339886317], [-76.9913306728661, 38.8534034754105], [-76.9914435380967, 38.8534410477049], [-76.9915740956469, 38.8534892526748], [-76.9916395073726, 38.8535124054878], [-76.9917288618956, 38.8535480231405], [-76.9918456985781, 38.8536026101633], [-76.9920209589917, 38.8536836546406], [-76.9921145876988, 38.8537324400834], [-76.9922621180179, 38.8538219784968], [-76.9923673745181, 38.8538902424368], [-76.9924567901265, 38.8539470083292], [-76.9925386239539, 38.8540017832275], [-76.992589086815, 38.8540361498219], [-76.9925968060383, 38.8540414070153], [-76.9926595273097, 38.8540934066886], [-76.9927607872052, 38.8541810159644], [-76.9928617533515, 38.8542703005731], [-76.9929156720315, 38.8543210786522], [-76.9929644631278, 38.8543673382579], [-76.9930138677735, 38.8544174355993], [-76.9930848436641, 38.8544924664685], [-76.9932077305, 38.8546676895256], [-76.993293819647, 38.8547916391613], [-76.9934484637248, 38.8550153858112], [-76.9935197585174, 38.8552056031038], [-76.9935508420228, 38.8552866940233], [-76.9935784409633, 38.8553588348463], [-76.9936323982708, 38.8554999774117], [-76.9949812007036, 38.8556633686981], [-76.9950533048782, 38.8556622235445], [-76.9951428219963, 38.855682946834], [-76.9960201283809, 38.8560643965694], [-76.996076811177, 38.8560743076526], [-76.9959364476172, 38.8567274140689], [-76.9957992757716, 38.8573805144875], [-76.9957041145387, 38.8578039125179], [-76.9956180271883, 38.8581774889804], [-76.9956236775915, 38.8581783577834], [-76.9961739828396, 38.8582640859188], [-76.9962799292459, 38.8582957559098], [-76.9964451033755, 38.8583888302338], [-76.9964939528623, 38.8584126914616], [-76.9965440195664, 38.858414175137], [-76.9971846531112, 38.8588536243279], [-76.9985449854207, 38.8574249435405], [-76.9988381937328, 38.8575938755396], [-76.9963873300246, 38.860046419087], [-76.996698691492, 38.860238209387], [-76.9992113440204, 38.8618015074666], [-76.9977268519622, 38.8623671118894], [-76.9960157356191, 38.8630306546851], [-76.9960690263767, 38.8630642349076], [-76.9961215751259, 38.8630964385553], [-76.9962202361952, 38.8631568798107], [-76.9963337437213, 38.8632133871968], [-76.9963726542478, 38.86325430057], [-76.9964429168761, 38.8632977788722], [-76.9965452565465, 38.8633731997685], [-76.9967089879818, 38.8634816620202], [-76.9964784048214, 38.8635271049853], [-76.9963912628489, 38.8635475245128], [-76.9961232585687, 38.8635974083455], [-76.9960229185481, 38.8636165793064], [-76.9959224707297, 38.8636356761188], [-76.9958220265045, 38.8636546610116], [-76.9957470315513, 38.8636701870437], [-76.995671249674, 38.8636831019692], [-76.9955743457093, 38.8637038627908], [-76.9954779995985, 38.8637234282211], [-76.9953818439305, 38.8637435951856], [-76.9953103101861, 38.8637606271451], [-76.9952380317383, 38.8637749682617], [-76.9951402914421, 38.8637989374979], [-76.9950337144185, 38.863822926311], [-76.9949262085369, 38.8638472627495], [-76.9948498032287, 38.863871760056], [-76.9947702187827, 38.8638902440702], [-76.9946645203115, 38.863923283202], [-76.9945737105177, 38.8639470250629], [-76.9944884523124, 38.8639744188085], [-76.9943998954934, 38.864003752851], [-76.9943127616058, 38.8640325615858], [-76.9942274054841, 38.8640642360022], [-76.9942076290731, 38.8640710872261], [-76.9941571707036, 38.864088563265], [-76.9941085359141, 38.8641054097847], [-76.994014659272, 38.8641444627789], [-76.9939563828646, 38.8641673456286], [-76.993947819225, 38.8641702197112], [-76.9938320380629, 38.8642090887118], [-76.9938053904384, 38.8642180341046], [-76.9937259533161, 38.8642622728294], [-76.9936567560898, 38.8643005836114], [-76.9936004371113, 38.864329169798], [-76.9935136275155, 38.8643761468329], [-76.9934449216677, 38.8644122773431], [-76.9933761762939, 38.8644496325852], [-76.9933075494978, 38.8644862988422], [-76.9932105862443, 38.8645414335372], [-76.9930968658176, 38.8646089954258], [-76.9930352934914, 38.8646517748429], [-76.9929802474257, 38.8646880513991], [-76.9928995885947, 38.8647424801879], [-76.9928339657648, 38.864789468141], [-76.9927526170277, 38.8648416075401], [-76.9927024164746, 38.8648849225985], [-76.9923901998111, 38.8651455195394], [-76.9923300917388, 38.8651956890255], [-76.9903992088497, 38.8638133856247], [-76.9886778858483, 38.8638086369645], [-76.9885956711352, 38.8636830425146], [-76.9865838653104, 38.8624040981822], [-76.986332839189, 38.8626978285538], [-76.9858149828856, 38.8623717515273], [-76.9835016925699, 38.860854700386], [-76.9836680255263, 38.8605375369802], [-76.9836681593752, 38.8599515394198], [-76.9828420300124, 38.8587713259182]], [[-76.9889415871983, 38.8609171720748], [-76.9890010592634, 38.8609998681102], [-76.9892007170218, 38.860870862169], [-76.9898421689319, 38.8615158853372], [-76.9900163378924, 38.8614034204171], [-76.9893026695183, 38.860698855982], [-76.9891752282239, 38.8607253185531], [-76.9889415871983, 38.8609171720748]], [[-76.9892217870068, 38.8617383006974], [-76.9896866912175, 38.8621595778388], [-76.9898659105065, 38.862030357862], [-76.9897634351905, 38.8619388341601], [-76.9896995775502, 38.8618844934584], [-76.98964757857, 38.8618358346182], [-76.9895573221385, 38.8617491510965], [-76.9894803508917, 38.8616670183185], [-76.9893912631683, 38.8615943194096], [-76.9892217870068, 38.8617383006974]]]}, "properties": {"Route": "R813_5", "ROUTE_NUMB": 813, "CollectionDay": "Friday", "RunsPerWeek": 1, "RStatus": "Scheduled Other Day", "RecycleRouteArea": "OR_813"}}, {"type": "Feature", "geometry": {"type": "Polygon", "coordinates": [[[-76.9850243136203, 38.8339127290909], [-76.9851002059905, 38.8338536240139], [-76.9852011550689, 38.8337766533367], [-76.9852723537416, 38.8337202695128], [-76.9855922204581, 38.8334707802124], [-76.9856475827308, 38.8334275789766], [-76.9857282595281, 38.8333651027371], [-76.9857907984416, 38.8333161934642], [-76.9858701160879, 38.8332543805035], [-76.9860251239834, 38.8331337228268], [-76.9862143064873, 38.832986391931], [-76.986325875449, 38.8328994486244], [-76.9864678074672, 38.8327888432277], [-76.986558266918, 38.8327181910191], [-76.9868836690533, 38.8324637956026], [-76.9870719101228, 38.8323168335003], [-76.9871267594574, 38.8322740318348], [-76.9872160636747, 38.8322043581001], [-76.9872822443583, 38.8321526524276], [-76.9873283602717, 38.832116622392], [-76.9874352445192, 38.8320327563394], [-76.9875622986397, 38.8319332305715], [-76.9879058197943, 38.83166448896], [-76.9879574558551, 38.8316256385623], [-76.9880213700893, 38.8315753628217], [-76.988027868502, 38.831570250922], [-76.9882181891714, 38.8314205431281], [-76.9882732262539, 38.8313782468666], [-76.9882964512972, 38.8313605115684], [-76.9884806418631, 38.8312147116295], [-76.9887729590464, 38.8309896850902], [-76.9888939639118, 38.8308948114515], [-76.9889793326099, 38.8308280411877], [-76.9890437454091, 38.830777340112], [-76.9891049593075, 38.8307293359878], [-76.9892011194671, 38.8306538846749], [-76.9892510011181, 38.8306183619285], [-76.9894023950913, 38.8304959831948], [-76.9897769422591, 38.8302029406996], [-76.9898644255914, 38.8301340018218], [-76.9901136999979, 38.8299377776156], [-76.9903484172052, 38.8297540253836], [-76.990399030085, 38.8297168541611], [-76.9904424869851, 38.8296791650674], [-76.990448202067, 38.8296745652849], [-76.9904539198438, 38.8296699662019], [-76.9905505246694, 38.8295996272073], [-76.9906852450126, 38.829495679492], [-76.990740321621, 38.8294511021327], [-76.9909790282465, 38.8292653786973], [-76.9909957539787, 38.8292523665479], [-76.991187935059, 38.8291020261539], [-76.99135088496, 38.8292065363868], [-76.9936550439008, 38.8292118192083], [-76.9936531233027, 38.8287933756972], [-76.9936939005285, 38.8286988791277], [-76.9939579944422, 38.8285071031637], [-76.9941832622711, 38.8284752246635], [-76.9947905377762, 38.828496139223], [-76.9952399846757, 38.8287715374778], [-76.9958255263409, 38.8292106729292], [-76.9984994561072, 38.8292130634601], [-77.0020272111948, 38.829255132872], [-77.0020252052568, 38.8293286283185], [-77.0020247048951, 38.8294006198141], [-77.0020260613512, 38.8297977040121], [-77.0020255259553, 38.8301016467896], [-77.0020269470901, 38.830521114103], [-77.0020310461027, 38.8308728661094], [-77.0020319291467, 38.8309658321584], [-77.0035402023053, 38.8309730028742], [-77.0028222516623, 38.834442992468], [-77.0005723114387, 38.8345388739183], [-77.0005726420188, 38.8347321555882], [-77.0005729088184, 38.8348282304793], [-77.0005751384369, 38.8349235733044], [-77.0005795895892, 38.835005733466], [-77.0005839886391, 38.8350644709189], [-77.0005890281879, 38.8351154012567], [-77.0005976807607, 38.8351711024233], [-77.0006096678798, 38.8352293548165], [-77.0006146786825, 38.8352494976724], [-77.0006197514689, 38.8352696195303], [-77.0006314942463, 38.8353197282217], [-77.000648893715, 38.8353715897355], [-77.0006550705309, 38.8353945126315], [-77.0006586018083, 38.8354065776052], [-77.0006719301122, 38.8354524961406], [-77.0006775185315, 38.8354717558582], [-77.000687950667, 38.8355059914558], [-77.0007049800298, 38.835561878448], [-77.0007075752626, 38.8355712360931], [-77.0007233137464, 38.835627996311], [-77.0007372313451, 38.8356888044821], [-77.0007388186682, 38.8356963008012], [-77.000746676232, 38.8357333961283], [-77.0007516295425, 38.835759881283], [-77.0007601527579, 38.835813030696], [-77.0007668595798, 38.8358637428793], [-77.0007696955612, 38.8358905841524], [-77.0007709451177, 38.835903312394], [-77.0007745976677, 38.8359644219169], [-77.0007773321394, 38.8360611696909], [-77.0007754393891, 38.8361476018268], [-77.0007704321797, 38.8362191336972], [-77.000765127628, 38.8362661376966], [-77.0007631315714, 38.8362823687427], [-77.0007609639366, 38.8362987663219], [-77.0006229961837, 38.8363703918045], [-77.0005186559651, 38.8364244455167], [-77.0001958059436, 38.8366021523426], [-76.9999031330274, 38.8367633115143], [-76.9996535343291, 38.836900418556], [-76.9995437889474, 38.8369610884933], [-76.9994858431201, 38.8369931150341], [-76.9994158356133, 38.8370318071627], [-76.9990447613324, 38.8372346850925], [-76.9989928423022, 38.8372623746149], [-76.9988903930373, 38.8373170112198], [-76.9988253523158, 38.8373529630527], [-76.9987527163386, 38.8373931342015], [-76.9987186540196, 38.8374119714606], [-76.998524400526, 38.8375162042978], [-76.9984331667274, 38.837562735828], [-76.998251989111, 38.8376542223253], [-76.9981840153901, 38.8376867264636], [-76.9981177951806, 38.8377175855441], [-76.9980606515487, 38.8377442917716], [-76.9979843648182, 38.8377791721175], [-76.9979723830889, 38.8377845151785], [-76.9978873045467, 38.8378224602761], [-76.9978289059684, 38.8378476998528], [-76.9977703672529, 38.8378726049549], [-76.9977113874646, 38.8378970244435], [-76.9976521058423, 38.8379208561602], [-76.9975927146257, 38.837944459061], [-76.997533004507, 38.8379675315677], [-76.9974525549835, 38.8380009186066], [-76.9973565349611, 38.8380375719105], [-76.997338653097, 38.838045511603], [-76.9972619450566, 38.838074540768], [-76.9971918216672, 38.8381025735245], [-76.9971314710498, 38.838121501559], [-76.997068600658, 38.8381439274704], [-76.9969847474178, 38.8381717432877], [-76.99692449831, 38.8381925164545], [-76.9969072281987, 38.8381984717357], [-76.9968380309723, 38.8382220479553], [-76.9967646062743, 38.838247005405], [-76.9966906973843, 38.8382710644119], [-76.9966289229371, 38.8382908271614], [-76.9966119357951, 38.8382962604472], [-76.9965422840212, 38.8383180705547], [-76.9964826511577, 38.8383385015184], [-76.9964203359248, 38.8383533599522], [-76.9963664217364, 38.8383652872805], [-76.9963538578988, 38.8383693001409], [-76.9962699705226, 38.8383903524359], [-76.9962036631766, 38.8384070993862], [-76.9961372031169, 38.8384235804414], [-76.9960706559206, 38.8384399362441], [-76.996004110521, 38.8384561576982], [-76.9959374878663, 38.8384723189731], [-76.9958708840762, 38.8384884347631], [-76.995804319812, 38.8385045645437], [-76.9957301953263, 38.8385244013979], [-76.9956547736733, 38.8385409936803], [-76.9955781752274, 38.8385539544521], [-76.9955026709294, 38.8385699953543], [-76.9954264596574, 38.8385850713502], [-76.9953508843925, 38.8385997499066], [-76.995274762952, 38.8386140198283], [-76.9951986091721, 38.8386279538856], [-76.9951224203579, 38.838641417734], [-76.9950498930768, 38.8386542973211], [-76.9949704290051, 38.83866782064], [-76.9948943991927, 38.8386796590522], [-76.9948183253628, 38.8386909628832], [-76.9947423386696, 38.8387020728927], [-76.9946658704794, 38.838711647735], [-76.9945893151525, 38.8387211442084], [-76.9945126547228, 38.838730233449], [-76.9944364829766, 38.8387419773899], [-76.9943597084608, 38.8387504508828], [-76.9942504769155, 38.8387612768005], [-76.9941216728769, 38.8387725323386], [-76.9939923550018, 38.8387800052425], [-76.9939433770559, 38.8383798378344], [-76.9935486213874, 38.8383882022151], [-76.9934999713266, 38.8388164979116], [-76.9934798724204, 38.8388177398963], [-76.9934597941755, 38.8388190644468], [-76.9933737706056, 38.8388251008419], [-76.9932872026566, 38.8388318691327], [-76.9932219095085, 38.8388377585877], [-76.9931567466161, 38.8388436095583], [-76.9931352876606, 38.8388456792988], [-76.9930700564962, 38.838851962689], [-76.9929826683854, 38.8388631139561], [-76.9929746203788, 38.838864141829], [-76.9929616442145, 38.8388658029387], [-76.9928836677529, 38.8388759858062], [-76.992801108985, 38.8388879361372], [-76.9926954428531, 38.8389042190635], [-76.992588873016, 38.8389226997709], [-76.9925092382644, 38.8389376175579], [-76.9924312761758, 38.8389552222219], [-76.9922447158542, 38.8389973474502], [-76.9921444539871, 38.8390200046889], [-76.9918006902874, 38.8391030774372], [-76.9916189287661, 38.8391477229206], [-76.9915351240349, 38.8391682858907], [-76.9914199061165, 38.8391968709841], [-76.9910150399096, 38.8392958625159], [-76.9906162642802, 38.8393934971839], [-76.9904547256326, 38.8394332025777], [-76.9901493487416, 38.8395081687859], [-76.9896941669973, 38.8396191401801], [-76.9896722022903, 38.8396244949979], [-76.9895919225482, 38.8396441363232], [-76.9895101965187, 38.8396638406162], [-76.9894359525571, 38.8396809658052], [-76.9893671667591, 38.8396971974718], [-76.9892736045273, 38.8397166211701], [-76.9892067510056, 38.8397297699473], [-76.9891399711457, 38.8397427570912], [-76.9890741048724, 38.8397587263561], [-76.9890072684186, 38.8397715182783], [-76.988940078927, 38.8397841744565], [-76.9888733960851, 38.8397964436982], [-76.9888063377475, 38.8398086023852], [-76.988739185985, 38.8398204881872], [-76.9886752726492, 38.839831535747], [-76.9885076425256, 38.8398376252334], [-76.9884790168107, 38.8385053804088], [-76.9884619703799, 38.8384104048338], [-76.9883387682353, 38.837887704889], [-76.9882882757298, 38.8378519786357], [-76.9882571589867, 38.8377883594393], [-76.9882234074849, 38.8377167241881], [-76.9881865855414, 38.8376442624941], [-76.9881802155877, 38.8376321909024], [-76.9881458685028, 38.8375671020933], [-76.9881110911249, 38.8374953861513], [-76.9880526871567, 38.8374061861464], [-76.9879802020964, 38.8373001982388], [-76.98794758876, 38.8372526834233], [-76.987914095973, 38.8372053637994], [-76.9878798180584, 38.837158664801], [-76.9878417411684, 38.8371139851826], [-76.9878052569915, 38.8370673141134], [-76.9877688877989, 38.8370223006676], [-76.9877315574089, 38.8369771479476], [-76.9876924815924, 38.8369328796553], [-76.9876444774202, 38.8368767663279], [-76.987597986011, 38.8368227010639], [-76.9875322203491, 38.8367450128756], [-76.9874691280734, 38.8366727349211], [-76.9873630091906, 38.8365504148783], [-76.987296227534, 38.8364737305093], [-76.9872485386705, 38.8364198853551], [-76.9872080893299, 38.836374222147], [-76.9871722043293, 38.8363316699276], [-76.9871054954363, 38.836258334254], [-76.9870579529982, 38.8362044217622], [-76.9870104869169, 38.8361505302217], [-76.9869540017501, 38.836086357412], [-76.986915502652, 38.8360425972745], [-76.986873861247, 38.8359944623517], [-76.9868209334088, 38.8359345997878], [-76.9867713868293, 38.8358787760647], [-76.9867216336373, 38.8358230117757], [-76.9866720403454, 38.8357672509417], [-76.9866243685499, 38.8357135906842], [-76.9865728250155, 38.8356556542704], [-76.9865232568765, 38.8355999709766], [-76.9864734605653, 38.8355442575503], [-76.9864237855267, 38.8354884769051], [-76.9863741401326, 38.8354327738877], [-76.9863352520639, 38.8353899097196], [-76.9862997398641, 38.8353471763778], [-76.9860977330112, 38.835118555712], [-76.9857765394831, 38.8347592345031], [-76.9856787641526, 38.8346474529165], [-76.9855336341319, 38.8344840637413], [-76.985424318145, 38.8343612214195], [-76.9851530871163, 38.8340577873595], [-76.9851098062859, 38.8340088239816], [-76.9850243136203, 38.8339127290909]]]}, "properties": {"Route": "R816_5", "ROUTE_NUMB": 816, "CollectionDay": "Friday", "RunsPerWeek": 1, "RStatus": "Scheduled Other Day", "RecycleRouteArea": "OR_816"}}, {"type": "Feature", "geometry": {"type": "Polygon", "coordinates": [[[-76.9522884236694, 38.8742453858435], [-76.9522218351507, 38.874258707974], [-76.9486820085022, 38.8728830723943], [-76.9493862355827, 38.870833817874], [-76.9530036344509, 38.8662870426724], [-76.9533106345975, 38.8664113917187], [-76.9561119248098, 38.8675522223767], [-76.9572222335179, 38.8680094510695], [-76.9585672270939, 38.8685611604467], [-76.9586777629929, 38.8686055272599], [-76.9584404415696, 38.8674268667502], [-76.9587850128547, 38.8667665816839], [-76.9598563274929, 38.8664950808601], [-76.9611403820549, 38.8669397440433], [-76.9637530736683, 38.8668978668733], [-76.9658308535643, 38.8676111798576], [-76.9665992221527, 38.8677440588761], [-76.9666143003747, 38.8677402309221], [-76.9668196830964, 38.8676880894522], [-76.9671041723604, 38.8676715676156], [-76.9677030773637, 38.8676367851574], [-76.9677788655293, 38.8676653867887], [-76.9689719342278, 38.8679770405196], [-76.9689736940274, 38.8683894008744], [-76.9689711095743, 38.8727884308598], [-76.9666231146443, 38.8718469455419], [-76.9664254035351, 38.8720180484317], [-76.964770143538, 38.8720164797153], [-76.9647703779983, 38.8729423632515], [-76.9638886357329, 38.8729251082932], [-76.9633205546219, 38.8728694583667], [-76.9624706459552, 38.8727230175352], [-76.9620030656633, 38.8726063076384], [-76.9615191557962, 38.8724546880641], [-76.9612154255172, 38.8723451981253], [-76.960736208449, 38.8721486077557], [-76.9608668791869, 38.8732149766293], [-76.9610022561985, 38.8743201726949], [-76.9610388589531, 38.8746118767499], [-76.9610503349309, 38.8746994418632], [-76.957485644712, 38.8742076916629], [-76.9571196755568, 38.8739500282049], [-76.9537559546367, 38.873951778014], [-76.9522884236694, 38.8742453858435]]]}, "properties": {"Route": "R712_5A", "ROUTE_NUMB": 712, "CollectionDay": "Friday", "RunsPerWeek": 1, "RStatus": "Scheduled Other Day", "RecycleRouteArea": "OR_712A"}}, {"type": "Feature", "geometry": {"type": "Polygon", "coordinates": [[[-76.9375452013612, 38.8897836112337], [-76.9375452058528, 38.8897794117885], [-76.9369613503255, 38.888424198867], [-76.9368829022483, 38.8882412864377], [-76.9366027051348, 38.8875844237818], [-76.9361619395541, 38.8865565972852], [-76.9359180990568, 38.8859890253627], [-76.9356608098813, 38.8853874806715], [-76.9353385725108, 38.884635160325], [-76.9352445611214, 38.8844239873], [-76.9351156187421, 38.8841780245991], [-76.9350060161926, 38.8839939537426], [-76.9348344092272, 38.883740833247], [-76.9362185684513, 38.8834213496726], [-76.9364314826484, 38.8833810178127], [-76.9384320658204, 38.8831321068594], [-76.9395567808106, 38.8831971945318], [-76.9393608537556, 38.8822401314294], [-76.9392711246351, 38.8817722791033], [-76.9405344065546, 38.8817731091571], [-76.9419976453714, 38.8817781684993], [-76.9427419229405, 38.8819552375583], [-76.943047554953, 38.882195987807], [-76.9437937558151, 38.8816177071068], [-76.9457741197067, 38.8808772523571], [-76.9466789908958, 38.8828378952077], [-76.9477536149274, 38.8828453173297], [-76.9531850339511, 38.8836280167922], [-76.9568023861069, 38.8837370879687], [-76.9595275342174, 38.8808013024826], [-76.963707100587, 38.8813423595643], [-76.9626370858111, 38.8828478731855], [-76.9620130351664, 38.8836204115435], [-76.9614106446998, 38.8843816029777], [-76.9611021659261, 38.8848285282414], [-76.960721061955, 38.8852221256655], [-76.9603914727722, 38.8855967859343], [-76.9600775232585, 38.8860097978499], [-76.959130254283, 38.8872348925603], [-76.9588244821334, 38.8875399205793], [-76.9587999473463, 38.8876012080953], [-76.9582959304882, 38.8880284858461], [-76.9583011946157, 38.8880474467432], [-76.9579636337831, 38.888389802047], [-76.9569781702383, 38.8897909913768], [-76.9530883662434, 38.8897739950214], [-76.9529918467577, 38.8897984812948], [-76.9528716342064, 38.8897859682648], [-76.9525722562649, 38.8898020171903], [-76.9524573797064, 38.8898017871508], [-76.9523677655703, 38.889798928788], [-76.9522768201309, 38.8897990791178], [-76.9521623729671, 38.8897983841049], [-76.9520784272004, 38.8897990525478], [-76.9519554271767, 38.8898041001312], [-76.9518785286935, 38.8897994406084], [-76.9517619147932, 38.8897974534588], [-76.9516665640157, 38.8897972604774], [-76.9515496464848, 38.8898082366462], [-76.951449895759, 38.889803978469], [-76.9514109996055, 38.8898023178498], [-76.951395315919, 38.8898016480084], [-76.9512941943641, 38.8897973317966], [-76.9512721236559, 38.8897984232605], [-76.9510686534474, 38.8898084876619], [-76.9509580636494, 38.8898008893676], [-76.9508401040728, 38.889801680172], [-76.9507106658235, 38.8898027681398], [-76.9505981500376, 38.8898015375335], [-76.9504222823628, 38.8897996126136], [-76.9503125028452, 38.8898014319531], [-76.950193777904, 38.8898036498412], [-76.9500119867383, 38.889806659932], [-76.9497582764509, 38.889802889802], [-76.9494898894884, 38.8898010781538], [-76.9494137150472, 38.8898007537213], [-76.9492846370224, 38.889800941109], [-76.9492652657516, 38.8898015396312], [-76.9491926037232, 38.889805517426], [-76.9490187419865, 38.8898055146292], [-76.9488774540603, 38.8898082072794], [-76.9487398815661, 38.8898050049065], [-76.9486959988645, 38.8898039819651], [-76.9485612416904, 38.889800178273], [-76.9485474956699, 38.889799358801], [-76.9484764389309, 38.8898032079417], [-76.9475812946998, 38.8897989973104], [-76.9375452013612, 38.8897836112337]]]}, "properties": {"Route": "R711_5A", "ROUTE_NUMB": 711, "CollectionDay": "Friday", "RunsPerWeek": 1, "RStatus": "Scheduled Other Day", "RecycleRouteArea": "OR_711A"}}, {"type": "Feature", "geometry": {"type": "Polygon", "coordinates": [[[-76.9702220755912, 38.867212468571], [-76.9702107172928, 38.8671586459816], [-76.9702007208403, 38.8670961902682], [-76.9701920368264, 38.8670336694528], [-76.9701841343469, 38.8669690663709], [-76.9701806884095, 38.8669235927324], [-76.9701774571694, 38.8668669637959], [-76.9701759291351, 38.8668268764351], [-76.9701747397656, 38.8667956697723], [-76.9701734318186, 38.8667613422176], [-76.9701726709455, 38.8666340883259], [-76.9701755230966, 38.8665988549229], [-76.9701775461026, 38.8665502132978], [-76.9701808519028, 38.8665244901013], [-76.9701823970051, 38.8665114553888], [-76.9701845700298, 38.866486367967], [-76.9701888253493, 38.866451684249], [-76.9702009058933, 38.8663569215418], [-76.9702065482116, 38.8663299015153], [-76.9702124726008, 38.8662921604711], [-76.970214937578, 38.8662835119016], [-76.9706677513633, 38.8652374797669], [-76.9707855708027, 38.8642488355129], [-76.9701492455779, 38.8584640373885], [-76.972826303278, 38.8580148960273], [-76.9739730889764, 38.858366189656], [-76.9828420300124, 38.8587713259182], [-76.9836681593752, 38.8599515394198], [-76.9836680255263, 38.8605375369802], [-76.9835016925699, 38.860854700386], [-76.9858149828856, 38.8623717515273], [-76.986332839189, 38.8626978285538], [-76.9865838653104, 38.8624040981822], [-76.9885956711352, 38.8636830425146], [-76.9886778858483, 38.8638086369645], [-76.9903992088497, 38.8638133856247], [-76.9923300917388, 38.8651956890255], [-76.9923901998111, 38.8651455195394], [-76.9923472962732, 38.8651850433918], [-76.992288507826, 38.8652429165904], [-76.9919922614116, 38.8655330904372], [-76.9919431370403, 38.865584151444], [-76.9918970588561, 38.8656310542079], [-76.9918583702135, 38.8656756291862], [-76.9918097129661, 38.8657276595214], [-76.9917512649805, 38.8657944851667], [-76.9917045983997, 38.8658510415159], [-76.9915971598918, 38.8659810134441], [-76.9915033793694, 38.8660948735037], [-76.9912505242781, 38.8664037937201], [-76.9910920057665, 38.8666003349304], [-76.9909343613156, 38.8667962538001], [-76.9906936694133, 38.8670921538486], [-76.9905525602518, 38.8672665359202], [-76.9905025582265, 38.8673265854472], [-76.9904379936121, 38.8673915847802], [-76.990368685893, 38.8674374938631], [-76.990306572781, 38.8674767709421], [-76.9902422794578, 38.8675235325719], [-76.9901909910449, 38.8675724498046], [-76.99009128254, 38.8676786527996], [-76.9900333627637, 38.8677401134186], [-76.9899362539832, 38.867837724436], [-76.9898612015378, 38.8679124508847], [-76.9897882502519, 38.8679749534417], [-76.9897193871989, 38.8680278039154], [-76.9896539072012, 38.8680681249053], [-76.989580405248, 38.868109453739], [-76.9894949565999, 38.8681523506508], [-76.9894126026479, 38.8681900018809], [-76.98931527917, 38.8682300856753], [-76.9890483834109, 38.868338150941], [-76.9886786880439, 38.8684844518302], [-76.9883223075061, 38.8686261040964], [-76.9882223510661, 38.8686703638584], [-76.988160488584, 38.8687012549612], [-76.9881444779107, 38.8687092492829], [-76.9880723279221, 38.868746463783], [-76.9880578614527, 38.8687545112552], [-76.9880124605983, 38.8687798021058], [-76.9880021479388, 38.8687865011023], [-76.9879440979068, 38.8688242142445], [-76.9879252090314, 38.8688374611549], [-76.9878619658387, 38.8688818145068], [-76.9876620089413, 38.8689598669667], [-76.9876515633312, 38.8689639438462], [-76.9876322208065, 38.8689714947106], [-76.9875030215091, 38.8690400021912], [-76.987363999134, 38.8691137174256], [-76.9872935640292, 38.8691483977466], [-76.9872774787957, 38.8691521878566], [-76.9872681614696, 38.8691543840082], [-76.9871818791849, 38.8691747151926], [-76.987047561287, 38.8692536325015], [-76.9850621183207, 38.8701392189455], [-76.9851306876247, 38.866782817662], [-76.9843629523486, 38.8666418254876], [-76.9830563312083, 38.867334931037], [-76.9829501036293, 38.8672790634077], [-76.9790082332805, 38.8672737372499], [-76.9702220755912, 38.867212468571]]]}, "properties": {"Route": "R715_5B", "ROUTE_NUMB": 715, "CollectionDay": "Friday", "RunsPerWeek": 1, "RStatus": "Scheduled Other Day", "RecycleRouteArea": "OR_715B"}}, {"type": "Feature", "geometry": {"type": "Polygon", "coordinates": [[[-76.9658308535643, 38.8676111798576], [-76.9656412919713, 38.8656403169703], [-76.965434331808, 38.8656700734901], [-76.964801752558, 38.8656400672681], [-76.9631349995152, 38.8656409031059], [-76.9630292237888, 38.8656400784593], [-76.9626919558069, 38.8656401365133], [-76.9624174854534, 38.8656396224205], [-76.962305601183, 38.8656400980438], [-76.9622118062876, 38.8656395489787], [-76.9619339807264, 38.8656401085354], [-76.961574259354, 38.8656394076907], [-76.9614812711457, 38.8656399189856], [-76.9613842512984, 38.865639086645], [-76.9609480752105, 38.865639163584], [-76.9605807028868, 38.8656384123791], [-76.9604822592098, 38.865638504706], [-76.9603837400743, 38.8656382305232], [-76.9601548143056, 38.865638278785], [-76.9572786441244, 38.8655856832317], [-76.9571202953944, 38.8654445012311], [-76.9568282539938, 38.8651546480705], [-76.9565463006739, 38.864875024634], [-76.9564896313525, 38.8648194670281], [-76.9563437180009, 38.8646763697961], [-76.9562167887462, 38.8645500039795], [-76.9561261810734, 38.8644597460418], [-76.9560629387791, 38.8643964632963], [-76.955938037022, 38.864273172505], [-76.955717435941, 38.8640557151631], [-76.955641934338, 38.8639808391723], [-76.9555598462874, 38.8640320146067], [-76.9554869003913, 38.8640740172695], [-76.9554074848287, 38.864115966049], [-76.9552986701017, 38.8641681639972], [-76.9552250360961, 38.8642008134005], [-76.9551670588277, 38.8642241550777], [-76.9550788451651, 38.8642570940316], [-76.9549839264773, 38.8642894859931], [-76.9548217697887, 38.864346626888], [-76.9540015333741, 38.864633854788], [-76.9538407573961, 38.8646909947068], [-76.953737837414, 38.864727618872], [-76.9536553756642, 38.8647569085382], [-76.9534839384804, 38.8648180520327], [-76.9532700307467, 38.864894358223], [-76.9529434078009, 38.8650067420806], [-76.952554084245, 38.8651452243712], [-76.9523400597303, 38.8652208979076], [-76.9522178915466, 38.8652640882329], [-76.9520669099001, 38.8653175814173], [-76.9514948618289, 38.8655203632997], [-76.9514329131086, 38.8655450817545], [-76.9514055755779, 38.8655584621708], [-76.9513782380471, 38.8655718418852], [-76.9513258123672, 38.8656021656846], [-76.9467615155277, 38.8637497770529], [-76.9469041392487, 38.8636388915621], [-76.9470046409661, 38.8635604331653], [-76.947128223098, 38.8634639179362], [-76.9473531369906, 38.8632882409133], [-76.9474222722332, 38.8632343908715], [-76.9477165522355, 38.8630051596419], [-76.9479411741756, 38.8628310385135], [-76.9480214557142, 38.8627670541448], [-76.9481051858853, 38.8627031690439], [-76.9482511181015, 38.8625891622584], [-76.9483700559434, 38.8624961829651], [-76.9486411558181, 38.8622845405524], [-76.9490095082037, 38.8619947878252], [-76.9491121775558, 38.8619147069132], [-76.9491847425661, 38.8618619854963], [-76.9493179214003, 38.861762170594], [-76.9495786439368, 38.8615578503152], [-76.9498332139119, 38.8613563050178], [-76.9498522878403, 38.8613408862016], [-76.9499198528278, 38.8612862687449], [-76.9500130898694, 38.8612167843], [-76.9501820890255, 38.8610853836964], [-76.9506553835009, 38.8607191748951], [-76.9511637482051, 38.8603225521312], [-76.9516377092304, 38.8599535784676], [-76.9517234103051, 38.859882975615], [-76.9518480785003, 38.8597875906881], [-76.9518579635617, 38.8597800269569], [-76.9522244636212, 38.8594964280739], [-76.9522807754131, 38.8594484580128], [-76.9523295036274, 38.8594145773932], [-76.9523779533639, 38.8593733673179], [-76.9524248930324, 38.8593379771246], [-76.9524450099049, 38.8593217919095], [-76.9524651303706, 38.8593056038926], [-76.9525072748322, 38.8592738266271], [-76.952516659532, 38.8592667517977], [-76.9525719265832, 38.8592243077029], [-76.9526188581669, 38.8591875645843], [-76.9526362351777, 38.859173959126], [-76.9526824786519, 38.8591376867515], [-76.9527461781887, 38.859088505596], [-76.9530023408768, 38.8588929795979], [-76.9532677544157, 38.8586856662472], [-76.9534237459665, 38.8585623326762], [-76.9536077335131, 38.8584214312262], [-76.9536866639856, 38.8583561222003], [-76.9537329927997, 38.858319901173], [-76.9537926669857, 38.8582728515839], [-76.9538970305605, 38.8581916122736], [-76.9541759565579, 38.8579767686308], [-76.9544828417202, 38.8577376431786], [-76.9545347787167, 38.8576971764251], [-76.954611144499, 38.8576353601602], [-76.9546591585526, 38.8576008323157], [-76.9546741451465, 38.8575889578784], [-76.9546891416218, 38.8575770617538], [-76.9547830479084, 38.8575040284872], [-76.9548799132454, 38.8574283362449], [-76.9549259483105, 38.8573894621385], [-76.9550040936554, 38.8573310348175], [-76.955072032342, 38.8572781281248], [-76.9553744268262, 38.8570461243416], [-76.9555816888235, 38.8568823409964], [-76.9556512193248, 38.8568251829104], [-76.955737759426, 38.8567589882086], [-76.9559740001761, 38.8565771548014], [-76.9561484853436, 38.8564415309178], [-76.9562344100988, 38.8563739011085], [-76.9562831041771, 38.8563366220705], [-76.9564176358741, 38.8562297249802], [-76.9565594214669, 38.8561211054629], [-76.9566514610543, 38.8560498832099], [-76.9567633552061, 38.8559610527388], [-76.9568688488615, 38.8558798002945], [-76.9570319388996, 38.8557544247877], [-76.957136190185, 38.8556736484967], [-76.9572335504938, 38.8556010106168], [-76.9574422542871, 38.8554392260449], [-76.957739906565, 38.8552067685517], [-76.9580188711899, 38.8549864153247], [-76.9581126966281, 38.8549169345178], [-76.9581414418189, 38.8549401491261], [-76.9581720240644, 38.854964849573], [-76.9581782278297, 38.8549701976394], [-76.9581905670885, 38.8549808364078], [-76.9582612231789, 38.8550417525604], [-76.9582767748131, 38.8550551615362], [-76.9583381010009, 38.8551109457305], [-76.9583956255184, 38.8551677568189], [-76.9584077572663, 38.8551804949036], [-76.9584343105678, 38.8552083775132], [-76.9584639037682, 38.8552394507512], [-76.9585099235619, 38.8552920931325], [-76.9585531109675, 38.8553453615694], [-76.9585629825541, 38.8553579513184], [-76.9585728532425, 38.8553705424643], [-76.9586065400656, 38.8554141955768], [-76.958714555292, 38.8554000318579], [-76.9601953732407, 38.8554054806263], [-76.9601954127665, 38.8553935785401], [-76.9602888618106, 38.8553950377945], [-76.9605901325024, 38.8553950112117], [-76.961403217429, 38.8553958758514], [-76.9615114536409, 38.8553961815533], [-76.9615217393509, 38.85533329438], [-76.9615393211777, 38.8552003445973], [-76.9615501925892, 38.8551365002676], [-76.9615534444906, 38.855111177981], [-76.9615453713311, 38.8550681234971], [-76.961520311928, 38.8549934178267], [-76.9624692607531, 38.8549683872018], [-76.9624821893066, 38.8553028962464], [-76.9624855561923, 38.8553908230257], [-76.9624903487043, 38.8554794674303], [-76.9625185189734, 38.8560053273805], [-76.9625352923163, 38.856335733658], [-76.9625396257893, 38.8564212247732], [-76.9625444156064, 38.8565144183731], [-76.9625612724926, 38.8568844451887], [-76.9625675660895, 38.8571865899119], [-76.962569701385, 38.8572898270325], [-76.9626859514676, 38.8572894590808], [-76.9629010539607, 38.8572896626434], [-76.9630951861818, 38.8572917962038], [-76.9633246958554, 38.8572899718348], [-76.9634190512996, 38.8572897360939], [-76.9635467081897, 38.8572876137258], [-76.9636743084859, 38.8572833298159], [-76.9637698802489, 38.8572788549346], [-76.9638653936215, 38.8572729837947], [-76.9639607947047, 38.8572660318831], [-76.9644988613054, 38.8572192628074], [-76.9646254869295, 38.8572074099917], [-76.9647620676837, 38.8572151537755], [-76.9654383912947, 38.8572849464253], [-76.9655294624983, 38.857294386556], [-76.9656530230706, 38.8573062694368], [-76.9657800969541, 38.8573184230329], [-76.9658678282214, 38.8573249349364], [-76.9659507220609, 38.8573295084482], [-76.966033845869, 38.8573322799767], [-76.9661446818054, 38.8573334831641], [-76.9662555168435, 38.8573318035983], [-76.9663646262179, 38.8573274210577], [-76.96646895386, 38.8573204243817], [-76.9665469572711, 38.8573129247446], [-76.9666244423543, 38.8573032180962], [-76.9667015833827, 38.8572917094624], [-76.9667781485909, 38.8572780378857], [-76.9668818195646, 38.8572557530142], [-76.9669896452465, 38.8572275606166], [-76.9670648908296, 38.8572028539603], [-76.9671381205933, 38.8571747685697], [-76.9672095106072, 38.8571431680324], [-76.967272646002, 38.8571144425485], [-76.9673587414372, 38.8570759628056], [-76.9674152095359, 38.8571589536127], [-76.9674654289536, 38.8572330141416], [-76.9675118592774, 38.8572908826202], [-76.9675591843231, 38.8573642197006], [-76.9676160548672, 38.8574500768307], [-76.9676598522288, 38.8575202323038], [-76.9677197015863, 38.8576103591456], [-76.9677880759559, 38.8576979123243], [-76.9678132575299, 38.8577483787668], [-76.9678479819072, 38.8578140604969], [-76.9678810956052, 38.8578824038485], [-76.9679211541787, 38.8579673222949], [-76.9679667643406, 38.8580729191632], [-76.9679971157191, 38.8581466128916], [-76.9680183743503, 38.85819932727], [-76.9680396293882, 38.8582528922238], [-76.9680650202697, 38.858325130069], [-76.9680953896146, 38.8584355586679], [-76.9681135849906, 38.8585171215754], [-76.9681341582073, 38.8585957506228], [-76.9681507662603, 38.8586658098316], [-76.9681675405016, 38.8587459083929], [-76.9681809927729, 38.8588200617033], [-76.9681970160226, 38.8589140027361], [-76.9682580996653, 38.8588439437717], [-76.9683194294464, 38.8587709908513], [-76.9701492455779, 38.8584640373885], [-76.9707855708027, 38.8642488355129], [-76.9706677513633, 38.8652374797669], [-76.970214937578, 38.8662835119016], [-76.9695802787281, 38.86679097237], [-76.9691022968435, 38.867248140912], [-76.9690965808633, 38.8672536076571], [-76.9690956870396, 38.8672587946298], [-76.9689719342278, 38.8679770405196], [-76.9677788655293, 38.8676653867887], [-76.9677030773637, 38.8676367851574], [-76.9671041723604, 38.8676715676156], [-76.9668196830964, 38.8676880894522], [-76.9666143003747, 38.8677402309221], [-76.9665992221527, 38.8677440588761], [-76.9658308535643, 38.8676111798576]]]}, "properties": {"Route": "R716_5B", "ROUTE_NUMB": 716, "CollectionDay": "Friday", "RunsPerWeek": 1, "RStatus": "Scheduled Other Day", "RecycleRouteArea": "OR_716B"}}, {"type": "Feature", "geometry": {"type": "Polygon", "coordinates": [[[-76.9812029603518, 38.851589263613], [-76.9810642011831, 38.8514427747499], [-76.9810138092889, 38.850756773955], [-76.9798490105724, 38.8506690891029], [-76.9797767527859, 38.8499870202934], [-76.9797413735367, 38.8496819787117], [-76.9794699251157, 38.8487921328845], [-76.9790256641903, 38.8475551948196], [-76.9784663560264, 38.8461123908634], [-76.9785565307112, 38.8460837987531], [-76.9787486336381, 38.8460230988132], [-76.9791006070412, 38.845911698732], [-76.9792200434481, 38.8458739202646], [-76.9793355811667, 38.8458391838146], [-76.9795178942536, 38.8457835504676], [-76.9796454828717, 38.8457399229284], [-76.9795825208517, 38.8456664220398], [-76.9795374460857, 38.8456191192051], [-76.9795310851152, 38.8456115490695], [-76.9794978384666, 38.8455719828541], [-76.9794516695525, 38.8455220576919], [-76.9793985485765, 38.8454592667352], [-76.9793445858791, 38.8453930810455], [-76.9792933127376, 38.8453301948232], [-76.9792597049662, 38.845283480867], [-76.9792199069042, 38.8452236925835], [-76.9791794979877, 38.8451559317685], [-76.9791608274029, 38.8451220681283], [-76.9791378377181, 38.8450803719119], [-76.9791069257909, 38.8450234960951], [-76.9790762977313, 38.844963643925], [-76.9790507316783, 38.8448996280882], [-76.9790229728377, 38.8448295189373], [-76.9790180204255, 38.8448169965902], [-76.9789978864851, 38.8447660724959], [-76.9789952975404, 38.8447586582918], [-76.9789912452402, 38.8447470489773], [-76.978985446615, 38.8447304448487], [-76.9789694898406, 38.8446784285355], [-76.978948400991, 38.8445991061386], [-76.9789343333737, 38.8445211871584], [-76.9789320013472, 38.8445082757495], [-76.9789308191643, 38.8445017276899], [-76.9789202495866, 38.844423849183], [-76.9789122285295, 38.844379521155], [-76.9789063409711, 38.8443469857907], [-76.978905366299, 38.844329215243], [-76.9789002018844, 38.8442349470975], [-76.978899362858, 38.8442196428113], [-76.9788999701191, 38.8441855639308], [-76.9789003905307, 38.8441620617517], [-76.978906508956, 38.8440696180929], [-76.9789078896666, 38.8440560552203], [-76.9789160616408, 38.843975719723], [-76.9789180882401, 38.843955794832], [-76.9789283775433, 38.8438795459352], [-76.9789335554326, 38.8438263969494], [-76.9789499299236, 38.8437592113243], [-76.9789530668406, 38.8437468881923], [-76.9789719727841, 38.8436725638416], [-76.9789743560145, 38.8436589134356], [-76.9789821084754, 38.8436144988726], [-76.9789979790115, 38.8435650012301], [-76.9790188675368, 38.8434995288345], [-76.9790639988967, 38.8433632887981], [-76.9790944338185, 38.8432709511504], [-76.9791172420436, 38.8432015323648], [-76.9791194563908, 38.8431861711833], [-76.979121670738, 38.8431708092988], [-76.9791163554064, 38.8431199931744], [-76.9785954385428, 38.8413407265616], [-76.9785925082384, 38.8413307154696], [-76.9761793369412, 38.8416557093048], [-76.9757174708328, 38.8415327912018], [-76.9754638925978, 38.8413813061741], [-76.9756371443784, 38.8412470967682], [-76.9762690489937, 38.8407520190624], [-76.9779686174938, 38.8394273544544], [-76.978088319802, 38.8393341405667], [-76.9784361519716, 38.8390636867275], [-76.9785119643917, 38.8390046810886], [-76.9790009479436, 38.8386206831824], [-76.979050611304, 38.8385817477183], [-76.9793190108429, 38.8383687487662], [-76.979589493575, 38.8381506188572], [-76.9802438246313, 38.8376394344175], [-76.9809428567545, 38.8370934363132], [-76.9810436423395, 38.8370147555073], [-76.9811948045473, 38.8368967820667], [-76.9815711564305, 38.836603185846], [-76.981938721892, 38.8363281089805], [-76.9821378990517, 38.836160847827], [-76.9822517479375, 38.8360722626174], [-76.9823577338697, 38.835989850382], [-76.9827200873058, 38.8357083461311], [-76.982847393853, 38.8356182251263], [-76.9828968299397, 38.8355693691825], [-76.9830402711276, 38.8354569024207], [-76.9833836629248, 38.8351887381081], [-76.9836749209944, 38.8349615115304], [-76.9837393589463, 38.8349112500417], [-76.9838748078232, 38.8348057559401], [-76.9840951385113, 38.8346341520542], [-76.9841778562809, 38.8345701283238], [-76.98458734432, 38.8342532122846], [-76.9849081003686, 38.8340020363386], [-76.9850243136203, 38.8339127290909], [-76.9851098062859, 38.8340088239816], [-76.9851530871163, 38.8340577873595], [-76.985424318145, 38.8343612214195], [-76.9855336341319, 38.8344840637413], [-76.9856787641526, 38.8346474529165], [-76.9857765394831, 38.8347592345031], [-76.9860977330112, 38.835118555712], [-76.9862997398641, 38.8353471763778], [-76.9863352520639, 38.8353899097196], [-76.9863741401326, 38.8354327738877], [-76.9864237855267, 38.8354884769051], [-76.9864734605653, 38.8355442575503], [-76.9865232568765, 38.8355999709766], [-76.9865728250155, 38.8356556542704], [-76.9866243685499, 38.8357135906842], [-76.9866720403454, 38.8357672509417], [-76.9867216336373, 38.8358230117757], [-76.9867713868293, 38.8358787760647], [-76.9868209334088, 38.8359345997878], [-76.986873861247, 38.8359944623517], [-76.986915502652, 38.8360425972745], [-76.9869540017501, 38.836086357412], [-76.9870104869169, 38.8361505302217], [-76.9870579529982, 38.8362044217622], [-76.9871054954363, 38.836258334254], [-76.9871722043293, 38.8363316699276], [-76.9872080893299, 38.836374222147], [-76.9872485386705, 38.8364198853551], [-76.987296227534, 38.8364737305093], [-76.9873630091906, 38.8365504148783], [-76.9874691280734, 38.8366727349211], [-76.9875322203491, 38.8367450128756], [-76.987597986011, 38.8368227010639], [-76.9876444774202, 38.8368767663279], [-76.9876924815924, 38.8369328796553], [-76.9877315574089, 38.8369771479476], [-76.9877688877989, 38.8370223006676], [-76.9878052569915, 38.8370673141134], [-76.9878417411684, 38.8371139851826], [-76.9878798180584, 38.837158664801], [-76.987914095973, 38.8372053637994], [-76.98794758876, 38.8372526834233], [-76.9879802020964, 38.8373001982388], [-76.9880526871567, 38.8374061861464], [-76.9881110911249, 38.8374953861513], [-76.9881458685028, 38.8375671020933], [-76.9881802155877, 38.8376321909024], [-76.9881865855414, 38.8376442624941], [-76.9882234074849, 38.8377167241881], [-76.9882571589867, 38.8377883594393], [-76.9882882757298, 38.8378519786357], [-76.9883387682353, 38.837887704889], [-76.9884619703799, 38.8384104048338], [-76.9884790168107, 38.8385053804088], [-76.9885076425256, 38.8398376252334], [-76.9886752726492, 38.839831535747], [-76.988739185985, 38.8398204881872], [-76.9888063377475, 38.8398086023852], [-76.9888733960851, 38.8397964436982], [-76.988940078927, 38.8397841744565], [-76.9890072684186, 38.8397715182783], [-76.9890741048724, 38.8397587263561], [-76.9891399711457, 38.8397427570912], [-76.9892067510056, 38.8397297699473], [-76.9892736045273, 38.8397166211701], [-76.9893671667591, 38.8396971974718], [-76.9894359525571, 38.8396809658052], [-76.9895101965187, 38.8396638406162], [-76.9895919225482, 38.8396441363232], [-76.9896722022903, 38.8396244949979], [-76.9896941669973, 38.8396191401801], [-76.9901493487416, 38.8395081687859], [-76.9904547256326, 38.8394332025777], [-76.9906162642802, 38.8393934971839], [-76.9910150399096, 38.8392958625159], [-76.9914199061165, 38.8391968709841], [-76.9915351240349, 38.8391682858907], [-76.9916189287661, 38.8391477229206], [-76.9918006902874, 38.8391030774372], [-76.9921444539871, 38.8390200046889], [-76.9922447158542, 38.8389973474502], [-76.9924312761758, 38.8389552222219], [-76.9925092382644, 38.8389376175579], [-76.992588873016, 38.8389226997709], [-76.9926954428531, 38.8389042190635], [-76.992801108985, 38.8388879361372], [-76.9928836677529, 38.8388759858062], [-76.9929616442145, 38.8388658029387], [-76.9929746203788, 38.838864141829], [-76.9929826683854, 38.8388631139561], [-76.9930700564962, 38.838851962689], [-76.9931352876606, 38.8388456792988], [-76.9931567466161, 38.8388436095583], [-76.9932219095085, 38.8388377585877], [-76.9932872026566, 38.8388318691327], [-76.9933737706056, 38.8388251008419], [-76.9934597941755, 38.8388190644468], [-76.9934798724204, 38.8388177398963], [-76.9934999713266, 38.8388164979116], [-76.9939288045854, 38.8421605377171], [-76.9942278681165, 38.843695467272], [-76.9935066458091, 38.8438183942329], [-76.9935148402412, 38.8454485698714], [-76.9931582656672, 38.8452197339824], [-76.9929936907139, 38.8451267683614], [-76.9927742610361, 38.8449980463703], [-76.9925548313583, 38.8448621737211], [-76.9922714012081, 38.8446976948517], [-76.9920153930302, 38.8446261729032], [-76.9917626888559, 38.8446015927047], [-76.9914667864963, 38.8446404353196], [-76.9911924778394, 38.844683317704], [-76.9909638817524, 38.8447619550485], [-76.9906529972905, 38.8448191347227], [-76.9905981856851, 38.844454456265], [-76.990494786901, 38.8443365336391], [-76.9904932094593, 38.8443307160041], [-76.9903645707107, 38.8443526697903], [-76.9902986640132, 38.8443637530285], [-76.9900215966301, 38.8444065859042], [-76.9898629191166, 38.8444317098016], [-76.98974968917, 38.844440747238], [-76.9896615734238, 38.8444499567882], [-76.9896454854954, 38.8444516380575], [-76.9895200375626, 38.8444701278191], [-76.9894520916894, 38.8444801426673], [-76.9893180864053, 38.8445031871677], [-76.989186505674, 38.8445252486474], [-76.9885956917965, 38.844628565715], [-76.9885091732548, 38.8446403002866], [-76.9884191611651, 38.8446607889056], [-76.9882423790053, 38.8446892675444], [-76.9879918460591, 38.8447381808954], [-76.9876884724113, 38.8448126468617], [-76.9874741801986, 38.8448650136014], [-76.9873941016792, 38.8448886141989], [-76.9873087500491, 38.8449209338234], [-76.9872003674117, 38.8449636908015], [-76.9871015904597, 38.8449981128369], [-76.9864084845225, 38.8451867778148], [-76.986309381482, 38.845208927238], [-76.9862036767226, 38.8452377344914], [-76.9860979728614, 38.8452665431323], [-76.9859921576091, 38.8452953580584], [-76.9858864627311, 38.8453240960118], [-76.985791839589, 38.8453495617118], [-76.985731250918, 38.8453683891687], [-76.9856688377687, 38.8453831243963], [-76.9855691526199, 38.8454103216963], [-76.9854633544357, 38.8454389959356], [-76.9853575562514, 38.8454676701634], [-76.9852517580671, 38.8454963443796], [-76.9851849943769, 38.8455149157279], [-76.985235953108, 38.846175354054], [-76.9852238195635, 38.8467521600248], [-76.9852687470058, 38.8481104175753], [-76.9852690272801, 38.8481286867058], [-76.9852987938554, 38.8485110542716], [-76.985348201196, 38.8492743714309], [-76.9853669202899, 38.8492828471676], [-76.9854089515637, 38.8493091502788], [-76.9856502085063, 38.8494584167703], [-76.9858040432021, 38.8495570498207], [-76.9859158466241, 38.8496280665957], [-76.9860495060569, 38.8497089469974], [-76.9861468178566, 38.8497688945188], [-76.9862811995349, 38.8498548671574], [-76.9863403643762, 38.8498884605977], [-76.9863549988305, 38.8499033320108], [-76.9863734978371, 38.8499208668], [-76.9863740709623, 38.8499288716285], [-76.9863818701356, 38.8499454759432], [-76.9863846800658, 38.8499514575251], [-76.9863817650327, 38.8499756112181], [-76.9863791257824, 38.8499974702157], [-76.9863717667836, 38.8500084308441], [-76.9863671206969, 38.850015498899], [-76.9863487438612, 38.8500357264186], [-76.9862732620211, 38.8501155534609], [-76.9860832090497, 38.8503165422551], [-76.9860114785743, 38.8503917369582], [-76.9860635548096, 38.8504224156299], [-76.9860856686369, 38.8504356127995], [-76.9861077842609, 38.8504488099667], [-76.9863211988196, 38.8505826997908], [-76.9866963523502, 38.8508170633933], [-76.9870153261413, 38.8510183349384], [-76.9873174367579, 38.8512059744458], [-76.987653480336, 38.8514169985162], [-76.98793331992, 38.8515898323748], [-76.9880520179118, 38.8516613235367], [-76.9882997615891, 38.8518214356072], [-76.9884388818805, 38.851904429048], [-76.9883659656289, 38.8519384671532], [-76.9883578574351, 38.8519399509638], [-76.9883476822179, 38.8519418132474], [-76.9883284951017, 38.8519453244425], [-76.9883023693983, 38.8519501060757], [-76.9882325181985, 38.8519521978215], [-76.9882120177454, 38.8519526105741], [-76.9880962168204, 38.8519549380784], [-76.9880744955568, 38.8519553753162], [-76.9879645211048, 38.8519554452743], [-76.9878839449188, 38.8519556264656], [-76.9878033642412, 38.8519557153123], [-76.9877228967513, 38.8519557118145], [-76.9876986682898, 38.8519556831316], [-76.9876423106838, 38.8519556173711], [-76.9875445542179, 38.8519545148322], [-76.9874811358538, 38.8519514527683], [-76.9873566365419, 38.8519443142481], [-76.9873294822675, 38.8519399299764], [-76.9872494693252, 38.8519270101198], [-76.98722733304, 38.8519217513709], [-76.9871642820868, 38.8519067698459], [-76.9867342657468, 38.8517685520996], [-76.9864042795086, 38.8516632935635], [-76.9863090437155, 38.8516291007186], [-76.9861556168548, 38.8515761876855], [-76.9860951404733, 38.8515571317082], [-76.986066140161, 38.8515478818025], [-76.9860371398487, 38.8515386318956], [-76.9859372453924, 38.8515038590349], [-76.985806239583, 38.8514556590156], [-76.9857942686335, 38.8514512544257], [-76.9857785301497, 38.8514454646563], [-76.9857311556966, 38.8514224629806], [-76.9856961276887, 38.8514054567489], [-76.9853846054229, 38.8512259462773], [-76.9852792105822, 38.8511625901906], [-76.9852285887193, 38.8512193554616], [-76.9852163267157, 38.851233104458], [-76.9851002347366, 38.851353848278], [-76.9849027203584, 38.8515592759344], [-76.9846578899176, 38.8518109215914], [-76.9845379064367, 38.8519339765448], [-76.9845043031569, 38.851966932385], [-76.9844304499624, 38.8520393627034], [-76.9844242641634, 38.8520454301576], [-76.9843660290784, 38.8520683588757], [-76.9843023699658, 38.8520549780195], [-76.9840569852645, 38.8519048299079], [-76.9838743748353, 38.8517938811731], [-76.9837866983652, 38.8517407080177], [-76.9837512831834, 38.8517192294293], [-76.9834784980693, 38.8515476390467], [-76.9832547582748, 38.8514185522962], [-76.9831861224955, 38.8513862664053], [-76.9831206020736, 38.8513664282397], [-76.9830528664062, 38.8513606370642], [-76.9830264936661, 38.8513610547172], [-76.9829971546889, 38.8513615178434], [-76.9829679091365, 38.8513638901406], [-76.982952775219, 38.851365117215], [-76.9828396180359, 38.8513742950871], [-76.9827393786266, 38.8513831833294], [-76.9825444576847, 38.8514028116145], [-76.9823815607843, 38.8514192141043], [-76.9819251887722, 38.8514547054807], [-76.9817372028243, 38.8514779121244], [-76.9815819919095, 38.8514975844573], [-76.9813853857281, 38.8515173484303], [-76.9813176671287, 38.8515379735865], [-76.9813020454259, 38.8515427314612], [-76.9812438489685, 38.8515659541667], [-76.9812029603518, 38.851589263613]]]}, "properties": {"Route": "R814_5A", "ROUTE_NUMB": 814, "CollectionDay": "Friday", "RunsPerWeek": 1, "RStatus": "Scheduled Other Day", "RecycleRouteArea": "OR_814A"}}, {"type": "Feature", "geometry": {"type": "Polygon", "coordinates": [[[-76.9312861258387, 38.8758216613988], [-76.9312869792383, 38.8758149385882], [-76.9313736612733, 38.8757486300883], [-76.9314341116037, 38.8757018794641], [-76.9314761644371, 38.8756671680725], [-76.9314817708228, 38.8756625404918], [-76.9316321389199, 38.8755468305948], [-76.9317280206017, 38.8754723268719], [-76.9318799724287, 38.8753536542173], [-76.9320131773139, 38.875249665646], [-76.9320338349722, 38.8752335407005], [-76.9322625137042, 38.8750555723081], [-76.932440484335, 38.8749183248015], [-76.9324974617786, 38.8748712036722], [-76.9326908304317, 38.8747216737113], [-76.9327448991303, 38.8746794878138], [-76.9328667960228, 38.8745845038879], [-76.9330142886127, 38.8744695783153], [-76.9330597694172, 38.8744330102221], [-76.9331601247091, 38.8743562911576], [-76.9331709053909, 38.8743478247034], [-76.9331834297026, 38.8743379909989], [-76.9332307556467, 38.8743008297802], [-76.9333818873118, 38.8741829377554], [-76.9336160834962, 38.8740012202413], [-76.9336363728452, 38.8739854775646], [-76.9337285831125, 38.8739175888923], [-76.9338025342233, 38.8738603025293], [-76.9338565211753, 38.8738268700768], [-76.9338639358696, 38.8738242194822], [-76.9341135255848, 38.8736130877609], [-76.9341602316914, 38.8735745470098], [-76.9341680344579, 38.8735680561769], [-76.9342178720916, 38.8735265997351], [-76.934266458372, 38.8734901444545], [-76.9343169886068, 38.873450262247], [-76.9344875481365, 38.8733172987807], [-76.9346754999485, 38.8731690670814], [-76.9347207094617, 38.8731323192798], [-76.9347676302657, 38.8730969051627], [-76.9348157000148, 38.8730585886304], [-76.9348772651545, 38.8730118341385], [-76.9349315826865, 38.8729697073723], [-76.9350150882787, 38.8729040249553], [-76.9350162152152, 38.8729031787123], [-76.9388161872325, 38.8749078988225], [-76.9388162294534, 38.874909366768], [-76.9398962514616, 38.8754815890513], [-76.9412507016026, 38.8763133934385], [-76.9427931862005, 38.8769335046684], [-76.9437583370401, 38.877737140665], [-76.9448662786873, 38.8791004624891], [-76.9457741197067, 38.8808772523571], [-76.9437937558151, 38.8816177071068], [-76.943047554953, 38.882195987807], [-76.9427419229405, 38.8819552375583], [-76.9419976453714, 38.8817781684993], [-76.9405344065546, 38.8817731091571], [-76.9392711246351, 38.8817722791033], [-76.9393608537556, 38.8822401314294], [-76.9395567808106, 38.8831971945318], [-76.9384320658204, 38.8831321068594], [-76.9364314826484, 38.8833810178127], [-76.9362185684513, 38.8834213496726], [-76.9348344092272, 38.883740833247], [-76.9346779613323, 38.883539769005], [-76.9343207175135, 38.8831115803746], [-76.934231954082, 38.8830050508017], [-76.9339754509324, 38.8826987110461], [-76.9337260875926, 38.8824008424582], [-76.9336259281334, 38.8822811541284], [-76.9334540471819, 38.882074583788], [-76.9332307996641, 38.8817838655909], [-76.9330956957403, 38.8815805713726], [-76.933042442712, 38.8814989831769], [-76.9323049968306, 38.8801074820865], [-76.9320537452322, 38.8796307016368], [-76.9318684191958, 38.8792743115967], [-76.9318118828251, 38.8791623461068], [-76.931587768433, 38.8786862285624], [-76.931581682347, 38.8786718429004], [-76.9314685871477, 38.8783748462679], [-76.9313973219995, 38.8781552830444], [-76.9313291102251, 38.8779010263253], [-76.9312785395662, 38.877666436587], [-76.9312785251931, 38.8776663687523], [-76.9312733491005, 38.8776410195228], [-76.9312396532941, 38.877449022313], [-76.9312153781202, 38.8772620548763], [-76.9312101445354, 38.8772104441908], [-76.9312010113639, 38.8771109438585], [-76.9311892092977, 38.8769374097537], [-76.9311878420618, 38.8769158744369], [-76.9311865224367, 38.8764871717378], [-76.9311901174944, 38.8764734101405], [-76.931224081897, 38.8763571099217], [-76.9312273337983, 38.8763309944471], [-76.9312589724626, 38.876076878063], [-76.9312618282069, 38.8760539437987], [-76.9312861258387, 38.8758216613988]]]}, "properties": {"Route": "R711_5B", "ROUTE_NUMB": 711, "CollectionDay": "Friday", "RunsPerWeek": 1, "RStatus": "Scheduled Other Day", "RecycleRouteArea": "OR_711B"}}, {"type": "Feature", "geometry": {"type": "Polygon", "coordinates": [[[-76.9388161872325, 38.8749078988225], [-76.9350162152152, 38.8729031787123], [-76.935015089177, 38.8729025716553], [-76.9418773295138, 38.8675596356038], [-76.9419330852486, 38.8675183910813], [-76.9421557120305, 38.8673448944053], [-76.9422691306233, 38.8672554583489], [-76.942338126627, 38.8672011356992], [-76.9423571987588, 38.8671861189242], [-76.9424331468245, 38.8671272359299], [-76.9424782206922, 38.8670903870844], [-76.9425796036569, 38.8670137139507], [-76.9427054091191, 38.8669159542215], [-76.9430913559079, 38.8666145705588], [-76.9431451443322, 38.8665704920698], [-76.943535419204, 38.8662676367203], [-76.9437024735075, 38.8661357313618], [-76.9438189167279, 38.8660471415077], [-76.9440368623889, 38.8658771027874], [-76.9441928853807, 38.8657533172585], [-76.9444945297716, 38.8655203598024], [-76.9445911849029, 38.8654448551517], [-76.9446957568868, 38.865360851421], [-76.9447732123256, 38.8653025880257], [-76.9449111666037, 38.8651947804396], [-76.9452136949369, 38.8649564801335], [-76.945397376158, 38.8648158592444], [-76.9454943906155, 38.8647376735349], [-76.945589094606, 38.8646613524878], [-76.9456562571482, 38.8646114875875], [-76.9456849439485, 38.8645901422856], [-76.9457815990798, 38.8645137588284], [-76.9458986675276, 38.8644244849818], [-76.9462473504018, 38.8641533725074], [-76.9463377703267, 38.8640802054033], [-76.9466407666821, 38.8638443431887], [-76.9467615155277, 38.8637497770529], [-76.9513258123672, 38.8656021656846], [-76.9510482760635, 38.865796687717], [-76.9510329319401, 38.8658092049718], [-76.9509988202138, 38.8658336743241], [-76.9509429647661, 38.8658772923366], [-76.9508572008093, 38.8659422601209], [-76.9508110148273, 38.8659801964952], [-76.9507649680841, 38.8660189917643], [-76.9507212785203, 38.8660579310973], [-76.9506772278337, 38.8660974145743], [-76.9506607581213, 38.8661127882942], [-76.9506315493998, 38.8661366140563], [-76.9505922966152, 38.8661784685932], [-76.9505505851416, 38.8662200300401], [-76.9505111562871, 38.8662617998957], [-76.9504714516499, 38.8663045111721], [-76.9504331097569, 38.8663469097737], [-76.9504032560451, 38.8663800526796], [-76.9503365794914, 38.8664511526762], [-76.9501012163954, 38.8667137379663], [-76.9500208593983, 38.866806521498], [-76.9500087312437, 38.866819793964], [-76.949962064663, 38.8668719983203], [-76.9499071012423, 38.8669378716609], [-76.949809220809, 38.8670508880719], [-76.9495838802166, 38.8673107734474], [-76.949566672089, 38.8673284011656], [-76.9495069314276, 38.867378208206], [-76.9494976114066, 38.8673882058403], [-76.9494653142772, 38.8674228548294], [-76.9494462538235, 38.867443302614], [-76.9493738532048, 38.8675253622739], [-76.9493699392451, 38.8675299274359], [-76.9493479844196, 38.8675524168174], [-76.9491095706449, 38.8678184902662], [-76.9489294099214, 38.8680174070008], [-76.9486570577952, 38.8683197625048], [-76.9484177798412, 38.8685609023618], [-76.9482027069925, 38.8687898009418], [-76.9481152946271, 38.8688926414345], [-76.9480609294845, 38.8689566049034], [-76.9477995619576, 38.8691941888933], [-76.9477843930057, 38.8692049052666], [-76.9464636710104, 38.8719794110002], [-76.9435235371877, 38.8707807421829], [-76.940163877551, 38.8714555099743], [-76.9391196677799, 38.8717934167063], [-76.9386365924477, 38.8720320109152], [-76.9382278679766, 38.8722293961042], [-76.9382549207413, 38.8725008071876], [-76.93881623125, 38.8749079135089], [-76.9388161872325, 38.8749078988225]]]}, "properties": {"Route": "R716_5A", "ROUTE_NUMB": 716, "CollectionDay": "Friday", "RunsPerWeek": 1, "RStatus": "Scheduled Other Day", "RecycleRouteArea": "OR_716A"}}, {"type": "Feature", "geometry": {"type": "Polygon", "coordinates": [[[-77.0028222516623, 38.834442992468], [-77.0035402023053, 38.8309730028742], [-77.0020319291467, 38.8309658321584], [-77.0020310461027, 38.8308728661094], [-77.0020269470901, 38.830521114103], [-77.0020255259553, 38.8301016467896], [-77.0020260613512, 38.8297977040121], [-77.0020247048951, 38.8294006198141], [-77.0020252052568, 38.8293286283185], [-77.0020272111948, 38.829255132872], [-76.9984994561072, 38.8292130634601], [-76.9958255263409, 38.8292106729292], [-76.9952399846757, 38.8287715374778], [-76.9947905377762, 38.828496139223], [-76.9941832622711, 38.8284752246635], [-76.9939579944422, 38.8285071031637], [-76.9936939005285, 38.8286988791277], [-76.9936531233027, 38.8287933756972], [-76.9936550439008, 38.8292118192083], [-76.99135088496, 38.8292065363868], [-76.991187935059, 38.8291020261539], [-77.0013167722641, 38.8212916449444], [-77.0022470792505, 38.8220141105533], [-77.0023050214846, 38.8220554479513], [-77.0023695043523, 38.8221009355784], [-77.0024565609848, 38.8221602064855], [-77.0025385825602, 38.8222097134162], [-77.0026370873227, 38.8222646737186], [-77.0027212666513, 38.8223099162569], [-77.0027900919751, 38.822344233771], [-77.0028581420528, 38.8223761185159], [-77.0030063586848, 38.8224399390534], [-77.0030909260857, 38.8224781113907], [-77.00318104238, 38.8225170696615], [-77.0035697811327, 38.8226869859819], [-77.0039387506609, 38.8228498332439], [-77.0042089234742, 38.8229712194149], [-77.0042816385032, 38.8230033649288], [-77.0044065213957, 38.8230600931765], [-77.0046394599387, 38.8231668546418], [-77.0047511241218, 38.8232161558127], [-77.0048427388061, 38.8232590399093], [-77.0049361456293, 38.823305082458], [-77.0050094769026, 38.8233436343565], [-77.0050794880026, 38.8233813450006], [-77.0051705708841, 38.8234338695826], [-77.0052552137435, 38.8234844457143], [-77.005324619379, 38.8235287342682], [-77.0053812159368, 38.8235686913637], [-77.0054287952058, 38.8236044828746], [-77.0054943479671, 38.8236541931599], [-77.0055828967013, 38.8237182344068], [-77.0056335473102, 38.8237547040048], [-77.0056698518241, 38.8236621344568], [-77.0056746946418, 38.8236497875488], [-77.0057299374385, 38.8235188508447], [-77.0057295206202, 38.8234896596743], [-77.0057288549686, 38.8234535307728], [-77.0057242466112, 38.8234051290879], [-77.0057178155721, 38.8233507834445], [-77.0056985305396, 38.823290804568], [-77.0056919360071, 38.8232702957992], [-77.0056875261773, 38.823257420427], [-77.0056644367796, 38.8231899949265], [-77.0056432464204, 38.8231317284815], [-77.005630936806, 38.8230978795561], [-77.0056047491189, 38.8230152416395], [-77.0055877035863, 38.8229561534093], [-77.0055670890472, 38.8228912534408], [-77.0055525605941, 38.8228388432368], [-77.005534034638, 38.8227803917394], [-77.005518209916, 38.8227213677021], [-77.0055008311085, 38.8226626753536], [-77.0054837217956, 38.8225959568576], [-77.0054700287757, 38.8225346244969], [-77.0054541699177, 38.8224726363049], [-77.0054379166992, 38.8223949674479], [-77.0054250645025, 38.8223277000015], [-77.0054137834591, 38.8222727250505], [-77.0053974475957, 38.8221871894012], [-77.0053855170704, 38.8221201093247], [-77.0053759733688, 38.8220621324521], [-77.005374289926, 38.8220464685612], [-77.0053684886059, 38.8219925194099], [-77.005356473639, 38.8218012159947], [-77.005346649663, 38.8217279899288], [-77.0053469748531, 38.8199090881537], [-77.0076037018486, 38.819684550102], [-77.0077030016201, 38.8196282027094], [-77.007902324307, 38.8195498728446], [-77.0079977954587, 38.819530269368], [-77.0080119547042, 38.8195278659138], [-77.0080987382489, 38.819513137231], [-77.0084555122488, 38.8194597663774], [-77.0089576956455, 38.8193883079527], [-77.0091458468834, 38.8193615402457], [-77.0093146636815, 38.8193363948998], [-77.0094419711269, 38.8193173785816], [-77.0095699496139, 38.8192969127622], [-77.0096364842337, 38.819287928125], [-77.0102772004236, 38.8191910791647], [-77.0103009734393, 38.8191879044062], [-77.0104956105136, 38.8191619114166], [-77.0107407634495, 38.8191281851868], [-77.0108046543275, 38.8191398763697], [-77.0108157054021, 38.8191536049683], [-77.0108318822638, 38.8191737019801], [-77.0108382872517, 38.8191809298759], [-77.01084368433, 38.8191867712638], [-77.0108454064004, 38.8191973005989], [-77.0108676945009, 38.8193335295042], [-77.0108724465887, 38.8193625767991], [-77.0108746528511, 38.8193760575899], [-77.0109024224714, 38.819590812031], [-77.0109142550804, 38.8196867169856], [-77.0109181726333, 38.8197249887844], [-77.0109251211021, 38.819792878798], [-77.0109318207374, 38.8198705637913], [-77.0109401687814, 38.8199634070283], [-77.0109447250365, 38.8200281178943], [-77.0109498166875, 38.8201015199817], [-77.0109584638705, 38.8202173564909], [-77.0109637980666, 38.8202935432527], [-77.0109694915889, 38.8203872251073], [-77.0109746901394, 38.820476783087], [-77.0109771254722, 38.8205008900938], [-77.0109794341425, 38.8205652134327], [-77.0109833633735, 38.8206799377655], [-77.0109855157369, 38.820742872366], [-77.0109880507826, 38.8208464479236], [-77.0109893075257, 38.8209006736983], [-77.0109902184174, 38.8209269446078], [-77.0109917940624, 38.8209723251735], [-77.010992365391, 38.8209887745716], [-77.0109934523525, 38.8210131781562], [-77.0109957116154, 38.8210637609066], [-77.0110009892177, 38.8211175315913], [-77.0110111464686, 38.8211718306473], [-77.0110176071521, 38.8212261597567], [-77.011019755024, 38.8212427693693], [-77.0110245520276, 38.821279840034], [-77.0110313603591, 38.8213344721098], [-77.0110418814277, 38.8214040200065], [-77.0110440292996, 38.8214176039933], [-77.0110595503911, 38.8214963790269], [-77.0110797903327, 38.8215790977925], [-77.0110817279988, 38.8215870190244], [-77.0110963462834, 38.8216467284832], [-77.0111131106433, 38.821705364979], [-77.0111167389387, 38.821717558251], [-77.0111339497612, 38.8217753632344], [-77.0111397411999, 38.8217936636218], [-77.0111519007955, 38.8218320854616], [-77.0111546011313, 38.8218406162579], [-77.0111666744887, 38.8218777558991], [-77.0111777740724, 38.8219116865902], [-77.011197435499, 38.8219584305856], [-77.0112037335874, 38.8219734037189], [-77.0112092393618, 38.8219881213947], [-77.0112166953786, 38.8220082623985], [-77.0112276979442, 38.8220357275855], [-77.0112335127391, 38.8220500883124], [-77.0112425237397, 38.8220668769006], [-77.0112593195406, 38.8221050480381], [-77.0112651442169, 38.8221216588454], [-77.0112806239858, 38.8221580872687], [-77.0112838390563, 38.8221656556999], [-77.0112866076639, 38.8221726677311], [-77.0113057570509, 38.822221184333], [-77.0113184358728, 38.8222534694602], [-77.0113322052495, 38.8223070831751], [-77.011378267264, 38.8223840046655], [-77.0114083401647, 38.8224524737365], [-77.0114373997659, 38.8225185736819], [-77.0114588389584, 38.8225792040874], [-77.0114864361023, 38.8226614561826], [-77.0115178187467, 38.8227333207455], [-77.0115305370945, 38.8227566690318], [-77.01154254218, 38.8227783796207], [-77.0115597026969, 38.8228275655827], [-77.0115856496355, 38.8228872313093], [-77.0115943543106, 38.8229064776299], [-77.0116152599039, 38.8229527016719], [-77.0117402461027, 38.8232290395908], [-77.0118467575493, 38.823484206362], [-77.0118884887858, 38.8235896493562], [-77.0119341151174, 38.8236900357175], [-77.0119683553027, 38.8237712213462], [-77.0120615303607, 38.8239909385046], [-77.0121484962633, 38.8241857639986], [-77.0122044873566, 38.8243149239511], [-77.0122369812171, 38.8243919083587], [-77.0122909672707, 38.8245199040862], [-77.012329062127, 38.8246131940637], [-77.0123374434086, 38.8246337731304], [-77.0123451051396, 38.8246525892717], [-77.0123666260789, 38.8247007150681], [-77.0123751501926, 38.8247231466079], [-77.0123836734081, 38.8247455788405], [-77.012402039464, 38.8247944982012], [-77.0124294740128, 38.8248780858443], [-77.012443749141, 38.8249248376901], [-77.0124553652559, 38.8249628855223], [-77.0124593870135, 38.824976055921], [-77.0124825177337, 38.8250610367423], [-77.0124962817205, 38.8251195185602], [-77.0125015781874, 38.8251420248513], [-77.0125102963373, 38.8251753220279], [-77.0125168208011, 38.8252002441614], [-77.0125309045882, 38.8252500240167], [-77.0125373544919, 38.8253072746565], [-77.0125492940004, 38.8253717574165], [-77.0125506765076, 38.82537921983], [-77.0125549318271, 38.8254063519918], [-77.0125630121731, 38.8254578792061], [-77.0125637990973, 38.8254650084864], [-77.012570779007, 38.8255282215932], [-77.0125736931418, 38.8255546335627], [-77.0125749633596, 38.8255699257667], [-77.0125765012754, 38.8255884505272], [-77.0125801457405, 38.8256323381642], [-77.0125837848157, 38.8256771796544], [-77.0125860350955, 38.8257049142637], [-77.0125899301906, 38.8257947356924], [-77.0125901484812, 38.8258076253024], [-77.0125916360913, 38.8258952568125], [-77.0125918229409, 38.8259062764409], [-77.0125917250245, 38.8259733431526], [-77.0125883976647, 38.8260589785289], [-77.012588182069, 38.8261621684433], [-77.0125889806713, 38.8264662436147], [-77.0125917429908, 38.8266209278189], [-77.0125971023398, 38.8269098777763], [-77.0125892555558, 38.8270050485533], [-77.0126010091129, 38.8270919906616], [-77.0125938127092, 38.8273446921105], [-77.0125908303025, 38.8277003172151], [-77.01258962656, 38.8278054509441], [-77.0125913486304, 38.8278971354351], [-77.0125911042886, 38.8279586346314], [-77.012590669504, 38.8280113853762], [-77.012590273347, 38.8282960713273], [-77.0125902580756, 38.828306989811], [-77.0125884910895, 38.8285744529481], [-77.0125867842904, 38.8286634176887], [-77.0126587132935, 38.8286621244407], [-77.0127321119405, 38.8286583783601], [-77.0128305403461, 38.8286506804544], [-77.0129256719347, 38.8286409712948], [-77.0130693368032, 38.8286234039686], [-77.0134302241888, 38.8285798365892], [-77.013449291829, 38.828577534913], [-77.0137693894125, 38.8285400999472], [-77.0138913662551, 38.8285258909887], [-77.0138932248694, 38.8285841698148], [-77.0138895489632, 38.828636519105], [-77.0138826031894, 38.8286968930693], [-77.0138596943531, 38.8287957956341], [-77.0138399448915, 38.8288642438432], [-77.0138233844493, 38.8289292440379], [-77.0138164979643, 38.8289838919384], [-77.0137861932982, 38.8290610756406], [-77.0137679251586, 38.8291266711897], [-77.0137493848294, 38.8291922204912], [-77.0137306531591, 38.8292578180188], [-77.0137119295737, 38.8293233056169], [-77.0136930523763, 38.8293887595642], [-77.0136684475207, 38.8294614815919], [-77.0136450383227, 38.8295345240542], [-77.0136235901469, 38.8295999701095], [-77.0135950740266, 38.8296624503535], [-77.0135690507311, 38.8297533199864], [-77.0135365954982, 38.8298239919331], [-77.0135037971089, 38.8298943866898], [-77.0134649279048, 38.8299791922895], [-77.0134379856328, 38.8300363117633], [-77.013399772199, 38.8301164516593], [-77.0133940831683, 38.8301283845666], [-77.0133862830967, 38.8301440018926], [-77.0133448725587, 38.8302269177507], [-77.0133102029786, 38.830295617909], [-77.0132811954798, 38.8303475551622], [-77.0132517046873, 38.8304001480831], [-77.0132154540723, 38.8304634624765], [-77.013188476766, 38.8305099328373], [-77.0131812947353, 38.8305220287301], [-77.0131383525698, 38.8305942814402], [-77.0131048229518, 38.8306477461172], [-77.0130655674722, 38.8307045949359], [-77.0129494206959, 38.8308760718373], [-77.0129219645876, 38.8309223137981], [-77.012821886875, 38.8310647035794], [-77.0127262387551, 38.8311937131947], [-77.0126043786936, 38.8313474578149], [-77.0123936231481, 38.8316090761578], [-77.0122656796955, 38.8317680255372], [-77.0121846166226, 38.8318691239372], [-77.0121232203662, 38.8319534954217], [-77.0121191905238, 38.8319590341578], [-77.0120419354093, 38.8320562520279], [-77.0118727098778, 38.8322663700086], [-77.01179811198, 38.8323591320031], [-77.0116190184551, 38.8325818330728], [-77.0115636418094, 38.8326509865088], [-77.0115253403406, 38.8326975226194], [-77.0115195408171, 38.8327047064564], [-77.0112471087409, 38.8330421465465], [-77.0112042635934, 38.8330942707326], [-77.0111967815254, 38.8331034761533], [-77.0109905103699, 38.8333572269007], [-77.010947800868, 38.8334099526521], [-77.0109084789131, 38.8334585119793], [-77.0107373417666, 38.8336699812564], [-77.0107265907293, 38.8336832669042], [-77.0106784643863, 38.8337429830128], [-77.0105743810859, 38.833872131924], [-77.0105052539281, 38.8339580069124], [-77.010491588756, 38.8339747870946], [-77.0104405132439, 38.8340375063143], [-77.0102417573941, 38.8342808119989], [-77.0101535176803, 38.8343905837704], [-77.010064712028, 38.8344997577842], [-77.0100265030857, 38.8345359405588], [-77.0100178846488, 38.8345441017635], [-77.0099565818172, 38.8345181458686], [-77.0095629463479, 38.8342955075374], [-77.0091908677505, 38.8340752231898], [-77.0091355782414, 38.8340443149465], [-77.0090505401234, 38.8339934328253], [-77.0087354793936, 38.8338083510244], [-77.0086828605759, 38.8337782585844], [-77.0086655437521, 38.8337683541915], [-77.0086566144982, 38.8337632109602], [-77.0086099308495, 38.8337363206014], [-77.0085546952393, 38.8337078151866], [-77.0084133210749, 38.8336548244466], [-77.008395000833, 38.8337037516806], [-77.0083685804821, 38.8337743980126], [-77.0083363606079, 38.8338722298902], [-77.0083190222246, 38.8339559356303], [-77.0083167342155, 38.8339669827009], [-77.0082854144532, 38.8340525587788], [-77.008283134529, 38.8340587873115], [-77.008263275473, 38.8341146334547], [-77.0082386373797, 38.8341946015176], [-77.008234506926, 38.8342080060259], [-77.0082112369669, 38.8342840595586], [-77.0081941177725, 38.8343407074428], [-77.0081900654723, 38.8343650483714], [-77.0081842857117, 38.834399758934], [-77.0081721377941, 38.8344576040027], [-77.0081523434168, 38.8345136499621], [-77.0081293519355, 38.8345854451817], [-77.0081255538584, 38.8345964277775], [-77.0081004055221, 38.834669141686], [-77.0080858007122, 38.8347193928494], [-77.0080635530359, 38.8347859551361], [-77.0080598196375, 38.8347982056465], [-77.0080333444895, 38.8348851074479], [-77.0080299785021, 38.8348955889778], [-77.0080063510135, 38.8349691443769], [-77.0079899621495, 38.8350190034701], [-77.007973543641, 38.835068902414], [-77.0079103013467, 38.835255735197], [-77.0078684497359, 38.8353785339903], [-77.0078509334862, 38.8354321406203], [-77.0078119268399, 38.8355515159724], [-77.0077843440691, 38.8356249797272], [-77.0077621224439, 38.8356658501926], [-77.0077539720294, 38.8356803530164], [-77.0077458198182, 38.8356948551376], [-77.0077131157519, 38.8357528719895], [-77.0076961878987, 38.8357816102983], [-77.0076787992098, 38.8358102583291], [-77.0076371030075, 38.8358764186454], [-77.0076246325948, 38.8358944103222], [-77.0075756968697, 38.8359650082972], [-77.0075656375351, 38.8359795215561], [-77.0075372615519, 38.8360209649026], [-77.0075203624448, 38.8360456460284], [-77.007505487242, 38.8360658299378], [-77.0073461467719, 38.8362820328701], [-77.0072900918981, 38.8363579757278], [-77.0071377358293, 38.8365598843506], [-77.0070884353882, 38.8366252210861], [-77.0037843167889, 38.8344335073196], [-77.0028222516623, 38.834442992468]]]}, "properties": {"Route": "R815_5", "ROUTE_NUMB": 815, "CollectionDay": "Friday", "RunsPerWeek": 1, "RStatus": "Scheduled Other Day", "RecycleRouteArea": "OR_815"}}, {"type": "Feature", "geometry": {"type": "Polygon", "coordinates": [[[-76.9673587414372, 38.8570759628056], [-76.9673221063432, 38.8570221115567], [-76.9672674393666, 38.8569419816736], [-76.9672204987998, 38.8568749077686], [-76.9671792445687, 38.8568108054155], [-76.9671291832545, 38.8567320729622], [-76.9670929299446, 38.8566805355116], [-76.967047602752, 38.8566165428102], [-76.9670049193013, 38.8565561694467], [-76.9669569420786, 38.8564887642974], [-76.9669115133764, 38.856424820391], [-76.9668687014665, 38.8563646189509], [-76.9668178577198, 38.8562934046367], [-76.9667674748087, 38.8562202882058], [-76.966725854065, 38.8561593268931], [-76.9666739107803, 38.8560842278284], [-76.9666332099114, 38.8560279379302], [-76.9665855084715, 38.855971683664], [-76.9665415655828, 38.855896732704], [-76.966495482907, 38.8558347099082], [-76.9664407925742, 38.8557636265774], [-76.9663886175242, 38.8556980122083], [-76.9663371647197, 38.8556319395772], [-76.9662855978291, 38.8555660074932], [-76.9662235314295, 38.8554869112971], [-76.9661666878349, 38.8554147601108], [-76.9660930053204, 38.8553150110102], [-76.9660308392078, 38.8552374752271], [-76.9659644007077, 38.8551546871456], [-76.9658908583303, 38.8550629286395], [-76.965831100601, 38.8549884174387], [-76.9657907249222, 38.8549418504345], [-76.965782940122, 38.8549328737939], [-76.9657100589047, 38.8548488345588], [-76.9656809463029, 38.8548031223163], [-76.9656563288709, 38.8547360393986], [-76.9656358562656, 38.8547183896705], [-76.9655648588154, 38.8546571787287], [-76.9655075507918, 38.8545852323697], [-76.965441164394, 38.8545095705995], [-76.9653499701213, 38.8544107436437], [-76.9652987679468, 38.8543559459749], [-76.965251257848, 38.8543023563996], [-76.9651991528666, 38.8542500322842], [-76.9651425383424, 38.8541944929597], [-76.9650839843556, 38.8541381672874], [-76.9650083839379, 38.854065811161], [-76.9649381428692, 38.8539992137423], [-76.9648753003252, 38.8539404156669], [-76.9648184989515, 38.8538865963224], [-76.9647398712113, 38.8538121083739], [-76.9646669819091, 38.8537426264198], [-76.9643485399207, 38.8534355547133], [-76.9641299896935, 38.8532250836937], [-76.9639899234761, 38.853089989288], [-76.9638551815734, 38.8529606346027], [-76.9638125951407, 38.8529197174056], [-76.9637135010834, 38.8528248352258], [-76.9635128354152, 38.8526451310565], [-76.9634619449561, 38.8525892987563], [-76.963372082885, 38.8524995643093], [-76.9632203062295, 38.8523575091385], [-76.9630362243598, 38.8521890012381], [-76.9629787779957, 38.8521435748129], [-76.9629230806514, 38.852103291664], [-76.9628357302698, 38.8520536397239], [-76.9627434050182, 38.8520116033767], [-76.9626766296499, 38.851986502444], [-76.9626109726841, 38.8519620737991], [-76.9625529576864, 38.8519476281614], [-76.9625311403031, 38.8519429710534], [-76.962523213569, 38.8519414984362], [-76.9625070762333, 38.8519385448067], [-76.9624978172976, 38.8519368364307], [-76.9624863556929, 38.8519352231976], [-76.9624777318662, 38.8519339100846], [-76.9624604626532, 38.851931408384], [-76.9624484467879, 38.851929956754], [-76.9624231277716, 38.8519254570504], [-76.9623884833444, 38.8519242229899], [-76.9623627142721, 38.8519230742782], [-76.9623093049369, 38.8519230225093], [-76.9622175698784, 38.8519259096792], [-76.9619672255784, 38.8519333993907], [-76.9620906963193, 38.8518143586372], [-76.962195826157, 38.8517301401221], [-76.9623062264104, 38.8516849981342], [-76.9623383510633, 38.8516158820833], [-76.9625366038566, 38.8514663689678], [-76.9626117676931, 38.8514074337786], [-76.9630724147876, 38.8510442015637], [-76.9632662945822, 38.8508998306389], [-76.963433663296, 38.8507687020025], [-76.9635009902299, 38.8507101824929], [-76.9635933801603, 38.8506437435383], [-76.9638909453015, 38.8504113347347], [-76.9639933810917, 38.8503306356275], [-76.9646043199265, 38.8498542165283], [-76.9646856983081, 38.8497906703273], [-76.9650997255343, 38.8494646082747], [-76.9653238300449, 38.8492907331347], [-76.9654330984211, 38.849204614296], [-76.9655860231235, 38.8490806108487], [-76.9657001325208, 38.8489973482616], [-76.9657493494186, 38.8489587353987], [-76.9660856544064, 38.8486970556037], [-76.9661330683854, 38.8486599068677], [-76.9662311302785, 38.848583931664], [-76.9665441069167, 38.8483383493574], [-76.9669905453584, 38.8479909114736], [-76.9673108261982, 38.8477401765033], [-76.9673736004703, 38.8476914177339], [-76.9676312444803, 38.8474917200255], [-76.9677493540755, 38.8474001986014], [-76.9680387409544, 38.847170530836], [-76.9680870307908, 38.8471361966054], [-76.9682588093344, 38.8470019959557], [-76.9686506571563, 38.8466988928482], [-76.9687096549109, 38.8466529773719], [-76.969372538827, 38.8461327342334], [-76.9694734223284, 38.8460539171976], [-76.9695468101955, 38.8459958240875], [-76.9696068976066, 38.8459499102564], [-76.9696519562029, 38.8459110753529], [-76.9697281998143, 38.8458562137656], [-76.9697766208048, 38.8458182043871], [-76.9699055820486, 38.845718094806], [-76.9701545851639, 38.8455234310926], [-76.9702470146201, 38.8454489154958], [-76.9703153476672, 38.8453989419717], [-76.9704353958268, 38.8453054721402], [-76.9706508477645, 38.8451370986582], [-76.9707745969831, 38.8450404765662], [-76.970883947106, 38.8449551012071], [-76.9709623646405, 38.8448904815647], [-76.9710161144372, 38.844852030191], [-76.9710654732688, 38.8448138586568], [-76.9710769708061, 38.8448049667951], [-76.9711545448224, 38.8447439928999], [-76.9713440641946, 38.844596334114], [-76.9714165501532, 38.8445398651086], [-76.9716590234147, 38.8443509843208], [-76.9717555249341, 38.8442758608943], [-76.9718468575473, 38.8442023633908], [-76.9719319899884, 38.8441382083369], [-76.9720406681715, 38.8440533062633], [-76.9722818739102, 38.8438639155309], [-76.972345223104, 38.8438143900756], [-76.97245375576, 38.8437280330196], [-76.9725110709701, 38.8436853347701], [-76.9725702358113, 38.8436391227911], [-76.9726240790328, 38.8435970723759], [-76.9727449114217, 38.8435023519773], [-76.9727984213682, 38.8434604211239], [-76.9728683381451, 38.8434056332106], [-76.9729342556223, 38.8433540707113], [-76.9729578265171, 38.8433356317352], [-76.9729804586723, 38.8433179085122], [-76.9731282315366, 38.843202178157], [-76.9731854658983, 38.843157374294], [-76.9732836697251, 38.8430804997381], [-76.9736002270481, 38.8428323390402], [-76.9739806249434, 38.8425354389627], [-76.9743458332255, 38.8422498465094], [-76.9746585547422, 38.8420052701654], [-76.9747538615023, 38.8419307207978], [-76.9749366605777, 38.8417933526714], [-76.9750376042662, 38.8417130663957], [-76.9754638925978, 38.8413813061741], [-76.9757174708328, 38.8415327912018], [-76.9761793369412, 38.8416557093048], [-76.9785925082384, 38.8413307154696], [-76.9785954385428, 38.8413407265616], [-76.9791163554064, 38.8431199931744], [-76.979121670738, 38.8431708092988], [-76.9791194563908, 38.8431861711833], [-76.9791172420436, 38.8432015323648], [-76.9790944338185, 38.8432709511504], [-76.9790639988967, 38.8433632887981], [-76.9790188675368, 38.8434995288345], [-76.9789979790115, 38.8435650012301], [-76.9789821084754, 38.8436144988726], [-76.9789743560145, 38.8436589134356], [-76.9789719727841, 38.8436725638416], [-76.9789530668406, 38.8437468881923], [-76.9789499299236, 38.8437592113243], [-76.9789335554326, 38.8438263969494], [-76.9789283775433, 38.8438795459352], [-76.9789180882401, 38.843955794832], [-76.9789160616408, 38.843975719723], [-76.9789078896666, 38.8440560552203], [-76.978906508956, 38.8440696180929], [-76.9789003905307, 38.8441620617517], [-76.9788999701191, 38.8441855639308], [-76.978899362858, 38.8442196428113], [-76.9789002018844, 38.8442349470975], [-76.978905366299, 38.844329215243], [-76.9789063409711, 38.8443469857907], [-76.9789122285295, 38.844379521155], [-76.9789202495866, 38.844423849183], [-76.9789308191643, 38.8445017276899], [-76.9789320013472, 38.8445082757495], [-76.9789343333737, 38.8445211871584], [-76.978948400991, 38.8445991061386], [-76.9789694898406, 38.8446784285355], [-76.978985446615, 38.8447304448487], [-76.9789912452402, 38.8447470489773], [-76.9789952975404, 38.8447586582918], [-76.9789978864851, 38.8447660724959], [-76.9790180204255, 38.8448169965902], [-76.9790229728377, 38.8448295189373], [-76.9790507316783, 38.8448996280882], [-76.9790762977313, 38.844963643925], [-76.9791069257909, 38.8450234960951], [-76.9791378377181, 38.8450803719119], [-76.9791608274029, 38.8451220681283], [-76.9791794979877, 38.8451559317685], [-76.9792199069042, 38.8452236925835], [-76.9792597049662, 38.845283480867], [-76.9792933127376, 38.8453301948232], [-76.9793445858791, 38.8453930810455], [-76.9793985485765, 38.8454592667352], [-76.9794516695525, 38.8455220576919], [-76.9794978384666, 38.8455719828541], [-76.9795310851152, 38.8456115490695], [-76.9795374460857, 38.8456191192051], [-76.9795825208517, 38.8456664220398], [-76.9796454828717, 38.8457399229284], [-76.9795178942536, 38.8457835504676], [-76.9793355811667, 38.8458391838146], [-76.9792200434481, 38.8458739202646], [-76.9791006070412, 38.845911698732], [-76.9787486336381, 38.8460230988132], [-76.9785565307112, 38.8460837987531], [-76.9784663560264, 38.8461123908634], [-76.9790256641903, 38.8475551948196], [-76.9794699251157, 38.8487921328845], [-76.9797413735367, 38.8496819787117], [-76.9797767527859, 38.8499870202934], [-76.9798490105724, 38.8506690891029], [-76.9810138092889, 38.850756773955], [-76.9810642011831, 38.8514427747499], [-76.9812029603518, 38.851589263613], [-76.9811899635262, 38.8515967491624], [-76.9812371160955, 38.851636399475], [-76.9812544984962, 38.8516506828726], [-76.9812687278103, 38.8516623771093], [-76.9813225153363, 38.8517042968325], [-76.9813413350415, 38.8517182779967], [-76.9813605338357, 38.8517325424891], [-76.9813755509723, 38.8517437001325], [-76.9816345280822, 38.8519274326666], [-76.9818532184466, 38.8520813906392], [-76.9819508734028, 38.852150138959], [-76.9820913097261, 38.8522510950722], [-76.9821643849795, 38.8523034038683], [-76.9822275275608, 38.8523486021295], [-76.9824952093458, 38.8525377694968], [-76.9827558474407, 38.8527219372128], [-76.9828507840949, 38.8527903680073], [-76.9829838596227, 38.8528872698956], [-76.9830465458599, 38.8529361377345], [-76.983056774976, 38.8529471049058], [-76.9831089365513, 38.8530030264702], [-76.9831445781085, 38.8530513373721], [-76.9831807918926, 38.8530995691898], [-76.9832164029071, 38.8531606709402], [-76.9832614902495, 38.8532360193399], [-76.9833049058272, 38.8533051240226], [-76.9828198506081, 38.8534843046485], [-76.9824163219925, 38.8536341325234], [-76.9821810631011, 38.8537190959176], [-76.9821564205162, 38.853727996459], [-76.9821259128309, 38.8537391006226], [-76.9820436972194, 38.8537690293185], [-76.9819572577295, 38.8537991790635], [-76.9818428231421, 38.8538350155355], [-76.9817495896937, 38.8538642411316], [-76.9816434025389, 38.853895971845], [-76.9815334676128, 38.8539285630044], [-76.9813275728513, 38.8539855527256], [-76.9810744617402, 38.8540474512133], [-76.9807392113745, 38.8541124794753], [-76.9805231961931, 38.8541532189978], [-76.9803177964034, 38.8541838876524], [-76.9801914259008, 38.8542006700607], [-76.9799766450046, 38.854224038106], [-76.9797235446733, 38.8542396032739], [-76.9794616076145, 38.8542508500675], [-76.9792335334487, 38.854252263874], [-76.9789375439525, 38.8542523289329], [-76.9787169626345, 38.8542455614094], [-76.9785457338599, 38.8542328567359], [-76.9782788659485, 38.8542034431102], [-76.9780934563688, 38.8541786521559], [-76.97771323634, 38.8541185950223], [-76.9776100693212, 38.8540972241845], [-76.9774296058654, 38.8540597795567], [-76.9755279092399, 38.8563676101716], [-76.9754493470767, 38.8563219569669], [-76.9753920282734, 38.8563741900172], [-76.9753218985958, 38.8564383088532], [-76.9752776637545, 38.8564787518393], [-76.9752145867502, 38.8565354974778], [-76.9751508494842, 38.8565948229556], [-76.9750742151056, 38.856664930305], [-76.974945143369, 38.8567853340249], [-76.9747130402591, 38.8570021910193], [-76.9746556010816, 38.8570558527105], [-76.9746195543841, 38.8570895120033], [-76.974518759816, 38.8571836260073], [-76.9744574012888, 38.8572408453637], [-76.9743639648212, 38.8573276700896], [-76.9742906146833, 38.8573958768012], [-76.9741666893949, 38.8575111727451], [-76.974111902044, 38.8575613742], [-76.9740507743839, 38.8576173124225], [-76.9739813516804, 38.8576808817107], [-76.973906433084, 38.8577512587051], [-76.9737754461392, 38.8578743040805], [-76.9736885997125, 38.8579559075044], [-76.9736130999061, 38.8580232776862], [-76.9735429810083, 38.8580853006719], [-76.9734304427644, 38.8580108541955], [-76.9733122388461, 38.8579333675199], [-76.972826303278, 38.8580148960273], [-76.9701492455779, 38.8584640373885], [-76.9683194294464, 38.8587709908513], [-76.9682580996653, 38.8588439437717], [-76.9681970160226, 38.8589140027361], [-76.9681809927729, 38.8588200617033], [-76.9681675405016, 38.8587459083929], [-76.9681507662603, 38.8586658098316], [-76.9681341582073, 38.8585957506228], [-76.9681135849906, 38.8585171215754], [-76.9680953896146, 38.8584355586679], [-76.9680650202697, 38.858325130069], [-76.9680396293882, 38.8582528922238], [-76.9680183743503, 38.85819932727], [-76.9679971157191, 38.8581466128916], [-76.9679667643406, 38.8580729191632], [-76.9679211541787, 38.8579673222949], [-76.9678810956052, 38.8578824038485], [-76.9678479819072, 38.8578140604969], [-76.9678132575299, 38.8577483787668], [-76.9677880759559, 38.8576979123243], [-76.9677197015863, 38.8576103591456], [-76.9676598522288, 38.8575202323038], [-76.9676160548672, 38.8574500768307], [-76.9675591843231, 38.8573642197006], [-76.9675118592774, 38.8572908826202], [-76.9674654289536, 38.8572330141416], [-76.9674152095359, 38.8571589536127], [-76.9673587414372, 38.8570759628056]]]}, "properties": {"Route": "R812_5", "ROUTE_NUMB": 812, "CollectionDay": "Friday", "RunsPerWeek": 1, "RStatus": "Scheduled Other Day", "RecycleRouteArea": "OR_812"}}, {"type": "Feature", "geometry": {"type": "Polygon", "coordinates": [[[-76.9708495488172, 38.8685292187581], [-76.9707955088646, 38.8684364493649], [-76.9707408598543, 38.868341977464], [-76.9706939354571, 38.8682550339966], [-76.970666038276, 38.8682083420907], [-76.9706310641671, 38.8681517057844], [-76.9705367195026, 38.8679964320166], [-76.970504187913, 38.8679397955415], [-76.9704773480489, 38.8678920689808], [-76.9704480728521, 38.8678360702975], [-76.9704269283069, 38.8677959792867], [-76.97039857029, 38.8677345977511], [-76.9703863990163, 38.8677076104217], [-76.9703630751582, 38.8676558934796], [-76.970330869657, 38.8675782179778], [-76.9703095095162, 38.8675226631837], [-76.9702900591936, 38.867466285819], [-76.9702674566827, 38.8673942712856], [-76.9702537915107, 38.8673444789444], [-76.9702388318662, 38.8672876859772], [-76.9702220755912, 38.867212468571], [-76.9790082332805, 38.8672737372499], [-76.9829501036293, 38.8672790634077], [-76.9830563312083, 38.867334931037], [-76.9843629523486, 38.8666418254876], [-76.9851306876247, 38.866782817662], [-76.9850621183207, 38.8701392189455], [-76.9807880446917, 38.8720454369692], [-76.9790441398407, 38.8729189517018], [-76.9779552047483, 38.873451778479], [-76.9763628825167, 38.8739935027634], [-76.9750967098186, 38.8742500421904], [-76.9739471761738, 38.8744343886594], [-76.9729506453847, 38.8745405037736], [-76.970650296199, 38.8734713859862], [-76.9709682018932, 38.8733117017196], [-76.9732302855427, 38.8722289813712], [-76.9731915295264, 38.8701791100048], [-76.9730829815991, 38.8701074584116], [-76.972908093088, 38.8699920157349], [-76.9727867549476, 38.8699121508541], [-76.9723873810403, 38.8696481659758], [-76.9722680820756, 38.8695696239872], [-76.9721363746819, 38.8694835940494], [-76.9720798984983, 38.8694580950255], [-76.9720123101547, 38.8694021996896], [-76.9718400950298, 38.869286589408], [-76.9717584570352, 38.8692317836188], [-76.97168812344, 38.8691836865382], [-76.9716188821962, 38.8691384758963], [-76.971561256169, 38.8690999620943], [-76.9713738154985, 38.8689757968004], [-76.9712984198967, 38.8689257922459], [-76.971067368714, 38.8687725505708], [-76.9710541059872, 38.8687637554258], [-76.9709674068842, 38.8687112384211], [-76.9709220365724, 38.8686746128109], [-76.970907655443, 38.8686387152743], [-76.970901831665, 38.8686250123073], [-76.9708943271391, 38.8686087103053], [-76.9708838437998, 38.8685889930471], [-76.9708804391849, 38.8685823059221], [-76.9708495488172, 38.8685292187581]]]}, "properties": {"Route": "R715_5A", "ROUTE_NUMB": 715, "CollectionDay": "Friday", "RunsPerWeek": 1, "RStatus": "Scheduled Other Day", "RecycleRouteArea": "OR_715A"}}, {"type": "Feature", "geometry": {"type": "Polygon", "coordinates": [[[-76.9595275342174, 38.8808013024826], [-76.9611392789238, 38.8785502013856], [-76.9613559795198, 38.8782705628077], [-76.9615880826296, 38.8780649780433], [-76.9620205046579, 38.8778166673708], [-76.9619611844082, 38.8777573728873], [-76.9619390687842, 38.8777394498422], [-76.961897019544, 38.8777053737356], [-76.9618653692016, 38.8776853925571], [-76.9618357463568, 38.8776666918416], [-76.961820637592, 38.8776571537126], [-76.9617344532237, 38.8776201914399], [-76.96164123325, 38.8775958380373], [-76.9615874843516, 38.8775892286858], [-76.9615583439021, 38.8775856453275], [-76.9615332548546, 38.8775825598907], [-76.9614040133363, 38.8775836130793], [-76.9613424032809, 38.8775903343238], [-76.9612679473169, 38.8776045432747], [-76.961135504203, 38.8776507122054], [-76.9610475456619, 38.8776983371053], [-76.9610391275494, 38.8777047618244], [-76.9607526440255, 38.8777998786479], [-76.9522633247404, 38.8743420731649], [-76.9522884236694, 38.8742453858435], [-76.9537559546367, 38.873951778014], [-76.9571196755568, 38.8739500282049], [-76.957485644712, 38.8742076916629], [-76.9610503349309, 38.8746994418632], [-76.9610388589531, 38.8746118767499], [-76.9610022561985, 38.8743201726949], [-76.9608668791869, 38.8732149766293], [-76.960736208449, 38.8721486077557], [-76.9612154255172, 38.8723451981253], [-76.9615191557962, 38.8724546880641], [-76.9620030656633, 38.8726063076384], [-76.9624706459552, 38.8727230175352], [-76.9633205546219, 38.8728694583667], [-76.9638886357329, 38.8729251082932], [-76.9647703779983, 38.8729423632515], [-76.964770143538, 38.8720164797153], [-76.9664254035351, 38.8720180484317], [-76.9666231146443, 38.8718469455419], [-76.9689711095743, 38.8727884308598], [-76.9689736940274, 38.8683894008744], [-76.9708495488172, 38.8685292187581], [-76.9708804391849, 38.8685823059221], [-76.9708838437998, 38.8685889930471], [-76.9708943271391, 38.8686087103053], [-76.970901831665, 38.8686250123073], [-76.970907655443, 38.8686387152743], [-76.9709220365724, 38.8686746128109], [-76.9709674068842, 38.8687112384211], [-76.9710541059872, 38.8687637554258], [-76.971067368714, 38.8687725505708], [-76.9712984198967, 38.8689257922459], [-76.9713738154985, 38.8689757968004], [-76.971561256169, 38.8690999620943], [-76.9716188821962, 38.8691384758963], [-76.97168812344, 38.8691836865382], [-76.9717584570352, 38.8692317836188], [-76.9718400950298, 38.869286589408], [-76.9720123101547, 38.8694021996896], [-76.9720798984983, 38.8694580950255], [-76.9721363746819, 38.8694835940494], [-76.9722680820756, 38.8695696239872], [-76.9723873810403, 38.8696481659758], [-76.9727867549476, 38.8699121508541], [-76.972908093088, 38.8699920157349], [-76.9730829815991, 38.8701074584116], [-76.9731915295264, 38.8701791100048], [-76.9732302855427, 38.8722289813712], [-76.9709682018932, 38.8733117017196], [-76.970650296199, 38.8734713859862], [-76.9729506453847, 38.8745405037736], [-76.9725603768011, 38.8746326015102], [-76.9724888385651, 38.8746500875412], [-76.9724336334976, 38.8746632270637], [-76.9723575677526, 38.8746796941241], [-76.9722808112032, 38.8746943596376], [-76.9722422034089, 38.8747009265976], [-76.9721646410706, 38.8747127995758], [-76.9720820086409, 38.8747255719245], [-76.9720380989898, 38.87473285782], [-76.9719941893387, 38.8747398737632], [-76.9719501647033, 38.8747467099712], [-76.9719061400678, 38.8747531853107], [-76.9718619995497, 38.8747594802157], [-76.9718177449456, 38.8747655051687], [-76.9717736053258, 38.8747712601698], [-76.9717292348389, 38.8747767445196], [-76.9716472950103, 38.8747863634612], [-76.9715846006883, 38.8747935549374], [-76.9714687773055, 38.8748074903001], [-76.9713534147584, 38.8748234069343], [-76.9712385121487, 38.8748414852723], [-76.9711241844608, 38.8748615455783], [-76.971010432593, 38.8748836780673], [-76.970834327763, 38.8749215600158], [-76.9707717457304, 38.8749366779617], [-76.9706415088788, 38.8749695259314], [-76.9705029733907, 38.8750077770929], [-76.9703657036288, 38.8750490004854], [-76.9702300454444, 38.8750931975025], [-76.9701383139792, 38.8751404653486], [-76.9699853623273, 38.8751723928768], [-76.9698464639198, 38.8752291256945], [-76.9696997313047, 38.8752980019962], [-76.969493978477, 38.8754050585444], [-76.9693882782091, 38.8754600721759], [-76.9691685718502, 38.87558469051], [-76.9690180258867, 38.8756765365273], [-76.9688716256482, 38.8757724372352], [-76.9687765210091, 38.8758386233275], [-76.9686121733295, 38.875958298032], [-76.968469987088, 38.8760719483927], [-76.9682907121034, 38.8762335104841], [-76.967978504423, 38.8765186315026], [-76.967681164759, 38.8767951075832], [-76.9673815730184, 38.8770683376811], [-76.9672205697667, 38.8772164822233], [-76.9670559301347, 38.8773665153485], [-76.9663822637402, 38.8779772730159], [-76.9657799217826, 38.8785927318474], [-76.965414341598, 38.8790290359775], [-76.9644870960701, 38.8801983579202], [-76.963707100587, 38.8813423595643], [-76.9595275342174, 38.8808013024826]]]}, "properties": {"Route": "R712_5B", "ROUTE_NUMB": 712, "CollectionDay": "Friday", "RunsPerWeek": 1, "RStatus": "Scheduled Other Day", "RecycleRouteArea": "OR_712B"}}, {"type": "Feature", "geometry": {"type": "Polygon", "coordinates": [[[-76.9984568723694, 38.8876206592664], [-76.9984614861167, 38.8864734079481], [-76.9961981897415, 38.8873932016175], [-76.996176896076, 38.8846827840402], [-76.9915325171239, 38.8828004901903], [-76.9918414648181, 38.8827439501242], [-76.9961825330044, 38.8827318127622], [-76.9984486240385, 38.8827333050208], [-76.9984511932202, 38.8827333064194], [-77.000462189663, 38.8827361902405], [-77.0005151633153, 38.8827319645055], [-77.0005786679177, 38.8827104337419], [-77.0020362742977, 38.8823094540707], [-77.0029797919086, 38.8820628630851], [-77.0032934422833, 38.8819808894379], [-77.0033281127617, 38.8819791321344], [-77.0035139202951, 38.8819697127634], [-77.005893544008, 38.8819614535055], [-77.005893789248, 38.8832412046704], [-77.0058938117059, 38.8832727642382], [-77.0058950702456, 38.8850722853388], [-77.005895068449, 38.8850742278682], [-77.0058950450928, 38.885105020239], [-77.0058943435086, 38.8860469921033], [-77.003515965759, 38.8860464578801], [-77.0035163152036, 38.8861270828892], [-77.0035173644359, 38.8863550851061], [-77.0035175988962, 38.8864474206563], [-77.0035199506856, 38.8873875350426], [-77.0035199515839, 38.8874078945742], [-77.0035198437861, 38.8875568929962], [-77.0035217625875, 38.8876214633804], [-76.9984568723694, 38.8876206592664]], [[-76.9981181077943, 38.8847720380379], [-76.9981181077943, 38.8843539716557], [-76.9979312986394, 38.8843585154583], [-76.9979196223373, 38.8847720380379], [-76.9981181077943, 38.8847720380379]], [[-77.0055525228649, 38.8826453267431], [-77.0055466847138, 38.8825385342414], [-77.0038858362974, 38.8825498954361], [-77.0038741608937, 38.8829497947683], [-77.0055408474611, 38.8829497954676], [-77.0055525228649, 38.8826453267431]]]}, "properties": {"Route": "R619_1", "ROUTE_NUMB": 619, "CollectionDay": "Monday", "RunsPerWeek": 1, "RStatus": "Scheduled Other Day", "RecycleRouteArea": "IC_619"}}, {"type": "Feature", "geometry": {"type": "Polygon", "coordinates": [[[-76.9855107459568, 38.8961223794038], [-76.9855110118581, 38.8954997585937], [-76.9855110154514, 38.8954919861203], [-76.9855110585705, 38.8953915081048], [-76.9855110612654, 38.8953857184178], [-76.9855110630621, 38.8953824806396], [-76.9855110648587, 38.8953789792804], [-76.9855110846216, 38.8953319716988], [-76.9855111025879, 38.8952890429512], [-76.9855111268425, 38.89523223526], [-76.9855112463184, 38.8949535167103], [-76.9855112777594, 38.8948796457987], [-76.9855113172853, 38.8947879665329], [-76.9855124967733, 38.892031098918], [-76.9855125012649, 38.8920201489626], [-76.9871287905482, 38.8920150183335], [-76.9878334766678, 38.8920127809373], [-76.9882087361997, 38.8920115902229], [-76.9883522941686, 38.8920111336542], [-76.9883649065152, 38.8920111546298], [-76.9885734566966, 38.8920115070197], [-76.9926492712441, 38.8920183835173], [-76.9927505913267, 38.8920184807041], [-76.9927735298075, 38.8920189316793], [-76.9930229721989, 38.8920238113002], [-76.9930692093849, 38.8920233533333], [-76.9930861390348, 38.8920231862277], [-76.9935041053735, 38.8920190652239], [-76.9936381636583, 38.8920188009315], [-76.9937611555971, 38.8920186282324], [-76.9938705461442, 38.89201836394], [-76.9938858767929, 38.8920184562326], [-76.994182002833, 38.8920200916294], [-76.994643540158, 38.8920188526712], [-76.9948026111336, 38.8920220136924], [-76.994963180499, 38.8920251726158], [-76.9956808454778, 38.8920247510065], [-76.9961704982746, 38.8922242138747], [-76.9961701299653, 38.8947954727038], [-76.9955161411671, 38.8947930109651], [-76.995489155776, 38.8947932144203], [-76.995080907412, 38.8947922390935], [-76.9948323893869, 38.8947922691574], [-76.9937580312566, 38.8947923957052], [-76.9926952012063, 38.8947918552553], [-76.9916492558901, 38.8947913245936], [-76.9915319835247, 38.8947912644659], [-76.9914295055137, 38.8947912574743], [-76.9906545217315, 38.8947913777297], [-76.9903483552215, 38.8947916231345], [-76.9902462230619, 38.8947917049361], [-76.9902459787201, 38.8948877336594], [-76.9902453759505, 38.8950809632014], [-76.9902458781088, 38.8951602747307], [-76.9902471815643, 38.8953660792033], [-76.9902476325185, 38.8954432810711], [-76.9902479684885, 38.8955134556797], [-76.9902488712953, 38.8956549778633], [-76.9902483125432, 38.895726114992], [-76.9902458215149, 38.8960433283322], [-76.9902457047339, 38.896053507907], [-76.9902461556882, 38.8961240426719], [-76.990128690185, 38.8961242132634], [-76.9901013697223, 38.8961243006567], [-76.9892982435189, 38.8961242300429], [-76.9892535442487, 38.8961240014222], [-76.9885269347446, 38.8961202833644], [-76.9884394406326, 38.8961214453449], [-76.9883115995879, 38.8961231442694], [-76.9879014225409, 38.8961285039215], [-76.9877217460094, 38.8961281627384], [-76.9877214747182, 38.8961281620392], [-76.9869037050774, 38.8961260233521], [-76.9859221563906, 38.8961234560884], [-76.9855107459568, 38.8961223794038]], [[-76.9860607538625, 38.8942782973495], [-76.9862344853435, 38.8939991394751], [-76.9863951418456, 38.8938537440958], [-76.9865053579444, 38.8937228876504], [-76.9865296438981, 38.8936312886944], [-76.9863671206969, 38.8936283808446], [-76.9863521754255, 38.8937141641119], [-76.9862475621191, 38.893807217232], [-76.9862176724747, 38.8938333885093], [-76.986184046737, 38.893839204192], [-76.986142949711, 38.8938406584622], [-76.9860084467602, 38.8938217564432], [-76.9855881268354, 38.8938159407591], [-76.985588125937, 38.8939380728228], [-76.9859486674713, 38.8939235343345], [-76.9859617442469, 38.8940602053758], [-76.9859113056403, 38.8942085074594], [-76.9858324910505, 38.8943538342936], [-76.9857995884566, 38.8944509074583], [-76.9857766329078, 38.8944646047465], [-76.9855906969154, 38.8944628176878], [-76.9855891670845, 38.8945884752074], [-76.9858454986558, 38.8945849024946], [-76.9858852877347, 38.8945706095443], [-76.9859083510813, 38.894536987575], [-76.9860607538625, 38.8942782973495]], [[-76.9882053208049, 38.8938493819852], [-76.9873778403759, 38.8938765285863], [-76.9873273191243, 38.8938726461063], [-76.9871479812576, 38.8941009157139], [-76.9871405099694, 38.8941692514463], [-76.9872563306573, 38.8941692514463], [-76.9872600667506, 38.8941067320739], [-76.9874151186636, 38.8939526127065], [-76.9878204942153, 38.893939527091], [-76.9878317024951, 38.8941401724639], [-76.9879493916788, 38.8941416260288], [-76.9879475240813, 38.8939395277902], [-76.9882165290847, 38.89394098066], [-76.9882053208049, 38.8938493819852]], [[-76.994477441662, 38.8922017602677], [-76.9941638883053, 38.8921962143361], [-76.9941852673108, 38.8930725598419], [-76.9940112277076, 38.8930805996652], [-76.994019984485, 38.8934963430828], [-76.9946413437771, 38.8935162743689], [-76.9946413437771, 38.8931335706051], [-76.9945059470026, 38.8930392811581], [-76.994477441662, 38.8922017602677]], [[-76.9882902026161, 38.8929397456593], [-76.9882756076877, 38.8928238821107], [-76.9881413382988, 38.8928375132907], [-76.9877268556267, 38.8933077818069], [-76.9877268565251, 38.8933759365175], [-76.9881705272573, 38.8933713932916], [-76.9882434992045, 38.8933713932916], [-76.9882434992045, 38.8932532588304], [-76.9879399351138, 38.8932509865144], [-76.9881938789632, 38.8929533775163], [-76.9882902026161, 38.8929397456593]]]}, "properties": {"Route": "R614_1", "ROUTE_NUMB": 614, "CollectionDay": "Monday", "RunsPerWeek": 1, "RStatus": "Scheduled Other Day", "RecycleRouteArea": "IC_614"}}, {"type": "Feature", "geometry": {"type": "Polygon", "coordinates": [[[-76.9836499253716, 38.8947905177641], [-76.9836494825022, 38.8947108835091], [-76.9836481610804, 38.8944411730203], [-76.9836481449107, 38.8944222606737], [-76.9836477999576, 38.894005167691], [-76.9836485374745, 38.8938700766637], [-76.9836497250473, 38.8936530307934], [-76.9836498472182, 38.893624654266], [-76.9836503305118, 38.8935262830089], [-76.9836502182224, 38.8935115997078], [-76.9836493208054, 38.893406021223], [-76.9836467417422, 38.8930882954932], [-76.9836474541063, 38.8928649385514], [-76.9836481080798, 38.8926594973965], [-76.9836483560148, 38.8925856282939], [-76.9836481332326, 38.8925509461256], [-76.9836479185353, 38.8924929021887], [-76.9836515001183, 38.8909363760993], [-76.983738181255, 38.8909360278992], [-76.9837787554614, 38.8909361236892], [-76.9838648598798, 38.8909363152691], [-76.9853889236245, 38.8909391288376], [-76.9854507070548, 38.890939226026], [-76.9855123755007, 38.8909393239135], [-76.9855127599797, 38.8898107013545], [-76.9855127707594, 38.8897791698625], [-76.9855127860308, 38.889734611399], [-76.9855127968106, 38.8897022310334], [-76.9855128219634, 38.8896281840528], [-76.9855128956253, 38.8894128361916], [-76.9855129908467, 38.8891323027177], [-76.9855130851698, 38.8888558354838], [-76.9855131157125, 38.8887659999725], [-76.9855132666295, 38.8883241226948], [-76.9855133896987, 38.8879624670351], [-76.9855134004785, 38.8879306431453], [-76.9855134085633, 38.8879103865498], [-76.9855134310212, 38.8878431205571], [-76.9855186098088, 38.8859616002441], [-76.9855195458533, 38.885432053749], [-76.9855196293966, 38.885385505985], [-76.9883173964164, 38.8853626404547], [-76.9883142235668, 38.8841140937088], [-76.9902474519572, 38.8841112826672], [-76.9902473675155, 38.8853663926398], [-76.9902457074289, 38.8875990586629], [-76.9902384526347, 38.8892380420814], [-76.9883182579008, 38.8892503873967], [-76.9882926999326, 38.8906048573879], [-76.985514749748, 38.8917354851884], [-76.9855125012649, 38.8920201489626], [-76.9855124967733, 38.892031098918], [-76.9855113172853, 38.8947879665329], [-76.9854661401114, 38.8947883587611], [-76.985408539237, 38.8947883077225], [-76.9852902697417, 38.8947883161124], [-76.9849630494163, 38.8947892634729], [-76.984824453741, 38.8947886027676], [-76.9848084718137, 38.8947885265593], [-76.9848068180153, 38.8947885188685], [-76.9848050204864, 38.8947885111778], [-76.9848047923144, 38.8947885104786], [-76.9847598289394, 38.8947885377458], [-76.9846468118935, 38.8947886055642], [-76.9846043673947, 38.8947886188483], [-76.9845721142827, 38.8947899220806], [-76.9845025307808, 38.8947886684886], [-76.9844924597682, 38.8947886698869], [-76.98447909643, 38.8947886698869], [-76.9844632537417, 38.894788670586], [-76.9844614957386, 38.894788670586], [-76.9842519349525, 38.8947887544851], [-76.9841716246678, 38.8947905729977], [-76.983864265195, 38.8947900654083], [-76.9838639885139, 38.8947900640099], [-76.983737466196, 38.8947894767164], [-76.9837022908645, 38.8947891788746], [-76.9836499253716, 38.8947905177641]], [[-76.9879064270554, 38.8883328650751], [-76.9879187735007, 38.8876789805832], [-76.9876907352675, 38.887682531268], [-76.9877044175076, 38.8880623800981], [-76.9874626970343, 38.8879949300033], [-76.9871297607287, 38.8879132806492], [-76.9868196281567, 38.8878635802972], [-76.98656878619, 38.8878138806096], [-76.9864605993854, 38.8878107949179], [-76.9863984287812, 38.8878005582234], [-76.9864020166524, 38.8876423542592], [-76.9862728937118, 38.8876451462821], [-76.9862752841288, 38.8878349909894], [-76.9862968041697, 38.887879660423], [-76.9863625617469, 38.8879057178128], [-76.9866235160487, 38.8879597141815], [-76.9870438359735, 38.8880528657397], [-76.9873619949926, 38.8881414736154], [-76.9875283710681, 38.8881846409232], [-76.987662640457, 38.8882050890278], [-76.9877308261803, 38.8882499833787], [-76.9877420353584, 38.8884608226902], [-76.9877420344601, 38.8885393424031], [-76.9876710468914, 38.8886411271646], [-76.987848515364, 38.8887414574058], [-76.9879381842973, 38.8886309479259], [-76.9879064270554, 38.8883328650751]]]}, "properties": {"Route": "R621_1", "ROUTE_NUMB": 621, "CollectionDay": "Monday", "RunsPerWeek": 1, "RStatus": "Scheduled Other Day", "RecycleRouteArea": "IC_621"}}, {"type": "Feature", "geometry": {"type": "MultiPolygon", "coordinates": [[[[-76.9772630627033, 38.8829081186324], [-76.9772632531462, 38.8828210237579], [-76.9776910227996, 38.8828423502991], [-76.9780504998302, 38.8828440397514], [-76.9783741331827, 38.8828452711775], [-76.9789170965, 38.882843568439], [-76.9790017420543, 38.8828434796308], [-76.9790633548047, 38.8828434145981], [-76.9793398490626, 38.8828431936267], [-76.9793059457455, 38.8828561694021], [-76.9792606185528, 38.8828735135544], [-76.9791962857038, 38.8829007489627], [-76.9791471694173, 38.8829215433311], [-76.9790007817552, 38.8829810691613], [-76.9788987070878, 38.8830227256747], [-76.9788905854193, 38.8830260402373], [-76.9788808899025, 38.8830300275021], [-76.9788644255799, 38.8830367692098], [-76.9787936203692, 38.8830657730205], [-76.9787321378746, 38.8830909426992], [-76.978612035816, 38.8831399443193], [-76.9785286991071, 38.8831740639719], [-76.9784405905474, 38.8832101366775], [-76.9783805058313, 38.8832347356985], [-76.9782977925532, 38.8832685693031], [-76.9781926510374, 38.8833115332866], [-76.9778573809088, 38.8834472954158], [-76.9778426620128, 38.8834532532015], [-76.9777567938515, 38.88348801813], [-76.9775413670666, 38.8835753023883], [-76.9773716187155, 38.8836438790056], [-76.977371560325, 38.8836439027808], [-76.9773699002384, 38.8836445733795], [-76.9773695193527, 38.8836447237222], [-76.9773585293635, 38.8836487843755], [-76.9772630456353, 38.8836839212192], [-76.9772626261221, 38.8835551913976], [-76.9772623081185, 38.8834689804948], [-76.9772630627033, 38.8829081186324]]], [[[-76.9836567768223, 38.8811404976341], [-76.9836583668403, 38.8810868813934], [-76.9835355761242, 38.8811360382402], [-76.9834795410134, 38.8811576855636], [-76.9833802780728, 38.8811980158883], [-76.9832781926256, 38.8812386245085], [-76.983257186421, 38.8812469810521], [-76.9829258221672, 38.8813812981952], [-76.9828175266664, 38.8814269828608], [-76.9828064261844, 38.8814316478279], [-76.982704220363, 38.8814750115175], [-76.9823388881134, 38.8816267489086], [-76.9823305921717, 38.8816301929047], [-76.982236776615, 38.8816681230043], [-76.9821145671088, 38.8817175332904], [-76.9821144206834, 38.8817175927299], [-76.981221278797, 38.8820800626792], [-76.981170662324, 38.8821006048463], [-76.9809824005933, 38.882177007866], [-76.9808710885498, 38.882222182243], [-76.9808476047916, 38.8822317127664], [-76.980837382862, 38.8822358616101], [-76.9808102537405, 38.8822468711142], [-76.9807687973884, 38.8822636958485], [-76.9807620115147, 38.8822664496221], [-76.9807604493445, 38.8793746515694], [-76.9807585970184, 38.8793206668579], [-76.9807568246423, 38.8792735066889], [-76.9807559101574, 38.8792491776295], [-76.980795131501, 38.8792487377623], [-76.9808366210907, 38.8792468069619], [-76.9808742712809, 38.8792437922278], [-76.9809113447526, 38.8792394515979], [-76.9809390434061, 38.8792356053814], [-76.9810042862485, 38.8792251429722], [-76.9810544131397, 38.8792147246182], [-76.9811105425736, 38.8791998698245], [-76.9811697855683, 38.8791808716005], [-76.9813265317039, 38.8791488269899], [-76.9813766217641, 38.8791325204084], [-76.9814065221884, 38.8791163194195], [-76.9814328041986, 38.8790964148628], [-76.9814547069219, 38.8790735368188], [-76.9814672725561, 38.8790583148558], [-76.9814833011957, 38.8790264275357], [-76.9815275800544, 38.8789345494834], [-76.981620438007, 38.8787423515679], [-76.981671020344, 38.8786553117285], [-76.9817956193689, 38.8785460761035], [-76.9818334653918, 38.8785111870754], [-76.9818450833034, 38.8785003944808], [-76.9818556897119, 38.8784840905479], [-76.9818683712288, 38.8784686887335], [-76.9818827802059, 38.8784543673649], [-76.9818988034557, 38.8784411271419], [-76.9819281990267, 38.8784235846995], [-76.9819619666982, 38.8784107787487], [-76.9819979244624, 38.8784033072111], [-76.9819884652025, 38.8783269931434], [-76.9819863137374, 38.8782905375278], [-76.981986682945, 38.8782539413298], [-76.9819892134991, 38.8782174856768], [-76.9819975022542, 38.8781939800576], [-76.9820101137025, 38.878171602438], [-76.982027045149, 38.8781510542397], [-76.9820475788398, 38.8781327585548], [-76.9821072817718, 38.8780859780294], [-76.9821750946943, 38.8780328427167], [-76.9822280404989, 38.8780132854207], [-76.9822557741866, 38.878006111054], [-76.9822845867511, 38.878000766119], [-76.9826645498617, 38.8779563443289], [-76.983655593741, 38.8779588807795], [-76.9836542283018, 38.8777326523851], [-76.9836545328307, 38.8776966622166], [-76.9836588034215, 38.8776709892092], [-76.983664172652, 38.8776587195071], [-76.9836695266111, 38.8776464875666], [-76.9836863574463, 38.877624148937], [-76.9836999130239, 38.8776122239955], [-76.9837083742556, 38.877604784543], [-76.9837349994223, 38.8775893832373], [-76.9837649654235, 38.8775783072748], [-76.9838678845073, 38.8775579624096], [-76.9839589404395, 38.8775479459251], [-76.9841839540451, 38.8775282773023], [-76.9842593819862, 38.8775250457034], [-76.9844324639853, 38.8775233903917], [-76.9855146374586, 38.8775220546734], [-76.9858324515246, 38.8774972417779], [-76.9879289145819, 38.8775458409457], [-76.988010778952, 38.8774238974908], [-76.989020541027, 38.877497401225], [-76.9895299531667, 38.8775502551085], [-76.9902016010468, 38.8776509150104], [-76.990259272888, 38.8822792807515], [-76.9915325171239, 38.8828004901903], [-76.991532482988, 38.8828103919523], [-76.9902492378079, 38.8828496584386], [-76.9902474519572, 38.8841112826672], [-76.9883142235668, 38.8841140937088], [-76.9883173964164, 38.8853626404547], [-76.9855196293966, 38.885385505985], [-76.9855196680242, 38.8853634054362], [-76.9855218832697, 38.8841097946331], [-76.9836604410503, 38.884108835942], [-76.9836608632585, 38.8841024712394], [-76.9836601760473, 38.884097182704], [-76.9836595508199, 38.8840647815879], [-76.9836592732405, 38.8840483670492], [-76.9836591726291, 38.8840364529756], [-76.983659112442, 38.8840292232758], [-76.9836590513566, 38.8840216313561], [-76.9836581925672, 38.8839177421778], [-76.9836573140148, 38.8838116956087], [-76.9836563483259, 38.8836748181435], [-76.9836562333415, 38.8836585105029], [-76.9836561596797, 38.8836422000614], [-76.9836566312952, 38.8835430975289], [-76.9836572502344, 38.8834822470524], [-76.983657288862, 38.883473653719], [-76.9836571433349, 38.8834391258362], [-76.983656758856, 38.8833484429506], [-76.9836564040214, 38.8832807834933], [-76.9836559162362, 38.8832226242935], [-76.9836554877398, 38.8831716423882], [-76.9836553026869, 38.8830683561401], [-76.9836550044462, 38.8829892716594], [-76.983655032294, 38.8829729051223], [-76.9836550610401, 38.8829569133931], [-76.9836551275154, 38.8829381958838], [-76.9836552937037, 38.8828938666876], [-76.983655083498, 38.8828428866442], [-76.9836551239221, 38.8828365141363], [-76.9836556197922, 38.8827595600959], [-76.9836557940654, 38.8827352895708], [-76.9836558767104, 38.8827137965693], [-76.9836559422874, 38.8826971306778], [-76.9836561030858, 38.8826036245553], [-76.9836560204408, 38.8825503450728], [-76.9836561417134, 38.8824980123755], [-76.9836555874528, 38.8824794618733], [-76.9836546289504, 38.8824479865661], [-76.9836557509462, 38.8823335415294], [-76.9836559144396, 38.8823168119139], [-76.9836561992056, 38.8822522562883], [-76.9836565486502, 38.8821579013497], [-76.9836565854811, 38.8821478512487], [-76.9836566088373, 38.8821300530843], [-76.9836566016508, 38.8821099542716], [-76.9836565836845, 38.882058076484], [-76.9836563276646, 38.8819243885788], [-76.9836562270533, 38.8818734036441], [-76.9836560428987, 38.8817490096205], [-76.9836560186442, 38.8817326539863], [-76.983655995288, 38.8817151263422], [-76.9836558829986, 38.8816675740631], [-76.9836557572344, 38.8816472933046], [-76.9836534332928, 38.8815643289845], [-76.9836548589192, 38.8815188430054], [-76.9836552757374, 38.881496216087], [-76.9836542768108, 38.8814180990733], [-76.9836540899613, 38.8813786611688], [-76.9836540055196, 38.8813645872364], [-76.983653955214, 38.8813504664487], [-76.9836545660684, 38.8812937133433], [-76.9836547511213, 38.8812731744394], [-76.9836567768223, 38.8811404976341]]], [[[-76.9833625668886, 38.8808200464288], [-76.9833123977766, 38.8805750719485], [-76.9832713510564, 38.8804046553936], [-76.9832257444877, 38.8802129348821], [-76.9831345286554, 38.8799821604905], [-76.9830537117209, 38.8799095908013], [-76.9827384713281, 38.8797096325116], [-76.9823940419768, 38.8794869509948], [-76.9821196668447, 38.8793119870059], [-76.9819168038973, 38.8792010712433], [-76.9817526161179, 38.8793359880668], [-76.9818886111704, 38.8794701053231], [-76.9820034589829, 38.879406995383], [-76.9822360579628, 38.8795809654204], [-76.9825370690414, 38.8798010899778], [-76.9828198353367, 38.8800212145526], [-76.9829551647376, 38.8801458787349], [-76.9830512593202, 38.8804979189557], [-76.9831266845664, 38.8807457734081], [-76.9833105741966, 38.8810707011296], [-76.9834446603292, 38.881004663965], [-76.9833625668886, 38.8808200464288]]], [[[-76.9847583440243, 38.8796232861721], [-76.9850414759338, 38.8796323757807], [-76.9850473140849, 38.8794801341242], [-76.9848926134132, 38.879466500381], [-76.9850122878736, 38.8792733577355], [-76.9850181251263, 38.879139293955], [-76.9847816948318, 38.8791347491193], [-76.9848167219413, 38.8791665615644], [-76.9847320736921, 38.8793869713256], [-76.984621156009, 38.8795687519927], [-76.9847583440243, 38.8796232861721]]], [[[-76.9858967107119, 38.8795551189658], [-76.9858266573911, 38.8796550976991], [-76.9858237387647, 38.8797800723166], [-76.9858791989537, 38.8798300615425], [-76.986019304697, 38.8797596224864], [-76.9859784403347, 38.8796891826611], [-76.9862323841841, 38.8794233270766], [-76.9862681110813, 38.8792676324701], [-76.9862644908707, 38.879087031474], [-76.9860572504329, 38.879087031474], [-76.9860601690593, 38.8793801551447], [-76.9858967107119, 38.8795551189658]]], [[[-76.9840811607254, 38.8790870321733], [-76.9842187448977, 38.8790867118877], [-76.984217982228, 38.8788908611596], [-76.9842424676077, 38.8788378467312], [-76.9849288254006, 38.878834272527], [-76.9849357109872, 38.8790868342676], [-76.9850589903869, 38.8790847594042], [-76.9850589894886, 38.8787121047043], [-76.9842241868917, 38.878716649567], [-76.9842212682653, 38.8784462468629], [-76.9840373786351, 38.8784462468629], [-76.9840811607254, 38.8790870321733]]], [[[-76.9839001097715, 38.8801929124504], [-76.9838359799417, 38.8803306294912], [-76.983702628631, 38.8803256595565], [-76.9837168813013, 38.8805863887021], [-76.9841373269903, 38.880553104868], [-76.9843226090092, 38.8804477036262], [-76.9844865111243, 38.8803256595565], [-76.984251346556, 38.8801370458363], [-76.9839235414274, 38.8801425927093], [-76.9839001097715, 38.8801929124504]]]]}, "properties": {"Route": "R615_1", "ROUTE_NUMB": 615, "CollectionDay": "Monday", "RunsPerWeek": 1, "RStatus": "Scheduled Other Day", "RecycleRouteArea": "IC_615"}}, {"type": "Feature", "geometry": {"type": "Polygon", "coordinates": [[[-76.9902016010468, 38.8776509150104], [-76.9904992164936, 38.8777075290619], [-76.9914949109512, 38.8779616501051], [-76.9915401384308, 38.8779706154465], [-76.9915359971973, 38.8765053279785], [-76.9937717790737, 38.8764821008294], [-76.9949708000093, 38.8764829337423], [-76.9949723846374, 38.8775399609894], [-76.996196057141, 38.8775380210513], [-76.9961887071254, 38.8789101475792], [-76.9986916488656, 38.8795466181656], [-76.9988522110445, 38.8795917165916], [-76.9995122149618, 38.8797770988642], [-77.0005815506114, 38.8800774525882], [-77.0005786679177, 38.8827104337419], [-77.0005151633153, 38.8827319645055], [-77.000462189663, 38.8827361902405], [-76.9984511932202, 38.8827333064194], [-76.9984486240385, 38.8827333050208], [-76.9961825330044, 38.8827318127622], [-76.9918414648181, 38.8827439501242], [-76.9915325171239, 38.8828004901903], [-76.990259272888, 38.8822792807515], [-76.9902016010468, 38.8776509150104]]]}, "properties": {"Route": "R618_1", "ROUTE_NUMB": 618, "CollectionDay": "Monday", "RunsPerWeek": 1, "RStatus": "Scheduled Other Day", "RecycleRouteArea": "IC_618"}}, {"type": "Feature", "geometry": {"type": "Polygon", "coordinates": [[[-77.009100175636, 38.8764770502015], [-77.0091046788906, 38.8749011514481], [-77.0090901486409, 38.8746480391239], [-77.0090859903394, 38.8730386676902], [-77.0090878974627, 38.8724762680942], [-77.0090868257726, 38.8720398852678], [-77.0098684921221, 38.8720403216828], [-77.0106518886269, 38.8720415763757], [-77.011107215, 38.8720420785326], [-77.0121754349421, 38.8720429583563], [-77.0121767842116, 38.8713298674872], [-77.0114213450751, 38.87133543533], [-77.0113876537604, 38.8713102013399], [-77.0113885439908, 38.8707456493155], [-77.0113889284698, 38.8705015297407], [-77.0121735332086, 38.8705069367868], [-77.0121778918343, 38.8707436854125], [-77.0136762943047, 38.8707435189563], [-77.013674320706, 38.8720435136663], [-77.0136738787349, 38.8721431462826], [-77.0136732562024, 38.8721964356664], [-77.0136683675706, 38.8722489060353], [-77.0136498299364, 38.8723298033731], [-77.0135708078358, 38.8725197610385], [-77.0132309284514, 38.8733077285962], [-77.010872980188, 38.8733119926577], [-77.0108820091549, 38.8745280845676], [-77.0108729846796, 38.8746460403608], [-77.010681780068, 38.8746460830216], [-77.0106849124934, 38.8755176908388], [-77.0106876074392, 38.8761763644577], [-77.0106859698105, 38.8764640802545], [-77.0097685177159, 38.8764620696538], [-77.0094072539361, 38.8764701113571], [-77.009100175636, 38.8764770502015]], [[-77.0100734723986, 38.8746949673786], [-77.0098082654722, 38.8746832244778], [-77.0097936714421, 38.8763829715262], [-77.0106489062202, 38.8763807000693], [-77.0106509337178, 38.8757534297026], [-77.0106543455192, 38.8746975263251], [-77.0100734723986, 38.8746949673786]], [[-77.0104264052024, 38.8729336973073], [-77.0104124768239, 38.8720856633618], [-77.0099549010693, 38.8720864165966], [-77.009962402002, 38.8729130685653], [-77.0103632293834, 38.8729252166962], [-77.0104264052024, 38.8729336973073]]]}, "properties": {"Route": "R617_1", "ROUTE_NUMB": 617, "CollectionDay": "Monday", "RunsPerWeek": 1, "RStatus": "Scheduled Other Day", "RecycleRouteArea": "IC_617"}}, {"type": "Feature", "geometry": {"type": "Polygon", "coordinates": [[[-76.9855125012649, 38.8920201489626], [-76.985514749748, 38.8917354851884], [-76.9882926999326, 38.8906048573879], [-76.9883182579008, 38.8892503873967], [-76.9902384526347, 38.8892380420814], [-76.9915467060138, 38.8892334608333], [-76.9926468314198, 38.8888356343903], [-76.9930864651232, 38.8886571155167], [-76.9937623692211, 38.888683637602], [-76.9949661826687, 38.8886839669342], [-76.9949626648661, 38.8878984353656], [-76.9956831882841, 38.8876022681276], [-76.9961981897415, 38.8873932016175], [-76.9984614861167, 38.8864734079481], [-76.9984568723694, 38.8876206592664], [-76.9984480428285, 38.8898162376834], [-76.996175468653, 38.8898127612213], [-76.9961731599828, 38.8920221556272], [-76.9961253696097, 38.8920224136269], [-76.996072645689, 38.8920226981957], [-76.9960253853219, 38.8920229610897], [-76.9956808454778, 38.8920247510065], [-76.994963180499, 38.8920251726158], [-76.9948026111336, 38.8920220136924], [-76.994643540158, 38.8920188526712], [-76.994182002833, 38.8920200916294], [-76.9938858767929, 38.8920184562326], [-76.9938705461442, 38.89201836394], [-76.9937611555971, 38.8920186282324], [-76.9936381636583, 38.8920188009315], [-76.9935041053735, 38.8920190652239], [-76.9930861390348, 38.8920231862277], [-76.9930692093849, 38.8920233533333], [-76.9930229721989, 38.8920238113002], [-76.9927735298075, 38.8920189316793], [-76.9927505913267, 38.8920184807041], [-76.9926492712441, 38.8920183835173], [-76.9885734566966, 38.8920115070197], [-76.9883649065152, 38.8920111546298], [-76.9883522941686, 38.8920111336542], [-76.9882087361997, 38.8920115902229], [-76.9878334766678, 38.8920127809373], [-76.9871287905482, 38.8920150183335], [-76.9855125012649, 38.8920201489626]], [[-76.9914975681678, 38.8910196168449], [-76.9914975385234, 38.8907127327106], [-76.9901786248367, 38.8907248477332], [-76.9902071580251, 38.8910034640142], [-76.9905639553812, 38.8910195630068], [-76.990928268043, 38.8910216347249], [-76.9910968728387, 38.8910216347249], [-76.9914975681678, 38.8910196168449]]]}, "properties": {"Route": "R616_1", "ROUTE_NUMB": 616, "CollectionDay": "Monday", "RunsPerWeek": 1, "RStatus": "Scheduled Other Day", "RecycleRouteArea": "IC_616"}}, {"type": "Feature", "geometry": {"type": "Polygon", "coordinates": [[[-76.9902474519572, 38.8841112826672], [-76.9902492378079, 38.8828496584386], [-76.991532482988, 38.8828103919523], [-76.9915325171239, 38.8828004901903], [-76.996176896076, 38.8846827840402], [-76.9961981897415, 38.8873932016175], [-76.9956831882841, 38.8876022681276], [-76.9949626648661, 38.8878984353656], [-76.9949661826687, 38.8886839669342], [-76.9937623692211, 38.888683637602], [-76.9930864651232, 38.8886571155167], [-76.9926468314198, 38.8888356343903], [-76.9915467060138, 38.8892334608333], [-76.9902384526347, 38.8892380420814], [-76.9902457074289, 38.8875990586629], [-76.9902473675155, 38.8853663926398], [-76.9902474519572, 38.8841112826672]]]}, "properties": {"Route": "R620_1", "ROUTE_NUMB": 620, "CollectionDay": "Monday", "RunsPerWeek": 1, "RStatus": "Scheduled Other Day", "RecycleRouteArea": "IC_620"}}, {"type": "Feature", "geometry": {"type": "Polygon", "coordinates": [[[-76.9984509318105, 38.8947950741832], [-76.9983421134902, 38.8947952531679], [-76.9982352552939, 38.8947953419611], [-76.997787648144, 38.8947934423462], [-76.9975384267381, 38.8947951489932], [-76.9969575176849, 38.8947939527322], [-76.9969258466812, 38.8947938870113], [-76.9969139844279, 38.8947938863121], [-76.9969035253431, 38.8947938863121], [-76.9968970206421, 38.8947936625813], [-76.9968793813232, 38.8947930200542], [-76.9968581559296, 38.8947878602607], [-76.9968231584645, 38.8947790529539], [-76.9968202721775, 38.8947783265275], [-76.9967985536089, 38.8947725507738], [-76.9967695200589, 38.8947627080102], [-76.9967504973344, 38.8947586158309], [-76.9967425750919, 38.8947571489946], [-76.9967212095612, 38.8947534707173], [-76.9967055914517, 38.8947511082577], [-76.9966953479625, 38.894749859559], [-76.9966682008746, 38.8947479802185], [-76.9966597225749, 38.8947473929246], [-76.9965996908595, 38.8947592716423], [-76.9965877693173, 38.8947616306057], [-76.9964872855663, 38.8947815132948], [-76.9964636203484, 38.8947857508979], [-76.9964403656607, 38.8947899150891], [-76.9964402210319, 38.8947899381613], [-76.9964069411456, 38.8947945295384], [-76.9964068926365, 38.8947945337333], [-76.9963897851203, 38.8947951580823], [-76.9963736325131, 38.8947957439775], [-76.9963647688362, 38.8947960662898], [-76.9963647400902, 38.8947960662898], [-76.9962811958704, 38.8947968269747], [-76.9961701299653, 38.8947954727038], [-76.9961704982746, 38.8922242138747], [-76.9956808454778, 38.8920247510065], [-76.9960253853219, 38.8920229610897], [-76.996072645689, 38.8920226981957], [-76.9961253696097, 38.8920224136269], [-76.9961731599828, 38.8920221556272], [-76.996175468653, 38.8898127612213], [-76.9984480428285, 38.8898162376834], [-76.9984568723694, 38.8876206592664], [-77.0035217625875, 38.8876214633804], [-77.0035169583974, 38.8898160139369], [-77.0035168326332, 38.892017744461], [-77.0035166080544, 38.8920588293352], [-77.0035161517102, 38.8921516154377], [-77.0035160367259, 38.8921655781604], [-77.0035184073799, 38.8931870945528], [-77.0035190990827, 38.8934844942184], [-77.0035192158637, 38.893525932724], [-77.0035191044726, 38.8935893517413], [-77.0035189939798, 38.8936906957813], [-77.0035186553149, 38.8938376219739], [-77.0035147647114, 38.8944624289537], [-77.0035132797963, 38.8947008946125], [-77.0035132806946, 38.8947109834889], [-77.0035131693035, 38.8947952119175], [-77.0034989139382, 38.8947952328923], [-77.0034972313937, 38.894795235689], [-77.0034091929026, 38.8947953692283], [-77.0029801754892, 38.8947968101949], [-77.0028564424403, 38.8947970884601], [-77.0028111664517, 38.8947971485878], [-77.0025432978171, 38.8947949630169], [-77.0025277704374, 38.8947942645571], [-77.0024829328266, 38.8947897724606], [-77.0024632579253, 38.8947872212294], [-77.0024539864132, 38.8947877497936], [-77.0024379712484, 38.894787066016], [-77.0023170193836, 38.894792003477], [-77.0023169573998, 38.8947920062736], [-77.002248282993, 38.8947942358916], [-77.0022174492191, 38.894795302109], [-77.0021216025716, 38.8947986923307], [-77.002039511826, 38.8947990307236], [-77.001930512046, 38.8947978631282], [-77.0014161133582, 38.8947957964144], [-77.0009831451542, 38.8947958013085], [-77.000683434836, 38.8947961634728], [-77.0005796884038, 38.8947962543635], [-77.0004642998056, 38.8947963452542], [-77.000454559373, 38.8947963564407], [-77.0003832618855, 38.8947964354457], [-77.0001632527943, 38.8947958998899], [-77.0000134650089, 38.8947955349289], [-76.9998887015924, 38.8947951245227], [-76.9996262605787, 38.8947942736462], [-76.9996183068952, 38.894794277142], [-76.9984590867166, 38.8947950615983], [-76.9984509318105, 38.8947950741832]], [[-77.000170087177, 38.8917220334884], [-77.0001700880753, 38.891056371478], [-77.0003218701207, 38.8910609162503], [-77.0003277082717, 38.8908359979168], [-77.0001233864603, 38.8908382696109], [-77.0001321432377, 38.8902930120131], [-76.9999394959318, 38.8902952837245], [-76.9999686848903, 38.890840542004], [-76.9998139833203, 38.8908382696109], [-76.9998081460676, 38.8910495557174], [-76.9999453340828, 38.8910472840301], [-76.9999424145581, 38.8917197618227], [-77.000170087177, 38.8917220334884]], [[-77.0011306368457, 38.8883997526747], [-77.0011306368457, 38.888261615658], [-77.0013622800181, 38.8882674324961], [-77.001633152619, 38.8882790647725], [-77.0016312841232, 38.8879213630102], [-77.0008541596558, 38.8879097306752], [-77.0008466865709, 38.8880405971311], [-77.0009662451487, 38.8880435052097], [-77.0009587720639, 38.8882165402155], [-77.0006542728269, 38.8882136314448], [-77.000659877416, 38.8883953902291], [-77.0011306368457, 38.8883997526747]]]}, "properties": {"Route": "R613_1", "ROUTE_NUMB": 613, "CollectionDay": "Monday", "RunsPerWeek": 1, "RStatus": "Scheduled Other Day", "RecycleRouteArea": "IC_613"}}, {"type": "Feature", "geometry": {"type": "Polygon", "coordinates": [[[-76.9988522110445, 38.8795917165916], [-76.9994511403023, 38.8790548567488], [-76.9993640441439, 38.8775331600166], [-76.9995240125365, 38.8775326809763], [-76.9995148640936, 38.8765203574708], [-77.0005821066686, 38.8765201015128], [-77.0020079333488, 38.8765197602355], [-77.0020338811858, 38.8793106044673], [-77.0020408027051, 38.88020224884], [-77.0020394219944, 38.8808449511705], [-77.0020385407472, 38.8812547725666], [-77.0020374942099, 38.8817419083569], [-77.0020362742977, 38.8823094540707], [-77.0005786679177, 38.8827104337419], [-77.0005815506114, 38.8800774525882], [-76.9995122149618, 38.8797770988642], [-76.9988522110445, 38.8795917165916]]]}, "properties": {"Route": "R617_1", "ROUTE_NUMB": 617, "CollectionDay": "Monday", "RunsPerWeek": 1, "RStatus": "Scheduled Other Day", "RecycleRouteArea": "IC_617"}}, {"type": "Feature", "geometry": {"type": "Polygon", "coordinates": [[[-77.0175622921377, 38.8823565464923], [-77.017564817302, 38.8820521857126], [-77.0175620612707, 38.8813964119697], [-77.0175584967557, 38.880963739829], [-77.0175575184903, 38.8806293592026], [-77.0175566138868, 38.8803374770496], [-77.0175496726046, 38.879293314691], [-77.0183884493483, 38.8792933839228], [-77.0197547222168, 38.8792932328715], [-77.020659998546, 38.8792893831614], [-77.0213942473233, 38.8792914125635], [-77.0217205172311, 38.879297748326], [-77.0219245228355, 38.8793030498062], [-77.0219089541333, 38.8793725088813], [-77.0219030854396, 38.8803683274174], [-77.0219029282344, 38.8811398668715], [-77.0219081770906, 38.881287385451], [-77.0230020026115, 38.8812837218606], [-77.0234940691814, 38.8812836449385], [-77.0237423320849, 38.88128373235], [-77.0238764442686, 38.8812837680139], [-77.0239722945094, 38.8812905315653], [-77.0240129854968, 38.8812976909152], [-77.0240568529271, 38.8813111040302], [-77.0240750348285, 38.8813184997386], [-77.0240874827834, 38.8813242626006], [-77.0241126140517, 38.8813399316246], [-77.0240864524157, 38.881394486822], [-77.0240572302195, 38.8814863693858], [-77.0240390528098, 38.8815488208464], [-77.0240239260787, 38.8816110044246], [-77.0240149429258, 38.8816661929689], [-77.0240073934842, 38.881718718583], [-77.0240007288831, 38.8817888619966], [-77.0239969963831, 38.8818620710119], [-77.0239956614866, 38.8819131070026], [-77.023993813652, 38.8819773419645], [-77.0239286848956, 38.8819745224468], [-77.0238995803788, 38.881973475617], [-77.0238704767602, 38.8819724294863], [-77.0237700900272, 38.8819693274572], [-77.0236052869018, 38.8819717274041], [-77.023401667573, 38.8819703232394], [-77.02323442103, 38.8819705763806], [-77.0230356642818, 38.881970876374], [-77.0229428251938, 38.881971859569], [-77.0227957018115, 38.8819712379044], [-77.0226042169256, 38.8819715260099], [-77.0223884936966, 38.8819718504782], [-77.0222866903204, 38.8819719861396], [-77.0221994324653, 38.881972134388], [-77.0220578040776, 38.8819723700471], [-77.0219059088445, 38.8819811929276], [-77.021905933099, 38.882062023944], [-77.0219059169294, 38.8821371165478], [-77.0219057354697, 38.882228371594], [-77.0219055602982, 38.8823304479074], [-77.0218151915772, 38.882330593358], [-77.0216753400572, 38.8823337646002], [-77.0212285054584, 38.8823421343014], [-77.0208637247744, 38.8823499354857], [-77.020680803528, 38.8823520018624], [-77.0203709081112, 38.8823530976364], [-77.0200242033273, 38.882345265684], [-77.0194552724101, 38.8823380658813], [-77.018758423193, 38.8823391511663], [-77.0182905805931, 38.8823417308159], [-77.0178718605678, 38.8823499564641], [-77.0175622921377, 38.8823565464923]]]}, "properties": {"Route": "R617_1", "ROUTE_NUMB": 617, "CollectionDay": "Monday", "RunsPerWeek": 1, "RStatus": "Scheduled Other Day", "RecycleRouteArea": "IC_617"}}, {"type": "Feature", "geometry": {"type": "Polygon", "coordinates": [[[-77.0175550687845, 38.8730736741021], [-77.0192854854315, 38.8730631142722], [-77.0192965499809, 38.8734300050199], [-77.0188613692263, 38.8734310191053], [-77.0184913765169, 38.8734318807282], [-77.0177174536452, 38.873433683702], [-77.0175569884843, 38.873429747652], [-77.0175550687845, 38.8730736741021]]]}, "properties": {"Route": "R617_1", "ROUTE_NUMB": 617, "CollectionDay": "Monday", "RunsPerWeek": 1, "RStatus": "Scheduled Other Day", "RecycleRouteArea": "IC_617"}}, {"type": "Feature", "geometry": {"type": "Polygon", "coordinates": [[[-77.0058950450928, 38.885105020239], [-77.005895068449, 38.8850742278682], [-77.0058950702456, 38.8850722853388], [-77.0058938117059, 38.8832727642382], [-77.0067249887023, 38.8832646051277], [-77.0078634299501, 38.8832545614767], [-77.0090613513478, 38.8832439933699], [-77.009063514491, 38.8834331023178], [-77.0090699078009, 38.8838648203066], [-77.009066486118, 38.8841219135788], [-77.0090646481649, 38.8844406436961], [-77.0090569253484, 38.8851038594768], [-77.0072523330118, 38.8851065082523], [-77.0058950450928, 38.885105020239]]]}, "properties": {"Route": "R617_1", "ROUTE_NUMB": 617, "CollectionDay": "Monday", "RunsPerWeek": 1, "RStatus": "Scheduled Other Day", "RecycleRouteArea": "IC_617"}}, {"type": "Feature", "geometry": {"type": "Polygon", "coordinates": [[[-77.0180992618955, 38.928498835887], [-77.0181062166524, 38.9283271513458], [-77.0204143398585, 38.927002630014], [-77.0228981492798, 38.9267701151885], [-77.0228039222947, 38.9261517123621], [-77.0227556378482, 38.9257830120344], [-77.0226666435496, 38.9251694723554], [-77.0226145206019, 38.9248137441174], [-77.0225731235386, 38.9245335986018], [-77.0225251795536, 38.9241909262518], [-77.0226696726687, 38.9241773856543], [-77.0220597848628, 38.9209702690044], [-77.025159719093, 38.9206838216709], [-77.0251597199913, 38.9206838985503], [-77.0252225068398, 38.9206780200683], [-77.025395797248, 38.9226971986179], [-77.0255048518252, 38.9239189830364], [-77.0270128240482, 38.9237741877594], [-77.0270425564875, 38.9257625502911], [-77.027048353316, 38.9267569769187], [-77.0271421410249, 38.9271856927802], [-77.0274689077011, 38.9285352915879], [-77.0277467485337, 38.929682803938], [-77.0275776002572, 38.9296985293786], [-77.0271178308167, 38.9297412730977], [-77.0265731921414, 38.929791902212], [-77.026382811285, 38.9298096052725], [-77.0260932258784, 38.9298305997422], [-77.025443026174, 38.9298777382197], [-77.0236240006058, 38.9300096160763], [-77.023372351952, 38.9300256873564], [-77.0233558499002, 38.9299114978898], [-77.0232311439758, 38.9290485227223], [-77.0230971800141, 38.9281306921473], [-77.0193856053649, 38.9285834938408], [-77.0181310424936, 38.9284975759018], [-77.0181298486326, 38.9285008492077], [-77.0180992618955, 38.928498835887]], [[-77.0201832536416, 38.9282887381175], [-77.0201310606253, 38.9281229421147], [-77.0193351038762, 38.9282515191681], [-77.019374248863, 38.928427466043], [-77.0201832536416, 38.9282887381175]], [[-77.0238704093865, 38.9294276366344], [-77.0239002747765, 38.9296739059212], [-77.0259012666819, 38.9294276366344], [-77.025883347987, 38.9292417717963], [-77.0261163000048, 38.9292092459237], [-77.0261043533098, 38.9290512600065], [-77.0255607997994, 38.9291070196588], [-77.025566773596, 38.929265004753], [-77.0238704093865, 38.9294276366344]], [[-77.0253235475463, 38.9245016925615], [-77.0252203329168, 38.9239901561413], [-77.0250236881079, 38.9240129966546], [-77.0250163497703, 38.9241652679531], [-77.025021241097, 38.9243632211309], [-77.0232034291527, 38.9245078782279], [-77.0231960890185, 38.9243822547924], [-77.0226456077006, 38.9244298392732], [-77.0226743537897, 38.9246266015454], [-77.0229113670909, 38.9246384976276], [-77.0230107602872, 38.9250845999702], [-77.0253273716745, 38.9248764195522], [-77.0253235475463, 38.9245016925615]]]}, "properties": {"Route": "R113_2", "ROUTE_NUMB": 113, "CollectionDay": "Tuesday", "RunsPerWeek": 1, "RStatus": "Scheduled Other Day", "RecycleRouteArea": "IC_113"}}, {"type": "Feature", "geometry": {"type": "Polygon", "coordinates": [[[-77.0180992618955, 38.928498835887], [-77.0181298486326, 38.9285008492077], [-77.0181310424936, 38.9284975759018], [-77.0193856053649, 38.9285834938408], [-77.0230971800141, 38.9281306921473], [-77.0232311439758, 38.9290485227223], [-77.0233558499002, 38.9299114978898], [-77.023372351952, 38.9300256873564], [-77.0233725801241, 38.9300272631775], [-77.0242998427199, 38.9363362953143], [-77.0231771040233, 38.9366085752377], [-77.0230886298493, 38.9366300316629], [-77.0230781815442, 38.936632557633], [-77.0230595109593, 38.9366370708391], [-77.0229911455729, 38.9366535982967], [-77.0226506768937, 38.9367361209324], [-77.0225796560874, 38.93675354905], [-77.0225615280849, 38.9367580615497], [-77.0217473975194, 38.9369558090929], [-77.0215686911683, 38.936997232006], [-77.0214794848673, 38.9370169624181], [-77.0213995563666, 38.9370305131421], [-77.0213907600634, 38.9370320035608], [-77.0213740900266, 38.9370348320724], [-77.0212908305728, 38.9370468308851], [-77.0212429171305, 38.9370537197902], [-77.0211284690684, 38.9370682927676], [-77.0209637288251, 38.9370892697164], [-77.0207674675968, 38.9371140729712], [-77.0206091449178, 38.9371340150697], [-77.0205946649737, 38.9371358387862], [-77.0205414694376, 38.9371425390224], [-77.0205056140813, 38.937147092723], [-77.0204655662876, 38.9371521795634], [-77.0202743724558, 38.937176461535], [-77.0196871608226, 38.9372573610862], [-77.0196082510114, 38.9372760523987], [-77.0195355072363, 38.937294661255], [-77.0195206293386, 38.9372979809704], [-77.0195205008795, 38.9372980138113], [-77.0191630782959, 38.9373775290207], [-77.0190351716742, 38.9374060159283], [-77.0190749364986, 38.9373012426904], [-77.0190893445774, 38.9372634058922], [-77.0191701543254, 38.9370963787213], [-77.0191832948814, 38.9370658387836], [-77.0191950511335, 38.9370349375825], [-77.0192053089958, 38.9370036779128], [-77.0192141816558, 38.9369722372546], [-77.019221670012, 38.9369405268674], [-77.01922765908, 38.9369087270267], [-77.0192280049314, 38.9369064742755], [-77.0192361760072, 38.9367414418821], [-77.0192359154958, 38.9367292795111], [-77.0192339338123, 38.9366519890831], [-77.0192324183544, 38.9365927143746], [-77.0192307861155, 38.9365269545373], [-77.0192303198899, 38.9365094781503], [-77.0192226267178, 38.9362095028529], [-77.0192150629031, 38.9359652889325], [-77.0192127524362, 38.9358921426818], [-77.0192123517876, 38.9358796936759], [-77.0192121559548, 38.9358747562776], [-77.0191971226486, 38.9353033622626], [-77.0191951400667, 38.9352223780285], [-77.01918079487, 38.9346315257958], [-77.0191722995023, 38.9343502877449], [-77.0191685813754, 38.9342494852972], [-77.0191664900974, 38.9341911120915], [-77.0191594410174, 38.9341415678156], [-77.0191466175667, 38.9340654492033], [-77.0191366857929, 38.9340149146787], [-77.019119710329, 38.9339393374799], [-77.0191079379072, 38.9338940227066], [-77.0190147637476, 38.9335417279886], [-77.0188063590932, 38.932698494362], [-77.0187919267599, 38.9326406635355], [-77.0187719527195, 38.9325604931429], [-77.0187274097562, 38.9323822162764], [-77.0186670034432, 38.9321404524152], [-77.0186648097573, 38.932131624586], [-77.0186477229023, 38.9320629836857], [-77.0186297116808, 38.9319906502988], [-77.0185729085105, 38.9317631992188], [-77.0185271878558, 38.9315752930263], [-77.0185109085862, 38.9315086340758], [-77.0184960145188, 38.9314473802654], [-77.0184939358172, 38.93143819177], [-77.0184203871516, 38.9311212008775], [-77.0183514585216, 38.9308296128963], [-77.0182999724794, 38.9306404463798], [-77.0180539418894, 38.929617681303], [-77.0179531419313, 38.9291518769679], [-77.0179770712539, 38.9289194586363], [-77.0180992618955, 38.928498835887]], [[-77.0182270714991, 38.9292528494857], [-77.0183029162585, 38.9295459498988], [-77.0184619450133, 38.9295212075895], [-77.0184105667689, 38.9293346889022], [-77.0184276922515, 38.9292909141798], [-77.0187408557394, 38.9292300106594], [-77.0188436122281, 38.9292109775997], [-77.0188900973491, 38.9293118501023], [-77.0194944039222, 38.9292128811855], [-77.0194625981712, 38.9290682336823], [-77.018990406827, 38.9291557826761], [-77.0189708352319, 38.9290149422387], [-77.0193696279292, 38.9289273923722], [-77.0192962310789, 38.9287808399908], [-77.0185108762468, 38.9289235851854], [-77.0182270714991, 38.9292528494857]], [[-77.0183811208922, 38.9305335199055], [-77.0186797774866, 38.9314581731996], [-77.0194562812181, 38.9312909003546], [-77.0192830617769, 38.9308401899941], [-77.0197071519309, 38.9307286740692], [-77.0195876894729, 38.930259373897], [-77.0194622541165, 38.9299248214595], [-77.0194383616249, 38.9297714842528], [-77.0196414473544, 38.929794717036], [-77.0195800349283, 38.9295840144357], [-77.0182662173843, 38.929799081131], [-77.0183811208922, 38.9305335199055]], [[-77.0201969466615, 38.9305985704214], [-77.020274597933, 38.9308727158177], [-77.0211688393573, 38.9307818573083], [-77.0214848082837, 38.9307497535212], [-77.0215544286166, 38.9313121403633], [-77.0231740695143, 38.9311732070418], [-77.0230786522614, 38.9305813085046], [-77.0232014205197, 38.9305753379014], [-77.0231297439432, 38.9301710890201], [-77.0219291491592, 38.9302314941798], [-77.0211526445293, 38.9303197789815], [-77.0210929137494, 38.9305149330346], [-77.0201969466615, 38.9305985704214]], [[-77.0223035436135, 38.9349278888708], [-77.0223494169818, 38.9351806438287], [-77.0236988626083, 38.9349843866886], [-77.0237485583081, 38.9349338360485], [-77.0236721026943, 38.9346067391419], [-77.0235115450069, 38.9346156602979], [-77.0235344825894, 38.9347911029495], [-77.0223035436135, 38.9349278888708]], [[-77.0215208585744, 38.9363544404474], [-77.0216260378194, 38.9369271291512], [-77.0218305518703, 38.936886223268], [-77.0218188656867, 38.936677147454], [-77.023945821158, 38.9362362664114], [-77.0237822091987, 38.9353363164753], [-77.0235429231598, 38.9353439525207], [-77.0218007134298, 38.935566018673], [-77.0216930916655, 38.9355794620656], [-77.0214390516964, 38.935609029275], [-77.0215617606659, 38.9362135402365], [-77.0215208585744, 38.9363544404474]]]}, "properties": {"Route": "R108_2", "ROUTE_NUMB": 108, "CollectionDay": "Tuesday", "RunsPerWeek": 1, "RStatus": "Scheduled Other Day", "RecycleRouteArea": "IC_108"}}, {"type": "Feature", "geometry": {"type": "Polygon", "coordinates": [[[-77.0364826167367, 38.9191563777396], [-77.036482520617, 38.9191531892707], [-77.0364899559726, 38.9187660960637], [-77.0365023293673, 38.9181218197056], [-77.0355636473876, 38.9181214807248], [-77.0319545687156, 38.9181201786196], [-77.0319545435627, 38.9179989827816], [-77.0319541671686, 38.9162335491201], [-77.0319540270314, 38.9155761590542], [-77.031953715316, 38.9141015786499], [-77.0319561811915, 38.9103947179023], [-77.0345587047742, 38.9103940678273], [-77.0345492410226, 38.908709869905], [-77.0355702392251, 38.9087068822851], [-77.03558733147, 38.9084499800571], [-77.0358009050305, 38.9084500548527], [-77.0358001306827, 38.9087062098259], [-77.0365290874847, 38.9087040764108], [-77.0384978945501, 38.9087004380011], [-77.0384937281639, 38.9093422296093], [-77.0384859424653, 38.9126177200569], [-77.0384845949924, 38.9130774141338], [-77.0384824147812, 38.9149392270703], [-77.0388525036102, 38.9145501579698], [-77.0393194748444, 38.9148137935859], [-77.0394799561749, 38.9148490506104], [-77.0416619622034, 38.9148418541024], [-77.041660938124, 38.9155816248769], [-77.0416584093665, 38.9167880775068], [-77.0408774401096, 38.9172141382332], [-77.040330147811, 38.9178932960287], [-77.0402995844301, 38.917931222838], [-77.0401622787355, 38.9180662359364], [-77.0375835191854, 38.9188628954235], [-77.036484045058, 38.9192025546087], [-77.0364835761374, 38.9191883218285], [-77.0364826167367, 38.9191563777396]], [[-77.0377493499834, 38.9185256270338], [-77.0381207782006, 38.9184404643347], [-77.0384133963196, 38.9184489800501], [-77.0384155855139, 38.9183026772063], [-77.0377496113932, 38.9183099090086], [-77.0371260700932, 38.9184246972586], [-77.0371789584056, 38.918626117741], [-77.0377493499834, 38.9185256270338]], [[-77.0403857481372, 38.9177316343838], [-77.0386292524992, 38.9177273030951], [-77.0386654393338, 38.917889739865], [-77.0402450009968, 38.9179141542387], [-77.0403857481372, 38.9177316343838]], [[-77.0364024879117, 38.9155550757926], [-77.0364198864821, 38.9144788866272], [-77.0346496448236, 38.9144687334588], [-77.0346365967941, 38.9155347697623], [-77.0364024879117, 38.9155550757926]], [[-77.039312838091, 38.9150489218631], [-77.0393468195616, 38.9153291782181], [-77.0415123468945, 38.9153103664932], [-77.0415079703025, 38.9150594978188], [-77.039312838091, 38.9150489218631]]]}, "properties": {"Route": "R209_2", "ROUTE_NUMB": 209, "CollectionDay": "Tuesday", "RunsPerWeek": 1, "RStatus": "Scheduled Other Day", "RecycleRouteArea": "IC_209"}}, {"type": "Feature", "geometry": {"type": "Polygon", "coordinates": [[[-77.0173649717957, 38.9126132193022], [-77.0172657941951, 38.9123383567837], [-77.0172656262101, 38.9123378905599], [-77.017097638557, 38.9118723229666], [-77.0169114456464, 38.9113556955805], [-77.0168786032396, 38.9112645688247], [-77.0168291572714, 38.911127372397], [-77.0168214048105, 38.9111056719963], [-77.0168116473099, 38.9110784362189], [-77.0168079875734, 38.9110681812093], [-77.0168015421613, 38.9110501330598], [-77.0164891350549, 38.9101798999485], [-77.0164303987101, 38.9100162830797], [-77.0163003693693, 38.9096578526824], [-77.0162975181166, 38.9096499894891], [-77.0162974947604, 38.9096499279759], [-77.0162916575077, 38.9096340722692], [-77.0162790927718, 38.9096001631476], [-77.0162510024529, 38.9095218386769], [-77.0162488213434, 38.9095146556091], [-77.0162418486201, 38.9094962435772], [-77.016238534735, 38.9094869334063], [-77.0162072122777, 38.909398963101], [-77.016198420466, 38.9093747436193], [-77.0161604900015, 38.9092715681714], [-77.0161573441014, 38.9092609941492], [-77.0161563739209, 38.9092546666513], [-77.0161399122933, 38.9092052202977], [-77.0160419375368, 38.9089393878002], [-77.0160294608358, 38.9089049946249], [-77.0160062097413, 38.9088409000512], [-77.0159471715625, 38.908678065098], [-77.0158969144156, 38.9085394663227], [-77.0158418584685, 38.9083876242471], [-77.0157784095617, 38.9082079368147], [-77.0157482477277, 38.9081225191718], [-77.015514726178, 38.9074776100285], [-77.015492331178, 38.9074154546864], [-77.0154896236557, 38.9074070459974], [-77.0154731539433, 38.9073487632495], [-77.0154578798885, 38.9072955792216], [-77.0154428717351, 38.9072426244377], [-77.0152850988251, 38.9067697380185], [-77.0152269526734, 38.906605451995], [-77.0152099044459, 38.9065572837441], [-77.0151774734675, 38.9064656545069], [-77.0149966713469, 38.9059349564536], [-77.0149536276718, 38.9058086108737], [-77.0149028512987, 38.9056595675534], [-77.0147876127191, 38.9056601925059], [-77.0146891636521, 38.9056607265816], [-77.0144818782987, 38.9056602966646], [-77.0144818477559, 38.9056602959656], [-77.0139682611451, 38.9056501764884], [-77.010657444707, 38.9067989215787], [-77.0101431295624, 38.9069773703853], [-77.0095657922108, 38.9071695107847], [-77.0094677680469, 38.9072021334416], [-77.0094492456841, 38.9072082975479], [-77.0092830223223, 38.9072636178958], [-77.0092014975153, 38.9072907495825], [-77.0091090950085, 38.9073215015644], [-77.0090553613815, 38.9073393842914], [-77.0090605105247, 38.9064583096506], [-77.0090652060187, 38.9056551215826], [-77.0090683842581, 38.905111304553], [-77.0090708384555, 38.9046915522059], [-77.0090716442443, 38.9043600984023], [-77.0090717843815, 38.9043021808612], [-77.0090687462792, 38.9037379336096], [-77.0090662750139, 38.9032791179065], [-77.0090658555006, 38.9032004627891], [-77.009066933479, 38.9026111356082], [-77.0090665597798, 38.9025223101929], [-77.0092528344371, 38.9025217313523], [-77.0097485643368, 38.9025232224961], [-77.0098047000589, 38.9025231826484], [-77.0101147859185, 38.9025229617382], [-77.0101116094757, 38.9024676593677], [-77.0101306807092, 38.9021089790328], [-77.012171354794, 38.9021114531015], [-77.0121733760034, 38.9025241655589], [-77.0123101031829, 38.9025242599351], [-77.0124002581048, 38.9025243221534], [-77.012682018287, 38.9025250128473], [-77.0131454672269, 38.902524150179], [-77.0135845421782, 38.9025234762632], [-77.0135888576848, 38.9025234692724], [-77.0137247790755, 38.9025213811118], [-77.0137705311712, 38.9026414911406], [-77.0137901791231, 38.9026930728657], [-77.0138603105974, 38.9028811590151], [-77.0139426690409, 38.9031077994788], [-77.0140177619105, 38.9033139919748], [-77.0141106180665, 38.9035699984022], [-77.0141307178709, 38.9036290427456], [-77.0141707189522, 38.9037465545516], [-77.0141968051298, 38.9038183658669], [-77.0142486963121, 38.9039612144105], [-77.0143212505427, 38.9041549114062], [-77.0143365928694, 38.9041958711166], [-77.0144073046553, 38.9043940463782], [-77.014468356857, 38.9045808368529], [-77.0145017858637, 38.9046831124357], [-77.0145307592265, 38.9047566096376], [-77.0145844910569, 38.9048929068049], [-77.014671583622, 38.9051288243271], [-77.0147082546486, 38.9052238995401], [-77.0147672191655, 38.9053465628396], [-77.0147565831125, 38.9053767396425], [-77.0147781318995, 38.9053692653485], [-77.0152245335103, 38.9052149642022], [-77.0153320142391, 38.9051775779588], [-77.0155178100944, 38.9051129508331], [-77.0157610541104, 38.9050295909888], [-77.0158124296598, 38.9050121571743], [-77.015830833445, 38.9050059124857], [-77.0158519986514, 38.9049987303591], [-77.0158909729584, 38.9049855048701], [-77.0159948730024, 38.9049502471404], [-77.0161825220821, 38.9048865705289], [-77.0161266271085, 38.9046513994989], [-77.0146933524963, 38.9025260474899], [-77.0181812394533, 38.9025281943733], [-77.0189299457168, 38.9025289416928], [-77.0189347139743, 38.9041817933161], [-77.0190525936008, 38.9041789586012], [-77.0191117323909, 38.9041775311072], [-77.0193428850832, 38.9041753311446], [-77.0194909157639, 38.9041751263181], [-77.0196764151752, 38.9041739239235], [-77.0197552171885, 38.904172805417], [-77.019900506211, 38.9041707431704], [-77.0200544801456, 38.9041710913056], [-77.0200971025109, 38.9041713296873], [-77.0205665584851, 38.9041724202312], [-77.0209723508552, 38.9041733814479], [-77.0219162394703, 38.9041756128685], [-77.021937622069, 38.9041755352721], [-77.0219162286905, 38.9042079230204], [-77.0219160598072, 38.9046997032628], [-77.0219177154023, 38.90483608932], [-77.02191824451, 38.9050573345059], [-77.0219163481664, 38.9056392740712], [-77.0219164326081, 38.9056512691068], [-77.0219213050702, 38.9072476421208], [-77.022947014038, 38.9072440763363], [-77.0229432689616, 38.9096522060583], [-77.0239718390636, 38.9096542513693], [-77.0239691108801, 38.9116228548049], [-77.0239699517032, 38.9126137631113], [-77.0238265150068, 38.9126137812849], [-77.0237566090097, 38.9126137868767], [-77.0199026918121, 38.912614200675], [-77.0173649717957, 38.9126132193022]], [[-77.0167106218747, 38.9065160702451], [-77.0166020604727, 38.9065139039091], [-77.0166215458295, 38.9069428056938], [-77.0184504169333, 38.906951469587], [-77.0184559837931, 38.9067456840117], [-77.0167217591876, 38.9067370200933], [-77.0167106218747, 38.9065160702451]]]}, "properties": {"Route": "R207_2", "ROUTE_NUMB": 207, "CollectionDay": "Tuesday", "RunsPerWeek": 1, "RStatus": "Scheduled Other Day", "RecycleRouteArea": "IC_207"}}, {"type": "Feature", "geometry": {"type": "Polygon", "coordinates": [[[-77.0239699876358, 38.9140935628746], [-77.0239699517032, 38.9126137631113], [-77.0239691108801, 38.9116228548049], [-77.0239718390636, 38.9096542513693], [-77.0229432689616, 38.9096522060583], [-77.022947014038, 38.9072440763363], [-77.0239650361219, 38.9072516636768], [-77.0239947631713, 38.9056532432298], [-77.0259896034137, 38.9056408958723], [-77.0259859517621, 38.9035863553002], [-77.0270521585796, 38.9039563202302], [-77.0281826281775, 38.9043453173749], [-77.0345701771587, 38.906566120348], [-77.0345526186881, 38.907941639223], [-77.0345500665744, 38.908337372711], [-77.0345491125636, 38.908444934498], [-77.0345492014968, 38.9086294257139], [-77.0345492410226, 38.908709869905], [-77.0345587047742, 38.9103940678273], [-77.0319561811915, 38.9103947179023], [-77.031953715316, 38.9141015786499], [-77.0270374414803, 38.9140976497458], [-77.0239699876358, 38.9140935628746]], [[-77.0340563255448, 38.9079288127292], [-77.0338362059608, 38.9075824294136], [-77.0333470490341, 38.9075976550509], [-77.0330095313206, 38.9077080413484], [-77.0327649533064, 38.9077270731861], [-77.0325497250492, 38.9077080413484], [-77.0325643990293, 38.9078945546762], [-77.032950832705, 38.9078602966065], [-77.0332296518029, 38.9077575243955], [-77.0335769521698, 38.9076775894187], [-77.0337432653632, 38.9076966212646], [-77.0339438196403, 38.907993521874], [-77.0340563255448, 38.9079288127292]], [[-77.0279608305406, 38.906199688718], [-77.0279608314389, 38.906009523302], [-77.0274216464357, 38.9060118762993], [-77.0274575925218, 38.9070468352561], [-77.0276989419909, 38.9070548273609], [-77.0277143463014, 38.9062196688671], [-77.0279608305406, 38.906199688718]]]}, "properties": {"Route": "R208_2", "ROUTE_NUMB": 208, "CollectionDay": "Tuesday", "RunsPerWeek": 1, "RStatus": "Scheduled Other Day", "RecycleRouteArea": "IC_208"}}, {"type": "Feature", "geometry": {"type": "Polygon", "coordinates": [[[-77.0327325097516, 38.9370964108635], [-77.0322615230481, 38.9369723371749], [-77.0313059347748, 38.9367169683051], [-77.0304364482247, 38.9364872146343], [-77.0297091910354, 38.9362939664348], [-77.029710338184, 38.9333003006992], [-77.0297106957134, 38.9323712299183], [-77.0297110954637, 38.9313259940586], [-77.0325558515594, 38.930352340683], [-77.0327508129255, 38.9302385647388], [-77.0335556558094, 38.9305472053404], [-77.0364378312282, 38.9316512053711], [-77.0376154803449, 38.9321114267208], [-77.0376155647865, 38.9321114595639], [-77.0380934927722, 38.932292391813], [-77.0385009128895, 38.9324457620034], [-77.03884173281, 38.9325395658659], [-77.038883656286, 38.9325470128411], [-77.0393276656831, 38.9326258772171], [-77.0394956946587, 38.9325963912209], [-77.0399210972514, 38.9325217432953], [-77.0406020534744, 38.9323777628953], [-77.0407148809758, 38.9323703829861], [-77.0410121532663, 38.9323734967894], [-77.0412963874087, 38.9323764750275], [-77.0413148109568, 38.9361817617311], [-77.0411779616065, 38.9362141600287], [-77.041099945619, 38.9362358380772], [-77.0410248249016, 38.9362601511076], [-77.0409493843841, 38.9362871634021], [-77.0408755599357, 38.9363178427265], [-77.0407920561402, 38.9363576602856], [-77.040739906243, 38.9363842728584], [-77.0406204500731, 38.9364525860557], [-77.0405428868365, 38.9365014292703], [-77.0404674562005, 38.9365472636434], [-77.0404042237876, 38.936582325399], [-77.0402304599673, 38.9366660059407], [-77.0401683306856, 38.9366917952746], [-77.0401485246302, 38.9366999803885], [-77.0400742222781, 38.9367282202122], [-77.0400189094128, 38.9367475894476], [-77.0399218859722, 38.9367789093224], [-77.0398507950973, 38.9367996040637], [-77.0397047910158, 38.9368393822226], [-77.0397047550832, 38.9368393920051], [-77.0394937201617, 38.9368968323035], [-77.0393053057174, 38.9369494030102], [-77.0392470859038, 38.9369670847194], [-77.0390969504704, 38.9370159506381], [-77.03901509688, 38.9370464095432], [-77.0389243975791, 38.9370814605709], [-77.0388856370712, 38.9370972612329], [-77.0388166347793, 38.9371270632855], [-77.038731125944, 38.937165485702], [-77.0386235616719, 38.9372188569668], [-77.0385214609533, 38.9372748645398], [-77.0383329557791, 38.9373819660168], [-77.0381342690995, 38.9374945328642], [-77.0379992100915, 38.9375699504557], [-77.0379157476185, 38.9376151399025], [-77.0377838668499, 38.9376853266243], [-77.0377836404745, 38.937685446807], [-77.0376217137546, 38.9377681764651], [-77.0374915056491, 38.937831282753], [-77.0374021771773, 38.9378723173569], [-77.0372305666187, 38.9379482516098], [-77.0370337870624, 38.9380293242651], [-77.0369111221104, 38.9380762239168], [-77.0367597955109, 38.9381314517262], [-77.0366103517802, 38.9381838321613], [-77.0364471139692, 38.9382385075401], [-77.0364490107619, 38.9374348535913], [-77.035856375101, 38.9374342883115], [-77.034929419729, 38.9374334037079], [-77.0341802391551, 38.937428059053], [-77.0338685462094, 38.9373860836887], [-77.0335756370362, 38.9373152789844], [-77.0327325097516, 38.9370964108635]], [[-77.0383319927852, 38.9343352704904], [-77.0380834765568, 38.9342470920085], [-77.0374852641545, 38.93521249196], [-77.0374064028524, 38.9352116024374], [-77.0373572569215, 38.9352836146034], [-77.037138956426, 38.9351964889362], [-77.0370545327556, 38.935332348219], [-77.0374207678121, 38.9354510471313], [-77.0374905255872, 38.935420523954], [-77.0377652025533, 38.9354781778242], [-77.0378349603283, 38.935332348219], [-77.0377172423986, 38.935284868878], [-77.0383319927852, 38.9343352704904]], [[-77.0375160323513, 38.9333193522274], [-77.0370347213103, 38.9331093917217], [-77.0368679454846, 38.9333751148135], [-77.0369498700418, 38.9334098231579], [-77.0370508137303, 38.9332613143693], [-77.0374428843344, 38.9334143757007], [-77.0375160323513, 38.9333193522274]], [[-77.0358369014223, 38.9331454823856], [-77.0362809907695, 38.9324273084034], [-77.0359862562197, 38.9322836737125], [-77.0359488593544, 38.9318473117112], [-77.0353579852898, 38.9316116744712], [-77.0338202204403, 38.9310711625006], [-77.0337220902753, 38.9312350033579], [-77.033569707257, 38.9314000373844], [-77.033189894165, 38.9312682180169], [-77.03308471492, 38.9314045823694], [-77.0330730287365, 38.9316682210513], [-77.0329035732362, 38.9319954929316], [-77.0358369014223, 38.9331454823856]]]}, "properties": {"Route": "R109_2", "ROUTE_NUMB": 109, "CollectionDay": "Tuesday", "RunsPerWeek": 1, "RStatus": "Scheduled Other Day", "RecycleRouteArea": "IC_109"}}, {"type": "Feature", "geometry": {"type": "Polygon", "coordinates": [[[-77.0327508129255, 38.9302385647388], [-77.0317695750558, 38.9296633754702], [-77.0305489038236, 38.9296639303297], [-77.0297111556509, 38.9296643041961], [-77.0295124779544, 38.9296661756241], [-77.0281543375343, 38.929678965345], [-77.0277467485337, 38.929682803938], [-77.0274689077011, 38.9285352915879], [-77.0271421410249, 38.9271856927802], [-77.027048353316, 38.9267569769187], [-77.0270425564875, 38.9257625502911], [-77.0270128240482, 38.9237741877594], [-77.0255048518252, 38.9239189830364], [-77.025395797248, 38.9226971986179], [-77.0252225068398, 38.9206780200683], [-77.0258833578684, 38.9207192854501], [-77.0268614651093, 38.9207803591216], [-77.027577143913, 38.9207398765473], [-77.0276645706515, 38.9207349311061], [-77.0280870106003, 38.9207110348918], [-77.0285227078862, 38.9206863880464], [-77.0287547822499, 38.9206732605314], [-77.0287665501802, 38.9206725944758], [-77.0288365460088, 38.9206686351837], [-77.0306772299586, 38.9203197357703], [-77.0308904001755, 38.9202793284152], [-77.0309507130636, 38.9202678956771], [-77.0314113502767, 38.9201805803327], [-77.0336869957921, 38.9196939653816], [-77.0339612451602, 38.9196353202014], [-77.0339814033551, 38.9196179514787], [-77.0341727328326, 38.9194531122966], [-77.0342127626599, 38.9194186242709], [-77.0345209683457, 38.9191835440198], [-77.0345463161081, 38.9191831519263], [-77.0347151221264, 38.9191805393678], [-77.0347342490554, 38.9192767762323], [-77.0348094982318, 38.9205444384052], [-77.0348119173949, 38.9205852006531], [-77.0348324870182, 38.9206938383627], [-77.0348634070303, 38.9207434451483], [-77.0349337415238, 38.9207971593517], [-77.0350354631533, 38.9208438097078], [-77.0351025511354, 38.9208919144482], [-77.0351390829231, 38.9209281664844], [-77.0351801718641, 38.9210029230589], [-77.0354263659475, 38.9253265584021], [-77.0354860275571, 38.9263329498356], [-77.0364911686982, 38.9262801217704], [-77.0364787962018, 38.928695165482], [-77.0373507719835, 38.9287358217175], [-77.0388715739454, 38.9288067279309], [-77.0388645015092, 38.9296913469554], [-77.0388638205862, 38.9297765506577], [-77.0388563088738, 38.9307161249267], [-77.0388551886746, 38.9308562408208], [-77.0388541960362, 38.9309803755234], [-77.0388469151908, 38.9318910785668], [-77.0388455147173, 38.9320662617185], [-77.0388431629279, 38.9323603958944], [-77.0388428107883, 38.9324045048399], [-77.03884173281, 38.9325395658659], [-77.0385009128895, 38.9324457620034], [-77.0380934927722, 38.932292391813], [-77.0376155647865, 38.9321114595639], [-77.0376154803449, 38.9321114267208], [-77.0364378312282, 38.9316512053711], [-77.0335556558094, 38.9305472053404], [-77.0327508129255, 38.9302385647388]], [[-77.0354607157274, 38.9267498277421], [-77.0354439729271, 38.9266326063025], [-77.0347463843966, 38.926678191975], [-77.0346989479597, 38.926817120124], [-77.0330386861432, 38.9269234882346], [-77.0331140260494, 38.9274184179914], [-77.0333260931352, 38.9274032224631], [-77.0332786566983, 38.9270320246909], [-77.0347854494333, 38.9269321706541], [-77.0348319004184, 38.9269110404498], [-77.034855209005, 38.9267758757599], [-77.0354607157274, 38.9267498277421]]]}, "properties": {"Route": "R110_2", "ROUTE_NUMB": 110, "CollectionDay": "Tuesday", "RunsPerWeek": 1, "RStatus": "Scheduled Other Day", "RecycleRouteArea": "IC_110"}}, {"type": "Feature", "geometry": {"type": "Polygon", "coordinates": [[[-77.0141691999011, 38.9140918294316], [-77.0140556555441, 38.9130823684963], [-77.0140543853263, 38.9130747118811], [-77.0140527701554, 38.9130611992184], [-77.0140523057264, 38.9130475069155], [-77.0140528779532, 38.9130339040792], [-77.0140547401608, 38.9130196735568], [-77.0140574863107, 38.9130068787357], [-77.0140614730339, 38.9129933625651], [-77.0140614981867, 38.9129932919682], [-77.014066644635, 38.9129798855349], [-77.014072468413, 38.9129676904315], [-77.0140794995267, 38.9129552576727], [-77.0140875681946, 38.9129431855856], [-77.0141061408631, 38.9129511043326], [-77.0141237783854, 38.91295862466], [-77.0141320267163, 38.9129621405299], [-77.014153623114, 38.9129713488929], [-77.0142206392309, 38.9129999210921], [-77.0143726054309, 38.9130647122873], [-77.014443454659, 38.9130949186613], [-77.0146955291142, 38.9132023921576], [-77.0148375743202, 38.9132629536577], [-77.0156455711891, 38.9136074422949], [-77.0157084173263, 38.91363490986], [-77.0158592498524, 38.9137009201831], [-77.0159607307334, 38.9137439608183], [-77.0160069122239, 38.9137635481185], [-77.0160987595718, 38.9138025018277], [-77.0161447676874, 38.9138220366889], [-77.0168206843617, 38.9141090247647], [-77.0177822257704, 38.9137725900221], [-77.0174002612133, 38.9127112768357], [-77.0173649717957, 38.9126132193022], [-77.0199026918121, 38.912614200675], [-77.0237566090097, 38.9126137868767], [-77.0238265150068, 38.9126137812849], [-77.0239699517032, 38.9126137631113], [-77.0239699876358, 38.9140935628746], [-77.0238278166657, 38.9140937718663], [-77.023449890934, 38.9140942779198], [-77.0234316299809, 38.9140943023837], [-77.0233883293876, 38.9140946015424], [-77.0229468873755, 38.9140953885814], [-77.0229280919249, 38.9140954221319], [-77.0229280964164, 38.914096634843], [-77.0229506081974, 38.91776988838], [-77.0218990897332, 38.9177672974364], [-77.0218991283608, 38.9178925132253], [-77.0218991553102, 38.9179814256461], [-77.0219005189528, 38.918290411028], [-77.0219009618222, 38.9186071440406], [-77.0219011738247, 38.9189229761277], [-77.0219011971808, 38.918998375725], [-77.0178744575973, 38.9193775007118], [-77.0178869881972, 38.9194472232289], [-77.0178914321629, 38.9194719956106], [-77.0180160617305, 38.9202822757103], [-77.0180178520728, 38.9202942563898], [-77.0180292292359, 38.9203683930027], [-77.0149370097373, 38.9206758331974], [-77.0149252337223, 38.9206034406734], [-77.0149244225436, 38.9205975076701], [-77.0149212892199, 38.9205746436923], [-77.0148855030339, 38.9203132547997], [-77.0148844627848, 38.9203055975668], [-77.0148759746037, 38.9202431123907], [-77.0148751086277, 38.9202367753883], [-77.0147306244958, 38.9189985322832], [-77.0147142293435, 38.9188579260882], [-77.0147047979313, 38.918776685444], [-77.01470212724, 38.9187536734067], [-77.0147002821004, 38.9187375834976], [-77.014699024459, 38.9187265922306], [-77.0146969780968, 38.9187087654905], [-77.0146952703994, 38.9186938120211], [-77.0146925889283, 38.9186703400651], [-77.0146854275589, 38.918606742159], [-77.0146696010402, 38.918469007074], [-77.014642900415, 38.9182319785598], [-77.0146409654439, 38.9182169033763], [-77.0146385624505, 38.9181985222579], [-77.0146350069186, 38.9181712947939], [-77.0146276694794, 38.9181148045522], [-77.0146192055528, 38.9180493553817], [-77.0146073415028, 38.9179525430303], [-77.0145991425792, 38.9178820544133], [-77.0145975696291, 38.9178687062159], [-77.0145958565419, 38.9178542334347], [-77.0145909517404, 38.9178127434273], [-77.0145819245702, 38.917736352182], [-77.0145791424877, 38.9177128337797], [-77.0145732603192, 38.9176445766208], [-77.0145687516748, 38.9175876442332], [-77.0145682908391, 38.9175814286082], [-77.0145665579889, 38.9175655739744], [-77.0145120320478, 38.9170785909216], [-77.0145035609347, 38.9170036310147], [-77.0144953970454, 38.9169313961996], [-77.0144944717806, 38.9169231088558], [-77.0144813177499, 38.9168071013184], [-77.0144796810195, 38.9167926576762], [-77.0144593260934, 38.916613158569], [-77.0144522734201, 38.9165509671929], [-77.014420261955, 38.9162679233675], [-77.0144148055879, 38.9162196812943], [-77.0144138407973, 38.9162120012534], [-77.0143928786102, 38.9160455123265], [-77.0143847389754, 38.9159713020011], [-77.0143841712401, 38.9159661157887], [-77.0143763028966, 38.9158940113202], [-77.0143678398683, 38.9158168379791], [-77.0143665750404, 38.9158051591898], [-77.0143665642606, 38.9158050536481], [-77.0143620897521, 38.915762821553], [-77.0143503092455, 38.9156497994467], [-77.0143426843454, 38.9155762918555], [-77.0143332969506, 38.9154959854522], [-77.0143259092058, 38.9154429228562], [-77.0143181567448, 38.9153829796958], [-77.0143069987707, 38.9152965592963], [-77.0143046344049, 38.9152756360128], [-77.0142952461118, 38.9151925390284], [-77.014294990092, 38.9151902667156], [-77.0142947547334, 38.915188488566], [-77.0142934845156, 38.9151793909261], [-77.0142796235107, 38.9150528248529], [-77.0142733595583, 38.9149961392159], [-77.0142264225847, 38.9145886240693], [-77.0141691999011, 38.9140918294316]], [[-77.0182973161611, 38.9149073334906], [-77.0184504187299, 38.9157195479929], [-77.0186146550184, 38.915710884471], [-77.0185868189226, 38.915310192453], [-77.0192020094837, 38.9155701005178], [-77.0193217073004, 38.9154401473033], [-77.0185673326675, 38.9151520812245], [-77.0185450634316, 38.9149549837375], [-77.0183585570089, 38.9148748443817], [-77.0182973161611, 38.9149073334906]], [[-77.0150268322826, 38.9164494635705], [-77.0151335000361, 38.9172810049204], [-77.015337926052, 38.9172742364089], [-77.0153640230093, 38.9174569797019], [-77.0155206047532, 38.9174400591629], [-77.0155763326402, 38.9174339623441], [-77.0155342169247, 38.9171432050566], [-77.0153232826146, 38.9171600599661], [-77.0152115438713, 38.9162888917901], [-77.0145650542091, 38.9163252642999], [-77.0145753165629, 38.9164485766084], [-77.0150268322826, 38.9164494635705]], [[-77.0156815352415, 38.9142453710762], [-77.0156815361398, 38.9138934058482], [-77.0143201456149, 38.9139949340955], [-77.0143636411426, 38.9147056319543], [-77.0156815352415, 38.9142453710762]]]}, "properties": {"Route": "R107_2", "ROUTE_NUMB": 107, "CollectionDay": "Tuesday", "RunsPerWeek": 1, "RStatus": "Scheduled Other Day", "RecycleRouteArea": "IC_107"}}, {"type": "Feature", "geometry": {"type": "Polygon", "coordinates": [[[-77.0252225068398, 38.9206780200683], [-77.0252040509523, 38.9206293092327], [-77.0251388754835, 38.9204572953321], [-77.0249315263496, 38.9199100545149], [-77.0249161912094, 38.9198695819277], [-77.0248944429963, 38.9198121823548], [-77.0248385120901, 38.9196645669654], [-77.0247723529661, 38.9194899570496], [-77.0246871100321, 38.9192649764006], [-77.0243790085509, 38.9184518113994], [-77.0241389050452, 38.9184778400982], [-77.0240580360083, 38.9183555300826], [-77.0239911726051, 38.918223378248], [-77.0241131485493, 38.9179461366291], [-77.023945536392, 38.9177715874855], [-77.0238110558991, 38.9177707068303], [-77.0237836123671, 38.9177707124218], [-77.0234384877198, 38.9177702665027], [-77.0230607299732, 38.9177697765508], [-77.0230467773402, 38.9177697793466], [-77.0229506081974, 38.91776988838], [-77.0229280964164, 38.914096634843], [-77.0229280919249, 38.9140954221319], [-77.0229468873755, 38.9140953885814], [-77.0233883293876, 38.9140946015424], [-77.0234316299809, 38.9140943023837], [-77.023449890934, 38.9140942779198], [-77.0238278166657, 38.9140937718663], [-77.0239699876358, 38.9140935628746], [-77.0270374414803, 38.9140976497458], [-77.031953715316, 38.9141015786499], [-77.0319540270314, 38.9155761590542], [-77.0319541671686, 38.9162335491201], [-77.0319545435627, 38.9179989827816], [-77.0319545687156, 38.9181201786196], [-77.0355636473876, 38.9181214807248], [-77.0365023293673, 38.9181218197056], [-77.0364899559726, 38.9187660960637], [-77.036482520617, 38.9191531892707], [-77.0364826167367, 38.9191563777396], [-77.0363199911276, 38.9191903542842], [-77.0355992350459, 38.9191901040713], [-77.0354949262683, 38.9191902473497], [-77.0351778155831, 38.9191886321485], [-77.0348627800063, 38.9191877354357], [-77.0346115221196, 38.919137119022], [-77.0345463161081, 38.9191831519263], [-77.0345209683457, 38.9191835440198], [-77.0342127626599, 38.9194186242709], [-77.0341727328326, 38.9194531122966], [-77.0339814033551, 38.9196179514787], [-77.0339612451602, 38.9196353202014], [-77.0336869957921, 38.9196939653816], [-77.0314113502767, 38.9201805803327], [-77.0309507130636, 38.9202678956771], [-77.0308904001755, 38.9202793284152], [-77.0306772299586, 38.9203197357703], [-77.0288365460088, 38.9206686351837], [-77.0287665501802, 38.9206725944758], [-77.0287547822499, 38.9206732605314], [-77.0285227078862, 38.9206863880464], [-77.0280870106003, 38.9207110348918], [-77.0276645706515, 38.9207349311061], [-77.027577143913, 38.9207398765473], [-77.0268614651093, 38.9207803591216], [-77.0258833578684, 38.9207192854501], [-77.0252225068398, 38.9206780200683]], [[-77.0295373028973, 38.919341309388], [-77.0281405591744, 38.9193373136779], [-77.0281611000517, 38.9206597325418], [-77.0287721754305, 38.9206277709437], [-77.0289159570799, 38.9206037999105], [-77.0295373028973, 38.9204879388703], [-77.0295373028973, 38.919341309388]], [[-77.0314379017816, 38.9167779057974], [-77.0314576198021, 38.9158317878611], [-77.0297026530967, 38.9158369020913], [-77.029705939134, 38.9167855766909], [-77.0314379017816, 38.9167779057974]]]}, "properties": {"Route": "R111_2", "ROUTE_NUMB": 111, "CollectionDay": "Tuesday", "RunsPerWeek": 1, "RStatus": "Scheduled Other Day", "RecycleRouteArea": "IC_111"}}, {"type": "Feature", "geometry": {"type": "Polygon", "coordinates": [[[-77.023372351952, 38.9300256873564], [-77.0236240006058, 38.9300096160763], [-77.025443026174, 38.9298777382197], [-77.0260932258784, 38.9298305997422], [-77.026382811285, 38.9298096052725], [-77.0265731921414, 38.929791902212], [-77.0271178308167, 38.9297412730977], [-77.0275776002572, 38.9296985293786], [-77.0277467485337, 38.929682803938], [-77.0281543375343, 38.929678965345], [-77.0295124779544, 38.9296661756241], [-77.0297111556509, 38.9296643041961], [-77.0305489038236, 38.9296639303297], [-77.0317695750558, 38.9296633754702], [-77.0327508129255, 38.9302385647388], [-77.0325558515594, 38.930352340683], [-77.0297110954637, 38.9313259940586], [-77.0297106957134, 38.9323712299183], [-77.029710338184, 38.9333003006992], [-77.0297091910354, 38.9362939664348], [-77.0258524279749, 38.935335139764], [-77.0254301326548, 38.9358741993705], [-77.0250126891355, 38.9361224677634], [-77.0242998427199, 38.9363362953143], [-77.0233725801241, 38.9300272631775], [-77.023372351952, 38.9300256873564]], [[-77.0277418455288, 38.9352573628768], [-77.0277883306498, 38.9354077066193], [-77.0279351252487, 38.9354305434564], [-77.0279620387746, 38.9355409234949], [-77.02805990214, 38.9355923066208], [-77.0279791642572, 38.9357864203938], [-77.0281577655054, 38.9358397067498], [-77.0282898816325, 38.9356018215963], [-77.0282507357474, 38.9355256975638], [-77.0281724439771, 38.9354514782654], [-77.0281504253712, 38.935274490891], [-77.0280329895124, 38.9352630717495], [-77.0280476688825, 38.9350118627489], [-77.028245842624, 38.9349909292076], [-77.0282238231198, 38.9346084050021], [-77.0280256502765, 38.934610308443], [-77.0280378826358, 38.9348729359758], [-77.0277173790138, 38.9348824517467], [-77.0277418455288, 38.9352573628768]], [[-77.0291685588462, 38.9358071391824], [-77.0290610430831, 38.9360069241463], [-77.0293895641691, 38.936095201759], [-77.0295269453221, 38.9358117852045], [-77.0293716454741, 38.9356305838286], [-77.0294492949489, 38.9348593100718], [-77.0294134566607, 38.9346548743799], [-77.0287146033022, 38.9346223509895], [-77.0287743340821, 38.9351706082195], [-77.0288654969138, 38.9353076121208], [-77.0289475544217, 38.9357095691544], [-77.0291685588462, 38.9358071391824]]]}, "properties": {"Route": "R112_2", "ROUTE_NUMB": 112, "CollectionDay": "Tuesday", "RunsPerWeek": 1, "RStatus": "Scheduled Other Day", "RecycleRouteArea": "IC_112"}}, {"type": "Feature", "geometry": {"type": "Polygon", "coordinates": [[[-76.9937597479371, 38.9002097566977], [-76.9937580312566, 38.8947923957052], [-76.9948323893869, 38.8947922691574], [-76.995080907412, 38.8947922390935], [-76.995489155776, 38.8947932144203], [-76.9955161411671, 38.8947930109651], [-76.9961701299653, 38.8947954727038], [-76.9962811958704, 38.8947968269747], [-76.9963647400902, 38.8947960662898], [-76.9963647688362, 38.8947960662898], [-76.9963736325131, 38.8947957439775], [-76.9963897851203, 38.8947951580823], [-76.9964068926365, 38.8947945337333], [-76.9964069411456, 38.8947945295384], [-76.9964402210319, 38.8947899381613], [-76.9964403656607, 38.8947899150891], [-76.9964636203484, 38.8947857508979], [-76.9964872855663, 38.8947815132948], [-76.9965877693173, 38.8947616306057], [-76.9965996908595, 38.8947592716423], [-76.9966597225749, 38.8947473929246], [-76.9966682008746, 38.8947479802185], [-76.9966953479625, 38.894749859559], [-76.9967055914517, 38.8947511082577], [-76.9967212095612, 38.8947534707173], [-76.9967425750919, 38.8947571489946], [-76.9967504973344, 38.8947586158309], [-76.9967695200589, 38.8947627080102], [-76.9967985536089, 38.8947725507738], [-76.9968202721775, 38.8947783265275], [-76.9968231584645, 38.8947790529539], [-76.9968581559296, 38.8947878602607], [-76.9968793813232, 38.8947930200542], [-76.9968970206421, 38.8947936625813], [-76.9969035253431, 38.8947938863121], [-76.9969139844279, 38.8947938863121], [-76.9969258466812, 38.8947938870113], [-76.9969575176849, 38.8947939527322], [-76.9975384267381, 38.8947951489932], [-76.997787648144, 38.8947934423462], [-76.9982352552939, 38.8947953419611], [-76.9983421134902, 38.8947952531679], [-76.9984509318105, 38.8947950741832], [-76.9984499203074, 38.8989185639372], [-76.9984479080812, 38.9013315432488], [-76.9949632155333, 38.9013334266097], [-76.994963063718, 38.9002108046571], [-76.9937597479371, 38.9002097566977]]]}, "properties": {"Route": "R616_4", "ROUTE_NUMB": 616, "CollectionDay": "Thursday", "RunsPerWeek": 1, "RStatus": "Scheduled Other Day", "RecycleRouteArea": "IC_616"}}, {"type": "Feature", "geometry": {"type": "Polygon", "coordinates": [[[-76.9961657605598, 38.9053066069376], [-76.9961659105784, 38.9025197830083], [-76.9984458006335, 38.9025200269882], [-76.9984479080812, 38.9013315432488], [-76.9995118197031, 38.9013345605411], [-77.0020396582514, 38.9013417297556], [-77.0035692619065, 38.9013460676369], [-77.0035700515256, 38.9014132897321], [-77.003570545599, 38.9014655826282], [-77.003571708019, 38.9016347762845], [-77.0035731803577, 38.9016888391161], [-77.003571092673, 38.9018076838024], [-77.0035717367651, 38.9018586677126], [-77.003571061232, 38.9019109169373], [-77.0035710791983, 38.9023552648412], [-77.0035699464227, 38.9024268951027], [-77.0035697973024, 38.9024400029232], [-77.0035711932843, 38.902522673716], [-77.0035714295412, 38.9026300080236], [-77.0035745718481, 38.9032224424406], [-77.0035764367506, 38.9036382229583], [-77.00357489075, 38.9037743412133], [-77.0027193361718, 38.9037861492131], [-77.0027158004028, 38.9044357609399], [-77.0021180910571, 38.9044282592833], [-77.0021495213123, 38.9056523903863], [-77.0020420136341, 38.9056527531943], [-77.0019339858312, 38.9056551872935], [-77.0017562047449, 38.905654670694], [-77.0016626218519, 38.9056543994619], [-77.0014569723305, 38.9056537982771], [-77.0013798887943, 38.9056518143674], [-77.0013002306865, 38.9056533040473], [-77.0012206803765, 38.90565312509], [-77.0009394564886, 38.9056522827323], [-77.0006807722295, 38.9056515074835], [-77.0005836670422, 38.90565125932], [-77.0005755112378, 38.9056512376494], [-77.0005770599333, 38.9057349469886], [-77.000575383677, 38.905840956633], [-77.0005745572269, 38.9058931148467], [-77.0005742176638, 38.9060353237809], [-77.0005741511884, 38.9061431861511], [-77.0005727147823, 38.9064905411698], [-77.0005724587624, 38.9065515557843], [-77.0005725530855, 38.9065681783308], [-77.000572580035, 38.9066248783884], [-77.0005724677456, 38.9066388235855], [-77.0005724623557, 38.9068209029123], [-77.0005704267733, 38.9069252185605], [-77.0005712487318, 38.9070228414605], [-77.0005535474291, 38.907088436413], [-77.0004861710878, 38.90715716439], [-77.0004466865378, 38.907141075347], [-77.0003536480238, 38.9071021515357], [-77.0003336685936, 38.9070939210644], [-77.0003166580954, 38.9070869125104], [-77.0002095941849, 38.9070472588734], [-77.0000863659892, 38.9069947939306], [-76.9999206106496, 38.906920774766], [-76.9999124305906, 38.906917383026], [-76.9995904429517, 38.9067808891206], [-76.999488185028, 38.9067373486428], [-76.9994494568594, 38.906720846371], [-76.9994329682824, 38.906713682593], [-76.9994074157042, 38.9067025566458], [-76.9993812190339, 38.9066914663481], [-76.9993034419982, 38.9066585044211], [-76.9985584188275, 38.9063343515429], [-76.9985309636174, 38.9063221685796], [-76.9985134850969, 38.9063144280488], [-76.9984729360433, 38.9062964199343], [-76.9984343516053, 38.9062791863581], [-76.9983958039981, 38.9062624504985], [-76.9983387349264, 38.9062377615857], [-76.9983315996081, 38.9062346738981], [-76.9983265555678, 38.906232500563], [-76.9982100467704, 38.9061824187679], [-76.998197340999, 38.9061769312499], [-76.9981244238491, 38.906144545798], [-76.9980229106287, 38.9061018228155], [-76.9980148662153, 38.9060983121982], [-76.9978385421964, 38.9060210401258], [-76.9978130956194, 38.9060100371026], [-76.9977524764057, 38.905983628442], [-76.9977073216896, 38.9059639662937], [-76.9973775537421, 38.9058226848565], [-76.9973656348949, 38.9058175706037], [-76.9971006354793, 38.9057038119382], [-76.9970068360923, 38.9056641435476], [-76.9966829530082, 38.9055251586029], [-76.9966758051135, 38.905522079273], [-76.9965613633395, 38.9054719620239], [-76.9964846481126, 38.9054411120723], [-76.9963942335776, 38.9054015868411], [-76.9962232617211, 38.9053307033754], [-76.9961657605598, 38.9053066069376]]]}, "properties": {"Route": "R617_4", "ROUTE_NUMB": 617, "CollectionDay": "Thursday", "RunsPerWeek": 1, "RStatus": "Scheduled Other Day", "RecycleRouteArea": "IC_617"}}, {"type": "Feature", "geometry": {"type": "Polygon", "coordinates": [[[-76.9834446998551, 38.9001385394686], [-76.9834344078568, 38.9001422328473], [-76.9834226507064, 38.9001407612285], [-76.9833815393074, 38.9001525278862], [-76.9833134640769, 38.9001237904203], [-76.9832916996942, 38.9001199670068], [-76.9832520714137, 38.9001130060027], [-76.9828002206225, 38.9000336321912], [-76.979297906722, 38.8994183996477], [-76.9792805315077, 38.8994151473718], [-76.9791600108343, 38.899392577888], [-76.979065877274, 38.8993749504331], [-76.9784497102442, 38.899266315745], [-76.9781831899809, 38.8992193268162], [-76.978065209743, 38.8991985260326], [-76.9777269203767, 38.899138883057], [-76.9775220290334, 38.899102759015], [-76.9774164194954, 38.8990841394415], [-76.9771309124402, 38.8990338023198], [-76.9768565777322, 38.8989854352762], [-76.9767870822652, 38.8989731825382], [-76.9767516176761, 38.8989669296281], [-76.9763749370095, 38.8989005175926], [-76.9762608913926, 38.8988804102414], [-76.9759306895588, 38.898822193202], [-76.9758553658222, 38.8988089127304], [-76.9757899496049, 38.898797379356], [-76.975708900905, 38.89878309005], [-76.9755818108518, 38.8987606832601], [-76.9754742313084, 38.8987417161343], [-76.9756209782966, 38.8982490172225], [-76.9758507727361, 38.8974438416341], [-76.9758615264684, 38.8974070420662], [-76.9762225234485, 38.8961212195207], [-76.9762199713348, 38.8947853677587], [-76.9763117989197, 38.894785373352], [-76.9767845526094, 38.8947854006192], [-76.9769505711553, 38.8947854104074], [-76.9773382427094, 38.8947854334797], [-76.9774098896416, 38.8947854376746], [-76.9780861386925, 38.8947854775267], [-76.9798829812631, 38.8947855837989], [-76.9803699579787, 38.8947856124644], [-76.9817073814518, 38.8947856914694], [-76.9819337164792, 38.8947857047534], [-76.982568132784, 38.8947857418088], [-76.9827013924665, 38.8947821313514], [-76.9830564291246, 38.8947852705756], [-76.9836499253716, 38.8947905177641], [-76.9837022908645, 38.8947891788746], [-76.983737466196, 38.8947894767164], [-76.9838639885139, 38.8947900640099], [-76.983864265195, 38.8947900654083], [-76.9841716246678, 38.8947905729977], [-76.9842519349525, 38.8947887544851], [-76.9844614957386, 38.894788670586], [-76.9844632537417, 38.894788670586], [-76.98447909643, 38.8947886698869], [-76.9844924597682, 38.8947886698869], [-76.9845025307808, 38.8947886684886], [-76.9845721142827, 38.8947899220806], [-76.9846043673947, 38.8947886188483], [-76.9846468118935, 38.8947886055642], [-76.9847598289394, 38.8947885377458], [-76.9848047923144, 38.8947885104786], [-76.9848050204864, 38.8947885111778], [-76.9848068180153, 38.8947885188685], [-76.9848084718137, 38.8947885265593], [-76.984824453741, 38.8947886027676], [-76.9849630494163, 38.8947892634729], [-76.9852902697417, 38.8947883161124], [-76.985408539237, 38.8947883077225], [-76.9854661401114, 38.8947883587611], [-76.9855113172853, 38.8947879665329], [-76.9855112777594, 38.8948796457987], [-76.9855112463184, 38.8949535167103], [-76.9855111268425, 38.89523223526], [-76.9855111025879, 38.8952890429512], [-76.9855110846216, 38.8953319716988], [-76.9855110648587, 38.8953789792804], [-76.9855110630621, 38.8953824806396], [-76.9855110612654, 38.8953857184178], [-76.9855110585705, 38.8953915081048], [-76.9855110154514, 38.8954919861203], [-76.9855110118581, 38.8954997585937], [-76.9855107459568, 38.8961223794038], [-76.985510105458, 38.8967161048962], [-76.9855064762642, 38.9000839874799], [-76.9855063433136, 38.9002051502905], [-76.9855131714081, 38.9006419655656], [-76.9855568448022, 38.9007338567916], [-76.9856664599281, 38.9008308904751], [-76.9856590075045, 38.9008283017095], [-76.9856551645118, 38.9008268175211], [-76.985619450191, 38.9008180452191], [-76.9856063913817, 38.9008158381614], [-76.9855972105995, 38.9008139310175], [-76.9855692649093, 38.9008073846476], [-76.9854966756445, 38.900789947], [-76.9854673456505, 38.9007775456651], [-76.9854382716763, 38.9007652282201], [-76.9853034758746, 38.9007080998276], [-76.9852953416298, 38.9007039101167], [-76.9852399865436, 38.9006753902945], [-76.9851911325652, 38.9006596703062], [-76.9851796547908, 38.9006559776534], [-76.9850897531938, 38.9006157912045], [-76.9848597952609, 38.900516242555], [-76.9847285864322, 38.9004595208402], [-76.9845492189211, 38.9003826935526], [-76.9844118494461, 38.9003247825545], [-76.9844036882518, 38.9003206711207], [-76.9843923883438, 38.9003149790111], [-76.9843712411037, 38.900304324656], [-76.9843584041783, 38.9002978586362], [-76.9841936504603, 38.9002342463644], [-76.9841547013062, 38.9002192079064], [-76.9840283640412, 38.9002184521733], [-76.9839060620086, 38.9002073126243], [-76.9836709845768, 38.9001859004125], [-76.9835356111584, 38.9001575670436], [-76.9835297963636, 38.9001563498997], [-76.9834446998551, 38.9001385394686]], [[-76.9818135677082, 38.8975657374447], [-76.9816379317988, 38.8975402827547], [-76.9816019911026, 38.8976698185], [-76.9809119223694, 38.8975461680471], [-76.979963830537, 38.8973861253947], [-76.9799279626044, 38.897520114893], [-76.9798097290416, 38.898079723913], [-76.9815838675918, 38.8984133743177], [-76.9818135677082, 38.8975657374447]]]}, "properties": {"Route": "R618_4", "ROUTE_NUMB": 618, "CollectionDay": "Thursday", "RunsPerWeek": 1, "RStatus": "Scheduled Other Day", "RecycleRouteArea": "IC_618"}}, {"type": "Feature", "geometry": {"type": "Polygon", "coordinates": [[[-76.9931217904734, 38.904007644442], [-76.9930932474036, 38.9039954638756], [-76.9930023908975, 38.9039566921348], [-76.9929279636795, 38.9039249313369], [-76.9928372041914, 38.9038862008026], [-76.9927688208388, 38.9038570188414], [-76.9925102650387, 38.9037466831806], [-76.992253023474, 38.903636908004], [-76.9921659318072, 38.9035997425355], [-76.9918710427472, 38.9034729411982], [-76.9917212387921, 38.9034093205858], [-76.9916500284412, 38.903379062553], [-76.991633345828, 38.9033719900165], [-76.99152416908, 38.9033258762502], [-76.9913086210225, 38.9032340708696], [-76.9912984314323, 38.9032297317056], [-76.9857516049457, 38.9008671583515], [-76.9856664599281, 38.9008308904751], [-76.9855568448022, 38.9007338567916], [-76.9855131714081, 38.9006419655656], [-76.9855063433136, 38.9002051502905], [-76.9915278827154, 38.9002078138831], [-76.9937597479371, 38.9002098461832], [-76.9937597479371, 38.9002097566977], [-76.994963063718, 38.9002108046571], [-76.9949632155333, 38.9013334266097], [-76.9984479080812, 38.9013315432488], [-76.9984458006335, 38.9025200269882], [-76.9961659105784, 38.9025197830083], [-76.9961657605598, 38.9053066069376], [-76.9931217904734, 38.904007644442]], [[-76.9934829078278, 38.9029487354881], [-76.992919562635, 38.9029464641814], [-76.9929429134425, 38.9033984940236], [-76.9934799900997, 38.9034007653158], [-76.9934829078278, 38.9032008731468], [-76.9934829078278, 38.9029487354881]], [[-76.9899802399911, 38.9004755834333], [-76.9884751863944, 38.9004684847408], [-76.9884888695328, 38.9011180149671], [-76.9899802390928, 38.9011215642809], [-76.9899802399911, 38.9004755834333]]]}, "properties": {"Route": "R614_4", "ROUTE_NUMB": 614, "CollectionDay": "Thursday", "RunsPerWeek": 1, "RStatus": "Scheduled Other Day", "RecycleRouteArea": "IC_614"}}, {"type": "Feature", "geometry": {"type": "Polygon", "coordinates": [[[-76.9855063433136, 38.9002051502905], [-76.9855064762642, 38.9000839874799], [-76.985510105458, 38.8967161048962], [-76.9855107459568, 38.8961223794038], [-76.9859221563906, 38.8961234560884], [-76.9869037050774, 38.8961260233521], [-76.9877214747182, 38.8961281620392], [-76.9877217460094, 38.8961281627384], [-76.9879014225409, 38.8961285039215], [-76.9883115995879, 38.8961231442694], [-76.9884394406326, 38.8961214453449], [-76.9885269347446, 38.8961202833644], [-76.9892535442487, 38.8961240014222], [-76.9892982435189, 38.8961242300429], [-76.9901013697223, 38.8961243006567], [-76.990128690185, 38.8961242132634], [-76.9902461556882, 38.8961240426719], [-76.9902457047339, 38.896053507907], [-76.9902458215149, 38.8960433283322], [-76.9902483125432, 38.895726114992], [-76.9902488712953, 38.8956549778633], [-76.9902479684885, 38.8955134556797], [-76.9902476325185, 38.8954432810711], [-76.9902471815643, 38.8953660792033], [-76.9902458781088, 38.8951602747307], [-76.9902453759505, 38.8950809632014], [-76.9902459787201, 38.8948877336594], [-76.9902462230619, 38.8947917049361], [-76.9903483552215, 38.8947916231345], [-76.9906545217315, 38.8947913777297], [-76.9914295055137, 38.8947912574743], [-76.9915319835247, 38.8947912644659], [-76.9916492558901, 38.8947913245936], [-76.9926952012063, 38.8947918552553], [-76.9937580312566, 38.8947923957052], [-76.9937597479371, 38.9002097566977], [-76.9937597479371, 38.9002098461832], [-76.9915278827154, 38.9002078138831], [-76.9855063433136, 38.9002051502905]], [[-76.9882348915475, 38.8971102649773], [-76.9882408150384, 38.8969264646381], [-76.9880076770694, 38.896942282633], [-76.9879862666229, 38.8967686466494], [-76.9878340578778, 38.8967625732241], [-76.9878229969217, 38.8969261325476], [-76.9855825222463, 38.8969593220179], [-76.9855768197409, 38.8971047187298], [-76.9882348915475, 38.8971102649773]], [[-76.9882511914783, 38.8963821997193], [-76.9856068073017, 38.8963632242676], [-76.985616147984, 38.8965144299731], [-76.9864606478944, 38.8965214878115], [-76.9882496616473, 38.8965364389608], [-76.9882511914783, 38.8963821997193]], [[-76.9911842825091, 38.8950271043866], [-76.9907327667894, 38.8950093548939], [-76.9907327667894, 38.8951655393705], [-76.9909972900979, 38.8951797378151], [-76.9909334405424, 38.8960848869963], [-76.9911797217624, 38.8960777878649], [-76.9911842825091, 38.8954956538721], [-76.9911979647492, 38.8950803479439], [-76.9911842825091, 38.8950271043866]]]}, "properties": {"Route": "R615_4", "ROUTE_NUMB": 615, "CollectionDay": "Thursday", "RunsPerWeek": 1, "RStatus": "Scheduled Other Day", "RecycleRouteArea": "IC_615"}}, {"type": "Feature", "geometry": {"type": "Polygon", "coordinates": [[[-76.9984479080812, 38.9013315432488], [-76.9984499203074, 38.8989185639372], [-76.9984509318105, 38.8947950741832], [-76.9984590867166, 38.8947950615983], [-76.9996183068952, 38.894794277142], [-76.9996262605787, 38.8947942736462], [-76.9998887015924, 38.8947951245227], [-77.0000134650089, 38.8947955349289], [-77.0001632527943, 38.8947958998899], [-77.0003832618855, 38.8947964354457], [-77.000454559373, 38.8947963564407], [-77.0004642998056, 38.8947963452542], [-77.0005796884038, 38.8947962543635], [-77.000683434836, 38.8947961634728], [-77.0009831451542, 38.8947958013085], [-77.0014161133582, 38.8947957964144], [-77.001930512046, 38.8947978631282], [-77.002039511826, 38.8947990307236], [-77.0021216025716, 38.8947986923307], [-77.0022174492191, 38.894795302109], [-77.002248282993, 38.8947942358916], [-77.0023169573998, 38.8947920062736], [-77.0023170193836, 38.894792003477], [-77.0024379712484, 38.894787066016], [-77.0024539864132, 38.8947877497936], [-77.0024632579253, 38.8947872212294], [-77.0024829328266, 38.8947897724606], [-77.0025277704374, 38.8947942645571], [-77.0025432978171, 38.8947949630169], [-77.0028111664517, 38.8947971485878], [-77.0028564424403, 38.8947970884601], [-77.0029801754892, 38.8947968101949], [-77.0034091929026, 38.8947953692283], [-77.0034972313937, 38.894795235689], [-77.0034989139382, 38.8947952328923], [-77.0035131693035, 38.8947952119175], [-77.003512942928, 38.8948804309532], [-77.0035126078564, 38.8950916770692], [-77.0035122296657, 38.8952081556705], [-77.0035123832776, 38.8952146417301], [-77.0035123033276, 38.8953453527997], [-77.0035120464094, 38.8953985926227], [-77.0035123931591, 38.8954131986268], [-77.0035183669557, 38.8955392299092], [-77.0035194179846, 38.8955835826766], [-77.0035183696507, 38.8955996967115], [-77.0035127695532, 38.8956426846991], [-77.0035119431031, 38.8956490252958], [-77.0035123805827, 38.8959086522808], [-77.0035123320736, 38.8959150431923], [-77.0035110600592, 38.8960323125764], [-77.0035108444635, 38.8960640048928], [-77.0035124281934, 38.8961261079487], [-77.0035114086055, 38.8962068459652], [-77.0035122548185, 38.896260349419], [-77.0035123482433, 38.8962686314847], [-77.0035117993727, 38.8968093029996], [-77.0035107824798, 38.8971878333933], [-77.0035107483438, 38.8972417031538], [-77.0035106872584, 38.8972938669857], [-77.0035107869713, 38.8973314195795], [-77.003511532573, 38.8973448527387], [-77.0035108112259, 38.8974455615009], [-77.0035103180508, 38.897636326638], [-77.0035114975388, 38.8977098597988], [-77.0035128189605, 38.8977708707732], [-77.0035127542818, 38.897803461394], [-77.0035129384365, 38.8978544439846], [-77.0035086139467, 38.8985652132571], [-77.0035081297548, 38.8985934361011], [-77.0035074766795, 38.8988389769573], [-77.0035073706783, 38.8988845490242], [-77.0035072628805, 38.8989205032915], [-77.0035050036175, 38.8998547604479], [-77.0034951940146, 38.9002147266396], [-77.0020382676593, 38.9002191219164], [-77.0020396582514, 38.9013417297556], [-76.9995118197031, 38.9013345605411], [-76.9984479080812, 38.9013315432488]], [[-76.9991168349643, 38.8998132522285], [-76.9991168349643, 38.8992389859385], [-76.9987675026081, 38.8992389859385], [-76.9987899191677, 38.8998830359116], [-76.9991149682651, 38.8998815824643], [-76.9991168349643, 38.8998132522285]], [[-76.9990835308234, 38.8985198584123], [-76.9990926532151, 38.8977851155386], [-76.9994347101158, 38.8977886650191], [-76.9994438316091, 38.8975685961941], [-76.9985407992715, 38.8975898931393], [-76.9985407166265, 38.8977471520963], [-76.9988384147183, 38.8977480826382], [-76.9988384901769, 38.8979305147546], [-76.9988403586726, 38.8984669907653], [-76.9988463710968, 38.898590847254], [-76.998964950511, 38.8986973310824], [-76.9993617372703, 38.8987292759901], [-76.999366298017, 38.898558902284], [-76.9991473812772, 38.8985411543732], [-76.9990835308234, 38.8985198584123]]]}, "properties": {"Route": "R613_4", "ROUTE_NUMB": 613, "CollectionDay": "Thursday", "RunsPerWeek": 1, "RStatus": "Scheduled Other Day", "RecycleRouteArea": "IC_613"}}, {"type": "Feature", "geometry": {"type": "Polygon", "coordinates": [[[-77.0532065038721, 38.9106116371088], [-77.0549656737947, 38.9105821223904], [-77.0558473181438, 38.9089845563413], [-77.055839229713, 38.908545159171], [-77.0619966087588, 38.9084566697214], [-77.0626463548139, 38.9084495403707], [-77.0638733843217, 38.9084385314327], [-77.0635838294578, 38.90786774058], [-77.0652848514321, 38.9078177032783], [-77.0660674655042, 38.9078008601306], [-77.0661012107179, 38.9097820083991], [-77.0661129202576, 38.9107029506374], [-77.0661123174881, 38.9107135398229], [-77.0661273112685, 38.9122963595822], [-77.0660258932695, 38.9124789276664], [-77.0660638372088, 38.9125420627448], [-77.066135051153, 38.9126802776518], [-77.0661742159027, 38.9127588404851], [-77.0672067332021, 38.9147069159492], [-77.0671455219986, 38.9147245927185], [-77.0671324506129, 38.9147257536956], [-77.067117252915, 38.9147271033926], [-77.0670175677662, 38.9147297971948], [-77.0669995547481, 38.9147301990983], [-77.0668789361583, 38.9147328922014], [-77.0667030972296, 38.9147278338086], [-77.0666378472007, 38.9147262415716], [-77.0665690021139, 38.9147245948155], [-77.0664670846516, 38.9147221554355], [-77.0663510618428, 38.9147208239115], [-77.0662324824287, 38.9147196391696], [-77.0659824902683, 38.9147154488877], [-77.0658724646123, 38.9147127480953], [-77.0656668052094, 38.9147073171539], [-77.065413827049, 38.9146987017367], [-77.0653099862938, 38.9146951517037], [-77.0650606552934, 38.9146866264514], [-77.0647937739073, 38.9146752871722], [-77.0647124458314, 38.9146718615535], [-77.0646090039281, 38.9146690370429], [-77.0643405486936, 38.9146617063158], [-77.064218110117, 38.9146635564717], [-77.0642217752434, 38.9146011858503], [-77.0642460459257, 38.9141882032053], [-77.0642470430557, 38.9141712336581], [-77.0642578551785, 38.9140130416076], [-77.0642587499005, 38.9139975789976], [-77.0642690868145, 38.9138217829622], [-77.064277302806, 38.9137402290046], [-77.0642760757074, 38.9137267884628], [-77.064271598504, 38.9137133381328], [-77.064245815957, 38.91366876533], [-77.0641718558631, 38.9136293670002], [-77.0639693881744, 38.9135655031602], [-77.0638853561695, 38.9135392720539], [-77.0636931930555, 38.9134796026818], [-77.063491417968, 38.91341430371], [-77.0633056050447, 38.9133602581951], [-77.063202845861, 38.9133271001565], [-77.0631249331798, 38.9133014595975], [-77.0630259397338, 38.9132723451135], [-77.0627143734505, 38.9131915957471], [-77.0625125462607, 38.9131434088989], [-77.0622634721785, 38.9130691626869], [-77.0621982688619, 38.9130712526341], [-77.0621348271416, 38.9130593098778], [-77.0620688719352, 38.913045197488], [-77.0615709231967, 38.9129478247175], [-77.0613837178848, 38.912913593551], [-77.0611671223917, 38.9128742143735], [-77.0610591565727, 38.9128516638467], [-77.060935609475, 38.9128304043314], [-77.0608528647559, 38.9128160409617], [-77.0606674228368, 38.9127778038665], [-77.0605634185882, 38.9127605138483], [-77.0603816040663, 38.9127296174363], [-77.0602318638915, 38.9126999064856], [-77.0600677111464, 38.9126673338862], [-77.0599408447738, 38.9126453760314], [-77.0598045119547, 38.9126217811507], [-77.0596677946566, 38.9125939602068], [-77.0595270627876, 38.9125653235376], [-77.0594155288602, 38.9125480229829], [-77.059237944505, 38.9125474344383], [-77.0591611457347, 38.9125508433839], [-77.0590666366786, 38.9125548527567], [-77.0587447253966, 38.9125581820179], [-77.0584642992126, 38.9125633558977], [-77.0583454781517, 38.9125606934676], [-77.0582503339867, 38.9125587314194], [-77.058123703871, 38.9125616336011], [-77.0576586182006, 38.912588581527], [-77.0574667380559, 38.9125929963082], [-77.0572955074847, 38.912592664291], [-77.0572196815899, 38.9125939609058], [-77.0571830186482, 38.9125790487859], [-77.0571355229225, 38.9125187509184], [-77.0571281531439, 38.9124481478625], [-77.057122190127, 38.912391023978], [-77.0570757157858, 38.9121612446382], [-77.0570584753188, 38.9120019388113], [-77.0570485040192, 38.9119143714454], [-77.0570183341004, 38.9117128738968], [-77.0570121438098, 38.9115286912625], [-77.0570121438098, 38.9112040650343], [-77.0570022560534, 38.911099241211], [-77.0569867143007, 38.9109344696164], [-77.056977178684, 38.9107885413237], [-77.0569070669727, 38.9106396475605], [-77.0558302447635, 38.9110426195201], [-77.0542327581173, 38.9110597135382], [-77.0534691299387, 38.9110678841348], [-77.0532065038721, 38.9106116371088]], [[-77.0642892539926, 38.9146331606473], [-77.0654094854912, 38.9146857492527], [-77.0669996131386, 38.9146956242027], [-77.0665599920116, 38.9140828861233], [-77.0655660672352, 38.914079911311], [-77.0643274826978, 38.9140709875724], [-77.0642892539926, 38.9146331606473]], [[-77.0567718444713, 38.909851440468], [-77.0567790022474, 38.9096416334908], [-77.0555286309153, 38.9096513749322], [-77.0554194667436, 38.9098377734093], [-77.0557577129908, 38.9098411922712], [-77.0567718444713, 38.909851440468]], [[-77.0571970233834, 38.9096161174228], [-77.0571816559039, 38.9098081626046], [-77.0576426928672, 38.9098013290714], [-77.057639766156, 38.9098423295618], [-77.0577524643, 38.9098446069389], [-77.0577710333753, 38.9095840865415], [-77.0571970233834, 38.9096161174228]]]}, "properties": {"Route": "R207_5", "ROUTE_NUMB": 207, "CollectionDay": "Friday", "RunsPerWeek": 1, "RStatus": "Scheduled Other Day", "RecycleRouteArea": "IC_207"}}, {"type": "Feature", "geometry": {"type": "Polygon", "coordinates": [[[-77.041660938124, 38.9155816248769], [-77.0416619622034, 38.9148418541024], [-77.0394799561749, 38.9148490506104], [-77.0393194748444, 38.9148137935859], [-77.0388525036102, 38.9145501579698], [-77.0384824147812, 38.9149392270703], [-77.0384845949924, 38.9130774141338], [-77.0384859424653, 38.9126177200569], [-77.0384937281639, 38.9093422296093], [-77.039573091707, 38.909340619776], [-77.0395852971167, 38.9092614701794], [-77.0398639985353, 38.9092725509884], [-77.0398538269114, 38.9095843990005], [-77.0416765750982, 38.9095907306631], [-77.0416691657937, 38.9111359043679], [-77.0434372191561, 38.9111366683728], [-77.0443067128927, 38.9111403325205], [-77.0446648891627, 38.9117597406215], [-77.0448882301053, 38.9116896512691], [-77.0448895856631, 38.9113724323363], [-77.0448904525373, 38.9113175192102], [-77.0448925725614, 38.911214638068], [-77.0448906393869, 38.9111542181148], [-77.0448899970915, 38.9111341484848], [-77.0448920874712, 38.9110867808641], [-77.0452717649176, 38.9110891350911], [-77.0452663121438, 38.9108479676089], [-77.045642048681, 38.9108576893127], [-77.0456724000595, 38.9110607948894], [-77.0467289122585, 38.9111023643359], [-77.048959426414, 38.9111295630572], [-77.0497828931703, 38.9102973750479], [-77.0507634294557, 38.9105584289633], [-77.0509314853808, 38.9107442434888], [-77.0510383795097, 38.910862432732], [-77.05120111651, 38.911032604961], [-77.0513422867568, 38.9111793764421], [-77.0513938275963, 38.9112324380317], [-77.0514997156121, 38.9113403861706], [-77.0516131809173, 38.9114546922035], [-77.0516788154252, 38.9115196190163], [-77.0517668682894, 38.9116040232248], [-77.0518152973646, 38.9116492054482], [-77.051875570727, 38.9117041924109], [-77.0519729472054, 38.9117912602571], [-77.052048057143, 38.9118554947609], [-77.0520887939445, 38.9119043227587], [-77.0521412959813, 38.9119672521461], [-77.0522727734062, 38.9120801151556], [-77.0524876818632, 38.9122565683589], [-77.0526450128021, 38.9123747571808], [-77.0529420757851, 38.9125881104119], [-77.0530824627011, 38.9126814330705], [-77.0532176366934, 38.9127544557705], [-77.0535668190309, 38.9129098295406], [-77.0537323300287, 38.9130140768276], [-77.0540301449016, 38.9132054606697], [-77.0540858952465, 38.9132412874607], [-77.0542107080704, 38.9133549166192], [-77.05436675352, 38.9135334957293], [-77.0545540540534, 38.9138054451979], [-77.0546788911318, 38.9139474956911], [-77.0549083837375, 38.9141265751697], [-77.0551260670904, 38.9142477440707], [-77.0553496155438, 38.9143450850022], [-77.0558018867466, 38.9145072799834], [-77.055997680851, 38.9146244543559], [-77.0561642743187, 38.9147418605904], [-77.0566364288321, 38.9150828514472], [-77.0569941595378, 38.9153460768938], [-77.0572972079955, 38.9155751469684], [-77.0576524674359, 38.9158663482241], [-77.0577610872284, 38.9160093409708], [-77.0577681129523, 38.9160602678523], [-77.0577453550329, 38.9160010654015], [-77.0576607822421, 38.915889730943], [-77.057424928666, 38.9161247829647], [-77.0567477426722, 38.9156704297584], [-77.056507293315, 38.915804063233], [-77.0571648502215, 38.916239325225], [-77.0569980070221, 38.9164111375699], [-77.0571942934033, 38.9165447710476], [-77.0577714663632, 38.9160845738193], [-77.0578020162694, 38.9163060083088], [-77.0577411724769, 38.9165391508323], [-77.0575469477293, 38.9167880844962], [-77.0573137711327, 38.9170341614183], [-77.0573267796363, 38.9170905281089], [-77.0573396506977, 38.9171462978611], [-77.0573413494119, 38.9171536611817], [-77.0573386158385, 38.9171560284874], [-77.0552543105803, 38.9155188825193], [-77.0526044475788, 38.9155798264675], [-77.0526025404555, 38.9149486378753], [-77.0524781381617, 38.9149435683145], [-77.0523179514785, 38.9149632482454], [-77.0506570698244, 38.914956687803], [-77.0484060264697, 38.9148320497679], [-77.0476281608921, 38.9148320497679], [-77.0469449624742, 38.9148320497679], [-77.0464332021383, 38.9148320497679], [-77.046236573499, 38.9145015086304], [-77.0461683293852, 38.9143867874257], [-77.0454564297939, 38.9148097801469], [-77.0440378426366, 38.9155760122738], [-77.0439447502237, 38.915572381206], [-77.041660938124, 38.9155816248769]], [[-77.0429822044984, 38.9149277794926], [-77.0422508006857, 38.9149060592849], [-77.0422005525219, 38.9155272769671], [-77.0427812082502, 38.9155403096774], [-77.0429877875279, 38.9155403096774], [-77.0429822044984, 38.9149277794926]], [[-77.0396298903858, 38.9148046861125], [-77.0396321712083, 38.914542973314], [-77.0413906530213, 38.914580278438], [-77.0413906530213, 38.914411336507], [-77.0394643533368, 38.9144178340928], [-77.0394504339415, 38.9146690817766], [-77.0391836477768, 38.9146935133344], [-77.0392978209545, 38.9147755163283], [-77.0393620361242, 38.9148129904787], [-77.0394547108205, 38.9148254816248], [-77.0395400894001, 38.9148169640768], [-77.0396298903858, 38.9148046861125]], [[-77.0417985582289, 38.9143804086613], [-77.0418208912452, 38.9147409791987], [-77.0428314573123, 38.9147540113544], [-77.0428482064007, 38.9143760638879], [-77.0417985582289, 38.9143804086613]], [[-77.0527506483913, 38.9141341911313], [-77.0527031688353, 38.9155441224751], [-77.053136067869, 38.9155391179597], [-77.0552513991405, 38.9154789491179], [-77.0566918099693, 38.9166044287565], [-77.0568997600761, 38.916747003446], [-77.0572463894016, 38.9170080084775], [-77.0574252745173, 38.9168834034006], [-77.056448351256, 38.9162014387493], [-77.0534080175499, 38.914056046406], [-77.0527506483913, 38.9141341911313]], [[-77.0391377124247, 38.914066210118], [-77.0401884251002, 38.9130459572785], [-77.0385342044539, 38.9128905544491], [-77.0385255213384, 38.9140695882361], [-77.0391377124247, 38.914066210118]], [[-77.0511657013282, 38.9125050382402], [-77.0523736254666, 38.9133576293458], [-77.0525045153933, 38.9132645144736], [-77.0512853721954, 38.912403192619], [-77.0511657013282, 38.9125050382402]], [[-77.0430716407681, 38.9140520636789], [-77.0430852089221, 38.9129910601257], [-77.041762321987, 38.9130121749042], [-77.0410974851334, 38.9129171583517], [-77.040649739643, 38.9133975157115], [-77.0401748569461, 38.9133869583804], [-77.0397406778131, 38.9136297752008], [-77.0393811244257, 38.9140573415962], [-77.0430716407681, 38.9140520636789]]]}, "properties": {"Route": "R210_5", "ROUTE_NUMB": 210, "CollectionDay": "Friday", "RunsPerWeek": 1, "RStatus": "Scheduled Other Day", "RecycleRouteArea": "IC_210"}}, {"type": "Feature", "geometry": {"type": "Polygon", "coordinates": [[[-77.0375724600259, 38.9269541422581], [-77.0369410566706, 38.9262929526351], [-77.0379506893881, 38.9256136550975], [-77.0377154727175, 38.923223733919], [-77.0389212624587, 38.9231557196803], [-77.038805482195, 38.9216063969432], [-77.0380876438414, 38.9220027384569], [-77.0377403021519, 38.9216514358155], [-77.0381107997144, 38.9213091388309], [-77.0375835191854, 38.9188628954235], [-77.0401622787355, 38.9180662359364], [-77.0402995844301, 38.917931222838], [-77.040330147811, 38.9178932960287], [-77.0408774401096, 38.9172141382332], [-77.0416584093665, 38.9167880775068], [-77.041660938124, 38.9155816248769], [-77.0439447502237, 38.915572381206], [-77.0440378426366, 38.9155760122738], [-77.0454564297939, 38.9148097801469], [-77.0461683293852, 38.9143867874257], [-77.046236573499, 38.9145015086304], [-77.0464332021383, 38.9148320497679], [-77.0469449624742, 38.9148320497679], [-77.0476281608921, 38.9148320497679], [-77.0484060264697, 38.9148320497679], [-77.0506570698244, 38.914956687803], [-77.0523179514785, 38.9149632482454], [-77.0524781381617, 38.9149435683145], [-77.0526025404555, 38.9149486378753], [-77.0526044475788, 38.9155798264675], [-77.0552543105803, 38.9155188825193], [-77.0573386158385, 38.9171560284874], [-77.0572135478931, 38.9172675531672], [-77.0570460641949, 38.9174164854464], [-77.0568085882613, 38.9176187936412], [-77.0566233206154, 38.9177694990745], [-77.0565164345714, 38.9178564455541], [-77.0562977549868, 38.9180466665981], [-77.0560022730387, 38.918270845945], [-77.0558422723068, 38.9183363228683], [-77.0554696592118, 38.9184316285102], [-77.0553657088621, 38.918510230407], [-77.0553223211322, 38.9186182611325], [-77.055346846936, 38.9187315664675], [-77.0552922437398, 38.9187649645075], [-77.055285334797, 38.9187691901953], [-77.0552512392404, 38.9187902361581], [-77.0551996894178, 38.9188266290526], [-77.0551664948714, 38.9188499646671], [-77.0551224549646, 38.9188788762723], [-77.0549495364589, 38.9190128161226], [-77.0548244981579, 38.9191140987146], [-77.0546551540488, 38.9192578062005], [-77.0490596038395, 38.9193321046472], [-77.0489582172816, 38.9194148242619], [-77.0487804981791, 38.9197199209378], [-77.0486212816764, 38.9199363671357], [-77.0484343808934, 38.9201402134351], [-77.0482381663774, 38.9204707101375], [-77.0482377621355, 38.9206253520349], [-77.0483072944335, 38.9207760517818], [-77.0483966938722, 38.9210388088146], [-77.0484107983205, 38.9212253660876], [-77.0482423318654, 38.9216136256132], [-77.047986832134, 38.9219878387974], [-77.047714435092, 38.9218891587884], [-77.0477108687804, 38.9218047521352], [-77.0478291831915, 38.9215324384446], [-77.0473855025777, 38.9214672363411], [-77.0473628192185, 38.9216401284006], [-77.0474265439081, 38.9219810770249], [-77.0477128908881, 38.9221638536242], [-77.0470844888041, 38.9223371185899], [-77.0470521341825, 38.9224894452028], [-77.0470469203606, 38.9225932968265], [-77.0472447329794, 38.9228297761267], [-77.0473315964742, 38.923045850119], [-77.0473291862942, 38.9232647210643], [-77.0470276047854, 38.9232508336462], [-77.047042055085, 38.9235726288368], [-77.0468247669909, 38.9237054514124], [-77.0446751631947, 38.9238322361756], [-77.0447308758103, 38.9247454043347], [-77.0443836859361, 38.9264058019463], [-77.0435294321183, 38.9271244610937], [-77.043225433243, 38.9269968079629], [-77.0425988960616, 38.9275639654657], [-77.0416498241673, 38.927201660573], [-77.0411978637816, 38.9271982194856], [-77.0410077928439, 38.9271967728871], [-77.0400243972209, 38.9271922157522], [-77.0391548801281, 38.9271813837327], [-77.0384598311349, 38.9271733100335], [-77.037753252265, 38.9269989883494], [-77.0376657258137, 38.9269773948328], [-77.0375724600259, 38.9269541422581]], [[-77.0403301675739, 38.9204794513559], [-77.0405758298547, 38.92037519896], [-77.0401570873715, 38.9193630701732], [-77.039883509045, 38.9194282294795], [-77.0403301675739, 38.9204794513559]], [[-77.0464956602034, 38.9194752951928], [-77.0469270141348, 38.9204341699181], [-77.0477589160717, 38.919235575011], [-77.0474276973449, 38.9191516719173], [-77.0464956602034, 38.9194752951928]], [[-77.0556528005454, 38.915864319867], [-77.0552337706013, 38.9155434109393], [-77.0548655538613, 38.9155576402567], [-77.0530971052402, 38.9155757208099], [-77.0528464007158, 38.9155836147997], [-77.0526993824364, 38.9156565737047], [-77.0526802815585, 38.9162237729358], [-77.052649166612, 38.9174542293894], [-77.052656346846, 38.9178918443479], [-77.0526619038244, 38.9179494614437], [-77.0527342478492, 38.9179945543581], [-77.0530167689043, 38.9181114853367], [-77.053103070952, 38.9181963730528], [-77.0531800781314, 38.9183225092708], [-77.0531962900273, 38.9183792705307], [-77.0532084487247, 38.9184927929142], [-77.0531922368288, 38.9185873945288], [-77.0531719717343, 38.9186441555768], [-77.0531152305477, 38.9187261435218], [-77.0530260637726, 38.9188049785326], [-77.0529814812833, 38.9188869662917], [-77.0530201447732, 38.9189383838476], [-77.0531980246742, 38.91900029566], [-77.0537947314999, 38.9189031260591], [-77.0539832160129, 38.918872432213], [-77.0545310239445, 38.918730360126], [-77.0553253448614, 38.9180697228972], [-77.0560283655045, 38.9174943245313], [-77.0568400517541, 38.9168222956215], [-77.0560902782921, 38.9161995802461], [-77.0556528005454, 38.915864319867]]]}, "properties": {"Route": "R107_5", "ROUTE_NUMB": 107, "CollectionDay": "Friday", "RunsPerWeek": 1, "RStatus": "Scheduled Other Day", "RecycleRouteArea": "IC_107"}}, {"type": "Feature", "geometry": {"type": "MultiPolygon", "coordinates": [[[[-77.0533024349613, 38.9035826516145], [-77.0533097391629, 38.9007046525617], [-77.0542523440855, 38.9006996386108], [-77.054466279667, 38.9006985004747], [-77.0561015782001, 38.9003982332335], [-77.0560912628457, 38.900497404533], [-77.0560913356092, 38.9005901208863], [-77.0561226895076, 38.9007005495392], [-77.0561145983818, 38.9008469494887], [-77.0561260276472, 38.900926208438], [-77.0561371981977, 38.9010036727148], [-77.0561385941797, 38.9010891436654], [-77.0561444736532, 38.9013121161062], [-77.0561330893036, 38.9014376035112], [-77.0561310034155, 38.901629036043], [-77.0561150358614, 38.9017757808269], [-77.0560942596255, 38.9018373594641], [-77.056097335457, 38.9019127310729], [-77.0560963446153, 38.9021416263859], [-77.0561156251562, 38.9025387316479], [-77.0533158917243, 38.9025362575941], [-77.0533024349613, 38.9035826516145]]], [[[-77.0533024349613, 38.9035826516145], [-77.0533012590666, 38.90404609738], [-77.0532957173596, 38.9043980086754], [-77.0532942387326, 38.9044919237227], [-77.0532907685407, 38.9044898579901], [-77.0533024349613, 38.9035826516145]]], [[[-77.0532942387326, 38.9044919237227], [-77.0538198870229, 38.9048048266464], [-77.057142593562, 38.9052599093181], [-77.0581115451736, 38.9052453458845], [-77.0580480351813, 38.902557032233], [-77.0606473266256, 38.9025958187198], [-77.062756853882, 38.9026056219482], [-77.0653293180386, 38.9032443549741], [-77.0651826707635, 38.9051348201406], [-77.0652848514321, 38.9078177032783], [-77.0635838294578, 38.90786774058], [-77.0638733843217, 38.9084385314327], [-77.0626463548139, 38.9084495403707], [-77.0619966087588, 38.9084566697214], [-77.055839229713, 38.908545159171], [-77.0558473181438, 38.9089845563413], [-77.0549656737947, 38.9105821223904], [-77.0532065038721, 38.9106116371088], [-77.0530582252564, 38.9103488407676], [-77.0526664412149, 38.9096632476616], [-77.0528560926393, 38.9088725160497], [-77.0532514438908, 38.907209288782], [-77.0532942387326, 38.9044919237227]]], [[[-77.063853130007, 38.9036012630176], [-77.0638579153325, 38.9032023845496], [-77.0637140977505, 38.903205114442], [-77.063735536943, 38.9034470391213], [-77.0632281334363, 38.9034414779892], [-77.0632531452287, 38.9035944177018], [-77.0637605505321, 38.90358051455], [-77.063853130007, 38.9036012630176]]]]}, "properties": {"Route": "R208_5", "ROUTE_NUMB": 208, "CollectionDay": "Friday", "RunsPerWeek": 1, "RStatus": "Scheduled Other Day", "RecycleRouteArea": "IC_208"}}, {"type": "Feature", "geometry": {"type": "Polygon", "coordinates": [[[-77.0672067332021, 38.9147069159492], [-77.0661742159027, 38.9127588404851], [-77.066135051153, 38.9126802776518], [-77.0660638372088, 38.9125420627448], [-77.0660258932695, 38.9124789276664], [-77.0661273112685, 38.9122963595822], [-77.0661123174881, 38.9107135398229], [-77.0661129202576, 38.9107029506374], [-77.0661012107179, 38.9097820083991], [-77.0660674655042, 38.9078008601306], [-77.0652848514321, 38.9078177032783], [-77.0651826707635, 38.9051348201406], [-77.0653653548546, 38.905108954322], [-77.0664304324897, 38.905108345443], [-77.0683036228764, 38.9050619440936], [-77.0684125768422, 38.9050658434383], [-77.0686288435519, 38.9050833408538], [-77.0688070944572, 38.9050767200784], [-77.0690822780731, 38.9050471632124], [-77.0698018358022, 38.9050332813168], [-77.0703662194474, 38.905032249507], [-77.070654363058, 38.9050351422096], [-77.0710410455669, 38.9050420006687], [-77.0715094819533, 38.9051003657021], [-77.0715268392013, 38.905821873259], [-77.0716115099084, 38.9076842763597], [-77.0716234359421, 38.9086421647033], [-77.0715482217999, 38.908669919391], [-77.069084702626, 38.9087594606021], [-77.0691213907205, 38.9097174295029], [-77.0692477549349, 38.9126826304281], [-77.0692510598369, 38.9127793521113], [-77.0692611622905, 38.9130625748092], [-77.0692690917196, 38.9132583998216], [-77.0692741294717, 38.9133824919242], [-77.0692824218201, 38.9135756201111], [-77.0692869906516, 38.9136664992591], [-77.0692907339314, 38.9137636886119], [-77.0692931539928, 38.9138210455471], [-77.0692935330818, 38.9138300434083], [-77.0692968236107, 38.9139080031551], [-77.0692994583694, 38.9139651279156], [-77.0693026393038, 38.9140493020509], [-77.0693047126155, 38.9141041613398], [-77.0693068290463, 38.9141577149134], [-77.0693113430806, 38.9142474183519], [-77.0693157196727, 38.9143112375434], [-77.0693234631505, 38.9144677772744], [-77.0693251645596, 38.9145023236234], [-77.0693292698604, 38.9145764963429], [-77.0693318138893, 38.9146411169498], [-77.0693379727389, 38.9148066844446], [-77.0693413090819, 38.9148979946732], [-77.0693525631758, 38.9151637063015], [-77.0693562633364, 38.9152550810737], [-77.0693602671276, 38.9153503684872], [-77.0693616029225, 38.9153821318619], [-77.0693619137396, 38.9153895345071], [-77.06936612055, 38.9154763175512], [-77.0693697371674, 38.9155855578925], [-77.0693728255753, 38.9156493199645], [-77.0693766532967, 38.9157676331418], [-77.0693812571626, 38.9158796220104], [-77.0693927636831, 38.9161325084469], [-77.0693980484719, 38.916254956492], [-77.0694025481331, 38.9163523610703], [-77.0694036854003, 38.9163776265907], [-77.0694057766783, 38.9164240764591], [-77.0694119984099, 38.9165342393467], [-77.0694125373991, 38.9166077368593], [-77.0693694847408, 38.9166096351916], [-77.069309799775, 38.9166114014235], [-77.0691448340545, 38.916615634229], [-77.0690043546121, 38.9166192386837], [-77.0689127309447, 38.9166230052931], [-77.0687563324571, 38.9166294355778], [-77.0687046784299, 38.9166319377972], [-77.0686863483065, 38.9166349208898], [-77.0686628313107, 38.9166415112316], [-77.0686373838354, 38.9166524378198], [-77.0685336266234, 38.9167004112046], [-77.0684987585157, 38.9166572612303], [-77.0684464091925, 38.9165915486115], [-77.0682763527193, 38.9163736950169], [-77.0681717448028, 38.9162396844842], [-77.0680023629644, 38.9160308308863], [-77.067920329711, 38.9159349321056], [-77.0678715179534, 38.9158738514678], [-77.0678361845183, 38.9158259928514], [-77.0677970700742, 38.9157691086304], [-77.0677681281524, 38.9157234118046], [-77.0677562371529, 38.9157038516054], [-77.0677443452552, 38.9156842914009], [-77.0677148805139, 38.9156329015422], [-77.0675668642062, 38.915369380103], [-77.0675044061412, 38.9152547127231], [-77.0673802392059, 38.9150269745305], [-77.067246801657, 38.9147828162893], [-77.0672067332021, 38.9147069159492]], [[-77.0690743980514, 38.9127299683255], [-77.0690743980514, 38.9125381770914], [-77.0679800092869, 38.9125560780758], [-77.0680095863176, 38.9128015699459], [-77.0684992687587, 38.9128015692469], [-77.0684926957858, 38.9132874360259], [-77.0687326061538, 38.9132823216119], [-77.0687535881039, 38.9136270100615], [-77.0689133624603, 38.9136249837373], [-77.068883783633, 38.913180033954], [-77.0690743980514, 38.9127299683255]], [[-77.0671177703445, 38.9095562581158], [-77.0669484738461, 38.9095517152261], [-77.0669630687745, 38.9097243343434], [-77.0671148508199, 38.9097197921635], [-77.0671177703445, 38.9095562581158]], [[-77.0691039759804, 38.9058328553397], [-77.0690711120141, 38.9051960470353], [-77.0688344876834, 38.9052062770282], [-77.0688607777785, 38.9058328546407], [-77.0691039759804, 38.9058328553397]]]}, "properties": {"Route": "R209_5", "ROUTE_NUMB": 209, "CollectionDay": "Friday", "RunsPerWeek": 1, "RStatus": "Scheduled Other Day", "RecycleRouteArea": "IC_209"}}, {"type": "Feature", "geometry": {"type": "Polygon", "coordinates": [[[-77.0501240310944, 38.9040465748434], [-77.0501227411136, 38.9037448488187], [-77.0497875087142, 38.9037468705316], [-77.0495238909076, 38.9037491327247], [-77.0493098124939, 38.9037509705819], [-77.0491985309931, 38.9037545330465], [-77.0490026758033, 38.9037608044099], [-77.0488931603904, 38.9037643109484], [-77.0488356170083, 38.9036961948695], [-77.0488262107489, 38.9036551230193], [-77.048826521566, 38.9035934732551], [-77.0488268638241, 38.9033767269452], [-77.0488273246599, 38.9028983521705], [-77.0488265278542, 38.9027288707076], [-77.0488297016021, 38.9026647642659], [-77.0488297321448, 38.9025382597671], [-77.0489354602605, 38.9025369217227], [-77.0492915218964, 38.90253691613], [-77.0493928311992, 38.9025330096556], [-77.0494564759388, 38.9025361289629], [-77.0498246288984, 38.9025313842881], [-77.0501163388206, 38.9025353410966], [-77.0501221967346, 38.9019944810816], [-77.0501292089837, 38.9017330817809], [-77.0501302088086, 38.9016376369674], [-77.0501308376293, 38.9014808857786], [-77.050131833861, 38.9012402575139], [-77.0501326585144, 38.9011522448309], [-77.0501355870222, 38.9008397159071], [-77.0501342826684, 38.9008018107249], [-77.0501332370294, 38.9007713816996], [-77.0501306561696, 38.9007064254813], [-77.0501349249638, 38.9006635062745], [-77.0501357307527, 38.9006553932048], [-77.0501381669837, 38.9005869169022], [-77.0501401495656, 38.9005174974442], [-77.0501403579747, 38.9004466734198], [-77.0501417252106, 38.9003784702656], [-77.0501409858971, 38.9003204711768], [-77.050141735092, 38.9002598266268], [-77.0501402510752, 38.9001964555124], [-77.0501373369404, 38.9001430759695], [-77.0501355915138, 38.9001110841586], [-77.0501348378273, 38.9000345710923], [-77.0501363083694, 38.8999308961894], [-77.0501381840517, 38.8998600177485], [-77.0501370306149, 38.8998035429943], [-77.0501374923489, 38.8997322757209], [-77.0501347758435, 38.8996608930227], [-77.0501336924753, 38.8995815522631], [-77.0501387958044, 38.8994922050152], [-77.0501397381371, 38.8993934035412], [-77.0501397417304, 38.899302380279], [-77.0501415275812, 38.8992393760448], [-77.0501431059211, 38.899183691497], [-77.0501454136931, 38.8991155290767], [-77.0501473073417, 38.8990489214274], [-77.0501486072039, 38.8989611276486], [-77.0501469138796, 38.8988725717217], [-77.050145367879, 38.8987835815311], [-77.0501439539308, 38.8987159752265], [-77.0501437904374, 38.8987081751403], [-77.050143512858, 38.8986257236249], [-77.0501444659705, 38.8986055777443], [-77.0501463811787, 38.8985651293625], [-77.0501461754645, 38.8985076524353], [-77.0501450777232, 38.8984737743536], [-77.0501439072184, 38.8984376793364], [-77.0501383520367, 38.8983523401251], [-77.0501371923116, 38.8983345215511], [-77.0500630884872, 38.8983364651161], [-77.0499758306321, 38.8983352395516], [-77.0499079368612, 38.8983363043176], [-77.0498412531211, 38.89833608689], [-77.0497652439699, 38.8983364399477], [-77.0496890335962, 38.898335433209], [-77.0495671663481, 38.8983348515377], [-77.0494764715387, 38.8983334497939], [-77.0493793115542, 38.8983346732611], [-77.049309462151, 38.8983363155036], [-77.0492072994487, 38.8983370551769], [-77.0491274041856, 38.8983370265128], [-77.0490386883648, 38.8983379752242], [-77.0489485918333, 38.8983377382211], [-77.0488921470908, 38.8983388463327], [-77.048865627027, 38.8983378151248], [-77.0488391078615, 38.8983367832176], [-77.048757937889, 38.8983377326281], [-77.0486733821663, 38.8983355282899], [-77.0485124696444, 38.8983335854239], [-77.048421492764, 38.8983338042498], [-77.048234221875, 38.8983341810777], [-77.0479285458451, 38.8983347928113], [-77.0477356272479, 38.8983339902168], [-77.0473753839543, 38.8983324891973], [-77.0472509484229, 38.8983323214075], [-77.0467695035329, 38.8983316698238], [-77.0466597608462, 38.8983294885565], [-77.0465555984941, 38.8983314880516], [-77.0462598856789, 38.8983301590166], [-77.0457745214394, 38.8983318606847], [-77.0452260837887, 38.8983323675497], [-77.0450106219695, 38.8983330030535], [-77.0449232994357, 38.8983305281541], [-77.0449107589543, 38.8983301736982], [-77.0449155793141, 38.8982389323443], [-77.0449168162943, 38.8979627256758], [-77.0449126912305, 38.8978531519945], [-77.0449184431433, 38.8977173432887], [-77.0449174666745, 38.8975964866476], [-77.0449148759333, 38.8974590988093], [-77.0449119510187, 38.8973614921225], [-77.0456541193435, 38.8973613788628], [-77.0462834044714, 38.8973612830815], [-77.0466161224863, 38.8973612327439], [-77.0471007357343, 38.8973614124213], [-77.047578131019, 38.8973614012351], [-77.0478926644377, 38.8973625422213], [-77.0482653143636, 38.8973625673901], [-77.0486736588474, 38.8973633063744], [-77.0488045173331, 38.8973656960133], [-77.0488568549782, 38.8973675661957], [-77.048854324424, 38.8972073979956], [-77.0488542372875, 38.8970810110167], [-77.0488530281551, 38.8969990351228], [-77.048852948205, 38.8968821064172], [-77.0488591492754, 38.8966873212947], [-77.0488595795685, 38.8966334727869], [-77.0488554760642, 38.8965627155019], [-77.0488493818934, 38.8964576127749], [-77.0488850836377, 38.8964815437226], [-77.0490800638684, 38.8965860241784], [-77.0493447246191, 38.8967296731058], [-77.0497274904735, 38.8969307580443], [-77.0499649915599, 38.8970587288353], [-77.0501437545048, 38.8971554235661], [-77.0501688794849, 38.8971709723428], [-77.0503404002121, 38.8972617585339], [-77.0511013514111, 38.8976800922243], [-77.0513878529013, 38.89783273673], [-77.0514901153166, 38.8978877840329], [-77.0520098616754, 38.8981691232752], [-77.0521129092183, 38.8982246009784], [-77.052600222802, 38.8984879889157], [-77.0531074978497, 38.8987621611996], [-77.0531905408095, 38.898799139739], [-77.0532465498692, 38.8988375304798], [-77.0536589304835, 38.8990603303181], [-77.0536956958331, 38.8990853062673], [-77.0537280154204, 38.8991072599272], [-77.0537811345998, 38.8991312487078], [-77.0538315004428, 38.8991539930537], [-77.0539421153937, 38.899214583318], [-77.0539708057872, 38.8992332371139], [-77.0540991992958, 38.899316714923], [-77.0541731980173, 38.8993432770722], [-77.0549605992117, 38.8997840434253], [-77.0555006025801, 38.9000770131893], [-77.0560143221416, 38.9003557179226], [-77.0561015782001, 38.9003982332335], [-77.054466279667, 38.9006985004747], [-77.0542523440855, 38.9006996386108], [-77.0533097391629, 38.9007046525617], [-77.0533024349613, 38.9035826516145], [-77.0533012590666, 38.90404609738], [-77.0532957173596, 38.9043980086754], [-77.0532942387326, 38.9044919237227], [-77.0510729341054, 38.9045063908401], [-77.0501244119801, 38.9045104565924], [-77.0501240310944, 38.9040465748434]]]}, "properties": {"Route": "R210_5", "ROUTE_NUMB": 210, "CollectionDay": "Friday", "RunsPerWeek": 1, "RStatus": "Scheduled Other Day", "RecycleRouteArea": "IC_210"}}, {"type": "Feature", "geometry": {"type": "Polygon", "coordinates": [[[-77.0465492932191, 38.9102783879367], [-77.0465438575133, 38.909736465695], [-77.0459558041587, 38.9097401557784], [-77.0448897042407, 38.909749698687], [-77.0448894077967, 38.9097039861022], [-77.0448890637419, 38.9096505871449], [-77.0448890484705, 38.9095319345347], [-77.0448888337732, 38.9091904850162], [-77.04489007255, 38.90868520561], [-77.0448899638538, 38.9086379083544], [-77.0448898309032, 38.9085798600908], [-77.044890189331, 38.9085349478338], [-77.0448904740969, 38.9084994765676], [-77.0448900977028, 38.9083883036995], [-77.0448898371913, 38.9083113151281], [-77.0448900411089, 38.9082984607401], [-77.044890836118, 38.9082484586933], [-77.044898580494, 38.9081839790619], [-77.0449029373231, 38.9081638407864], [-77.0449133254411, 38.9081158182916], [-77.0449241025295, 38.9080700242664], [-77.0449960342276, 38.9079929409809], [-77.0450795380232, 38.9079028829189], [-77.0451251787278, 38.9078521745727], [-77.0452797392623, 38.9076850404017], [-77.0453533876409, 38.907603906502], [-77.0454446708468, 38.9075061404], [-77.0456059732375, 38.9073357597926], [-77.0456859610271, 38.9072502572158], [-77.0457657188479, 38.9071649726356], [-77.045854401431, 38.9070736909056], [-77.0458831187741, 38.9070438370807], [-77.0459697612832, 38.9069537694261], [-77.04606083608, 38.9068590935847], [-77.0461879081668, 38.9067284652244], [-77.0462299187794, 38.9066838411994], [-77.046386548134, 38.9065167042776], [-77.0464333207159, 38.9064666422561], [-77.0465754180242, 38.9063145895283], [-77.0466640116741, 38.9071853404786], [-77.0486724739695, 38.907194550989], [-77.0488130800744, 38.9072072440995], [-77.049013741251, 38.9074658152254], [-77.0490057381601, 38.9076069095469], [-77.0489941606728, 38.9085799362844], [-77.0487490580424, 38.9086884385877], [-77.0478131994676, 38.9087330970026], [-77.0477900435946, 38.9095709681568], [-77.0469661905627, 38.9096313041782], [-77.0469605931601, 38.910263241163], [-77.0465492932191, 38.9102783879367]]]}, "properties": {"Route": "R210_5", "ROUTE_NUMB": 210, "CollectionDay": "Friday", "RunsPerWeek": 1, "RStatus": "Scheduled Other Day", "RecycleRouteArea": "IC_210"}}, {"type": "Feature", "geometry": {"type": "Polygon", "coordinates": [[[-77.0723023269383, 38.9170774390693], [-77.0723032791525, 38.9170909698386], [-77.0723082836669, 38.9171620764043], [-77.0724503261779, 38.9182963889555], [-77.0724331476948, 38.9183022152152], [-77.0723034273745, 38.9183462140846], [-77.0724353800082, 38.9185879347976], [-77.0728636383452, 38.9193400618207], [-77.0729962530373, 38.9195696557697], [-77.0729983865362, 38.9196053088127], [-77.0729992650885, 38.9196199965025], [-77.0729997241276, 38.9196276621964], [-77.0730048786607, 38.9197138026486], [-77.07300648934, 38.9197407233967], [-77.0730074128081, 38.9197561547022], [-77.0730098166998, 38.9197963261227], [-77.0730105946409, 38.9198093231033], [-77.0730114336673, 38.9198233481819], [-77.073012974278, 38.9198490996083], [-77.0730152928298, 38.9198878619699], [-77.0730153458304, 38.9198998692747], [-77.0730155515446, 38.9199467319908], [-77.0730174595663, 38.919967410676], [-77.0730192490103, 38.9199867949723], [-77.0730209333515, 38.9200050316518], [-77.0730258309664, 38.9200904699403], [-77.0730435385573, 38.9203534070343], [-77.0730589383762, 38.9205976027212], [-77.0730599202348, 38.9206138396774], [-77.0730773098221, 38.920901244789], [-77.073086635233, 38.9210249719806], [-77.0730898017944, 38.921085953833], [-77.0731056040586, 38.9212997868779], [-77.0731134733005, 38.9214171652952], [-77.073129023138, 38.9216361733559], [-77.0731434797259, 38.921875687641], [-77.0731471637169, 38.9219350815792], [-77.073152714407, 38.922021073162], [-77.0730957710995, 38.9220415478655], [-77.0726882521675, 38.9221880414849], [-77.0726291160723, 38.9220835784379], [-77.0724768884626, 38.9218354978287], [-77.0722264722973, 38.9214233463382], [-77.0721245144109, 38.9212536861558], [-77.0720944729512, 38.9212037729103], [-77.0720226751021, 38.9210841597566], [-77.0719767846658, 38.9210080774528], [-77.0717997033671, 38.9207157482985], [-77.0716905841112, 38.9205340876155], [-77.0716632286142, 38.9204877990891], [-77.0716578962147, 38.9204791019029], [-77.0716297897261, 38.9204332676298], [-77.0715947374637, 38.9203750438027], [-77.0715675876809, 38.9203286803894], [-77.071523519028, 38.9202621254914], [-77.0714776833889, 38.9201955076292], [-77.0714374415591, 38.9201420173202], [-77.0714032238316, 38.9200986010573], [-77.0713626846595, 38.9200508480298], [-77.0712832026215, 38.9199614140187], [-77.0712565918278, 38.9199304878929], [-77.0709821780681, 38.9196115738833], [-77.0709206865902, 38.9195350273187], [-77.070882608802, 38.9194936193682], [-77.0707015488649, 38.9192786856759], [-77.0706424576855, 38.9192055438835], [-77.0706200851433, 38.9191793903452], [-77.0705352473496, 38.9190802178854], [-77.0703902224318, 38.918910457746], [-77.0701947454327, 38.9186817458026], [-77.0700814184681, 38.9185477633919], [-77.0700552038314, 38.9185164186926], [-77.0699985111539, 38.9184486354796], [-77.0698669474906, 38.9182935589978], [-77.0697777699357, 38.9181905467843], [-77.0708564606407, 38.9177329148292], [-77.0716364022249, 38.9174020251537], [-77.0720182742555, 38.9180132353704], [-77.0712478961358, 38.9181878139735], [-77.0713077311203, 38.9183332965136], [-77.0720893291979, 38.9181674464919], [-77.0723137112879, 38.9181296211535], [-77.0718986042866, 38.9173236421945], [-77.0717346707304, 38.917360334986], [-77.0717716885067, 38.9173446298753], [-77.0717975824447, 38.9173009449067], [-77.0723023269383, 38.9170774390693]], [[-77.0724000528614, 38.9186375332705], [-77.0720201723957, 38.9187698213227], [-77.0721506598773, 38.9189197624872], [-77.0724905239903, 38.9188154819396], [-77.0724000528614, 38.9186375332705]], [[-77.0717205016035, 38.9187533749665], [-77.0717000289981, 38.9187316838866], [-77.0710983086747, 38.9190228791791], [-77.0715807300335, 38.9196513539938], [-77.0718275502426, 38.9200994292654], [-77.0720220148404, 38.9200586953938], [-77.0722127397516, 38.9204253000953], [-77.0727063801699, 38.9203030989716], [-77.0726091474219, 38.9201285248737], [-77.0722837937956, 38.9202070836553], [-77.0721977801072, 38.9200383277503], [-77.0723585875262, 38.920015051934], [-77.0723847653319, 38.9198957589746], [-77.0722800541091, 38.9196397149747], [-77.0720107957808, 38.9190927096783], [-77.0717205016035, 38.9187533749665]]]}, "properties": {"Route": "R209_5", "ROUTE_NUMB": 209, "CollectionDay": "Friday", "RunsPerWeek": 1, "RStatus": "Scheduled Other Day", "RecycleRouteArea": "IC_209"}}, {"type": "Feature", "geometry": {"type": "Polygon", "coordinates": [[[-77.0722058299104, 38.9609592613969], [-77.07189412349, 38.9609376502811], [-77.0718690712734, 38.960729855913], [-77.0697924520007, 38.9607276919308], [-77.0697562642678, 38.9609138402569], [-77.0694862477614, 38.9609354856068], [-77.0695168686345, 38.9606692504172], [-77.0692886076191, 38.960446304534], [-77.0692941744789, 38.9603965194566], [-77.0695335710106, 38.9603900267808], [-77.06964491719, 38.960506910919], [-77.0697796321433, 38.9605153657029], [-77.0705611799152, 38.9605047965243], [-77.0721854417467, 38.9605100814631], [-77.0722058299104, 38.9609592613969]]]}, "properties": {"Route": "RSP10_1", "ROUTE_NUMB": 10, "CollectionDay": "Monday", "RunsPerWeek": 1, "RStatus": "Scheduled Other Day", "RecycleRouteArea": "OR_10"}}, {"type": "Feature", "geometry": {"type": "MultiPolygon", "coordinates": [[[[-76.9849223494457, 38.8871642280001], [-76.9854422763658, 38.8871358286025], [-76.9854422763658, 38.8873239797313], [-76.9849360316858, 38.8873097797163], [-76.9849223494457, 38.8871642280001]]], [[[-76.9840329993481, 38.8886374744417], [-76.9840010741212, 38.8877180311141], [-76.9842108693676, 38.8877109304471], [-76.9842038714916, 38.8879533533201], [-76.9844822171773, 38.887956260703], [-76.9845737537081, 38.8879882502979], [-76.9850800055747, 38.8882078153015], [-76.9852219807121, 38.8882194475876], [-76.9854760413424, 38.8882179946008], [-76.9854797774357, 38.8882368967126], [-76.9854872496222, 38.888466639512], [-76.9853676919427, 38.8884710019533], [-76.9853583512604, 38.8883372268254], [-76.9853116487471, 38.8883415892746], [-76.9851024230326, 38.8883372268254], [-76.9849847329506, 38.8883386812082], [-76.9848633076736, 38.8883023293197], [-76.9846933113876, 38.8882659781118], [-76.9846708939297, 38.8883314113914], [-76.9846258991137, 38.8883712279111], [-76.9845255626864, 38.8883605773578], [-76.984220457985, 38.8883502554375], [-76.984224552506, 38.8886232746892], [-76.9840329993481, 38.8886374744417]]]]}, "properties": {"Route": "RSP21_2", "ROUTE_NUMB": 21, "CollectionDay": "Tuesday", "RunsPerWeek": 1, "RStatus": "Scheduled Other Day", "RecycleRouteArea": "IC_21"}}, {"type": "Feature", "geometry": {"type": "MultiPolygon", "coordinates": [[[[-77.0347463843966, 38.926678191975], [-77.0354439729271, 38.9266326063025], [-77.0354607157274, 38.9267498277421], [-77.034855209005, 38.9267758757599], [-77.0348319004184, 38.9269110404498], [-77.0347854494333, 38.9269321706541], [-77.0332786566983, 38.9270320246909], [-77.0333260931352, 38.9274032224631], [-77.0331140260494, 38.9274184179914], [-77.0330386861432, 38.9269234882346], [-77.0346989479597, 38.926817120124], [-77.0347463843966, 38.926678191975]]], [[[-77.0374428843344, 38.9334143757007], [-77.0370508137303, 38.9332613143693], [-77.0369498700418, 38.9334098231579], [-77.0368679454846, 38.9333751148135], [-77.0370347213103, 38.9331093917217], [-77.0375160323513, 38.9333193522274], [-77.0374428843344, 38.9334143757007]]], [[[-77.0377652025533, 38.9354781778242], [-77.0374905255872, 38.935420523954], [-77.0374207678121, 38.9354510471313], [-77.0370545327556, 38.935332348219], [-77.037138956426, 38.9351964889362], [-77.0373572569215, 38.9352836146034], [-77.0374064028524, 38.9352116024374], [-77.0374852641545, 38.93521249196], [-77.0380834765568, 38.9342470920085], [-77.0383319927852, 38.9343352704904], [-77.0377172423986, 38.935284868878], [-77.0378349603283, 38.935332348219], [-77.0377652025533, 38.9354781778242]]]]}, "properties": {"Route": "RSP20_2", "ROUTE_NUMB": 20, "CollectionDay": "Tuesday", "RunsPerWeek": 1, "RStatus": "Scheduled Other Day", "RecycleRouteArea": "IC_20"}}, {"type": "Feature", "geometry": {"type": "MultiPolygon", "coordinates": [[[[-77.0274216464357, 38.9060118762993], [-77.0279608314389, 38.906009523302], [-77.0279608305406, 38.906199688718], [-77.0277143463014, 38.9062196688671], [-77.0276989419909, 38.9070548273609], [-77.0274575925218, 38.9070468352561], [-77.0274216464357, 38.9060118762993]]], [[[-77.0337432653632, 38.9076966212646], [-77.0335769521698, 38.9076775894187], [-77.0332296518029, 38.9077575243955], [-77.032950832705, 38.9078602966065], [-77.0325643990293, 38.9078945546762], [-77.0325497250492, 38.9077080413484], [-77.0327649533064, 38.9077270731861], [-77.0330095313206, 38.9077080413484], [-77.0333470490341, 38.9075976550509], [-77.0338362059608, 38.9075824294136], [-77.0340563255448, 38.9079288127292], [-77.0339438196403, 38.907993521874], [-77.0337432653632, 38.9076966212646]]]]}, "properties": {"Route": "RSP20_2", "ROUTE_NUMB": 20, "CollectionDay": "Tuesday", "RunsPerWeek": 1, "RStatus": "Scheduled Other Day", "RecycleRouteArea": "IC_20"}}, {"type": "Feature", "geometry": {"type": "Polygon", "coordinates": [[[-76.9587840525557, 38.9296792958847], [-76.9583788360057, 38.9299261226493], [-76.9581953425325, 38.929768510797], [-76.9586273171998, 38.9295127616871], [-76.9587840525557, 38.9296792958847]]]}, "properties": {"Route": "RSP21_2", "ROUTE_NUMB": 21, "CollectionDay": "Tuesday", "RunsPerWeek": 1, "RStatus": "Scheduled Other Day", "RecycleRouteArea": "IC_21"}}, {"type": "Feature", "geometry": {"type": "MultiPolygon", "coordinates": [[[[-77.057639766156, 38.9098423295618], [-77.0576426928672, 38.9098013290714], [-77.0571816559039, 38.9098081626046], [-77.0571970233834, 38.9096161174228], [-77.0577710333753, 38.9095840865415], [-77.0577524643, 38.9098446069389], [-77.057639766156, 38.9098423295618]]], [[[-77.0555286309153, 38.9096513749322], [-77.0567790022474, 38.9096416334908], [-77.0567718444713, 38.909851440468], [-77.0557577129908, 38.9098411922712], [-77.0554194667436, 38.9098377734093], [-77.0555286309153, 38.9096513749322]]], [[[-77.0642892539926, 38.9146331606473], [-77.0643274826978, 38.9140709875724], [-77.0655660672352, 38.914079911311], [-77.0665599920116, 38.9140828861233], [-77.0669996131386, 38.9146956242027], [-77.0654094854912, 38.9146857492527], [-77.0642892539926, 38.9146331606473]]]]}, "properties": {"Route": "RSP50_5", "ROUTE_NUMB": 50, "CollectionDay": "Friday", "RunsPerWeek": 1, "RStatus": "Scheduled Other Day", "RecycleRouteArea": "IC_50"}}, {"type": "Feature", "geometry": {"type": "MultiPolygon", "coordinates": [[[[-77.0687535881039, 38.9136270100615], [-77.0687326061538, 38.9132823216119], [-77.0684926957858, 38.9132874360259], [-77.0684992687587, 38.9128015692469], [-77.0680095863176, 38.9128015699459], [-77.0679800092869, 38.9125560780758], [-77.0690743980514, 38.9125381770914], [-77.0690743980514, 38.9127299683255], [-77.068883783633, 38.913180033954], [-77.0689133624603, 38.9136249837373], [-77.0687535881039, 38.9136270100615]]], [[[-77.0716256062718, 38.9173847460471], [-77.0718986042866, 38.9173236421945], [-77.0723137112879, 38.9181296211535], [-77.0720893291979, 38.9181674464919], [-77.0713077311203, 38.9183332965136], [-77.0712478961358, 38.9181878139735], [-77.0720182742555, 38.9180132353704], [-77.0716256062718, 38.9173847460471]]], [[[-77.0720201723957, 38.9187698213227], [-77.0724000528614, 38.9186375332705], [-77.0724905239903, 38.9188154819396], [-77.0721506598773, 38.9189197624872], [-77.0720201723957, 38.9187698213227]]], [[[-77.0722127397516, 38.9204253000953], [-77.0720220148404, 38.9200586953938], [-77.0718275502426, 38.9200994292654], [-77.0715807300335, 38.9196513539938], [-77.0710983086747, 38.9190228791791], [-77.0717000289981, 38.9187316838866], [-77.0717205016035, 38.9187533749665], [-77.0720107957808, 38.9190927096783], [-77.0722800541091, 38.9196397149747], [-77.0723847653319, 38.9198957589746], [-77.0723585875262, 38.920015051934], [-77.0721977801072, 38.9200383277503], [-77.0722837937956, 38.9202070836553], [-77.0726091474219, 38.9201285248737], [-77.0727063801699, 38.9203030989716], [-77.0722127397516, 38.9204253000953]]]]}, "properties": {"Route": "RSP50_5", "ROUTE_NUMB": 50, "CollectionDay": "Friday", "RunsPerWeek": 1, "RStatus": "Scheduled Other Day", "RecycleRouteArea": "IC_50"}}, {"type": "Feature", "geometry": {"type": "MultiPolygon", "coordinates": [[[[-77.0193351038762, 38.9282515191681], [-77.0201310606253, 38.9281229421147], [-77.0201832536416, 38.9282887381175], [-77.019374248863, 38.928427466043], [-77.0193351038762, 38.9282515191681]]], [[[-77.0182270714991, 38.9292528494857], [-77.0185108762468, 38.9289235851854], [-77.0192962310789, 38.9287808399908], [-77.0193696279292, 38.9289273923722], [-77.0189708352319, 38.9290149422387], [-77.018990406827, 38.9291557826761], [-77.0194625981712, 38.9290682336823], [-77.0194944039222, 38.9292128811855], [-77.0188900973491, 38.9293118501023], [-77.0188436122281, 38.9292109775997], [-77.0187408557394, 38.9292300106594], [-77.0184276922515, 38.9292909141798], [-77.0184105667689, 38.9293346889022], [-77.0184619450133, 38.9295212075895], [-77.0183029162585, 38.9295459498988], [-77.0182270714991, 38.9292528494857]]], [[[-77.0215544286166, 38.9313121403633], [-77.0214848082837, 38.9307497535212], [-77.0211688393573, 38.9307818573083], [-77.020274597933, 38.9308727158177], [-77.0201969466615, 38.9305985704214], [-77.0210929137494, 38.9305149330346], [-77.0211526445293, 38.9303197789815], [-77.0219291491592, 38.9302314941798], [-77.0231297439432, 38.9301710890201], [-77.0232014205197, 38.9305753379014], [-77.0230786522614, 38.9305813085046], [-77.0231740695143, 38.9311732070418], [-77.0215544286166, 38.9313121403633]]], [[[-77.0182662173843, 38.929799081131], [-77.0195800349283, 38.9295840144357], [-77.0196414473544, 38.929794717036], [-77.0194383616249, 38.9297714842528], [-77.0194622541165, 38.9299248214595], [-77.0195876894729, 38.930259373897], [-77.0197071519309, 38.9307286740692], [-77.0192830617769, 38.9308401899941], [-77.0194562812181, 38.9312909003546], [-77.0186797774866, 38.9314581731996], [-77.0183811208922, 38.9305335199055], [-77.0182662173843, 38.929799081131]]], [[[-77.0235115450069, 38.9346156602979], [-77.0236721026943, 38.9346067391419], [-77.0237485583081, 38.9349338360485], [-77.0236988626083, 38.9349843866886], [-77.0223494169818, 38.9351806438287], [-77.0223035436135, 38.9349278888708], [-77.0235344825894, 38.9347911029495], [-77.0235115450069, 38.9346156602979]]], [[[-77.0235429231598, 38.9353439525207], [-77.0237822091987, 38.9353363164753], [-77.023945821158, 38.9362362664114], [-77.0218188656867, 38.936677147454], [-77.0218305518703, 38.936886223268], [-77.0216260378194, 38.9369271291512], [-77.0215208585744, 38.9363544404474], [-77.0215617606659, 38.9362135402365], [-77.0214390516964, 38.935609029275], [-77.0216930916655, 38.9355794620656], [-77.0218007134298, 38.935566018673], [-77.0235429231598, 38.9353439525207]]]]}, "properties": {"Route": "RSP21_2", "ROUTE_NUMB": 21, "CollectionDay": "Tuesday", "RunsPerWeek": 1, "RStatus": "Scheduled Other Day", "RecycleRouteArea": "IC_21"}}, {"type": "Feature", "geometry": {"type": "MultiPolygon", "coordinates": [[[[-77.0397406778131, 38.9136297752008], [-77.0401748569461, 38.9133869583804], [-77.040649739643, 38.9133975157115], [-77.0410974851334, 38.9129171583517], [-77.041762321987, 38.9130121749042], [-77.0430852089221, 38.9129910601257], [-77.0430716407681, 38.9140520636789], [-77.0393811244257, 38.9140573415962], [-77.0397406778131, 38.9136297752008]]], [[[-77.0385255213384, 38.9140695882361], [-77.0385342044539, 38.9128905544491], [-77.0401884251002, 38.9130459572785], [-77.0391377124247, 38.914066210118], [-77.0385255213384, 38.9140695882361]]], [[[-77.0417985582289, 38.9143804086613], [-77.0428482064007, 38.9143760638879], [-77.0428314573123, 38.9147540113544], [-77.0418208912452, 38.9147409791987], [-77.0417985582289, 38.9143804086613]]], [[[-77.0394504339415, 38.9146690817766], [-77.0394643533368, 38.9144178340928], [-77.0413906530213, 38.914411336507], [-77.0413906530213, 38.914580278438], [-77.0396321712083, 38.914542973314], [-77.0396298903858, 38.9148046861125], [-77.0395400894001, 38.9148169640768], [-77.0394547108205, 38.9148254816248], [-77.0393620361242, 38.9148129904787], [-77.0392978209545, 38.9147755163283], [-77.0391836477768, 38.9146935133344], [-77.0394504339415, 38.9146690817766]]], [[[-77.0422005525219, 38.9155272769671], [-77.0422508006857, 38.9149060592849], [-77.0429822044984, 38.9149277794926], [-77.0429877875279, 38.9155403096774], [-77.0427812082502, 38.9155403096774], [-77.0422005525219, 38.9155272769671]]], [[[-77.039883509045, 38.9194282294795], [-77.0401570873715, 38.9193630701732], [-77.0405758298547, 38.92037519896], [-77.0403301675739, 38.9204794513559], [-77.039883509045, 38.9194282294795]]]]}, "properties": {"Route": "RSP50_5", "ROUTE_NUMB": 50, "CollectionDay": "Friday", "RunsPerWeek": 1, "RStatus": "Scheduled Other Day", "RecycleRouteArea": "IC_50"}}, {"type": "Feature", "geometry": {"type": "MultiPolygon", "coordinates": [[[[-76.9979312986394, 38.8843585154583], [-76.9981181077943, 38.8843539716557], [-76.9981181077943, 38.8847720380379], [-76.9979196223373, 38.8847720380379], [-76.9979312986394, 38.8843585154583]]], [[[-77.000659877416, 38.8883953902291], [-77.0006542728269, 38.8882136314448], [-77.0009587720639, 38.8882165402155], [-77.0009662451487, 38.8880435052097], [-77.0008466865709, 38.8880405971311], [-77.0008541596558, 38.8879097306752], [-77.0016312841232, 38.8879213630102], [-77.001633152619, 38.8882790647725], [-77.0013622800181, 38.8882674324961], [-77.0011306368457, 38.888261615658], [-77.0011306368457, 38.8883997526747], [-77.000659877416, 38.8883953902291]]], [[[-76.9999424145581, 38.8917197618227], [-76.9999453340828, 38.8910472840301], [-76.9998081460676, 38.8910495557174], [-76.9998139833203, 38.8908382696109], [-76.9999686848903, 38.890840542004], [-76.9999394959318, 38.8902952837245], [-77.0001321432377, 38.8902930120131], [-77.0001233864603, 38.8908382696109], [-77.0003277082717, 38.8908359979168], [-77.0003218701207, 38.8910609162503], [-77.0001700880753, 38.891056371478], [-77.000170087177, 38.8917220334884], [-76.9999424145581, 38.8917197618227]]]]}, "properties": {"Route": "RSP10_1", "ROUTE_NUMB": 10, "CollectionDay": "Monday", "RunsPerWeek": 1, "RStatus": "Scheduled Other Day", "RecycleRouteArea": "IC_10"}}, {"type": "Feature", "geometry": {"type": "MultiPolygon", "coordinates": [[[[-77.0103632293834, 38.8729252166962], [-77.009962402002, 38.8729130685653], [-77.0099549010693, 38.8720864165966], [-77.0104124768239, 38.8720856633618], [-77.0104264052024, 38.8729336973073], [-77.0103632293834, 38.8729252166962]]], [[[-77.0098082654722, 38.8746832244778], [-77.0100734723986, 38.8746949673786], [-77.0106543455192, 38.8746975263251], [-77.0106509337178, 38.8757534297026], [-77.0106489062202, 38.8763807000693], [-77.0097936714421, 38.8763829715262], [-77.0098082654722, 38.8746832244778]]], [[[-77.0038858362974, 38.8825498954361], [-77.0055466847138, 38.8825385342414], [-77.0055525228649, 38.8826453267431], [-77.0055408474611, 38.8829497954676], [-77.0038741608937, 38.8829497947683], [-77.0038858362974, 38.8825498954361]]]]}, "properties": {"Route": "RSP10_1", "ROUTE_NUMB": 10, "CollectionDay": "Monday", "RunsPerWeek": 1, "RStatus": "Scheduled Other Day", "RecycleRouteArea": "IC_10"}}, {"type": "Feature", "geometry": {"type": "MultiPolygon", "coordinates": [[[[-76.9840811607254, 38.8790870321733], [-76.9840373786351, 38.8784462468629], [-76.9842212682653, 38.8784462468629], [-76.9842241868917, 38.878716649567], [-76.9850589894886, 38.8787121047043], [-76.9850589903869, 38.8790847594042], [-76.9849357109872, 38.8790868342676], [-76.9849288254006, 38.878834272527], [-76.9842424676077, 38.8788378467312], [-76.984217982228, 38.8788908611596], [-76.9842187448977, 38.8790867118877], [-76.9840811607254, 38.8790870321733]]], [[[-76.9848167219413, 38.8791665615644], [-76.9847816948318, 38.8791347491193], [-76.9850181251263, 38.879139293955], [-76.9850122878736, 38.8792733577355], [-76.9848926134132, 38.879466500381], [-76.9850473140849, 38.8794801341242], [-76.9850414759338, 38.8796323757807], [-76.9847583440243, 38.8796232861721], [-76.984621156009, 38.8795687519927], [-76.9847320736921, 38.8793869713256], [-76.9848167219413, 38.8791665615644]]], [[[-76.9860572504329, 38.879087031474], [-76.9862644908707, 38.879087031474], [-76.9862681110813, 38.8792676324701], [-76.9862323841841, 38.8794233270766], [-76.9859784403347, 38.8796891826611], [-76.986019304697, 38.8797596224864], [-76.9858791989537, 38.8798300615425], [-76.9858237387647, 38.8797800723166], [-76.9858266573911, 38.8796550976991], [-76.9858967107119, 38.8795551189658], [-76.9860601690593, 38.8793801551447], [-76.9860572504329, 38.879087031474]]], [[[-76.9837168813013, 38.8805863887021], [-76.983702628631, 38.8803256595565], [-76.9838359799417, 38.8803306294912], [-76.9839001097715, 38.8801929124504], [-76.9839235414274, 38.8801425927093], [-76.984251346556, 38.8801370458363], [-76.9844865111243, 38.8803256595565], [-76.9843226090092, 38.8804477036262], [-76.9841373269903, 38.880553104868], [-76.9837168813013, 38.8805863887021]]], [[[-76.9822360579628, 38.8795809654204], [-76.9820034589829, 38.879406995383], [-76.9818886111704, 38.8794701053231], [-76.9817526161179, 38.8793359880668], [-76.9819168038973, 38.8792010712433], [-76.9821196668447, 38.8793119870059], [-76.9823940419768, 38.8794869509948], [-76.9827384713281, 38.8797096325116], [-76.9830537117209, 38.8799095908013], [-76.9831345286554, 38.8799821604905], [-76.9832257444877, 38.8802129348821], [-76.9832713510564, 38.8804046553936], [-76.9833123977766, 38.8805750719485], [-76.9833625668886, 38.8808200464288], [-76.9834446603292, 38.881004663965], [-76.9833105741966, 38.8810707011296], [-76.9831266845664, 38.8807457734081], [-76.9830512593202, 38.8804979189557], [-76.9829551647376, 38.8801458787349], [-76.9828198353367, 38.8800212145526], [-76.9825370690414, 38.8798010899778], [-76.9822360579628, 38.8795809654204]]]]}, "properties": {"Route": "RSP10_1", "ROUTE_NUMB": 10, "CollectionDay": "Monday", "RunsPerWeek": 1, "RStatus": "Scheduled Other Day", "RecycleRouteArea": "IC_10"}}, {"type": "Feature", "geometry": {"type": "Polygon", "coordinates": [[[-77.0689169548231, 38.9374368988004], [-77.0692663374849, 38.9374249769149], [-77.0692607706251, 38.9376458305308], [-77.0710868596464, 38.9376220133802], [-77.0710896426272, 38.9376934655069], [-77.0710635456699, 38.9380531622409], [-77.0714245534297, 38.9380599280713], [-77.0713158159579, 38.9382392345697], [-77.0708678189391, 38.9382493843366], [-77.0704589669073, 38.9387230217371], [-77.0702327935766, 38.9387500861967], [-77.0692628592081, 38.9387365539682], [-77.0692395299602, 38.939020945431], [-77.0689579027287, 38.9390182853911], [-77.0689169548231, 38.9374368988004]]]}, "properties": {"Route": "RSP10_1", "ROUTE_NUMB": 10, "CollectionDay": "Monday", "RunsPerWeek": 1, "RStatus": "Scheduled Other Day", "RecycleRouteArea": "OR_10"}}, {"type": "Feature", "geometry": {"type": "MultiPolygon", "coordinates": [[[[-77.0291625706765, 38.9368204518242], [-77.0291525535628, 38.9367172030838], [-77.0273242825336, 38.9368107106187], [-77.0273117609169, 38.9366256428333], [-77.0292577408927, 38.9365555109625], [-77.0292827859228, 38.9368009701107], [-77.0291625706765, 38.9368204518242]]], [[[-77.0248313309577, 38.9365058837898], [-77.0251921473764, 38.9364687103784], [-77.0252088749054, 38.9365467738212], [-77.0249555850295, 38.9365690771471], [-77.0250153238942, 38.9370337427321], [-77.0249101850734, 38.9370300247208], [-77.0248313309577, 38.9365058837898]]], [[[-77.0252351596106, 38.9374054730078], [-77.0252471072038, 38.9370207321371], [-77.0253809202486, 38.9370114381548], [-77.0253833097672, 38.9371545545867], [-77.0256628834499, 38.9371396853605], [-77.0256581035143, 38.9365709365143], [-77.0256270397718, 38.936444546253], [-77.0254597743642, 38.9362363761153], [-77.0254119839911, 38.9361694630076], [-77.0255338494425, 38.9360988324754], [-77.0258492650068, 38.9363869274071], [-77.0258659907391, 38.9364482642951], [-77.0258516545254, 38.93713039349], [-77.026088215974, 38.937121099522], [-77.0261703696017, 38.9371403226131], [-77.0262031626012, 38.9371839611276], [-77.0262266526475, 38.9372144122744], [-77.0262442686102, 38.9372311610983], [-77.0262599289406, 38.9372486722445], [-77.0263567026495, 38.9372449598343], [-77.0271167609232, 38.9371759661272], [-77.0271157368438, 38.9373615327741], [-77.0262873401332, 38.9373932974747], [-77.0261648296914, 38.93734338161], [-77.0260889912201, 38.9372889294874], [-77.0254647779803, 38.9372889294874], [-77.025431099242, 38.937284660882], [-77.0254215402691, 38.937414765541], [-77.0252351596106, 38.9374054730078]]], [[[-77.0290931291084, 38.9375436262079], [-77.0288798771448, 38.937295334142], [-77.0273529280114, 38.9373370573149], [-77.0273294469482, 38.9371544253195], [-77.0287616543619, 38.9370752599298], [-77.0288583606972, 38.9370363336709], [-77.0288450036472, 38.9369331285669], [-77.0290943247661, 38.9369413541801], [-77.0294952195212, 38.9369237332552], [-77.0292600019523, 38.9373303137752], [-77.0290931291084, 38.9375436262079]]], [[[-77.0320476710099, 38.9375448706601], [-77.0320501907843, 38.9372951112438], [-77.0315187321909, 38.9372958714733], [-77.0314815401415, 38.9372928263627], [-77.0314083750565, 38.9372806752661], [-77.031369963095, 38.937267703846], [-77.0313405998633, 38.9372441045755], [-77.0313112375299, 38.9372235483146], [-77.0312878049757, 38.9372010208986], [-77.0303654516729, 38.9372028795504], [-77.0303746656928, 38.9375161119992], [-77.0301838491534, 38.9375132744233], [-77.0301905299241, 38.936933668696], [-77.0299401173522, 38.9368571701684], [-77.0300046334576, 38.9367456504281], [-77.0303439451067, 38.9368441602399], [-77.0303464855423, 38.9370892697164], [-77.0312612211315, 38.9370892697164], [-77.0312313539449, 38.9370253787784], [-77.0314329682341, 38.937016666151], [-77.031467592, 38.9371640721476], [-77.0314844147504, 38.9371735883097], [-77.0316434605731, 38.9371807259545], [-77.0319569645224, 38.9371819145138], [-77.0321736255925, 38.9371845620453], [-77.0321852929114, 38.9375430413643], [-77.0320476710099, 38.9375448706601]]], [[[-77.0240141164758, 38.9368423008799], [-77.0242865216025, 38.9368107036313], [-77.0243199757621, 38.9369054946361], [-77.024410774776, 38.9373980377227], [-77.0244346708609, 38.9375839021493], [-77.0235624983482, 38.9376136404124], [-77.0235099280394, 38.937563457785], [-77.0236891419386, 38.9373013880283], [-77.0238229549833, 38.9371266754837], [-77.0240141164758, 38.9368423008799]]], [[[-77.0239983321779, 38.938047733086], [-77.0240358988248, 38.9380263057378], [-77.0240534312442, 38.9382366939836], [-77.0238054890393, 38.9382366946823], [-77.0238079917456, 38.9383905900396], [-77.0236251657207, 38.9383983815727], [-77.0236201567147, 38.9380555260543], [-77.0239983321779, 38.938047733086]]], [[[-77.0265685092238, 38.9379835083182], [-77.0265589520475, 38.9377065731028], [-77.0267501117434, 38.9377084310426], [-77.0267453345027, 38.9386061477878], [-77.0265756786781, 38.9385987126286], [-77.0265708996408, 38.9381154717205], [-77.0257106738231, 38.9381043199522], [-77.0256963358128, 38.9379835090169], [-77.0265685092238, 38.9379835083182]]], [[[-77.0276820249174, 38.938487195627], [-77.0276629078699, 38.938039267237], [-77.0272758058476, 38.9380559956028], [-77.027259079217, 38.9379444784464], [-77.028059568865, 38.9379389011516], [-77.0282435609032, 38.9376693989233], [-77.0284825118705, 38.9376638244018], [-77.0278182265825, 38.9385689754773], [-77.0278230065181, 38.938624733237], [-77.0276390126833, 38.9386265911528], [-77.0276414031003, 38.9385726913118], [-77.0276581288326, 38.9385318031474], [-77.0276820249174, 38.938487195627]]], [[[-77.0290249335036, 38.9380020946293], [-77.0291252914905, 38.9378831421539], [-77.0292208722368, 38.9379314673199], [-77.0292519377759, 38.9380020960268], [-77.0292447683217, 38.9381136123938], [-77.0292423779047, 38.9382753128408], [-77.0292471587386, 38.938650753836], [-77.0290512173106, 38.9386600469047], [-77.0290727220801, 38.9380578535335], [-77.0290249335036, 38.9380020946293]]]]}, "properties": {"Route": "RSP40_4", "ROUTE_NUMB": 40, "CollectionDay": "Thursday", "RunsPerWeek": 1, "RStatus": "Scheduled Other Day", "RecycleRouteArea": "OR_40"}}, {"type": "Feature", "geometry": {"type": "Polygon", "coordinates": [[[-76.9873619949926, 38.8881414736154], [-76.9870438359735, 38.8880528657397], [-76.9866235160487, 38.8879597141815], [-76.9863625617469, 38.8879057178128], [-76.9862968041697, 38.887879660423], [-76.9862752841288, 38.8878349909894], [-76.9862728937118, 38.8876451462821], [-76.9864020166524, 38.8876423542592], [-76.9863984287812, 38.8878005582234], [-76.9864605993854, 38.8878107949179], [-76.98656878619, 38.8878138806096], [-76.9868196281567, 38.8878635802972], [-76.9871297607287, 38.8879132806492], [-76.9874626970343, 38.8879949300033], [-76.9877044175076, 38.8880623800981], [-76.9876907352675, 38.887682531268], [-76.9879187735007, 38.8876789805832], [-76.9879064270554, 38.8883328650751], [-76.9879381842973, 38.8886309479259], [-76.987848515364, 38.8887414574058], [-76.9876710468914, 38.8886411271646], [-76.9877420344601, 38.8885393424031], [-76.9877420353584, 38.8884608226902], [-76.9877308261803, 38.8882499833787], [-76.987662640457, 38.8882050890278], [-76.9875283710681, 38.8881846409232], [-76.9873619949926, 38.8881414736154]]]}, "properties": {"Route": "RSP10_1", "ROUTE_NUMB": 10, "CollectionDay": "Monday", "RunsPerWeek": 1, "RStatus": "Scheduled Other Day", "RecycleRouteArea": "IC_10"}}, {"type": "Feature", "geometry": {"type": "MultiPolygon", "coordinates": [[[[-76.9902071580251, 38.8910034640142], [-76.9901786248367, 38.8907248477332], [-76.9914975385234, 38.8907127327106], [-76.9914975681678, 38.8910196168449], [-76.9910968728387, 38.8910216347249], [-76.990928268043, 38.8910216347249], [-76.9905639553812, 38.8910195630068], [-76.9902071580251, 38.8910034640142]]], [[[-76.9881413382988, 38.8928375132907], [-76.9882756076877, 38.8928238821107], [-76.9882902026161, 38.8929397456593], [-76.9881938789632, 38.8929533775163], [-76.9879399351138, 38.8932509865144], [-76.9882434992045, 38.8932532588304], [-76.9882434992045, 38.8933713932916], [-76.9881705272573, 38.8933713932916], [-76.9877268565251, 38.8933759365175], [-76.9877268556267, 38.8933077818069], [-76.9881413382988, 38.8928375132907]]], [[[-76.9871479812576, 38.8941009157139], [-76.9873273191243, 38.8938726461063], [-76.9873778403759, 38.8938765285863], [-76.9882053208049, 38.8938493819852], [-76.9882165290847, 38.89394098066], [-76.9879475240813, 38.8939395277902], [-76.9879493916788, 38.8941416260288], [-76.9878317024951, 38.8941401724639], [-76.9878204942153, 38.893939527091], [-76.9874151186636, 38.8939526127065], [-76.9872600667506, 38.8941067320739], [-76.9872563306573, 38.8941692514463], [-76.9871405099694, 38.8941692514463], [-76.9871479812576, 38.8941009157139]]], [[[-76.9855891670845, 38.8945884752074], [-76.9855906969154, 38.8944628176878], [-76.9857766329078, 38.8944646047465], [-76.9857995884566, 38.8944509074583], [-76.9858324910505, 38.8943538342936], [-76.9859113056403, 38.8942085074594], [-76.9859617442469, 38.8940602053758], [-76.9859486674713, 38.8939235343345], [-76.985588125937, 38.8939380728228], [-76.9855881268354, 38.8938159407591], [-76.9860084467602, 38.8938217564432], [-76.986142949711, 38.8938406584622], [-76.986184046737, 38.893839204192], [-76.9862176724747, 38.8938333885093], [-76.9862475621191, 38.893807217232], [-76.9863521754255, 38.8937141641119], [-76.9863671206969, 38.8936283808446], [-76.9865296438981, 38.8936312886944], [-76.9865053579444, 38.8937228876504], [-76.9863951418456, 38.8938537440958], [-76.9862344853435, 38.8939991394751], [-76.9860607538625, 38.8942782973495], [-76.9859083510813, 38.894536987575], [-76.9858852877347, 38.8945706095443], [-76.9858454986558, 38.8945849024946], [-76.9855891670845, 38.8945884752074]]]]}, "properties": {"Route": "RSP10_1", "ROUTE_NUMB": 10, "CollectionDay": "Monday", "RunsPerWeek": 1, "RStatus": "Scheduled Other Day", "RecycleRouteArea": "IC_10"}}, {"type": "Feature", "geometry": {"type": "MultiPolygon", "coordinates": [[[[-76.9907327667894, 38.8951655393705], [-76.9907327667894, 38.8950093548939], [-76.9911842825091, 38.8950271043866], [-76.9911979647492, 38.8950803479439], [-76.9911842825091, 38.8954956538721], [-76.9911797217624, 38.8960777878649], [-76.9909334405424, 38.8960848869963], [-76.9909972900979, 38.8951797378151], [-76.9907327667894, 38.8951655393705]]], [[[-76.985616147984, 38.8965144299731], [-76.9856068073017, 38.8963632242676], [-76.9882511914783, 38.8963821997193], [-76.9882496616473, 38.8965364389608], [-76.9864606478944, 38.8965214878115], [-76.985616147984, 38.8965144299731]]], [[[-76.9855825222463, 38.8969593220179], [-76.9878229969217, 38.8969261325476], [-76.9878340578778, 38.8967625732241], [-76.9879862666229, 38.8967686466494], [-76.9880076770694, 38.896942282633], [-76.9882408150384, 38.8969264646381], [-76.9882348915475, 38.8971102649773], [-76.9855768197409, 38.8971047187298], [-76.9855825222463, 38.8969593220179]]], [[[-76.9884888695328, 38.9011180149671], [-76.9884751863944, 38.9004684847408], [-76.9899802399911, 38.9004755834333], [-76.9899802390928, 38.9011215642809], [-76.9884888695328, 38.9011180149671]]]]}, "properties": {"Route": "RSP40_4", "ROUTE_NUMB": 40, "CollectionDay": "Thursday", "RunsPerWeek": 1, "RStatus": "Scheduled Other Day", "RecycleRouteArea": "IC_40"}}, {"type": "Feature", "geometry": {"type": "Polygon", "coordinates": [[[-76.9798097290416, 38.898079723913], [-76.9799279626044, 38.897520114893], [-76.979963830537, 38.8973861253947], [-76.9809119223694, 38.8975461680471], [-76.9816019911026, 38.8976698185], [-76.9816379317988, 38.8975402827547], [-76.9818135677082, 38.8975657374447], [-76.9815838675918, 38.8984133743177], [-76.9798097290416, 38.898079723913]]]}, "properties": {"Route": "RSP40_4", "ROUTE_NUMB": 40, "CollectionDay": "Thursday", "RunsPerWeek": 1, "RStatus": "Scheduled Other Day", "RecycleRouteArea": "IC_40"}}, {"type": "Feature", "geometry": {"type": "Polygon", "coordinates": [[[-76.9941852673108, 38.8930725598419], [-76.9941638883053, 38.8921962143361], [-76.994477441662, 38.8922017602677], [-76.9945059470026, 38.8930392811581], [-76.9946413437771, 38.8931335706051], [-76.9946413437771, 38.8935162743689], [-76.994019984485, 38.8934963430828], [-76.9940112277076, 38.8930805996652], [-76.9941852673108, 38.8930725598419]]]}, "properties": {"Route": "RSP10_1", "ROUTE_NUMB": 10, "CollectionDay": "Monday", "RunsPerWeek": 1, "RStatus": "Scheduled Other Day", "RecycleRouteArea": "IC_10"}}, {"type": "Feature", "geometry": {"type": "Polygon", "coordinates": [[[-76.9988384901769, 38.8979305147546], [-76.9988384147183, 38.8977480826382], [-76.9985407166265, 38.8977471520963], [-76.9985407992715, 38.8975898931393], [-76.9994438316091, 38.8975685961941], [-76.9994347101158, 38.8977886650191], [-76.9990926532151, 38.8977851155386], [-76.9990835308234, 38.8985198584123], [-76.9991473812772, 38.8985411543732], [-76.999366298017, 38.898558902284], [-76.9993617372703, 38.8987292759901], [-76.998964950511, 38.8986973310824], [-76.9988463710968, 38.898590847254], [-76.9988403586726, 38.8984669907653], [-76.9988384901769, 38.8979305147546]]]}, "properties": {"Route": "RSP40_4", "ROUTE_NUMB": 40, "CollectionDay": "Thursday", "RunsPerWeek": 1, "RStatus": "Scheduled Other Day", "RecycleRouteArea": "IC_40"}}, {"type": "Feature", "geometry": {"type": "Polygon", "coordinates": [[[-76.9987675026081, 38.8992389859385], [-76.9991168349643, 38.8992389859385], [-76.9991168349643, 38.8998132522285], [-76.9991149682651, 38.8998815824643], [-76.9987899191677, 38.8998830359116], [-76.9987675026081, 38.8992389859385]]]}, "properties": {"Route": "RSP40_4", "ROUTE_NUMB": 40, "CollectionDay": "Thursday", "RunsPerWeek": 1, "RStatus": "Scheduled Other Day", "RecycleRouteArea": "IC_40"}}, {"type": "Feature", "geometry": {"type": "Polygon", "coordinates": [[[-76.9929429134425, 38.9033984940236], [-76.992919562635, 38.9029464641814], [-76.9934829078278, 38.9029487354881], [-76.9934829078278, 38.9032008731468], [-76.9934799900997, 38.9034007653158], [-76.9929429134425, 38.9033984940236]]]}, "properties": {"Route": "RSP40_4", "ROUTE_NUMB": 40, "CollectionDay": "Thursday", "RunsPerWeek": 1, "RStatus": "Scheduled Other Day", "RecycleRouteArea": "IC_40"}}, {"type": "Feature", "geometry": {"type": "Polygon", "coordinates": [[[-77.0166215458295, 38.9069428056938], [-77.0166020604727, 38.9065139039091], [-77.0167106218747, 38.9065160702451], [-77.0167217591876, 38.9067370200933], [-77.0184559837931, 38.9067456840117], [-77.0184504169333, 38.906951469587], [-77.0166215458295, 38.9069428056938]]]}, "properties": {"Route": "RSP21_2", "ROUTE_NUMB": 21, "CollectionDay": "Tuesday", "RunsPerWeek": 1, "RStatus": "Scheduled Other Day", "RecycleRouteArea": "IC_21"}}, {"type": "Feature", "geometry": {"type": "Polygon", "coordinates": [[[-77.0145389895912, 38.9067602380499], [-77.0145438800195, 38.9065242364715], [-77.0147542178484, 38.9065356560448], [-77.0147591091751, 38.9070114639079], [-77.0145047494058, 38.9070152701734], [-77.0144802891789, 38.90692772252], [-77.0138101459769, 38.90692772252], [-77.0138443870606, 38.9067678506076], [-77.0145389895912, 38.9067602380499]]]}, "properties": {"Route": "RSP30_3", "ROUTE_NUMB": 30, "CollectionDay": "Wednesday", "RunsPerWeek": 1, "RStatus": "Scheduled Other Day", "RecycleRouteArea": "OR_30"}}, {"type": "Feature", "geometry": {"type": "Polygon", "coordinates": [[[-77.0064923681629, 38.9109510296245], [-77.0064923690612, 38.9108101984833], [-77.0066244411709, 38.9106998191069], [-77.0067320548504, 38.9106389185004], [-77.0079207038377, 38.9106160806721], [-77.0085614999776, 38.9108063924213], [-77.0084294278679, 38.9109548363778], [-77.0077837412996, 38.9108101991823], [-77.0067662959341, 38.9108101991823], [-77.0066831388882, 38.910852067948], [-77.0066586813563, 38.9109586431309], [-77.0064923681629, 38.9109510296245]]]}, "properties": {"Route": "RSP30_3", "ROUTE_NUMB": 30, "CollectionDay": "Wednesday", "RunsPerWeek": 1, "RStatus": "Scheduled Other Day", "RecycleRouteArea": "OR_30"}}, {"type": "Feature", "geometry": {"type": "Polygon", "coordinates": [[[-77.0125999428127, 38.9176993828072], [-77.0125758994041, 38.917077384552], [-77.0127542194796, 38.9170805018223], [-77.0127602301072, 38.9173626617465], [-77.0131068495511, 38.9173704562885], [-77.0131268846769, 38.917746149126], [-77.0130908209115, 38.9178069457836], [-77.0130387276082, 38.9178209761504], [-77.0127095444639, 38.917824763664], [-77.0127046531372, 38.9180759503612], [-77.0125197987163, 38.9180753674538], [-77.0125258102422, 38.9177664146843], [-77.0125999428127, 38.9176993828072]]]}, "properties": {"Route": "RSP30_3", "ROUTE_NUMB": 30, "CollectionDay": "Wednesday", "RunsPerWeek": 1, "RStatus": "Scheduled Other Day", "RecycleRouteArea": "OR_30"}}, {"type": "Feature", "geometry": {"type": "MultiPolygon", "coordinates": [[[[-77.0034860132324, 38.9181855585308], [-77.0035717915623, 38.91562291489], [-77.0036577073344, 38.915624460976], [-77.0050563887233, 38.9156066201765], [-77.005079318221, 38.9173192941065], [-77.005415612429, 38.9172598278087], [-77.0064309072278, 38.9172535394654], [-77.0064609603656, 38.9172675692427], [-77.0065090462844, 38.9173611038164], [-77.0065620738357, 38.9176047366749], [-77.0048259106658, 38.9182099161895], [-77.0034860132324, 38.9181855585308]]], [[[-77.0052939356238, 38.9187153318763], [-77.0052596954384, 38.9185364575792], [-77.0056118862338, 38.9184337001274], [-77.0058858149033, 38.9184108648073], [-77.0060032121345, 38.9180835624043], [-77.0068641269601, 38.918094979419], [-77.0067124886452, 38.9186163796281], [-77.0059298386404, 38.91860876904], [-77.0056412359908, 38.9185973507101], [-77.0052939356238, 38.9187153318763]]]]}, "properties": {"Route": "RSP30_3", "ROUTE_NUMB": 30, "CollectionDay": "Wednesday", "RunsPerWeek": 1, "RStatus": "Scheduled Other Day", "RecycleRouteArea": "OR_30"}}, {"type": "Feature", "geometry": {"type": "MultiPolygon", "coordinates": [[[[-77.012499012599, 38.9202096332742], [-77.0124864900839, 38.9192158711038], [-77.0127463286781, 38.9192183068347], [-77.0127431989477, 38.9196396835236], [-77.0134976732936, 38.9196591692519], [-77.0134976741919, 38.9197906963801], [-77.0127588511932, 38.9197833885473], [-77.0127682439778, 38.9201950197908], [-77.012499012599, 38.9202096332742]]], [[[-77.012574146791, 38.9212447870818], [-77.0125553630184, 38.9203168031539], [-77.0127557205644, 38.9203119317675], [-77.012752590834, 38.9206845890675], [-77.0133004463763, 38.9205530628973], [-77.0138232559902, 38.9205165276126], [-77.0138201253614, 38.9204556361286], [-77.0139860468894, 38.9204434576858], [-77.0139860477877, 38.9205822904126], [-77.0139296973682, 38.9206017758821], [-77.0135978534141, 38.9206553601966], [-77.0131063482912, 38.9207406082992], [-77.0127776358641, 38.920818549971], [-77.0127682430795, 38.921164411612], [-77.0127212845463, 38.9212350451349], [-77.012574146791, 38.9212447870818]]]]}, "properties": {"Route": "RSP30_3", "ROUTE_NUMB": 30, "CollectionDay": "Wednesday", "RunsPerWeek": 1, "RStatus": "Scheduled Other Day", "RecycleRouteArea": "OR_30"}}, {"type": "Feature", "geometry": {"type": "MultiPolygon", "coordinates": [[[[-77.0231432492152, 38.9367298042693], [-77.0239258983216, 38.9365357566646], [-77.0238085010904, 38.936802096488], [-77.0232606464464, 38.9374375046071], [-77.0231725980738, 38.9374451145728], [-77.0231432492152, 38.9367298042693]]], [[[-77.0219847315191, 38.9382922130387], [-77.0222883989161, 38.9379026033068], [-77.0224511898152, 38.9379513050771], [-77.0221099548731, 38.9384310115343], [-77.0215245326839, 38.9384456212613], [-77.0215026191809, 38.9382946481146], [-77.0219847315191, 38.9382922130387]]], [[[-77.0174140548445, 38.9384553615435], [-77.0171229090643, 38.9382581226656], [-77.0172356108015, 38.93813149924], [-77.0175580628694, 38.938326304094], [-77.017905559069, 38.9382751682035], [-77.0184252389525, 38.9382849085091], [-77.0184283695813, 38.9380852333754], [-77.0189699629677, 38.9380681877917], [-77.0189793539557, 38.9384943226587], [-77.0184628055994, 38.938506497304], [-77.0184502839826, 38.9384066601194], [-77.0178116402061, 38.9384188361773], [-77.0176018907738, 38.9384504914026], [-77.0176175439176, 38.9385990291521], [-77.0174359692459, 38.9386112044783], [-77.0174140548445, 38.9384553615435]]], [[[-77.0153705555581, 38.9402568176921], [-77.0169700966513, 38.9402339900951], [-77.0170141203884, 38.940838929763], [-77.0153999044167, 38.94088078081], [-77.0153705555581, 38.9402568176921]]], [[[-77.0177576388811, 38.9400209282091], [-77.0187555162448, 38.9399904908444], [-77.0187897573285, 38.9409416547621], [-77.0182803029679, 38.94095443686], [-77.0181832040689, 38.9409568725432], [-77.0181734205171, 38.9405992370539], [-77.0177576388811, 38.9400209282091]]], [[[-77.0208577150451, 38.9417426002949], [-77.0211144248072, 38.9413286605074], [-77.0211238157952, 38.9411752585222], [-77.0215057489113, 38.9411460387925], [-77.0215147805732, 38.9412637302282], [-77.0212731768809, 38.9412669987526], [-77.0212678238201, 38.9413237905638], [-77.0212327769476, 38.9414741633668], [-77.0211613824421, 38.9415599803449], [-77.0213022607365, 38.9415429355966], [-77.0213147823533, 38.9418156482829], [-77.0211457301966, 38.9418302580112], [-77.0211457301966, 38.941706076622], [-77.0210417484058, 38.9417243147051], [-77.0209704167824, 38.9418132133279], [-77.0209735474111, 38.9419325253264], [-77.020823279027, 38.9419373959269], [-77.0208138862424, 38.94183512792], [-77.0208577150451, 38.9417426002949]]], [[[-77.019545994169, 38.9410462060231], [-77.0201282857294, 38.9410194212227], [-77.0201126316872, 38.9411192547286], [-77.0197870489906, 38.9415137167172], [-77.019703926979, 38.9415797437237], [-77.0197507354936, 38.9419593097819], [-77.0195960833309, 38.9419593097819], [-77.019545994169, 38.9410462060231]]], [[[-77.0157391837265, 38.9411606479602], [-77.0166721030137, 38.9411241246862], [-77.0167065390318, 38.9420445315845], [-77.0158111872898, 38.9420786215345], [-77.0157391837265, 38.9411606479602]]]]}, "properties": {"Route": "RSP30_3", "ROUTE_NUMB": 30, "CollectionDay": "Wednesday", "RunsPerWeek": 1, "RStatus": "Scheduled Other Day", "RecycleRouteArea": "OR_30"}}, {"type": "Feature", "geometry": {"type": "Polygon", "coordinates": [[[-77.0290082329242, 38.94950535772], [-77.0288321370774, 38.9494330791518], [-77.0275701127993, 38.94944068783], [-77.0275456552674, 38.9492771077041], [-77.028983774494, 38.9492580870108], [-77.0291305214821, 38.9493455831353], [-77.0290082329242, 38.94950535772]]]}, "properties": {"Route": "RSP30_3", "ROUTE_NUMB": 30, "CollectionDay": "Wednesday", "RunsPerWeek": 1, "RStatus": "Scheduled Other Day", "RecycleRouteArea": "OR_30"}}, {"type": "Feature", "geometry": {"type": "MultiPolygon", "coordinates": [[[[-77.0297026530967, 38.9158369020913], [-77.0314576198021, 38.9158317878611], [-77.0314379017816, 38.9167779057974], [-77.029705939134, 38.9167855766909], [-77.0297026530967, 38.9158369020913]]], [[[-77.0386654393338, 38.917889739865], [-77.0386292524992, 38.9177273030951], [-77.0403857481372, 38.9177316343838], [-77.0402450009968, 38.9179141542387], [-77.0386654393338, 38.917889739865]]], [[[-77.0371789584056, 38.918626117741], [-77.0371260700932, 38.9184246972586], [-77.0377496113932, 38.9183099090086], [-77.0384155855139, 38.9183026772063], [-77.0384133963196, 38.9184489800501], [-77.0381207782006, 38.9184404643347], [-77.0377493499834, 38.9185256270338], [-77.0371789584056, 38.918626117741]]], [[[-77.0281611000517, 38.9206597325418], [-77.0281405591744, 38.9193373136779], [-77.0295373028973, 38.919341309388], [-77.0295373028973, 38.9204879388703], [-77.0289159570799, 38.9206037999105], [-77.0287721754305, 38.9206277709437], [-77.0281611000517, 38.9206597325418]]]]}, "properties": {"Route": "RSP20_2", "ROUTE_NUMB": 20, "CollectionDay": "Tuesday", "RunsPerWeek": 1, "RStatus": "Scheduled Other Day", "RecycleRouteArea": "IC_20"}}, {"type": "Feature", "geometry": {"type": "MultiPolygon", "coordinates": [[[[-77.0791259900235, 38.9582910947926], [-77.0791206459459, 38.9579502997627], [-77.0797620035329, 38.9579502990642], [-77.0797538198807, 38.9577335581301], [-77.080032187126, 38.9577335581301], [-77.0800147894539, 38.9581258921389], [-77.0793449678488, 38.9580988350761], [-77.0793406191045, 38.9582882363938], [-77.0791259900235, 38.9582910947926]]], [[[-77.0773572521449, 38.9579629132407], [-77.078235326589, 38.9579462307858], [-77.0787113348749, 38.9579657122771], [-77.07881883357, 38.9579721416082], [-77.0788338156723, 38.9580587894308], [-77.0788254658318, 38.9581865005086], [-77.0788365995514, 38.9583064164236], [-77.0773436597363, 38.9583064164236], [-77.0773572521449, 38.9579629132407]]]]}, "properties": {"Route": "RSP10_1", "ROUTE_NUMB": 10, "CollectionDay": "Monday", "RunsPerWeek": 1, "RStatus": "Scheduled Other Day", "RecycleRouteArea": "OR_10"}}, {"type": "Feature", "geometry": {"type": "MultiPolygon", "coordinates": [[[[-77.07484849022, 38.958415775219], [-77.075088998866, 38.9584143893311], [-77.0750979065603, 38.9586083358407], [-77.076767218005, 38.9586097217249], [-77.0767779079569, 38.9589934576098], [-77.0765765928068, 38.9589879161988], [-77.0765676842141, 38.9587676494712], [-77.0748716496863, 38.9587648791062], [-77.07484849022, 38.958415775219]]], [[[-77.0764760461737, 38.9602709770567], [-77.0764537769378, 38.960093485144], [-77.074892137563, 38.9601129660451], [-77.074864300569, 38.9597428287081], [-77.0750953463618, 38.9597428294066], [-77.0750953463618, 38.9599311443266], [-77.0766709042335, 38.9599333090316], [-77.0766764710933, 38.9602666476673], [-77.0764760461737, 38.9602709770567]]], [[[-77.0765818263916, 38.9609874335813], [-77.0765623401365, 38.9607363499546], [-77.0748726522062, 38.9607471726575], [-77.0748726513079, 38.9604008488381], [-77.0750897777053, 38.9603986848459], [-77.0750925624827, 38.9605675172521], [-77.07679616891, 38.9605285563932], [-77.0768045196489, 38.9609874335813], [-77.0765818263916, 38.9609874335813]]]]}, "properties": {"Route": "RSP10_1", "ROUTE_NUMB": 10, "CollectionDay": "Monday", "RunsPerWeek": 1, "RStatus": "Scheduled Other Day", "RecycleRouteArea": "OR_10"}}, {"type": "Feature", "geometry": {"type": "MultiPolygon", "coordinates": [[[[-77.0688344876834, 38.9052062770282], [-77.0690711120141, 38.9051960470353], [-77.0691039759804, 38.9058328553397], [-77.0688607777785, 38.9058328546407], [-77.0688344876834, 38.9052062770282]]], [[[-77.0669630687745, 38.9097243343434], [-77.0669484738461, 38.9095517152261], [-77.0671177703445, 38.9095562581158], [-77.0671148508199, 38.9097197921635], [-77.0669630687745, 38.9097243343434]]]]}, "properties": {"Route": "RSP50_5", "ROUTE_NUMB": 50, "CollectionDay": "Friday", "RunsPerWeek": 1, "RStatus": "Scheduled Other Day", "RecycleRouteArea": "IC_50"}}, {"type": "Feature", "geometry": {"type": "MultiPolygon", "coordinates": [[[[-77.0464956602034, 38.9194752951928], [-77.0474276973449, 38.9191516719173], [-77.0477589160717, 38.919235575011], [-77.0469270141348, 38.9204341699181], [-77.0464956602034, 38.9194752951928]]], [[[-77.0473628192185, 38.9216401284006], [-77.0473855025777, 38.9214672363411], [-77.0478291831915, 38.9215324384446], [-77.0477108687804, 38.9218047521352], [-77.047714435092, 38.9218891587884], [-77.0480256663037, 38.9220019067766], [-77.0479473898048, 38.9221305005152], [-77.0477361222196, 38.92217868196], [-77.0474265439081, 38.9219810770249], [-77.0473628192185, 38.9216401284006]]]]}, "properties": {"Route": "RSP50_5", "ROUTE_NUMB": 50, "CollectionDay": "Friday", "RunsPerWeek": 1, "RStatus": "Scheduled Other Day", "RecycleRouteArea": "IC_50"}}, {"type": "Feature", "geometry": {"type": "MultiPolygon", "coordinates": [[[[-77.0393468195616, 38.9153291782181], [-77.039312838091, 38.9150489218631], [-77.0415079703025, 38.9150594978188], [-77.0415123468945, 38.9153103664932], [-77.0393468195616, 38.9153291782181]]], [[[-77.0346365967941, 38.9155347697623], [-77.0346496448236, 38.9144687334588], [-77.0364198864821, 38.9144788866272], [-77.0364024879117, 38.9155550757926], [-77.0346365967941, 38.9155347697623]]]]}, "properties": {"Route": "RSP20_2", "ROUTE_NUMB": 20, "CollectionDay": "Tuesday", "RunsPerWeek": 1, "RStatus": "Scheduled Other Day", "RecycleRouteArea": "IC_20"}}, {"type": "Feature", "geometry": {"type": "Polygon", "coordinates": [[[-77.0545912514927, 38.9407641137408], [-77.0538221489807, 38.9407751917266], [-77.0536346723776, 38.9405015171087], [-77.052412128158, 38.9401659062246], [-77.0525687979368, 38.9395676943601], [-77.0541070020624, 38.9396784746123], [-77.0545912514927, 38.9407641137408]]]}, "properties": {"Route": "RSP10_1", "ROUTE_NUMB": 10, "CollectionDay": "Monday", "RunsPerWeek": 1, "RStatus": "Scheduled Other Day", "RecycleRouteArea": "OR_10"}}, {"type": "Feature", "geometry": {"type": "Polygon", "coordinates": [[[-77.0226743537897, 38.9246266015454], [-77.0226456077006, 38.9244298392732], [-77.0231960890185, 38.9243822547924], [-77.0232034291527, 38.9245078782279], [-77.025021241097, 38.9243632211309], [-77.0250163497703, 38.9241652679531], [-77.0250236881079, 38.9240129966546], [-77.0252203329168, 38.9239901561413], [-77.0253235475463, 38.9245016925615], [-77.0253273716745, 38.9248764195522], [-77.0230107602872, 38.9250845999702], [-77.0229113670909, 38.9246384976276], [-77.0226743537897, 38.9246266015454]]]}, "properties": {"Route": "RSP20_2", "ROUTE_NUMB": 20, "CollectionDay": "Tuesday", "RunsPerWeek": 1, "RStatus": "Scheduled Other Day", "RecycleRouteArea": "IC_20"}}, {"type": "Feature", "geometry": {"type": "Polygon", "coordinates": [[[-77.0255607997994, 38.9291070196588], [-77.0261043533098, 38.9290512600065], [-77.0261163000048, 38.9292092459237], [-77.025883347987, 38.9292417717963], [-77.0259012666819, 38.9294276366344], [-77.0239002747765, 38.9296739059212], [-77.0238704093865, 38.9294276366344], [-77.025566773596, 38.929265004753], [-77.0255607997994, 38.9291070196588]]]}, "properties": {"Route": "RSP21_2", "ROUTE_NUMB": 21, "CollectionDay": "Tuesday", "RunsPerWeek": 1, "RStatus": "Scheduled Other Day", "RecycleRouteArea": "IC_21"}}, {"type": "Feature", "geometry": {"type": "Polygon", "coordinates": [[[-77.03308471492, 38.9314045823694], [-77.033189894165, 38.9312682180169], [-77.033569707257, 38.9314000373844], [-77.0337220902753, 38.9312350033579], [-77.0338202204403, 38.9310711625006], [-77.0353579852898, 38.9316116744712], [-77.0359488593544, 38.9318473117112], [-77.0359862562197, 38.9322836737125], [-77.0362809907695, 38.9324273084034], [-77.0358369014223, 38.9331454823856], [-77.0329035732362, 38.9319954929316], [-77.0330730287365, 38.9316682210513], [-77.03308471492, 38.9314045823694]]]}, "properties": {"Route": "RSP20_2", "ROUTE_NUMB": 20, "CollectionDay": "Tuesday", "RunsPerWeek": 1, "RStatus": "Scheduled Other Day", "RecycleRouteArea": "IC_20"}}, {"type": "Feature", "geometry": {"type": "Polygon", "coordinates": [[[-77.0280256502765, 38.934610308443], [-77.0282238231198, 38.9346084050021], [-77.028245842624, 38.9349909292076], [-77.0280476688825, 38.9350118627489], [-77.0280329895124, 38.9352630717495], [-77.0281504253712, 38.935274490891], [-77.0281724439771, 38.9354514782654], [-77.0282507357474, 38.9355256975638], [-77.0282898816325, 38.9356018215963], [-77.0281577655054, 38.9358397067498], [-77.0279791642572, 38.9357864203938], [-77.02805990214, 38.9355923066208], [-77.0279620387746, 38.9355409234949], [-77.0279351252487, 38.9354305434564], [-77.0277883306498, 38.9354077066193], [-77.0277418455288, 38.9352573628768], [-77.0277173790138, 38.9348824517467], [-77.0280378826358, 38.9348729359758], [-77.0280256502765, 38.934610308443]]]}, "properties": {"Route": "RSP21_2", "ROUTE_NUMB": 21, "CollectionDay": "Tuesday", "RunsPerWeek": 1, "RStatus": "Scheduled Other Day", "RecycleRouteArea": "IC_21"}}, {"type": "Feature", "geometry": {"type": "Polygon", "coordinates": [[[-77.0287743340821, 38.9351706082195], [-77.0287146033022, 38.9346223509895], [-77.0294134566607, 38.9346548743799], [-77.0294492949489, 38.9348593100718], [-77.0293716454741, 38.9356305838286], [-77.0295269453221, 38.9358117852045], [-77.0293895641691, 38.936095201759], [-77.0290610430831, 38.9360069241463], [-77.0291685588462, 38.9358071391824], [-77.0289475544217, 38.9357095691544], [-77.0288654969138, 38.9353076121208], [-77.0287743340821, 38.9351706082195]]]}, "properties": {"Route": "RSP21_2", "ROUTE_NUMB": 21, "CollectionDay": "Tuesday", "RunsPerWeek": 1, "RStatus": "Scheduled Other Day", "RecycleRouteArea": "IC_21"}}, {"type": "Feature", "geometry": {"type": "Polygon", "coordinates": [[[-76.9898659105065, 38.862030357862], [-76.9896866912175, 38.8621595778388], [-76.9892217870068, 38.8617383006974], [-76.9893912631683, 38.8615943194096], [-76.9894803508917, 38.8616670183185], [-76.9895573221385, 38.8617491510965], [-76.98964757857, 38.8618358346182], [-76.9896995775502, 38.8618844934584], [-76.9897634351905, 38.8619388341601], [-76.9898659105065, 38.862030357862]]]}, "properties": {"Route": "RSP50_5", "ROUTE_NUMB": 50, "CollectionDay": "Friday", "RunsPerWeek": 1, "RStatus": "Scheduled Other Day", "RecycleRouteArea": "OR_50"}}, {"type": "Feature", "geometry": {"type": "Polygon", "coordinates": [[[-76.9890010592634, 38.8609998681102], [-76.9889415871983, 38.8609171720748], [-76.9891752282239, 38.8607253185531], [-76.9893026695183, 38.860698855982], [-76.9900163378924, 38.8614034204171], [-76.9898421689319, 38.8615158853372], [-76.9892007170218, 38.860870862169], [-76.9890010592634, 38.8609998681102]]]}, "properties": {"Route": "RSP50_5", "ROUTE_NUMB": 50, "CollectionDay": "Friday", "RunsPerWeek": 1, "RStatus": "Scheduled Other Day", "RecycleRouteArea": "OR_50"}}, {"type": "Feature", "geometry": {"type": "Polygon", "coordinates": [[[-77.0183585570089, 38.9148748443817], [-77.0185450634316, 38.9149549837375], [-77.0185673326675, 38.9151520812245], [-77.0193217073004, 38.9154401473033], [-77.0192020094837, 38.9155701005178], [-77.0185868189226, 38.915310192453], [-77.0186146550184, 38.915710884471], [-77.0184504187299, 38.9157195479929], [-77.0182973161611, 38.9149073334906], [-77.0183585570089, 38.9148748443817]]]}, "properties": {"Route": "RSP21_2", "ROUTE_NUMB": 21, "CollectionDay": "Tuesday", "RunsPerWeek": 1, "RStatus": "Scheduled Other Day", "RecycleRouteArea": "IC_21"}}, {"type": "Feature", "geometry": {"type": "Polygon", "coordinates": [[[-77.0156815361398, 38.9138934058482], [-77.0156815352415, 38.9142453710762], [-77.0143636411426, 38.9147056319543], [-77.0143201456149, 38.9139949340955], [-77.0156815361398, 38.9138934058482]]]}, "properties": {"Route": "RSP21_2", "ROUTE_NUMB": 21, "CollectionDay": "Tuesday", "RunsPerWeek": 1, "RStatus": "Scheduled Other Day", "RecycleRouteArea": "IC_21"}}, {"type": "Feature", "geometry": {"type": "Polygon", "coordinates": [[[-77.0152115438713, 38.9162888917901], [-77.0153232826146, 38.9171600599661], [-77.0155342169247, 38.9171432050566], [-77.0155763326402, 38.9174339623441], [-77.0155206047532, 38.9174400591629], [-77.0153640230093, 38.9174569797019], [-77.015337926052, 38.9172742364089], [-77.0151335000361, 38.9172810049204], [-77.0150268322826, 38.9164494635705], [-77.0145753165629, 38.9164485766084], [-77.0145650542091, 38.9163252642999], [-77.0152115438713, 38.9162888917901]]]}, "properties": {"Route": "RSP21_2", "ROUTE_NUMB": 21, "CollectionDay": "Tuesday", "RunsPerWeek": 1, "RStatus": "Scheduled Other Day", "RecycleRouteArea": "IC_21"}}, {"type": "Feature", "geometry": {"type": "Polygon", "coordinates": [[[-77.063853130007, 38.9036012630176], [-77.0637605505321, 38.90358051455], [-77.0632531452287, 38.9035944177018], [-77.0632281334363, 38.9034414779892], [-77.063735536943, 38.9034470391213], [-77.0637140977505, 38.903205114442], [-77.0638579153325, 38.9032023845496], [-77.063853130007, 38.9036012630176]]]}, "properties": {"Route": "RSP50_5", "ROUTE_NUMB": 50, "CollectionDay": "Friday", "RunsPerWeek": 1, "RStatus": "Scheduled Other Day", "RecycleRouteArea": "IC_50"}}, {"type": "Feature", "geometry": {"type": "Polygon", "coordinates": [[[-77.0511657013282, 38.9125050382402], [-77.0512853721954, 38.912403192619], [-77.0525045153933, 38.9132645144736], [-77.0523736254666, 38.9133576293458], [-77.0511657013282, 38.9125050382402]]]}, "properties": {"Route": "RSP50_5", "ROUTE_NUMB": 50, "CollectionDay": "Friday", "RunsPerWeek": 1, "RStatus": "Scheduled Other Day", "RecycleRouteArea": "IC_50"}}, {"type": "Feature", "geometry": {"type": "Polygon", "coordinates": [[[-77.0571648502215, 38.916239325225], [-77.056507293315, 38.915804063233], [-77.0567477426722, 38.9156704297584], [-77.057424928666, 38.9161247829647], [-77.0576607822421, 38.915889730943], [-77.0577453550329, 38.9160010654015], [-77.0577760513644, 38.9160809176153], [-77.0571942934033, 38.9165447710476], [-77.0569980070221, 38.9164111375699], [-77.0571648502215, 38.916239325225]]]}, "properties": {"Route": "RSP50_5", "ROUTE_NUMB": 50, "CollectionDay": "Friday", "RunsPerWeek": 1, "RStatus": "Scheduled Other Day", "RecycleRouteArea": "IC_50"}}, {"type": "Feature", "geometry": {"type": "Polygon", "coordinates": [[[-77.0526993824364, 38.9156565737047], [-77.0528464007158, 38.9155836147997], [-77.0530971052402, 38.9155757208099], [-77.0548655538613, 38.9155576402567], [-77.0552337706013, 38.9155434109393], [-77.0556528005454, 38.915864319867], [-77.0560902782921, 38.9161995802461], [-77.0568400517541, 38.9168222956215], [-77.0560283655045, 38.9174943245313], [-77.0553253448614, 38.9180697228972], [-77.0545310239445, 38.918730360126], [-77.0539832160129, 38.918872432213], [-77.0537947314999, 38.9189031260591], [-77.0531980246742, 38.91900029566], [-77.0530201447732, 38.9189383838476], [-77.0529814812833, 38.9188869662917], [-77.0530260637726, 38.9188049785326], [-77.0531152305477, 38.9187261435218], [-77.0531719717343, 38.9186441555768], [-77.0531922368288, 38.9185873945288], [-77.0532084487247, 38.9184927929142], [-77.0531962900273, 38.9183792705307], [-77.0531800781314, 38.9183225092708], [-77.053103070952, 38.9181963730528], [-77.0530167689043, 38.9181114853367], [-77.0527342478492, 38.9179945543581], [-77.0526619038244, 38.9179494614437], [-77.052656346846, 38.9178918443479], [-77.052649166612, 38.9174542293894], [-77.0526802815585, 38.9162237729358], [-77.0526993824364, 38.9156565737047]]]}, "properties": {"Route": "RSP50_5", "ROUTE_NUMB": 50, "CollectionDay": "Friday", "RunsPerWeek": 1, "RStatus": "Scheduled Other Day", "RecycleRouteArea": "IC_50"}}, {"type": "Feature", "geometry": {"type": "Polygon", "coordinates": [[[-77.0566918099693, 38.9166044287565], [-77.0552513991405, 38.9154789491179], [-77.053136067869, 38.9155391179597], [-77.0527031688353, 38.9155441224751], [-77.0527506483913, 38.9141341911313], [-77.0534080175499, 38.914056046406], [-77.056448351256, 38.9162014387493], [-77.0574252745173, 38.9168834034006], [-77.0572463894016, 38.9170080084775], [-77.0568997600761, 38.916747003446], [-77.0566918099693, 38.9166044287565]]]}, "properties": {"Route": "RSP50_5", "ROUTE_NUMB": 50, "CollectionDay": "Friday", "RunsPerWeek": 1, "RStatus": "Scheduled Other Day", "RecycleRouteArea": "IC_50"}}]}