{"type": "FeatureCollection", "crs": {"type": "name", "properties": {"name": "EPSG:4326"}}, "features": [{"type": "Feature", "geometry": {"type": "Polygon", "coordinates": [[[-76.9906004808807, 38.8443186665364], [-76.991660324931, 38.8441349234455], [-76.9911248140373, 38.8412254253965], [-76.9910123530486, 38.8406083381378], [-76.9908855603378, 38.8404065662463], [-76.9906462114168, 38.8403468844164], [-76.9885116795545, 38.8408336106444], [-76.9885054075172, 38.8408350408105], [-76.988506726244, 38.8407408275092], [-76.9885068017025, 38.8407350473634], [-76.9885076883397, 38.8406632387562], [-76.9885069885521, 38.840386044916], [-76.9885070469426, 38.840373558171], [-76.9885082264305, 38.8401230594412], [-76.9885082246339, 38.8401227809618], [-76.9885079084269, 38.8399707114831], [-76.9885077260689, 38.8398835968857], [-76.9885076425256, 38.8398376252334], [-76.9886778508141, 38.8398369843085], [-76.9886847615535, 38.8398358144106], [-76.9887451202558, 38.8398253699927], [-76.9888122756115, 38.839813485591], [-76.9888793150845, 38.8398013304033], [-76.9889463545575, 38.8397889953906], [-76.9890132772496, 38.8397763895917], [-76.9890800867539, 38.8397636039677], [-76.9891468971565, 38.8397505482569], [-76.9892135907781, 38.8397372217596], [-76.9892802843998, 38.8397237154367], [-76.9893468630371, 38.8397098480655], [-76.9893851061153, 38.839700663091], [-76.9894233482953, 38.8396914781153], [-76.9894615913736, 38.8396822924387], [-76.9894998326552, 38.8396730171991], [-76.9895379616475, 38.8396637419583], [-76.9895762029291, 38.8396544667163], [-76.9896144469057, 38.8396451914732], [-76.9896526890857, 38.8396358259672], [-76.9896908153829, 38.8396264604601], [-76.9897290593595, 38.8396170956514], [-76.9901556019143, 38.8395131744603], [-76.9906224581641, 38.8393983552288], [-76.9910212373867, 38.8393007352613], [-76.9914240482483, 38.8392023028013], [-76.9914287697934, 38.8392011321933], [-76.9915413089356, 38.8391731236595], [-76.9916467046747, 38.8391469168588], [-76.9918065832356, 38.8391071112473], [-76.9921501861369, 38.8390237159384], [-76.9925155570141, 38.8389427541179], [-76.9925687714149, 38.8389326685195], [-76.9926219885106, 38.8389229425698], [-76.9926754346768, 38.8389137574937], [-76.9927288808429, 38.8389048418043], [-76.9927825560794, 38.8388964676885], [-76.9928362331126, 38.8388884532222], [-76.9928900242318, 38.8388807998047], [-76.9929439294371, 38.8388735962995], [-76.9929979523216, 38.8388668427066], [-76.9930520883939, 38.838860450163], [-76.9930974721804, 38.8388552282325], [-76.9931407799602, 38.8388504562148], [-76.9931840895367, 38.8388459542846], [-76.9932275149959, 38.8388417231416], [-76.9932709395567, 38.8388376718238], [-76.9933143632192, 38.8388339808561], [-76.9933579027644, 38.8388304697136], [-76.9934013273253, 38.838827319621], [-76.9934449827531, 38.838824348654], [-76.9934869080257, 38.8388216484745], [-76.993529065962, 38.8388193086455], [-76.993571108914, 38.8388171493414], [-76.9935630752803, 38.8387395137094], [-76.9935269836672, 38.8384543664322], [-76.9940683731361, 38.8384162131569], [-76.9940957699556, 38.838780061919], [-76.9941601585003, 38.8387746601571], [-76.9942245470449, 38.8387689883067], [-76.9942889346912, 38.8387632261932], [-76.9943657622075, 38.8387553019745], [-76.9944424747395, 38.8387468375784], [-76.9945191872715, 38.8387379232675], [-76.9945957839209, 38.8387284680793], [-76.9946722673825, 38.8387184720134], [-76.9947486340631, 38.8387080253324], [-76.994824770775, 38.838697038473], [-76.9949009065886, 38.8386856016979], [-76.9949769283161, 38.8386736233444], [-76.995052720075, 38.8386611048119], [-76.9951293167243, 38.8386483161886], [-76.9952056843032, 38.8386350769488], [-76.9952819368978, 38.8386213870923], [-76.9953580727114, 38.8386071570556], [-76.9954339803529, 38.8385925659648], [-76.9955098870961, 38.8385774346933], [-76.9955854461913, 38.8385618528039], [-76.9956610070831, 38.838545820996], [-76.9957363380062, 38.8385292483068], [-76.9958115530466, 38.8385123145619], [-76.9958781298873, 38.8384961924799], [-76.9959447067279, 38.8384799794316], [-76.9960112835686, 38.8384636761165], [-76.9960777445266, 38.8384472832345], [-76.9961442054845, 38.8384307098226], [-76.9962106673408, 38.8384141364068], [-76.9962770124161, 38.838397382461], [-76.9963433592881, 38.838380629211], [-76.9963918512454, 38.8383681987909], [-76.9964403432028, 38.8383558586318], [-76.9964888360584, 38.8383433386439], [-76.9965253489815, 38.8383318087499], [-76.9965619786855, 38.8383202788539], [-76.9965984916086, 38.8383085691295], [-76.9966479061357, 38.8382927156918], [-76.9966972047802, 38.8382766824239], [-76.9967465034247, 38.8382605581894], [-76.9967956870848, 38.8382442541244], [-76.9968447539639, 38.8382277702288], [-76.996893823538, 38.838211196066], [-76.9969427763311, 38.8381945316361], [-76.9969916150381, 38.8381776873752], [-76.9970477094377, 38.838159401695], [-76.997103457986, 38.8381406653929], [-76.9971590915498, 38.8381213882049], [-76.9971924801323, 38.8381094027594], [-76.9976783186823, 38.843154268472], [-76.9979689093037, 38.8443247416457], [-76.9977251523497, 38.8446488605337], [-76.9977348325952, 38.8446489088097], [-77.0020274806894, 38.8446702153195], [-77.0032722258729, 38.8450957641686], [-77.0032970391377, 38.8450957452781], [-77.0032988869723, 38.8452084409835], [-77.0032991178393, 38.8452267283505], [-77.0033023454861, 38.8452683468204], [-77.0033124838724, 38.845309334885], [-77.0033294189121, 38.8453489719107], [-77.0033528056522, 38.8453864463114], [-77.003382297343, 38.8454212179646], [-77.003417317266, 38.8454527467489], [-77.0034572904996, 38.8454803113354], [-77.0035016421218, 38.8455036416663], [-77.0035493327819, 38.8455221976206], [-77.0035999043391, 38.84553570844], [-77.003944452268, 38.8455892976237], [-77.0044743495895, 38.8456586441154], [-77.0046538231018, 38.8456845812545], [-77.0047131487415, 38.8456966500809], [-77.0047714386236, 38.8457116014299], [-77.0048283451003, 38.8457294359993], [-77.0048836399992, 38.8457500628337], [-77.0049372065397, 38.8457733923764], [-77.0049887006667, 38.8457994246249], [-77.0050380064977, 38.8458278895148], [-77.0050848931656, 38.8458587863435], [-77.0051291298035, 38.8458919353005], [-77.0051706014269, 38.8459272468286], [-77.0052033198662, 38.8459615676497], [-77.0052337341267, 38.8459971492039], [-77.0052616133416, 38.8460339026352], [-77.0052870742917, 38.8460718272422], [-77.00530988611, 38.846110652263], [-77.0053300487966, 38.8461504686491], [-77.0053474455703, 38.8461910063388], [-77.0053621941107, 38.8462322639318], [-77.0053739476679, 38.8462739727662], [-77.0053830511949, 38.8463162216952], [-77.0054424145639, 38.8468158271777], [-77.0054508290831, 38.846886813107], [-77.0054601661722, 38.8469651863545], [-77.0054617795464, 38.8469786087466], [-77.0055257566627, 38.8475266795482], [-77.00555284536, 38.8477668432885], [-77.005561261676, 38.8478418832721], [-77.0055707137494, 38.8479254809304], [-77.005590657247, 38.8481029463509], [-77.0056598212357, 38.8486714658712], [-77.0056648940221, 38.848714165326], [-77.0056745769625, 38.8487957813589], [-77.0056843748873, 38.8488788384964], [-77.0056931361563, 38.8489536086567], [-77.0057008598711, 38.8490172976261], [-77.0057053577357, 38.8490811670376], [-77.0057066306485, 38.8491451273408], [-77.0057047908988, 38.8492090868869], [-77.0056998438765, 38.8492728672761], [-77.0056916692074, 38.8493365573589], [-77.0056803836725, 38.8493998870879], [-77.005665874084, 38.8494628564638], [-77.0056483695124, 38.8495253759384], [-77.0056277531767, 38.849587265015], [-77.0056119742687, 38.8496406860404], [-77.0055903212771, 38.849692845642], [-77.0055629073896, 38.8497432946778], [-77.0055299634731, 38.8497917610065], [-77.0054917194965, 38.849837705939], [-77.0054485240061, 38.8498808587347], [-77.0054006033773, 38.8499209486533], [-77.0053484193441, 38.8499576154058], [-77.0052924336407, 38.8499904987038], [-77.0052328771339, 38.850019508304], [-77.0051642188968, 38.8500451857011], [-77.0050922198251, 38.8500646464517], [-77.005017914778, 38.8500776219148], [-77.0049422281221, 38.8500840211463], [-77.0048660797321, 38.8500835741026], [-77.0047905080605, 38.8500764605806], [-77.0047164329822, 38.8500627708265], [-77.0046448920513, 38.8500425950849], [-77.0045765760722, 38.8500162026962], [-77.0045126366852, 38.8499840448952], [-77.0044526148512, 38.8499448609945], [-77.0043996196393, 38.8498999109634], [-77.0043548035881, 38.8498498251317], [-77.0043188566037, 38.8497955962233], [-77.0042923572012, 38.8497380329691], [-77.0042758794039, 38.8496783078954], [-77.0042696549773, 38.8496174109358], [-77.004273683023, 38.8495563334261], [-77.0042880803221, 38.8494963367532], [-77.0043124992264, 38.8494382317624], [-77.004326091635, 38.8494164306602], [-77.0043401448793, 38.8493948100497], [-77.0043545430767, 38.849373278982], [-77.0043694030081, 38.8493519284063], [-77.0043846087909, 38.8493308478721], [-77.0044002736129, 38.849309857581], [-77.0044162860828, 38.8492890477822], [-77.0044327584902, 38.8492685080256], [-77.0044495749523, 38.8492480585123], [-77.0044667399607, 38.849227878342], [-77.0044963205847, 38.8491997800077], [-77.0045798585163, 38.8491204038847], [-77.0046356115561, 38.8490674316175], [-77.0045519730132, 38.8490176180472], [-77.0042716824749, 38.8488509729946], [-77.0038449710368, 38.8485920849611], [-77.0032315196141, 38.8482214063366], [-77.0029616028207, 38.8480576404492], [-77.0028720928892, 38.8480033213229], [-77.0028105789535, 38.8480650305225], [-77.002799519794, 38.8480761117832], [-77.00266923623, 38.8482138532687], [-77.0026434330218, 38.8482424109413], [-77.0026171680795, 38.8482707881013], [-77.0025906749652, 38.8482988951979], [-77.0025831407949, 38.8483067057156], [-77.0025637192184, 38.8483268217826], [-77.0025364176203, 38.8483545685549], [-77.0025087701708, 38.8483820445652], [-77.0024807777683, 38.8484093407637], [-77.002452441311, 38.8484363669003], [-77.0024237563073, 38.8484632125261], [-77.0023946131629, 38.8484897880905], [-77.002369039025, 38.8485116790272], [-77.0023432358168, 38.8485333901565], [-77.002321924185, 38.8485506867151], [-77.0023169708745, 38.8485548305285], [-77.0023062584648, 38.8485633889053], [-77.0022859825905, 38.8485795143033], [-77.0022653635598, 38.8485955494473], [-77.0022446286464, 38.8486114950374], [-77.0022237778503, 38.8486271698735], [-77.002199470337, 38.8486451877102], [-77.0021748196673, 38.8486630243428], [-77.0021500522166, 38.84868068187], [-77.0021250530006, 38.8486980686427], [-77.0021081206558, 38.8487083382543], [-77.0020918773188, 38.8487176172133], [-77.0020755189975, 38.8487266261208], [-77.0020588148248, 38.8487354545273], [-77.0020419974644, 38.8487439226324], [-77.0020248315576, 38.8487521206863], [-77.0020075533614, 38.848760048689], [-77.0019900416033, 38.848767705941], [-77.001972301673, 38.8487750931421], [-77.0019543317741, 38.8487821200424], [-77.0019362450942, 38.848788876892], [-77.0018859035057, 38.8488047321888], [-77.0018346393473, 38.8488186964326], [-77.0017826861812, 38.8488307682253], [-77.001730040414, 38.8488409489671], [-77.0016768179283, 38.8488490574596], [-77.0016231355053, 38.8488552735035], [-77.0015691072308, 38.8488594179988], [-77.0015149630737, 38.8488616714456], [-77.0014607039322, 38.8488618519452], [-77.0014065597751, 38.8488600511467], [-77.0013489606974, 38.8488550972015], [-77.0012918215571, 38.8488477107083], [-77.0012353741196, 38.848837892366], [-77.0011796165882, 38.8488255512242], [-77.0011247816267, 38.848810958031], [-77.001071214188, 38.8487939322855], [-77.0010187974911, 38.8487746551852], [-77.0009678800825, 38.8487530350791], [-77.0009184592672, 38.8487293434148], [-77.0008708808964, 38.8487035794904], [-77.0003104022278, 38.848402313127], [-76.9996646114548, 38.8480551728935], [-76.9993183504387, 38.8478690390541], [-76.9993071771932, 38.8478623730679], [-76.9989802649899, 38.8481229932133], [-76.9973771450086, 38.8480806201256], [-76.9973845417367, 38.8483457449985], [-76.9968407357996, 38.8483175105902], [-76.9968125592424, 38.8480690883112], [-76.9960080181925, 38.8480526549653], [-76.9960619251944, 38.847532256951], [-76.9960460798111, 38.8471971243739], [-76.9961157899755, 38.8469057940757], [-76.9963177114884, 38.8465703171264], [-76.9948167398364, 38.845671339126], [-76.9947078451593, 38.8455876233777], [-76.9942751401617, 38.845986326486], [-76.9932290259622, 38.8452932710144], [-76.9928061665001, 38.845016165176], [-76.9924305144044, 38.8447900306479], [-76.9922714012081, 38.8446976948517], [-76.9920153930302, 38.8446261729032], [-76.9917626888559, 38.8446015927047], [-76.9911924778394, 38.8446833170043], [-76.9909638826508, 38.8447619550485], [-76.9906529972905, 38.8448191347227], [-76.9905981856851, 38.844454456265], [-76.9906004808807, 38.8443186665364]]]}, "properties": {"TrashRouteArea": "OR808", "CollectionDays": "Friday", "RunsPerWeek": 1, "TrashStatusUpdate": "Scheduled Other Day", "TStatus": "Scheduled Other Day", "ServiceArea": "Outer Ring"}}, {"type": "Feature", "geometry": {"type": "Polygon", "coordinates": [[[-76.9515817522731, 38.874063240479], [-76.9557595390801, 38.8724695477647], [-76.9551097804486, 38.8704390398961], [-76.956513150145, 38.8703314205443], [-76.9568045797928, 38.8703044202128], [-76.9569756298027, 38.8702692599678], [-76.9573348103893, 38.8701344860945], [-76.9576994599193, 38.8698406892297], [-76.9580226755552, 38.869290917357], [-76.9583210554683, 38.8688233980277], [-76.9585672270939, 38.8685611604467], [-76.9587299578059, 38.8681203465299], [-76.9585046181118, 38.8676358842963], [-76.9584404415696, 38.8674268667502], [-76.9585217570691, 38.8670494787164], [-76.9585265199368, 38.8670273738636], [-76.9588975142676, 38.8666995086527], [-76.9598693099454, 38.8665644503351], [-76.9598563274929, 38.8664950808601], [-76.9596948014216, 38.8656376947476], [-76.961481274739, 38.8656385372303], [-76.964801752558, 38.8656400665687], [-76.9646331522539, 38.8710368644782], [-76.9646702499801, 38.8710520098273], [-76.9647739407168, 38.8710943804193], [-76.9648717555731, 38.8711343171025], [-76.9649664604619, 38.8711729913617], [-76.9654315748784, 38.8713605049546], [-76.9655867669286, 38.8714230695231], [-76.9661056886339, 38.8716341979584], [-76.9664688433673, 38.8717836623783], [-76.9665537557212, 38.871818549114], [-76.966577375125, 38.8718282845539], [-76.9666231146443, 38.8718469455419], [-76.9666959302846, 38.8718766036481], [-76.9668242797757, 38.8719289791368], [-76.9669596567874, 38.8719842388444], [-76.9670732595348, 38.8720294029159], [-76.9674810084356, 38.8721913085014], [-76.9676780260454, 38.8722750509851], [-76.9677730785822, 38.8723154353077], [-76.9678650220498, 38.8723509533224], [-76.9679946417588, 38.8724011659806], [-76.9684702538877, 38.8725982193391], [-76.9688585398894, 38.8727475922116], [-76.9688757075928, 38.8727538131604], [-76.9689711095743, 38.8727884308598], [-76.9690740008104, 38.8728271937391], [-76.9691116770517, 38.8728413469929], [-76.9691558049934, 38.8728607266723], [-76.9691998179507, 38.8728801965658], [-76.9692437150254, 38.8728997566732], [-76.9692876121001, 38.8729194965144], [-76.9693313941904, 38.8729392363501], [-76.9693413951344, 38.872943770392], [-76.9693751762807, 38.8729590663996], [-76.9694188433867, 38.8729790761826], [-76.96946239461, 38.8729990866593], [-76.9695058308489, 38.8730192768693], [-76.9695907701523, 38.8730528369875], [-76.9699029113573, 38.8731740088424], [-76.9703699328971, 38.8733548276828], [-76.970470011508, 38.8733977060432], [-76.970650296199, 38.8734713859862], [-76.9707412245703, 38.873514685296], [-76.9708042144381, 38.8735428432611], [-76.9711791685427, 38.8737141413878], [-76.971251155038, 38.8737516791722], [-76.9713801306549, 38.8738103370785], [-76.9714161234534, 38.8738314530177], [-76.9714207776249, 38.8738339763276], [-76.9714551229131, 38.8738525689507], [-76.9715511034097, 38.8738901213486], [-76.9716500968557, 38.8739417365435], [-76.971973322373, 38.8740850752881], [-76.9721210350501, 38.8741505747794], [-76.9725287156789, 38.8743408297023], [-76.9725902781236, 38.8743697160731], [-76.9726487521604, 38.8743962057266], [-76.9726979978043, 38.8744178732864], [-76.9727149463187, 38.8744256697458], [-76.9727503309578, 38.8744419466355], [-76.9727903338357, 38.8744636120833], [-76.9728272743568, 38.8744804666348], [-76.972854972112, 38.8744949132901], [-76.9728949884646, 38.8745141736277], [-76.9729506507746, 38.8745405093684], [-76.9725603759027, 38.8746326015102], [-76.9725236446891, 38.8746412679467], [-76.9725062416271, 38.8746456773944], [-76.9724888385651, 38.8746500875412], [-76.9724714355031, 38.8746543172536], [-76.9724336334976, 38.8746632270637], [-76.9723957156095, 38.8746716857873], [-76.9723575677526, 38.8746796941241], [-76.972319189927, 38.8746872520741], [-76.9722808112032, 38.8746943596376], [-76.9722422034089, 38.8747009265976], [-76.9722034797319, 38.8747071333883], [-76.9721646410706, 38.8747127995758], [-76.9721258033076, 38.8747180153772], [-76.9720820086409, 38.8747255719245], [-76.9720380989898, 38.87473285782], [-76.9719941893387, 38.8747398737632], [-76.9719501647033, 38.8747467099712], [-76.9719061400678, 38.8747531853107], [-76.9718619995497, 38.8747594802157], [-76.9718177449456, 38.8747655051687], [-76.9717736053258, 38.8747712601698], [-76.9717292348389, 38.8747767445196], [-76.9716472950103, 38.8747863634612], [-76.9715846006883, 38.8747935549374], [-76.9714687773055, 38.8748074903001], [-76.9713534147584, 38.8748234069343], [-76.9712385121487, 38.8748414852723], [-76.9711241844608, 38.8748615455783], [-76.971010432593, 38.8748836780673], [-76.9708973706313, 38.8749077925206], [-76.970834327763, 38.8749215600158], [-76.9707717457304, 38.8749366779617], [-76.9707063968868, 38.8749524267219], [-76.9706415088788, 38.8749695259314], [-76.9705029733907, 38.8750077770929], [-76.9703657036288, 38.8750490004854], [-76.9702300454444, 38.8750931975025], [-76.9699853659206, 38.8751723907787], [-76.9699458202852, 38.8751851903195], [-76.9699209234771, 38.8751959939079], [-76.9698960266689, 38.8752068877109], [-76.9698712457435, 38.875217961945], [-76.9698464639198, 38.8752291256945], [-76.9698219120648, 38.8752403803578], [-76.9697972461237, 38.8752517245363], [-76.969772809253, 38.8752631589293], [-76.9697483732807, 38.8752746828374], [-76.9697240522926, 38.8752862976593], [-76.9696997313047, 38.8752980019962], [-76.969493978477, 38.8754050585444], [-76.9693882782091, 38.8754600721759], [-76.9693622270659, 38.8754735780075], [-76.9693027478143, 38.8755077041387], [-76.9691685718502, 38.87558469051], [-76.9691179679536, 38.8756148554823], [-76.9690677090101, 38.8756454708216], [-76.9690180258867, 38.8756765365273], [-76.9689686877163, 38.8757080525987], [-76.9689199262644, 38.8757400197347], [-76.9688716256482, 38.8757724372352], [-76.9688239008521, 38.8758053050997], [-76.9687765210091, 38.8758386233275], [-76.9687297178845, 38.8758723926173], [-76.9686834905799, 38.8759065220537], [-76.9686516731509, 38.8759291241768], [-76.9686204324402, 38.8759520871545], [-76.9686121787194, 38.8759583008294], [-76.9685894216983, 38.8759754109864], [-76.9685589867765, 38.8759990949727], [-76.9685288977061, 38.8760230488979], [-76.968499154487, 38.8760472734609], [-76.968469987088, 38.8760719483927], [-76.9684411655405, 38.8760968037464], [-76.9684128039303, 38.8761220199523], [-76.9683849040542, 38.8761475963106], [-76.9683708391318, 38.8761603844863], [-76.9682907121034, 38.8762335104841], [-76.9682145053229, 38.8763031250158], [-76.9682030913289, 38.8763135717704], [-76.967978504423, 38.8765186315026], [-76.9677689023144, 38.8767142363079], [-76.9677381197446, 38.8767429643634], [-76.967681164759, 38.8767951075832], [-76.9676034577919, 38.87686625241], [-76.967483092527, 38.8769763913597], [-76.96738157751, 38.8770683390798], [-76.9672980476633, 38.8771439859371], [-76.9672723369816, 38.8771682115167], [-76.9672465113155, 38.8771923468741], [-76.9672205697667, 38.8772164822233], [-76.9671946282179, 38.8772405273506], [-76.9671684567004, 38.8772645717704], [-76.9671422851829, 38.877288527367], [-76.9671208406005, 38.8773080694773], [-76.9670992810337, 38.8773276115821], [-76.9670777205685, 38.877347063468], [-76.9670559301347, 38.8773665153485], [-76.9670295286485, 38.8773902002699], [-76.9670028953969, 38.8774137942705], [-76.9669965550876, 38.8774193777213], [-76.9667764615549, 38.8776113743119], [-76.9665157776459, 38.8778520945214], [-76.9664727725983, 38.8778923497965], [-76.9663822637402, 38.8779772730159], [-76.9656428505484, 38.8777233814079], [-76.964781013153, 38.8775454793927], [-76.9642499031059, 38.8774312712253], [-76.9637167898157, 38.8772528698555], [-76.9635971701524, 38.8771785105849], [-76.9635193158617, 38.8770714301335], [-76.9620205046579, 38.8778166673708], [-76.9614660986006, 38.8781636693222], [-76.9611392789238, 38.8785502013856], [-76.9611207287132, 38.8785415473142], [-76.9610936534905, 38.8785271252584], [-76.961067846689, 38.8785114416276], [-76.9610431933244, 38.8784945880321], [-76.9610199224669, 38.8784766532846], [-76.9609980359133, 38.8784575478712], [-76.9609670512226, 38.8784279904159], [-76.9609383716088, 38.8783969014369], [-76.9609123429235, 38.8783644627552], [-76.9608889669631, 38.8783308533954], [-76.9608683569156, 38.8782960740551], [-76.9608578807627, 38.8782750811244], [-76.9608506277651, 38.8782603953701], [-76.9608357813084, 38.8782239061529], [-76.9608239307332, 38.8781867875268], [-76.960815077836, 38.8781491297034], [-76.9608093367031, 38.878111112408], [-76.9608108539576, 38.8780754392246], [-76.9608151380232, 38.8780399478477], [-76.9608223020876, 38.8780047270914], [-76.9608321170804, 38.8779699580814], [-76.9608352333361, 38.8779614913584], [-76.9608446979859, 38.8779356408182], [-76.9608600439059, 38.8779020445428], [-76.9608779257699, 38.8778692594691], [-76.960887245791, 38.877854696013], [-76.9608190789323, 38.8778312518145], [-76.9607549922216, 38.8778066551188], [-76.960168298018, 38.8775584106792], [-76.9601525128218, 38.8775520090248], [-76.9600607975263, 38.8775145928329], [-76.959998464327, 38.8774891680217], [-76.9596590287104, 38.8773508622322], [-76.9592429721899, 38.8771855039081], [-76.9587756470196, 38.8769962538508], [-76.95831143541, 38.8768097950389], [-76.9577979143761, 38.8766001652735], [-76.9576340769397, 38.876532993823], [-76.9575141374762, 38.876483763858], [-76.9573660852359, 38.8764230835695], [-76.9573409683405, 38.8764128046727], [-76.9568396688861, 38.8762034457803], [-76.9563569151508, 38.876012468526], [-76.9563281115695, 38.8760007468232], [-76.9562511484075, 38.8759693686524], [-76.9561586309164, 38.8759315886673], [-76.9557037662774, 38.8757460243235], [-76.9556692026985, 38.8757319583671], [-76.9555844053289, 38.8756975141407], [-76.9554940779305, 38.8756607249862], [-76.9548774581498, 38.8754099651824], [-76.9543151091887, 38.8751777799857], [-76.9537880155092, 38.874964163284], [-76.9533804004574, 38.8747970761939], [-76.9532042435251, 38.8747263796812], [-76.9529252025434, 38.8746143832476], [-76.9528701322232, 38.8745922905381], [-76.9528234719307, 38.8745735337594], [-76.9524044563597, 38.8744001326313], [-76.9519069873217, 38.8741929155498], [-76.9515817522731, 38.874063240479]]]}, "properties": {"TrashRouteArea": "OR708", "CollectionDays": "Friday", "RunsPerWeek": 1, "TrashStatusUpdate": "Scheduled Other Day", "TStatus": "Scheduled Other Day", "ServiceArea": "Outer Ring"}}, {"type": "Feature", "geometry": {"type": "MultiPolygon", "coordinates": [[[[-76.9789588304315, 38.8734223259453], [-76.9792887142617, 38.8732631947708], [-76.9792269137634, 38.8732937341923], [-76.9789588304315, 38.8734223259453]]], [[[-76.9789588304315, 38.8734223259453], [-76.9786572084984, 38.8735616317833], [-76.9784181694962, 38.873668877678], [-76.9783023380286, 38.8737233569388], [-76.9781851231554, 38.8737762143285], [-76.9780666407593, 38.8738272701138], [-76.977947006723, 38.873876703336], [-76.9776763910403, 38.873983311635], [-76.977371429171, 38.8740988310535], [-76.9770664421489, 38.8742200060206], [-76.976934728467, 38.8742723371215], [-76.9767835123602, 38.8743349159116], [-76.9766033669081, 38.8744095593], [-76.9765853871277, 38.8744170326562], [-76.9765482750284, 38.8744323395365], [-76.9761613598557, 38.8745880167625], [-76.9760093370619, 38.874646990088], [-76.9759690781641, 38.8746634767342], [-76.9759244857934, 38.8746802410212], [-76.9758121685351, 38.8746219964538], [-76.9756944595885, 38.8745604718492], [-76.9755452027074, 38.8744830311839], [-76.9754662776248, 38.8744400443783], [-76.9753886209635, 38.8743956168657], [-76.9750967098186, 38.8742500421904], [-76.9750500935436, 38.874253662783], [-76.9750277353745, 38.8742571714778], [-76.9749424529147, 38.8742712062548], [-76.9746493793499, 38.874319247441], [-76.9744919747492, 38.8743450678254], [-76.9741138253371, 38.8744070975541], [-76.9734784649029, 38.8745113167479], [-76.9734055145153, 38.8745180564664], [-76.973264363133, 38.8745310057877], [-76.9732095991384, 38.8745360285796], [-76.9731467691708, 38.874536681081], [-76.9730822333024, 38.8745402694885], [-76.973017688451, 38.8745366510085], [-76.9729506507746, 38.8745405093684], [-76.9728949884646, 38.8745141736277], [-76.972854972112, 38.8744949132901], [-76.9728272743568, 38.8744804666348], [-76.9727903338357, 38.8744636120833], [-76.9727503309578, 38.8744419466355], [-76.9727149463187, 38.8744256697458], [-76.9726979978043, 38.8744178732864], [-76.9726487521604, 38.8743962057266], [-76.9725902781236, 38.8743697160731], [-76.9725287156789, 38.8743408297023], [-76.9721210350501, 38.8741505747794], [-76.971973322373, 38.8740850752881], [-76.9716500968557, 38.8739417365435], [-76.9715511034097, 38.8738901213486], [-76.9714551229131, 38.8738525689507], [-76.9714207776249, 38.8738339763276], [-76.9714161234534, 38.8738314530177], [-76.9713801306549, 38.8738103370785], [-76.971251155038, 38.8737516791722], [-76.9711791685427, 38.8737141413878], [-76.9708042144381, 38.8735428432611], [-76.9707412245703, 38.873514685296], [-76.970650296199, 38.8734713859862], [-76.970470011508, 38.8733977060432], [-76.9703699328971, 38.8733548276828], [-76.9699029113573, 38.8731740088424], [-76.9695907701523, 38.8730528369875], [-76.9695058308489, 38.8730192768693], [-76.96946239461, 38.8729990866593], [-76.9694188433867, 38.8729790761826], [-76.9693751762807, 38.8729590663996], [-76.9693413951344, 38.872943770392], [-76.9693313941904, 38.8729392363501], [-76.9692876121001, 38.8729194965144], [-76.9692437150254, 38.8728997566732], [-76.9691998179507, 38.8728801965658], [-76.9691558049934, 38.8728607266723], [-76.9691116770517, 38.8728413469929], [-76.9690740008104, 38.8728271937391], [-76.9689711095743, 38.8727884308598], [-76.9688757075928, 38.8727538131604], [-76.9688585398894, 38.8727475922116], [-76.9684702538877, 38.8725982193391], [-76.9679946417588, 38.8724011659806], [-76.9678650220498, 38.8723509533224], [-76.9677730785822, 38.8723154353077], [-76.9676780260454, 38.8722750509851], [-76.9674810084356, 38.8721913085014], [-76.9670732595348, 38.8720294029159], [-76.9669596567874, 38.8719842388444], [-76.9668242797757, 38.8719289791368], [-76.9666959302846, 38.8718766036481], [-76.9666231146443, 38.8718469455419], [-76.966577375125, 38.8718282845539], [-76.9665537557212, 38.871818549114], [-76.9664688433673, 38.8717836623783], [-76.9661056886339, 38.8716341979584], [-76.9655867669286, 38.8714230695231], [-76.9654315748784, 38.8713605049546], [-76.9649664604619, 38.8711729913617], [-76.9648717555731, 38.8711343171025], [-76.9647739407168, 38.8710943804193], [-76.9646702499801, 38.8710520098273], [-76.9646331522539, 38.8710368644782], [-76.964801752558, 38.8656400665687], [-76.9649053408866, 38.8656398273582], [-76.9649253903854, 38.8656397434247], [-76.9649590367844, 38.8656398434454], [-76.9649926822851, 38.8656403036808], [-76.9650263277857, 38.8656410346018], [-76.9650599741847, 38.8656420355088], [-76.965093618787, 38.8656433973299], [-76.9651271493033, 38.8656450284376], [-76.965160794804, 38.8656470204593], [-76.9651943244219, 38.865649282467], [-76.9652277390556, 38.8656519046893], [-76.9652612677752, 38.8656547975969], [-76.9654343309097, 38.8656700734901], [-76.9655454120861, 38.8656644310624], [-76.9655942732511, 38.8656545360042], [-76.9656412919713, 38.8656403162709], [-76.9656858933252, 38.8656220425455], [-76.9657276164769, 38.8655998938831], [-76.965765767927, 38.8655742311946], [-76.9658000045191, 38.8655453244625], [-76.9658297477382, 38.8655135331988], [-76.9658547685138, 38.8654793085432], [-76.9658771374627, 38.8654476053804], [-76.9659039988863, 38.8654181558252], [-76.9659348928472, 38.8653912298673], [-76.9659694716974, 38.865367097497], [-76.9660071605152, 38.8653462084624], [-76.9660477284334, 38.8653287439239], [-76.9660904837494, 38.8653149738711], [-76.9661349665256, 38.8653049871365], [-76.9661805982471, 38.8652989648788], [-76.9662268048904, 38.8652969063997], [-76.9662544586281, 38.8652975449968], [-76.9662821123658, 38.865299444701], [-76.9663095343382, 38.8653027859699], [-76.9663366104591, 38.8653075681039], [-76.9663632248461, 38.8653136113443], [-76.9663893774989, 38.8653210059198], [-76.9664147225664, 38.8653297511303], [-76.9664393768293, 38.8653396672172], [-76.9664631076242, 38.8653508451082], [-76.9664859167476, 38.8653631931749], [-76.9665348776255, 38.8653850075747], [-76.9665833776677, 38.8654073619418], [-76.9666315309602, 38.8654301667463], [-76.9666792243152, 38.8654534226873], [-76.9667265709206, 38.8654772178947], [-76.9667735716746, 38.8655015544663], [-76.9668199966085, 38.865526340774], [-76.9668661906753, 38.8655515775168], [-76.9669118080238, 38.8655773542233], [-76.9669569645365, 38.8656035813638], [-76.9669910663813, 38.8656155726691], [-76.9670260907959, 38.865625671971], [-76.9670619218976, 38.8656337890416], [-76.9670985614831, 38.865639745523], [-76.96713554692, 38.8656436295459], [-76.9671727650205, 38.8656454411106], [-76.9672100981054, 38.8656451816162], [-76.9672473171043, 38.8656426699062], [-76.9672841920484, 38.8656381759664], [-76.9673206061567, 38.8656315200389], [-76.9674684643609, 38.865581925106], [-76.9675711471878, 38.8655475410094], [-76.9676234246458, 38.8656243073518], [-76.9676290669641, 38.8656325069572], [-76.9676811144533, 38.8657100831654], [-76.9677330469582, 38.8657873900027], [-76.9677394932687, 38.8658015348661], [-76.96776331659, 38.8658651409028], [-76.9677705632994, 38.8658917176588], [-76.9677763125172, 38.8659183846331], [-76.9677798743373, 38.8659411766838], [-76.9677805642435, 38.8659453208829], [-76.9677832016971, 38.8659723466512], [-76.9677844575419, 38.8659994626373], [-76.9677842149968, 38.8660265779136], [-76.9677824740617, 38.866053602252], [-76.9677789841069, 38.8663821384055], [-76.9677790532771, 38.8667386014887], [-76.9677803540377, 38.8671767710327], [-76.9677791404137, 38.8675676454413], [-76.9677788655293, 38.8676653867887], [-76.9678872840992, 38.8676932526128], [-76.9681476733607, 38.8677602561627], [-76.9684807659731, 38.8678458363581], [-76.9687871274176, 38.86792564341], [-76.9688736549424, 38.867949718958], [-76.9689719342278, 38.8679770405196], [-76.9689699085268, 38.8678652453764], [-76.9689683337801, 38.8677766926488], [-76.9689673222771, 38.867717056163], [-76.9689702292253, 38.8676574217255], [-76.9689769387422, 38.86759796769], [-76.9689874499294, 38.8675387849826], [-76.9690018795678, 38.8674802345085], [-76.9690199949938, 38.8674222253439], [-76.9690419138867, 38.8673650274694], [-76.9690674035829, 38.8673087318129], [-76.9690965808633, 38.8672536076571], [-76.9691292139627, 38.8671996564036], [-76.9691583849549, 38.8671579549438], [-76.9691896292588, 38.8671172452532], [-76.9692229477727, 38.8670775266341], [-76.9692584545826, 38.8670388900143], [-76.9692959206182, 38.8670015151497], [-76.9693352290983, 38.8669653118155], [-76.9693764959059, 38.8669303695409], [-76.9694194901737, 38.8668968694811], [-76.9694642128001, 38.8668647214111], [-76.9695106628868, 38.8668340148603], [-76.9695802787281, 38.86679097237], [-76.9696485129604, 38.8667464890176], [-76.9697153646855, 38.8667007438557], [-76.9697806039347, 38.8666536466549], [-76.9698443456924, 38.8666052876396], [-76.9699064740757, 38.8665556675068], [-76.9699668749988, 38.8665048757818], [-76.9700257784303, 38.8664528222345], [-76.9700828385188, 38.8663996873173], [-76.9701131557613, 38.8663699667742], [-76.9701381702487, 38.8663453801008], [-76.970214937578, 38.8662835119016], [-76.9702110119402, 38.866303509575], [-76.9702007316201, 38.8663629625948], [-76.9701920646742, 38.8664225960198], [-76.9701895206453, 38.8664441254233], [-76.9701850111026, 38.8664823203217], [-76.9701794550226, 38.8665421348009], [-76.9701755123168, 38.866602039457], [-76.9701730671026, 38.8666620349893], [-76.9701722352626, 38.8667220311704], [-76.9701730167969, 38.8667820273009], [-76.9701754117055, 38.8668419338531], [-76.9701790732386, 38.8669051738547], [-76.970184462232, 38.8669682340459], [-76.9701915804823, 38.8670312046538], [-76.9702004261929, 38.8670940856786], [-76.9702110011604, 38.8671567868941], [-76.970220775729, 38.8672060652853], [-76.9702233044866, 38.8672193083007], [-76.9702373370696, 38.8672816498989], [-76.9702388318662, 38.8672876859772], [-76.9702826202448, 38.8672859856636], [-76.970326407725, 38.8672843755764], [-76.9703461122707, 38.8672837495869], [-76.9706939354571, 38.8682550339966], [-76.9735370233813, 38.8682508486663], [-76.9741010773448, 38.868251425688], [-76.9744941756216, 38.8682512508329], [-76.9746515344083, 38.8682511857868], [-76.9748698968875, 38.868251052897], [-76.9749650769851, 38.8682509836544], [-76.9749650769851, 38.8682508556605], [-76.9790090947649, 38.8682423954733], [-76.9790067286024, 38.8693382855803], [-76.9790066998563, 38.8693517065479], [-76.9789588304315, 38.8734223259453]]]]}, "properties": {"TrashRouteArea": "OR709", "CollectionDays": "Friday", "RunsPerWeek": 1, "TrashStatusUpdate": "Scheduled Other Day", "TStatus": "Scheduled Other Day", "ServiceArea": "Outer Ring"}}, {"type": "Feature", "geometry": {"type": "Polygon", "coordinates": [[[-76.964801752558, 38.8656400665687], [-76.961481274739, 38.8656385372303], [-76.9614907528635, 38.8617349536651], [-76.9601743050523, 38.8618376581712], [-76.9601747012094, 38.8617474842257], [-76.9601747101925, 38.8617314492487], [-76.9590017700446, 38.8619306698023], [-76.9589317104356, 38.8615424455324], [-76.9589212666221, 38.8564627079792], [-76.9588576299673, 38.855932539438], [-76.9586065400656, 38.8554141955768], [-76.9601920979832, 38.8551189548718], [-76.9615387175098, 38.8550455825973], [-76.9624707321935, 38.8550225876822], [-76.962569701385, 38.8572898270325], [-76.962678231346, 38.857289501752], [-76.9626936706908, 38.8572894164095], [-76.9629010539607, 38.8572896626434], [-76.9630951861818, 38.8572917962038], [-76.9633231938722, 38.857289976032], [-76.9633871368525, 38.8572899963183], [-76.9634509648484, 38.8572894758694], [-76.9635147937426, 38.8572884146854], [-76.9635786226368, 38.8572868127661], [-76.9636424515309, 38.8572846708112], [-76.9637061654408, 38.857281988121], [-76.9637698802489, 38.8572788549346], [-76.9638335950571, 38.8572750914731], [-76.9638971948809, 38.8572708768157], [-76.9639607947047, 38.8572660318831], [-76.9644928704408, 38.8572198014445], [-76.9645048539666, 38.8572187241703], [-76.9646254869295, 38.8572074099917], [-76.9647492226734, 38.8572142038155], [-76.9647749135922, 38.8572161037356], [-76.9654383912947, 38.8572849464253], [-76.9655250275157, 38.8572939801302], [-76.9655338983791, 38.8572947936813], [-76.9656530230706, 38.8573062694368], [-76.9657751427453, 38.8573179263682], [-76.9657850511629, 38.8573189196976], [-76.9658402355691, 38.8573231700281], [-76.9658954208736, 38.8573266991452], [-76.9659507220609, 38.8573295084482], [-76.9660061382324, 38.8573315965382], [-76.9660615553023, 38.8573329634151], [-76.9661169723722, 38.8573335202391], [-76.9661723903403, 38.8573334460892], [-76.9662278083086, 38.8573325611867], [-76.9662832262767, 38.8573310460099], [-76.9663385292606, 38.8573287200806], [-76.9663907222769, 38.8573261220349], [-76.9664429152932, 38.8573226243964], [-76.9664949942235, 38.8573182250666], [-76.9665469572711, 38.8573129247446], [-76.9665986912483, 38.8573067241299], [-76.9666501943585, 38.8572997120623], [-76.9667015833827, 38.8572917094624], [-76.9667527415398, 38.8572828954089], [-76.9668035556421, 38.8572731810616], [-76.9668541388775, 38.857262565021], [-76.9668933153053, 38.8572536579267], [-76.9669321467801, 38.8572439400778], [-76.9669706324035, 38.8572333205351], [-76.9670086580895, 38.8572218006975], [-76.9670463379241, 38.8572094701041], [-76.9670834428369, 38.8571962378158], [-76.967120086914, 38.8571821954703], [-76.9671561551709, 38.8571673416682], [-76.9671916485061, 38.8571515868691], [-76.9672265651229, 38.8571351108516], [-76.9672604450838, 38.8571198960823], [-76.9673587414372, 38.8570759628056], [-76.9673199405051, 38.8570189286921], [-76.9672727358336, 38.8569496401434], [-76.9672674393666, 38.8569419816736], [-76.9672254152793, 38.8568804424664], [-76.9672168947589, 38.8568680082831], [-76.9671780947251, 38.8568112447221], [-76.9671342281932, 38.8567465519054], [-76.9670904775439, 38.8566818590299], [-76.9670466119102, 38.8566171660956], [-76.9670027462766, 38.8565524731024], [-76.9669588797447, 38.8564878702905], [-76.966915014111, 38.8564231771797], [-76.966871033493, 38.8563585742504], [-76.9668271678594, 38.8562938810219], [-76.966783072257, 38.8562292786746], [-76.966739091639, 38.8561646755692], [-76.9666924627876, 38.8560964683762], [-76.9666451431317, 38.8560285311405], [-76.9665970167886, 38.8559609541035], [-76.9665481987428, 38.8558937372663], [-76.9664985740099, 38.8558267903889], [-76.9664481434882, 38.8557602037133], [-76.9663970212637, 38.8556939772403], [-76.9663450923521, 38.8556281102714], [-76.966292586722, 38.8555626042068], [-76.9662391603188, 38.8554974576482], [-76.9661712270221, 38.8554125789249], [-76.9661031778427, 38.8553276994007], [-76.9660351295616, 38.8552428204748], [-76.9659670803822, 38.8551580309899], [-76.9658990321011, 38.8550731518615], [-76.9658903965963, 38.8550623389189], [-76.9658309847183, 38.8549882726317], [-76.9657100589047, 38.8548488317606], [-76.9656266108046, 38.8547338148195], [-76.9655747977757, 38.8546692089565], [-76.9655585625236, 38.8546490254273], [-76.9655092818454, 38.8545903657014], [-76.9654397342761, 38.8545103499042], [-76.9653561388524, 38.8544173586481], [-76.9653032855743, 38.8543606798762], [-76.9652496256091, 38.8543044508745], [-76.9651950439725, 38.8542487625866], [-76.9651396556487, 38.8541936143142], [-76.9650833456534, 38.8541390067583], [-76.9650262298693, 38.8540848489771], [-76.9649885742893, 38.8540488041621], [-76.9649509187092, 38.8540126690856], [-76.9649131490431, 38.8539765339907], [-76.964875493463, 38.8539403086341], [-76.9648378387812, 38.8539041735025], [-76.9648002981855, 38.8538680383524], [-76.9647626435037, 38.8538318129406], [-76.9647251038063, 38.8537956777538], [-76.9646874491246, 38.8537594523051], [-76.9646499094272, 38.8537232275375], [-76.9643454470212, 38.8534327025829], [-76.9641299878969, 38.8532250822945], [-76.9639930855459, 38.8530931569378], [-76.9635221221987, 38.8526421382801], [-76.9632182436976, 38.8523538636451], [-76.9630532339597, 38.852201208177], [-76.9630182275114, 38.8521705687494], [-76.9629811468531, 38.852141369741], [-76.9629423369379, 38.8521136111537], [-76.962901798664, 38.8520874741802], [-76.9628596461176, 38.852062957423], [-76.9628158810953, 38.8520401525289], [-76.9627707317691, 38.8520190581002], [-76.9627243140218, 38.851999765084], [-76.9626109726841, 38.8519620737991], [-76.9625959986666, 38.8519578350412], [-76.9625635146876, 38.8519498969011], [-76.9625306857556, 38.85194285982], [-76.9624975100738, 38.8519368140441], [-76.9624785026207, 38.8519340150217], [-76.9624641026267, 38.8519318484203], [-76.9624304652109, 38.8519277838561], [-76.9623967119124, 38.8519248001441], [-76.9623627277469, 38.8519228070384], [-76.9623287435814, 38.8519218052386], [-76.9622947576192, 38.8519218842913], [-76.9619672255784, 38.8519333993907], [-76.9618982169983, 38.8519358087466], [-76.9618454526534, 38.8519376836228], [-76.9617898074115, 38.851940998236], [-76.961774588154, 38.8519420567015], [-76.9634303673772, 38.8506512186934], [-76.9654330157761, 38.8490898645733], [-76.9656000763678, 38.8490714375779], [-76.9657437726773, 38.8490533009155], [-76.9657804437038, 38.849048672302], [-76.9658789188219, 38.8490415663722], [-76.9660178666368, 38.8490318865793], [-76.966191385217, 38.8490213434671], [-76.9663337178839, 38.8490139611889], [-76.9666427670877, 38.8490066271829], [-76.9669220092921, 38.8490109493703], [-76.967103641456, 38.8490184239972], [-76.9672689602144, 38.8490269564327], [-76.9674073349042, 38.8490333550591], [-76.9675497618941, 38.8490461236261], [-76.9676962672355, 38.8490588928903], [-76.9679445112744, 38.8490844286136], [-76.9680950805941, 38.8491035587122], [-76.9682090273963, 38.8491226874064], [-76.9683351858965, 38.8491418195935], [-76.968453199372, 38.8491609405818], [-76.9685956326502, 38.8491864454856], [-76.9687136335493, 38.8492087461781], [-76.9688479343792, 38.849234248966], [-76.9691002307183, 38.8492947803594], [-76.9692223054772, 38.84932663974], [-76.9695071630505, 38.8494030877835], [-76.9696658531403, 38.8494540540331], [-76.9698204873367, 38.849505009752], [-76.9699303494994, 38.8495432340379], [-76.9700809197174, 38.8495910085948], [-76.9701989224131, 38.8496387740247], [-76.9702877963374, 38.8496761999919], [-76.970389549408, 38.8497123946389], [-76.9705051895345, 38.8497630696323], [-76.9706161907609, 38.84980650931], [-76.9707179519163, 38.8498535589032], [-76.9708243322088, 38.8499006182598], [-76.9709445788961, 38.8499585276844], [-76.9710417074396, 38.8500091969057], [-76.9711527149542, 38.8500671041432], [-76.9712498417011, 38.8501213853145], [-76.97135159028, 38.850172055819], [-76.9714487170269, 38.850229959426], [-76.9715412282298, 38.8502770150355], [-76.971615226053, 38.850324056622], [-76.9716845948575, 38.8503674854631], [-76.9717601611392, 38.8504127437204], [-76.9718149143541, 38.8504481425528], [-76.9718887181412, 38.8504928508772], [-76.9719839404597, 38.8505599056156], [-76.9720958301199, 38.8506362788764], [-76.9722148586916, 38.8507200950217], [-76.9723029394036, 38.8507871565419], [-76.972374356367, 38.8508393055085], [-76.9724362475951, 38.8508872715824], [-76.9725219558564, 38.8509533961934], [-76.9726219347542, 38.8510274324024], [-76.9727385863838, 38.8511261563226], [-76.9728287961029, 38.8512013977418], [-76.9729039967703, 38.8512725192124], [-76.9729787931958, 38.8513432712303], [-76.97306078872, 38.85141690757], [-76.9730632330359, 38.8514190420062], [-76.9731838884566, 38.8515344861572], [-76.9732565909092, 38.8516031650472], [-76.9733404540309, 38.8516790257926], [-76.9734190664997, 38.8517487420239], [-76.9734845833283, 38.8518082037156], [-76.9735579667039, 38.8518758735451], [-76.9736470580205, 38.8519578889089], [-76.9737204431927, 38.8520214506633], [-76.9738200268318, 38.8521137195884], [-76.9739038899535, 38.8521916344504], [-76.973956303057, 38.8522367418374], [-76.9740244366781, 38.8522962038207], [-76.9740951960747, 38.8523577204106], [-76.9741580898227, 38.852413082078], [-76.9742367175629, 38.8524766448248], [-76.9742943696412, 38.8525299517483], [-76.9744175457346, 38.8526304316122], [-76.9745381086289, 38.8527268034422], [-76.974598390076, 38.8527760113835], [-76.9746612874173, 38.8528231751415], [-76.9747320495088, 38.8528785385453], [-76.9747870829981, 38.8529133946826], [-76.9748499929158, 38.8529564595652], [-76.974944345665, 38.853026168948], [-76.9750785180358, 38.8531147505403], [-76.9751804085486, 38.8531751107351], [-76.9752837498406, 38.8532388854696], [-76.9753565331416, 38.8532832947237], [-76.9754205767331, 38.8533163240929], [-76.9754744361243, 38.8533482068568], [-76.9755530396099, 38.8533892119527], [-76.975627276385, 38.8534279280451], [-76.9757218923406, 38.8534723497734], [-76.9758660045701, 38.8535406819068], [-76.9759861245949, 38.853594532294], [-76.9761721809616, 38.8536714479561], [-76.9764214338086, 38.853770330505], [-76.976814616527, 38.85390218395], [-76.9766789682241, 38.8571191846606], [-76.9763231536249, 38.8568869656025], [-76.9759970579903, 38.8566754715846], [-76.9759614424842, 38.8566522855241], [-76.9756595618363, 38.856455776275], [-76.9755251397338, 38.8563701676792], [-76.9754493470767, 38.8563219569669], [-76.9753904553233, 38.8563759948228], [-76.9753833101235, 38.8563824795306], [-76.9752773969549, 38.8564785769553], [-76.9752145867502, 38.8565354974778], [-76.9751499332026, 38.8565942185575], [-76.9750728317001, 38.8566640174129], [-76.9747127896292, 38.8570020259301], [-76.9746555103517, 38.85705579395], [-76.9744578540397, 38.8572411440624], [-76.9741620028841, 38.8575168270123], [-76.9740513618821, 38.8576176971612], [-76.9739848613982, 38.8576783990994], [-76.9736852031824, 38.8579566923675], [-76.9736274612725, 38.8580089284143], [-76.9735429810083, 38.8580853006719], [-76.9736335177142, 38.8581453173813], [-76.9737222110772, 38.8582040721077], [-76.9739730889764, 38.858366189656], [-76.9699808734459, 38.8592495886531], [-76.9701178611368, 38.8592592628584], [-76.9701342212548, 38.859260438033], [-76.9702080717543, 38.8592685649239], [-76.9702814605197, 38.8592787630585], [-76.9703543866528, 38.8592911226724], [-76.9704267369658, 38.8593054646905], [-76.970498278795, 38.859321877949], [-76.9705690139371, 38.859340363146], [-76.9706388274077, 38.8593607398069], [-76.9707077174102, 38.859383188403], [-76.9707754539759, 38.8594076179965], [-76.9708420389014, 38.8594338488119], [-76.97088615786, 38.8594557503707], [-76.9709298159828, 38.8594781926413], [-76.9709730123715, 38.8595011749236], [-76.9710156329402, 38.8595247874535], [-76.9710576776887, 38.859548939994], [-76.9710992607032, 38.8595737234803], [-76.9711402669993, 38.8595990476756], [-76.971180813358, 38.8596249118797], [-76.9712206671156, 38.8596513160922], [-76.9712599459514, 38.8596781707758], [-76.9712981881313, 38.859702773745], [-76.9713752483113, 38.8597523385032], [-76.9714933659914, 38.8596994881732], [-76.9716219715024, 38.8596420455545], [-76.9719828912274, 38.8594871882943], [-76.9723283680143, 38.8593389018741], [-76.9726330451177, 38.8592190711783], [-76.9726452595106, 38.8592150203213], [-76.9726580497236, 38.8592120509052], [-76.9726710699053, 38.8592098915205], [-76.9726843200557, 38.8592087233402], [-76.9726976851906, 38.8592086366011], [-76.972710935341, 38.8592094508297], [-76.9727240687104, 38.8592111653266], [-76.9727368571268, 38.859213960565], [-76.9727492987935, 38.8592175672339], [-76.9727612796245, 38.8592221644073], [-76.9728239416071, 38.8592639775466], [-76.9728869485428, 38.8593054311141], [-76.9729501872439, 38.8593466146474], [-76.9730138858824, 38.859387437211], [-76.9730452173228, 38.8594073528832], [-76.9730778162862, 38.8594280799779], [-76.9731420916431, 38.8594682722394], [-76.9731518823814, 38.8594744006164], [-76.973206597867, 38.859508284705], [-76.9732320552238, 38.8595237850613], [-76.9732714499423, 38.8595479362031], [-76.973336647869, 38.8595872281333], [-76.9734021916471, 38.8596262493334], [-76.973408066629, 38.8596297643461], [-76.973413710744, 38.8596333688954], [-76.9734192398745, 38.8596372434533], [-76.9734244231537, 38.8596412089467], [-76.9734294905502, 38.8596454437492], [-76.9734342129937, 38.8596498590237], [-76.9734387045701, 38.8596543645341], [-76.9734430811622, 38.8596590498168], [-76.9734469969185, 38.8596638246359], [-76.9734507967922, 38.8596687806263], [-76.9736231969699, 38.8598852021315], [-76.9736278035307, 38.8598895271553], [-76.9736325259741, 38.8598936717072], [-76.9736374792846, 38.8598978169584], [-76.9736424316968, 38.8599017817377], [-76.9736477308586, 38.859905656281], [-76.9736530291222, 38.8599094412879], [-76.9736584432684, 38.8599131360587], [-76.9736640873833, 38.8599166503577], [-76.9736698464826, 38.8599199848846], [-76.9736757214646, 38.8599233194113], [-76.9741202375116, 38.8602185345752], [-76.9741368249033, 38.860229618839], [-76.9741437365411, 38.8602347552607], [-76.9741498405934, 38.8602405219307], [-76.9741550238726, 38.8602467383781], [-76.9741592836837, 38.860253496237], [-76.9741623927529, 38.8602606129382], [-76.9741643483853, 38.8602679108088], [-76.9741652673618, 38.8602753877504], [-76.9741650346981, 38.8602828646912], [-76.974163649496, 38.8602902513958], [-76.9741611117553, 38.8602974576291], [-76.9741372525014, 38.8603215945182], [-76.973899931078, 38.8605626076147], [-76.9738949750726, 38.8605676509795], [-76.9738884047946, 38.86057440601], [-76.9738807987591, 38.8605803496248], [-76.9738720401851, 38.8605853922888], [-76.9728223704537, 38.8630873314436], [-76.9727646123742, 38.8631692947081], [-76.9727044342333, 38.8632546803818], [-76.9725923747915, 38.8634186973614], [-76.9724607195001, 38.8636026186674], [-76.972444695352, 38.8636230640535], [-76.9724276345482, 38.8636430582784], [-76.9724095370885, 38.8636625125105], [-76.9723905179573, 38.8636814253512], [-76.9723705771546, 38.863699617738], [-76.9723497146804, 38.8637172694339], [-76.9723279314331, 38.8637341999773], [-76.9723053406003, 38.8637504995997], [-76.9722819448771, 38.8637660787702], [-76.9722577415684, 38.8637809367897], [-76.9722363041724, 38.863795796205], [-76.9722142909564, 38.8638101142322], [-76.9721917019203, 38.863823891571], [-76.972168537064, 38.8638371282218], [-76.9721449113721, 38.8638498248842], [-76.9721208248443, 38.863861889929], [-76.9720961624965, 38.8638733247554], [-76.9720711542973, 38.8638842188949], [-76.9720456861607, 38.8638945730472], [-76.9720198721727, 38.8639042053523], [-76.9719511914777, 38.8639240078454], [-76.9716854572402, 38.863995650283], [-76.9714366616357, 38.8640626125523], [-76.9711978912298, 38.8641293963961], [-76.9708970059153, 38.8642160728191], [-76.9708915899725, 38.8642176927682], [-76.9707855708027, 38.8642488355129], [-76.9707868365289, 38.8642534302627], [-76.9707985685265, 38.8643046908348], [-76.9708027079633, 38.864325951588], [-76.9708084562828, 38.8643562213611], [-76.9708163857118, 38.8644080218407], [-76.9708218950795, 38.8644612631651], [-76.9708253293388, 38.86451459398], [-76.9708268061691, 38.8645680142854], [-76.9708262078912, 38.8646214338512], [-76.9708235354032, 38.8646747631471], [-76.9708189045879, 38.8647280917036], [-76.9708122004609, 38.8647812397608], [-76.9708051540758, 38.8648236672489], [-76.9708034212257, 38.8648342066197], [-76.9707926836631, 38.8648869034503], [-76.9707798727888, 38.8649394190834], [-76.970768217148, 38.8649828369018], [-76.9707549481329, 38.8650260742349], [-76.9707404124933, 38.8650690408541], [-76.9707243784638, 38.8651117367597], [-76.9707068469427, 38.8651539814941], [-76.9706880478988, 38.8651959562155], [-76.9706677513633, 38.8652374797669], [-76.9706461864065, 38.8652785528488], [-76.9706231248566, 38.8653191747622], [-76.9705987957837, 38.8653593462075], [-76.9705389545111, 38.8654533786221], [-76.9705226959027, 38.865482472144], [-76.9705066672631, 38.8655116551833], [-76.9704907536079, 38.8655409284392], [-76.9704750708196, 38.865570201683], [-76.970467091085, 38.8655853698797], [-76.9704596188984, 38.8655995658428], [-76.9704442810633, 38.8656290188201], [-76.9704291740951, 38.8656585627132], [-76.9704141830097, 38.865688106594], [-76.9703994209946, 38.8657176504625], [-76.9703848907449, 38.8657473747755], [-76.9703634380776, 38.8657958343949], [-76.9703430229644, 38.8658447451225], [-76.9703238744759, 38.8658938362729], [-76.9703058785258, 38.8659431973743], [-76.9702890351142, 38.8659928298252], [-76.9702734583272, 38.8660427322259], [-76.9702589190943, 38.8660928150476], [-76.9702456473843, 38.866143169217], [-76.9702344498843, 38.8661901002892], [-76.9702336422988, 38.8661936128792], [-76.9702227897519, 38.8662442376605], [-76.970214937578, 38.8662835119016], [-76.9701381702487, 38.8663453801008], [-76.9701131557613, 38.8663699667742], [-76.9700828385188, 38.8663996873173], [-76.9700257784303, 38.8664528222345], [-76.9699668749988, 38.8665048757818], [-76.9699064740757, 38.8665556675068], [-76.9698443456924, 38.8666052876396], [-76.9697806039347, 38.8666536466549], [-76.9697153646855, 38.8667007438557], [-76.9696485129604, 38.8667464890176], [-76.9695802787281, 38.86679097237], [-76.9695106628868, 38.8668340148603], [-76.9694642128001, 38.8668647214111], [-76.9694194901737, 38.8668968694811], [-76.9693764959059, 38.8669303695409], [-76.9693352290983, 38.8669653118155], [-76.9692959206182, 38.8670015151497], [-76.9692584545826, 38.8670388900143], [-76.9692229477727, 38.8670775266341], [-76.9691896292588, 38.8671172452532], [-76.9691583849549, 38.8671579549438], [-76.9691292139627, 38.8671996564036], [-76.9690965808633, 38.8672536076571], [-76.9690674035829, 38.8673087318129], [-76.9690419138867, 38.8673650274694], [-76.9690199949938, 38.8674222253439], [-76.9690018795678, 38.8674802345085], [-76.9689874499294, 38.8675387849826], [-76.9689769387422, 38.86759796769], [-76.9689702292253, 38.8676574217255], [-76.9689673222771, 38.867717056163], [-76.9689683337801, 38.8677766926488], [-76.9689699085268, 38.8678652453764], [-76.9689719342278, 38.8679770405196], [-76.9688736549424, 38.867949718958], [-76.9687871274176, 38.86792564341], [-76.9684807659731, 38.8678458363581], [-76.9681476733607, 38.8677602561627], [-76.9678872840992, 38.8676932526128], [-76.9677788655293, 38.8676653867887], [-76.9677791404137, 38.8675676454413], [-76.9677803540377, 38.8671767710327], [-76.9677790532771, 38.8667386014887], [-76.9677789841069, 38.8663821384055], [-76.9677824740617, 38.866053602252], [-76.9677842149968, 38.8660265779136], [-76.9677844575419, 38.8659994626373], [-76.9677832016971, 38.8659723466512], [-76.9677805642435, 38.8659453208829], [-76.9677798743373, 38.8659411766838], [-76.9677763125172, 38.8659183846331], [-76.9677705632994, 38.8658917176588], [-76.96776331659, 38.8658651409028], [-76.9677394932687, 38.8658015348661], [-76.9677330469582, 38.8657873900027], [-76.9676811144533, 38.8657100831654], [-76.9676290669641, 38.8656325069572], [-76.9676234246458, 38.8656243073518], [-76.9675711471878, 38.8655475410094], [-76.9674684643609, 38.865581925106], [-76.9673206061567, 38.8656315200389], [-76.9672841920484, 38.8656381759664], [-76.9672473171043, 38.8656426699062], [-76.9672100981054, 38.8656451816162], [-76.9671727650205, 38.8656454411106], [-76.96713554692, 38.8656436295459], [-76.9670985614831, 38.865639745523], [-76.9670619218976, 38.8656337890416], [-76.9670260907959, 38.865625671971], [-76.9669910663813, 38.8656155726691], [-76.9669569645365, 38.8656035813638], [-76.9669118080238, 38.8655773542233], [-76.9668661906753, 38.8655515775168], [-76.9668199966085, 38.865526340774], [-76.9667735716746, 38.8655015544663], [-76.9667265709206, 38.8654772178947], [-76.9666792243152, 38.8654534226873], [-76.9666315309602, 38.8654301667463], [-76.9665833776677, 38.8654073619418], [-76.9665348776255, 38.8653850075747], [-76.9664859167476, 38.8653631931749], [-76.9664631076242, 38.8653508451082], [-76.9664393768293, 38.8653396672172], [-76.9664147225664, 38.8653297511303], [-76.9663893774989, 38.8653210059198], [-76.9663632248461, 38.8653136113443], [-76.9663366104591, 38.8653075681039], [-76.9663095343382, 38.8653027859699], [-76.9662821123658, 38.865299444701], [-76.9662544586281, 38.8652975449968], [-76.9662268048904, 38.8652969063997], [-76.9661805982471, 38.8652989648788], [-76.9661349665256, 38.8653049871365], [-76.9660904837494, 38.8653149738711], [-76.9660477284334, 38.8653287439239], [-76.9660071605152, 38.8653462084624], [-76.9659694716974, 38.865367097497], [-76.9659348928472, 38.8653912298673], [-76.9659039988863, 38.8654181558252], [-76.9658771374627, 38.8654476053804], [-76.9658547685138, 38.8654793085432], [-76.9658297477382, 38.8655135331988], [-76.9658000045191, 38.8655453244625], [-76.965765767927, 38.8655742311946], [-76.9657276164769, 38.8655998938831], [-76.9656858933252, 38.8656220425455], [-76.9656412919713, 38.8656403162709], [-76.9655942732511, 38.8656545360042], [-76.9655454120861, 38.8656644310624], [-76.9654343309097, 38.8656700734901], [-76.9652612677752, 38.8656547975969], [-76.9652277390556, 38.8656519046893], [-76.9651943244219, 38.865649282467], [-76.965160794804, 38.8656470204593], [-76.9651271493033, 38.8656450284376], [-76.965093618787, 38.8656433973299], [-76.9650599741847, 38.8656420355088], [-76.9650263277857, 38.8656410346018], [-76.9649926822851, 38.8656403036808], [-76.9649590367844, 38.8656398434454], [-76.9649253903854, 38.8656397434247], [-76.9649053408866, 38.8656398273582], [-76.964801752558, 38.8656400665687]]]}, "properties": {"TrashRouteArea": "OR710", "CollectionDays": "Friday", "RunsPerWeek": 1, "TrashStatusUpdate": "Scheduled Other Day", "TStatus": "Scheduled Other Day", "ServiceArea": "Outer Ring"}}, {"type": "Feature", "geometry": {"type": "Polygon", "coordinates": [[[-76.9484914363046, 38.8897959466653], [-76.9465202963143, 38.8863614524038], [-76.946221870587, 38.8860791727526], [-76.9459997109291, 38.8858459336885], [-76.9456881769852, 38.8855289642944], [-76.9454099606568, 38.8852038122221], [-76.9453430532362, 38.8851283802249], [-76.9453238256958, 38.8851017064726], [-76.9452757119292, 38.8850179965845], [-76.945241779866, 38.8849285268257], [-76.9452289168894, 38.8848687956472], [-76.9452174534881, 38.8847874440801], [-76.9452096830609, 38.8847004200366], [-76.9452069611656, 38.8846423144432], [-76.9452064078034, 38.8846132168761], [-76.9452046057829, 38.8843325686493], [-76.9452008292654, 38.8837720114921], [-76.9452112173834, 38.8833046335695], [-76.94521205102, 38.8832671861423], [-76.9452195537492, 38.8829523464248], [-76.9452243309899, 38.8828855970479], [-76.9452458797769, 38.8828595727807], [-76.9452722309575, 38.8822833365879], [-76.946417469757, 38.8822825715732], [-76.9464193948467, 38.8822825708739], [-76.9466789908958, 38.8828378952077], [-76.9476933406668, 38.8828419566064], [-76.9480527934429, 38.8828761694058], [-76.9495261679511, 38.883091574843], [-76.9514486524907, 38.8833758837626], [-76.9530029463414, 38.8836065939876], [-76.9532768902822, 38.8836334585024], [-76.9562678840213, 38.8836378597002], [-76.957497890546, 38.8836381338136], [-76.9586789487691, 38.8819870494399], [-76.9611392789238, 38.8785502013856], [-76.9614660986006, 38.8781636693222], [-76.9620205046579, 38.8778166673708], [-76.9635193158617, 38.8770714301335], [-76.9635971701524, 38.8771785105849], [-76.9637167898157, 38.8772528698555], [-76.9642499031059, 38.8774312712253], [-76.964781013153, 38.8775454793927], [-76.9656428505484, 38.8777233814079], [-76.9663822637402, 38.8779772730159], [-76.9657799217826, 38.8785927318474], [-76.966203232199, 38.8788211274819], [-76.9661438472705, 38.8788894842075], [-76.9660850381621, 38.8789581108028], [-76.9660268048738, 38.879027098178], [-76.965969148304, 38.8790963561205], [-76.9659120675542, 38.8791658846296], [-76.9658555617262, 38.8792357732164], [-76.9658268479764, 38.8792714381248], [-76.9657920211912, 38.8793161996574], [-76.9657573102886, 38.8793609611618], [-76.9657228293547, 38.8794059030601], [-76.9656883484209, 38.879450754719], [-76.965654098354, 38.8794957860722], [-76.9656199623732, 38.8795408180961], [-76.9655860572595, 38.8795859403023], [-76.965552153044, 38.8796311526906], [-76.965518477899, 38.8796763643508], [-76.9654849186366, 38.8797216668923], [-76.9654274866455, 38.8797993920615], [-76.9653745525191, 38.8798718940305], [-76.9653220783301, 38.8799446665566], [-76.9652700649768, 38.8800175292185], [-76.9652185133576, 38.880090751947], [-76.9651675366602, 38.8801640648102], [-76.9651169058141, 38.8802376482277], [-76.9650668516865, 38.8803114119888], [-76.9650172574963, 38.8803853560929], [-76.9649681250401, 38.8804594805395], [-76.9649195675058, 38.8805338755377], [-76.9648813891062, 38.8805954809847], [-76.9648436724407, 38.8806572674965], [-76.9648060698612, 38.880719144164], [-76.9647689281175, 38.8807811102876], [-76.9647320172408, 38.8808432574749], [-76.9647014502666, 38.8808951361495], [-76.9646711132611, 38.8809471959036], [-76.9646410071227, 38.8809992549203], [-76.964611130953, 38.8810514048071], [-76.9645813706659, 38.8811036441652], [-76.9645519553319, 38.8811558841843], [-76.9645067359372, 38.8812375762691], [-76.9644622082452, 38.881319538886], [-76.9644184872403, 38.8814016825246], [-76.9643755720242, 38.8814841862026], [-76.9643335784796, 38.8815668702013], [-76.9642921616535, 38.8816497345203], [-76.9642516664988, 38.8817329602743], [-76.9642119780312, 38.8818163656474], [-76.9641730962508, 38.8819000415464], [-76.9641350202591, 38.8819838977622], [-76.9641072129095, 38.8820465879408], [-76.9640796355286, 38.8821092773648], [-76.9640524039991, 38.8821721478479], [-76.9640254033366, 38.8822350182753], [-76.9639987485255, 38.8822979788545], [-76.9639723236831, 38.8823610288859], [-76.9639461288094, 38.8824240795606], [-76.9639202797871, 38.8824873105936], [-76.9638946616318, 38.8825505415704], [-76.9638692743436, 38.8826137724909], [-76.9637047164583, 38.8830178377434], [-76.963576737073, 38.8833356141121], [-76.963410670018, 38.8837554430469], [-76.9632488753505, 38.8841547342271], [-76.9630642293388, 38.8846101394363], [-76.9630304149548, 38.8846955287244], [-76.9629964855866, 38.8847808270063], [-76.9629624403356, 38.8848662160893], [-76.9629283950847, 38.8849514246615], [-76.962894233951, 38.8850367233355], [-76.9628600737157, 38.885122021907], [-76.9628257975977, 38.8852072301725], [-76.9627914064954, 38.8852924383358], [-76.9627568995104, 38.8853776463969], [-76.9627223925254, 38.885462855055], [-76.9626856927528, 38.8855533772113], [-76.9626492247455, 38.885643179725], [-76.9626128708243, 38.885732891223], [-76.9625764019187, 38.8858226935098], [-76.9625400479975, 38.8859124949839], [-76.9625035790919, 38.8860022970437], [-76.9624672251706, 38.88609209899], [-76.962430756265, 38.8861818106203], [-76.9623944014455, 38.8862716123396], [-76.9623579325399, 38.8863614146447], [-76.9623409678558, 38.8864014965819], [-76.9623231964845, 38.886441397393], [-76.96231985026, 38.8864484233681], [-76.9622660789038, 38.8865625422239], [-76.9622076973935, 38.886675398071], [-76.9621450524788, 38.8867867217088], [-76.9620779123945, 38.8868965117461], [-76.9620033944467, 38.8870081014462], [-76.9619247271806, 38.8871179778465], [-76.9618419123929, 38.8872260514529], [-76.9617550641696, 38.8873320516708], [-76.96166014638, 38.8874377790304], [-76.9615617727716, 38.8875415232153], [-76.9614600565319, 38.8876432849335], [-76.9613549994578, 38.8877429725946], [-76.961236802726, 38.8878395031041], [-76.961115611011, 38.8879337805746], [-76.9609915383989, 38.8880255351141], [-76.9608644699053, 38.8881149457339], [-76.9605817485259, 38.8882901537508], [-76.9602987962793, 38.8884651809365], [-76.9599915131634, 38.8886547025106], [-76.9596849190552, 38.8888449437731], [-76.9594077277046, 38.8890163672319], [-76.9591308795105, 38.8891881503724], [-76.9589652993423, 38.8892926800142], [-76.9587984516514, 38.889395857226], [-76.9586302214532, 38.8894977729112], [-76.9584608387164, 38.8895983361778], [-76.9581573150499, 38.8897949328134], [-76.9581501024765, 38.8897992818881], [-76.9559475438926, 38.8897973289998], [-76.9530693435189, 38.8897947216525], [-76.9526594476447, 38.8897943398849], [-76.952557999103, 38.8898001454102], [-76.9523658746166, 38.8898000670989], [-76.9519554280751, 38.8897998992889], [-76.9510894853788, 38.8897970633007], [-76.9507137506382, 38.8897969052796], [-76.9502063426399, 38.8897966899235], [-76.9497695889353, 38.889796503235], [-76.9492461235512, 38.8897962766915], [-76.9489024981921, 38.889796127061], [-76.9486455827158, 38.8897960144885], [-76.9486349763072, 38.889796009594], [-76.9484914363046, 38.8897959466653]]]}, "properties": {"TrashRouteArea": "OR701", "CollectionDays": "Friday", "RunsPerWeek": 1, "TrashStatusUpdate": "Scheduled Other Day", "TStatus": "Scheduled Other Day", "ServiceArea": "Outer Ring"}}, {"type": "Feature", "geometry": {"type": "Polygon", "coordinates": [[[-76.9375452058528, 38.8897794110893], [-76.9375429169455, 38.8897740915121], [-76.9366027051348, 38.8875844237818], [-76.9361638888983, 38.8865618157135], [-76.9359180990568, 38.8859890253627], [-76.9358549546788, 38.8858412536279], [-76.9358494336331, 38.8858281881947], [-76.9357578800343, 38.8856149992837], [-76.9356608080847, 38.8853874827692], [-76.9354402070037, 38.8848724429698], [-76.9353385716125, 38.884635160325], [-76.9351954421399, 38.8843246565], [-76.9351907196965, 38.8843153164566], [-76.9351624155785, 38.8842614305984], [-76.9351333038751, 38.8842077244101], [-76.9351150123793, 38.8841752890804], [-76.9348946107243, 38.8838261949099], [-76.9348851721256, 38.8838121899905], [-76.9348721654187, 38.8837929230825], [-76.9348534032056, 38.883766787964], [-76.9348344092272, 38.883740833247], [-76.9327612520617, 38.8807628970976], [-76.9357301104139, 38.8795651799231], [-76.9353776528189, 38.8788575059005], [-76.9358632515188, 38.8786629217045], [-76.9385785936197, 38.8786679847648], [-76.9413714360751, 38.8787477929529], [-76.9433282802759, 38.8785339086531], [-76.9429972439072, 38.8781358985148], [-76.9437583370401, 38.877737140665], [-76.9440817826446, 38.8780729517309], [-76.9441352108445, 38.878132522883], [-76.9441878314589, 38.8781926345614], [-76.9442395295035, 38.8782531951535], [-76.944290420861, 38.8783141165438], [-76.944340390547, 38.8783755777572], [-76.9443894376631, 38.8784374885803], [-76.9444280077282, 38.8784856115678], [-76.9444660019732, 38.878533914947], [-76.9445036494684, 38.8785824882303], [-76.9445407211435, 38.8786312412051], [-76.9445773319829, 38.8786802640831], [-76.9446134819866, 38.878729467351], [-76.9446490543735, 38.8787789398218], [-76.944684166823, 38.8788285926818], [-76.9447188175385, 38.8788785161421], [-76.9447530074182, 38.878928618592], [-76.9447880021884, 38.8789809741984], [-76.9448155148906, 38.8790226057837], [-76.9448227669899, 38.8790335094899], [-76.9448570700573, 38.8790862244661], [-76.9448662786873, 38.8791004624891], [-76.9449758614739, 38.8792738353654], [-76.9450042922543, 38.8793198815314], [-76.9450323771834, 38.8793661080896], [-76.945060347128, 38.8794124241296], [-76.945087856237, 38.8794588303503], [-76.9451151335806, 38.8795064078841], [-76.9451419491901, 38.8795541651084], [-76.9451683048623, 38.8796020118121], [-76.9451943137847, 38.879650038905], [-76.9452198627697, 38.8796981554769], [-76.945245065005, 38.8797464524374], [-76.9452698064045, 38.8797949290869], [-76.9452940869683, 38.8798434057033], [-76.9453180216808, 38.8798920620082], [-76.9453414946591, 38.8799408987005], [-76.9454871582791, 38.8802581524659], [-76.9457002548342, 38.880713355379], [-76.9457322411465, 38.8807843564237], [-76.9457741215033, 38.8808772523571], [-76.9458177284222, 38.8809739327536], [-76.9458230212958, 38.8809856459439], [-76.9458790564066, 38.8811068350424], [-76.9458997670655, 38.881153057641], [-76.9459204768261, 38.8811991900008], [-76.9459413024693, 38.8812452328213], [-76.9459622439952, 38.8812913651212], [-76.9459831846228, 38.8813374078819], [-76.9460042411331, 38.8813834506128], [-76.9460254126277, 38.8814294933138], [-76.9460466991066, 38.881475535985], [-76.9460679855856, 38.881521488418], [-76.9460895038299, 38.8815674415206], [-76.9461314982728, 38.8816634000119], [-76.9462008922302, 38.8818147097365], [-76.9462959241058, 38.8820219199786], [-76.946417469757, 38.8822825715732], [-76.9452722309575, 38.8822833365879], [-76.9452458797769, 38.8828595727807], [-76.9452243309899, 38.8828855970479], [-76.9452195537492, 38.8829523464248], [-76.94521205102, 38.8832671861423], [-76.9452112173834, 38.8833046335695], [-76.9452008292654, 38.8837720114921], [-76.9452046057829, 38.8843325686493], [-76.9452064078034, 38.8846132168761], [-76.9452069611656, 38.8846423144432], [-76.9452096830609, 38.8847004200366], [-76.9452174534881, 38.8847874440801], [-76.9452289168894, 38.8848687956472], [-76.945241779866, 38.8849285268257], [-76.9452757119292, 38.8850179965845], [-76.9453238256958, 38.8851017064726], [-76.9453430532362, 38.8851283802249], [-76.9454099606568, 38.8852038122221], [-76.9456881769852, 38.8855289642944], [-76.9459997109291, 38.8858459336885], [-76.946221870587, 38.8860791727526], [-76.9465202963143, 38.8863614524038], [-76.9464911235255, 38.8863775643356], [-76.9464617198696, 38.8863935860615], [-76.946432086245, 38.8864092469751], [-76.9464159435193, 38.8864178875019], [-76.9463795078514, 38.8864351664545], [-76.9462907264536, 38.8864774656427], [-76.9462662859896, 38.8864845706285], [-76.9462414996743, 38.8864910455977], [-76.9462164842886, 38.8864967989499], [-76.9461912380359, 38.8865019222859], [-76.9461657627127, 38.8865062345025], [-76.9461400565225, 38.8865098265011], [-76.9461142362463, 38.8865126968834], [-76.9460883009858, 38.8865149372499], [-76.9460623666235, 38.8865163664974], [-76.9460362013942, 38.8865169853251], [-76.9457611920515, 38.8865161371465], [-76.9453415305918, 38.8865145002246], [-76.9452104789682, 38.8865149792043], [-76.9450378191773, 38.8865156183101], [-76.9448870585165, 38.8865161784017], [-76.9447933516559, 38.8865165846604], [-76.9444922570339, 38.8865170993013], [-76.9441357911562, 38.8865177132344], [-76.9434604853363, 38.8865132443887], [-76.9427643116523, 38.8865158777283], [-76.9420960342512, 38.8865143778575], [-76.9413446510082, 38.8865166147277], [-76.9412630471495, 38.8865168440785], [-76.9412059942475, 38.8865155546792], [-76.9411488254628, 38.8865149847982], [-76.9410917716625, 38.8865151365334], [-76.9410346019795, 38.8865160084862], [-76.9409775472809, 38.8865176013559], [-76.9409204907856, 38.8865199144433], [-76.940863550173, 38.8865229484474], [-76.9408066086621, 38.8865266131661], [-76.9407497812372, 38.8865310883042], [-76.9406929538123, 38.8865362843588], [-76.9406776222654, 38.886538438718], [-76.9406536453321, 38.886541669907], [-76.9406295543128, 38.8865446304899], [-76.9406054623952, 38.8865472302648], [-76.9405812554933, 38.886549469931], [-76.9405570494896, 38.8865514396904], [-76.9405556508127, 38.8865699059199], [-76.9405541371515, 38.8865883728439], [-76.9405522776388, 38.8866067488619], [-76.9405503031418, 38.886625215077], [-76.9405498360179, 38.8866321508321], [-76.9405473872104, 38.886666381385], [-76.9405444766689, 38.8867007021232], [-76.9405409912056, 38.8867348424414], [-76.9405369281256, 38.8867690722456], [-76.9405324042098, 38.8868032111325], [-76.9405271894896, 38.8868372605005], [-76.9405215130353, 38.886871309153], [-76.9405152607609, 38.8869052675876], [-76.9405085476508, 38.8869392260061], [-76.9405012578223, 38.8869730935075], [-76.9404886499673, 38.8870259662146], [-76.9404750054564, 38.8870787486809], [-76.9404603233914, 38.8871313500063], [-76.9404447196549, 38.8871837708905], [-76.9404279624816, 38.8872360113337], [-76.9404102845351, 38.8872879804361], [-76.9403915690345, 38.8873397690987], [-76.9403718159797, 38.8873913773216], [-76.9403510262691, 38.8874426240045], [-76.9403293139887, 38.8874937804496], [-76.9403243481018, 38.8875048583628], [-76.9403009065645, 38.887557545378], [-76.9402760816216, 38.8876096911503], [-76.9402586462202, 38.887645716154], [-76.9402402900457, 38.887681379638], [-76.9402212421684, 38.887716862703], [-76.9401861494818, 38.8877801736322], [-76.940149443421, 38.8878428531026], [-76.9401108940172, 38.8879049011159], [-76.9400706153565, 38.8879663176738], [-76.9400287242199, 38.8880269230769], [-76.9399851047247, 38.888086896329], [-76.9399397568708, 38.8881461479308], [-76.9398912954561, 38.8882062091844], [-76.9398413365499, 38.8882655487888], [-76.9397897642695, 38.8883240765461], [-76.9397366944974, 38.888381702958], [-76.9397106217946, 38.8884094347998], [-76.9396839732717, 38.8884368065318], [-76.9396566330461, 38.8884638181542], [-76.9395918007337, 38.8885272934338], [-76.9395750974593, 38.888542950381], [-76.9395584633552, 38.888558535305], [-76.9395013637408, 38.8886106642606], [-76.9394428816191, 38.8886618016849], [-76.9393830169903, 38.88871203708], [-76.939339878992, 38.8887467868493], [-76.9392961651737, 38.888780996106], [-76.9392517596526, 38.8888147543507], [-76.9392067783113, 38.8888480622833], [-76.9391611061657, 38.8888808290061], [-76.9391149731842, 38.8889130552193], [-76.9390681485, 38.8889447402242], [-76.9390208638785, 38.8889759742205], [-76.9387509255255, 38.8891380467662], [-76.9384473461634, 38.889320334587], [-76.9383043954556, 38.8894661762536], [-76.9382746630163, 38.8895398136656], [-76.9382641329646, 38.8895998303898], [-76.9382588625488, 38.8896434736723], [-76.9382570892744, 38.8896816679902], [-76.9382553160001, 38.8897062151267], [-76.9382299278135, 38.8897801333715], [-76.938228575849, 38.8897840769064], [-76.9380431950154, 38.8897835126453], [-76.9379314931031, 38.8897834532126], [-76.9377997210307, 38.8897833832918], [-76.9377107105624, 38.8897833357456], [-76.9376542451586, 38.8897814996246], [-76.9375459200134, 38.8897794264719], [-76.9375452058528, 38.8897794110893]]]}, "properties": {"TrashRouteArea": "OR702", "CollectionDays": "Friday", "RunsPerWeek": 1, "TrashStatusUpdate": "Scheduled Other Day", "TStatus": "Scheduled Other Day", "ServiceArea": "Outer Ring"}}, {"type": "Feature", "geometry": {"type": "Polygon", "coordinates": [[[-76.9310025780092, 38.8760350139686], [-76.9313115580428, 38.8757942575322], [-76.9313724404628, 38.875746602683], [-76.9314817726194, 38.8756610872482], [-76.9316114022099, 38.8755596384603], [-76.9316499228675, 38.8755294825561], [-76.9320526492875, 38.8752145141414], [-76.9324440668164, 38.8749114277662], [-76.9324486796654, 38.8749079177051], [-76.9324974635752, 38.8748697497131], [-76.9326800245971, 38.8747270720441], [-76.932746106466, 38.8746754021704], [-76.9330597685188, 38.8744315534565], [-76.9331466311153, 38.8743640316749], [-76.9336387192447, 38.8739801036532], [-76.933654518814, 38.8739676808525], [-76.9336652896142, 38.8739600927533], [-76.9338565166837, 38.873825417495], [-76.9340914997923, 38.8736279514154], [-76.935019419955, 38.8729048173466], [-76.936062754767, 38.8720917179155], [-76.9363875909636, 38.8718385515249], [-76.9371640803221, 38.8712333816892], [-76.9384026810292, 38.870268033919], [-76.9397305086984, 38.8692330929154], [-76.9435235371877, 38.8707807421829], [-76.9433080142831, 38.8708235178863], [-76.9432584551272, 38.8708334031328], [-76.9432472755935, 38.8708357398108], [-76.943110699331, 38.8708648605045], [-76.942823603156, 38.870922194043], [-76.9424738099642, 38.8709908465163], [-76.942002559156, 38.8710860842283], [-76.9419291191866, 38.8711009295277], [-76.9417195871466, 38.8711428042218], [-76.9416070992084, 38.8711653596019], [-76.9414740955457, 38.8711918679343], [-76.9412674444028, 38.8712332026451], [-76.9408416923655, 38.8713200991078], [-76.9405539017929, 38.8713771560202], [-76.9405035584077, 38.8713871838653], [-76.9404555892699, 38.8713967445169], [-76.9403814800555, 38.8714113904255], [-76.9403380285453, 38.871420196433], [-76.9402944620506, 38.8714290024396], [-76.940250895556, 38.871437808445], [-76.9402073290613, 38.8714466144493], [-76.940163877551, 38.8714555099743], [-76.9401203110564, 38.8714644061976], [-76.9400768595461, 38.8714733024197], [-76.9400332930514, 38.8714821979414], [-76.9399898415411, 38.8714911843824], [-76.9399463900308, 38.8715001701229], [-76.9399047809652, 38.871510779142], [-76.9398634018683, 38.8715216581234], [-76.939822138654, 38.8715328972879], [-76.9397809895258, 38.8715444064143], [-76.9397400703663, 38.8715562764229], [-76.9396992670895, 38.8715684170925], [-76.9396585778987, 38.8715809172451], [-76.9396181195749, 38.8715937789788], [-76.9395777753372, 38.8716069099742], [-76.9395375469821, 38.87162031163], [-76.9395230796144, 38.8716256192781], [-76.9394826769862, 38.8716404623667], [-76.9394281528417, 38.8716612432449], [-76.9393740886347, 38.8716826549637], [-76.939320370279, 38.871704608001], [-76.9392669968764, 38.8717271009574], [-76.9392296458252, 38.8717434770786], [-76.9392140834112, 38.8717502254521], [-76.9391615157974, 38.8717739800857], [-76.9391196677799, 38.8717934167063], [-76.9391094081211, 38.8717982753361], [-76.9390577603821, 38.8718231119022], [-76.9382278679766, 38.8722293961042], [-76.9382549207413, 38.8725008071876], [-76.9382585202907, 38.8725765155562], [-76.9383317257998, 38.8729422954123], [-76.9383528371073, 38.8730498667506], [-76.9383545573811, 38.8730586061148], [-76.9383613333733, 38.8730857249928], [-76.9383627113889, 38.8730914011008], [-76.9383710953655, 38.8731241058526], [-76.938379710209, 38.8731568105895], [-76.938388440037, 38.8731895160106], [-76.9383975157163, 38.8732221311978], [-76.9384068222626, 38.8732547463701], [-76.9384163587777, 38.8732872720079], [-76.9384261261598, 38.8733197976308], [-76.9384361235106, 38.8733522330202], [-76.9384463517284, 38.8733846683947], [-76.9384747286099, 38.8734861181891], [-76.938489519371, 38.8735728769195], [-76.9385696050769, 38.8738478552299], [-76.9386640602341, 38.8741633793998], [-76.9387565732336, 38.8744610657169], [-76.938764851209, 38.8744835906709], [-76.9387724383799, 38.8745062058351], [-76.938779447934, 38.8745289112093], [-76.9387858816681, 38.8745517956119], [-76.9387917395821, 38.8745747702244], [-76.9387970207776, 38.87459774413], [-76.9388016111687, 38.8746208984625], [-76.938802643333, 38.8746265744479], [-76.9388056239431, 38.8746440520881], [-76.9388090617957, 38.8746672952238], [-76.9388118070472, 38.874690628569], [-76.9388134671339, 38.8747706244552], [-76.93881623125, 38.8749079135089], [-76.9388062150346, 38.8750304228618], [-76.9388044687097, 38.8750514111562], [-76.9388951787904, 38.8750915589187], [-76.9390079685625, 38.8751417353725], [-76.9391288135278, 38.8753393035476], [-76.9391892378071, 38.875596455641], [-76.9392738294625, 38.8758567419692], [-76.9393664772093, 38.8761766113255], [-76.939397681089, 38.8764691924252], [-76.9418505498369, 38.8765900710276], [-76.942895839383, 38.8769907396009], [-76.9437583370401, 38.877737140665], [-76.9429972439072, 38.8781358985148], [-76.9433282802759, 38.8785339086531], [-76.9413714360751, 38.8787477929529], [-76.9385785936197, 38.8786679847648], [-76.9358632515188, 38.8786629217045], [-76.9353776528189, 38.8788575059005], [-76.9357301104139, 38.8795651799231], [-76.9327612520617, 38.8807628970976], [-76.9323049968306, 38.8801074820865], [-76.9322626619262, 38.8800264719227], [-76.9322373527914, 38.8799781723553], [-76.9321093096257, 38.8797365824166], [-76.9320821598429, 38.8796848588418], [-76.9320537452322, 38.8796307016368], [-76.931581682347, 38.8786718429004], [-76.9312649785986, 38.8775985766067], [-76.9311878456551, 38.8769158744369], [-76.9311865197417, 38.8764857317984], [-76.9311853357622, 38.8763391445631], [-76.931180668116, 38.876288551448], [-76.9311674431183, 38.8762424473705], [-76.931151996587, 38.8762084425783], [-76.9311291775822, 38.8761744321751], [-76.9310739599383, 38.8761058343619], [-76.9310025780092, 38.8760350139686]]]}, "properties": {"TrashRouteArea": "OR703", "CollectionDays": "Friday", "RunsPerWeek": 1, "TrashStatusUpdate": "Scheduled Other Day", "TStatus": "Scheduled Other Day", "ServiceArea": "Outer Ring"}}, {"type": "Feature", "geometry": {"type": "Polygon", "coordinates": [[[-76.9457815990798, 38.8645137588284], [-76.9458813273477, 38.8644360624071], [-76.9459158001967, 38.8644093235321], [-76.9459546532311, 38.8643790908529], [-76.9463234152484, 38.8640914779195], [-76.9467615092395, 38.8637497735556], [-76.9476652629243, 38.8630448770388], [-76.9479307824644, 38.8628377744432], [-76.9480117835536, 38.8627745986726], [-76.9480237841475, 38.862765235512], [-76.9480453544941, 38.86274840826], [-76.9481333768155, 38.8626797583188], [-76.9491131216852, 38.8619155455928], [-76.9491682503959, 38.8618725455912], [-76.9496968038377, 38.8614602607536], [-76.9499198528278, 38.8612862687449], [-76.9506945895732, 38.8606840427855], [-76.951443225768, 38.8601020881457], [-76.9516630264501, 38.8599312174893], [-76.9529618672817, 38.8589215252883], [-76.9530731308162, 38.8588350354765], [-76.9532656855957, 38.8586840412755], [-76.953421766978, 38.8585607783527], [-76.9535583180877, 38.8584578389727], [-76.9536196550552, 38.8584101641066], [-76.9536878273038, 38.8583571581857], [-76.9546137244605, 38.8576373433125], [-76.955654824264, 38.8568279306744], [-76.9564245771563, 38.856229466151], [-76.9581126966281, 38.8549169345178], [-76.9581228305228, 38.8549248653312], [-76.9581528863556, 38.8549487487077], [-76.9581819621264, 38.8549724963634], [-76.9582117296, 38.8549973248168], [-76.9582405170115, 38.8550221084903], [-76.9582689594701, 38.8550470719395], [-76.9582970560772, 38.8550723054062], [-76.9583246909503, 38.8550978991319], [-76.9583519808703, 38.8551236733322], [-76.9583789249389, 38.8551497175491], [-76.9584039106803, 38.8551749495803], [-76.9584283197032, 38.8552004523278], [-76.958452383773, 38.8552263153336], [-76.9584758711244, 38.8552523581138], [-76.9584988976401, 38.8552786709099], [-76.95852146332, 38.8553052537217], [-76.9585434531799, 38.8553321065488], [-76.9585533535126, 38.8553445417001], [-76.9585649813057, 38.8553592293908], [-76.9585860485957, 38.8553866222476], [-76.9586065400656, 38.8554141955768], [-76.9588576299673, 38.855932539438], [-76.9589212666221, 38.8564627079792], [-76.9589317104356, 38.8615424455324], [-76.9590017700446, 38.8619306698023], [-76.9601747101925, 38.8617314492487], [-76.9601747012094, 38.8617474842257], [-76.9601743050523, 38.8618376581712], [-76.9614907528635, 38.8617349536651], [-76.961481274739, 38.8656385242905], [-76.9596948014216, 38.8656376947476], [-76.9598563274929, 38.8664950808601], [-76.9598693099454, 38.8665644503351], [-76.9588975142676, 38.8666995086527], [-76.9585265199368, 38.8670273738636], [-76.9585217570691, 38.8670494787164], [-76.9584404415696, 38.8674268667502], [-76.9572965053272, 38.865592070576], [-76.9572879794169, 38.8655905359908], [-76.9572797993579, 38.8655883712042], [-76.9572718510643, 38.8655855755169], [-76.9572643636064, 38.8655821496283], [-76.9572573369842, 38.8655781830673], [-76.9572507711978, 38.8655736765334], [-76.9572448980125, 38.8655686300266], [-76.957120528058, 38.8654443578443], [-76.9568287202194, 38.8651543598969], [-76.9565469339862, 38.864874634339], [-76.9564900463742, 38.8648192110279], [-76.956343567084, 38.8646764628236], [-76.9562168974424, 38.8645499375311], [-76.956126501772, 38.8644595487948], [-76.9560629360841, 38.8643964660941], [-76.9559384547386, 38.864272913705], [-76.9557205836378, 38.8640588816251], [-76.955714250515, 38.8640525731821], [-76.955641934338, 38.8639808391723], [-76.9556253352682, 38.8639918228264], [-76.9555824550864, 38.8640187416202], [-76.9555780749011, 38.8640213527112], [-76.9555385382488, 38.8640447594972], [-76.9554869003913, 38.8640740172695], [-76.9554342249797, 38.8641023734245], [-76.9553807437793, 38.8641295586709], [-76.9553263418057, 38.864155752072], [-76.9552740149404, 38.8641795141396], [-76.9552711340433, 38.8641808647974], [-76.9552151195937, 38.8642048052189], [-76.9551670588277, 38.8642241550777], [-76.955158415238, 38.864227664967], [-76.9551009041952, 38.8642494433433], [-76.9550565337084, 38.8642651007439], [-76.9550427032463, 38.8642700501185], [-76.9549839264773, 38.8642894859931], [-76.9548217697887, 38.864346626888], [-76.9540015333741, 38.864633854788], [-76.9538407573961, 38.8646909947068], [-76.953737837414, 38.864727618872], [-76.9536581990691, 38.8647558733454], [-76.953652551361, 38.8647579430315], [-76.9534839384804, 38.8648180520327], [-76.9532700307467, 38.864894358223], [-76.9529434078009, 38.8650067420806], [-76.952554084245, 38.8651452243712], [-76.9523400597303, 38.8652208979076], [-76.9522178915466, 38.8652640882329], [-76.9520912281932, 38.8653089886851], [-76.9520425916071, 38.8653261741484], [-76.9515351288115, 38.8655064037339], [-76.9515125397754, 38.8655135108165], [-76.9514901807079, 38.865521158571], [-76.9514730076147, 38.8655276375487], [-76.9514682824763, 38.8655294372258], [-76.951446613315, 38.8655382565521], [-76.9514254058878, 38.8655475263211], [-76.9514046583979, 38.8655574269897], [-76.9513842558612, 38.8655678683292], [-76.9513643141602, 38.8655787601107], [-76.951344833295, 38.8655901925625], [-76.9513258123672, 38.8656021656846], [-76.9509012766487, 38.8659057128206], [-76.9505484139135, 38.8662187353763], [-76.9501272405892, 38.8666848219055], [-76.9499531587652, 38.8668784114282], [-76.9498684988379, 38.8669798369359], [-76.949809220809, 38.8670508880719], [-76.949740947949, 38.8671325648964], [-76.9496899739466, 38.8671937098449], [-76.9495838802166, 38.8673107734474], [-76.9495221893127, 38.8673576603843], [-76.9493962841375, 38.8674976684432], [-76.9493157753251, 38.8675889276004], [-76.9490681807682, 38.8678645669351], [-76.9488752208485, 38.8680770900959], [-76.948722150619, 38.868247301207], [-76.9487217724283, 38.868247722258], [-76.9487151257935, 38.8682551179271], [-76.9486570577952, 38.8683197625048], [-76.9484931826295, 38.8685025611561], [-76.9484392711361, 38.8685442737172], [-76.9481835629955, 38.8688123130054], [-76.9481152874406, 38.8688926379374], [-76.948114222937, 38.8688919042522], [-76.9457117757277, 38.867236610107], [-76.9457620265864, 38.8670705183278], [-76.9457815990798, 38.8645137588284]]]}, "properties": {"TrashRouteArea": "OR706", "CollectionDays": "Friday", "RunsPerWeek": 1, "TrashStatusUpdate": "Scheduled Other Day", "TStatus": "Scheduled Other Day", "ServiceArea": "Outer Ring"}}, {"type": "Feature", "geometry": {"type": "Polygon", "coordinates": [[[-76.970214937578, 38.8662835119016], [-76.9702227897519, 38.8662442376605], [-76.9702336422988, 38.8661936128792], [-76.9702344498843, 38.8661901002892], [-76.9702456473843, 38.866143169217], [-76.9702589190943, 38.8660928150476], [-76.9702734583272, 38.8660427322259], [-76.9702890351142, 38.8659928298252], [-76.9703058785258, 38.8659431973743], [-76.9703238744759, 38.8658938362729], [-76.9703430229644, 38.8658447451225], [-76.9703634380776, 38.8657958343949], [-76.9703848907449, 38.8657473747755], [-76.9703994209946, 38.8657176504625], [-76.9704141830097, 38.865688106594], [-76.9704291740951, 38.8656585627132], [-76.9704442810633, 38.8656290188201], [-76.9704596188984, 38.8655995658428], [-76.970467091085, 38.8655853698797], [-76.9704750708196, 38.865570201683], [-76.9704907536079, 38.8655409284392], [-76.9705066672631, 38.8655116551833], [-76.9705226959027, 38.865482472144], [-76.9705389545111, 38.8654533786221], [-76.9705987957837, 38.8653593462075], [-76.9706231248566, 38.8653191747622], [-76.9706461864065, 38.8652785528488], [-76.9706677513633, 38.8652374797669], [-76.9706880478988, 38.8651959562155], [-76.9707068469427, 38.8651539814941], [-76.9707243784638, 38.8651117367597], [-76.9707404124933, 38.8650690408541], [-76.9707549481329, 38.8650260742349], [-76.970768217148, 38.8649828369018], [-76.9707798727888, 38.8649394190834], [-76.9707926836631, 38.8648869034503], [-76.9708034212257, 38.8648342066197], [-76.9708051540758, 38.8648236672489], [-76.9708122004609, 38.8647812397608], [-76.9708189045879, 38.8647280917036], [-76.9708235354032, 38.8646747631471], [-76.9708262078912, 38.8646214338512], [-76.9708268061691, 38.8645680142854], [-76.9708253293388, 38.86451459398], [-76.9708218950795, 38.8644612631651], [-76.9708163857118, 38.8644080218407], [-76.9708084562828, 38.8643562213611], [-76.9708027079633, 38.864325951588], [-76.9707985685265, 38.8643046908348], [-76.9707868365289, 38.8642534302627], [-76.9707855708027, 38.8642488355129], [-76.9708915899725, 38.8642176927682], [-76.9708970059153, 38.8642160728191], [-76.9711978912298, 38.8641293963961], [-76.9714366616357, 38.8640626125523], [-76.9716854572402, 38.863995650283], [-76.9719511914777, 38.8639240078454], [-76.9720198721727, 38.8639042053523], [-76.9720456861607, 38.8638945730472], [-76.9720711542973, 38.8638842188949], [-76.9720961624965, 38.8638733247554], [-76.9721208248443, 38.863861889929], [-76.9721449113721, 38.8638498248842], [-76.972168537064, 38.8638371282218], [-76.9721917019203, 38.863823891571], [-76.9722142909564, 38.8638101142322], [-76.9722363041724, 38.863795796205], [-76.9722577415684, 38.8637809367897], [-76.9722819448771, 38.8637660787702], [-76.9723053406003, 38.8637504995997], [-76.9723279314331, 38.8637341999773], [-76.9723497146804, 38.8637172694339], [-76.9723705771546, 38.863699617738], [-76.9723905179573, 38.8636814253512], [-76.9724095370885, 38.8636625125105], [-76.9724276345482, 38.8636430582784], [-76.972444695352, 38.8636230640535], [-76.9724607195001, 38.8636026186674], [-76.9725923747915, 38.8634186973614], [-76.9727044342333, 38.8632546803818], [-76.9727646123742, 38.8631692947081], [-76.9728223704537, 38.8630873314436], [-76.9729220232631, 38.8631264514467], [-76.9732198291528, 38.8632430887748], [-76.9737175182781, 38.8634386846492], [-76.9741146679568, 38.8635990961569], [-76.9746946095244, 38.8626587950498], [-76.9753926552974, 38.8629110057785], [-76.9759756008314, 38.8632001245495], [-76.976031826385, 38.8633293368047], [-76.9782878356266, 38.8644605385271], [-76.9783453592458, 38.8644848810424], [-76.9783821111207, 38.8645024542041], [-76.9784192079487, 38.8645194873807], [-76.9784567665107, 38.8645358896432], [-76.9784947859085, 38.8645516609922], [-76.9785331511577, 38.8645668923573], [-76.9785719772426, 38.8645815830394], [-76.9786111491788, 38.8645955532786], [-76.9786505519821, 38.8646088933052], [-76.9786904165195, 38.8646216926499], [-76.9787306260099, 38.8646338610831], [-76.9789287970566, 38.864686146083], [-76.979000461955, 38.8647051663675], [-76.9790103910338, 38.864635713242], [-76.9790114303846, 38.8646284165191], [-76.9790220664376, 38.8645073455072], [-76.9790234633178, 38.8644610428359], [-76.9790245134484, 38.864414649205], [-76.9790253336103, 38.8643682562432], [-76.9790259238034, 38.8643218632512], [-76.9790262831295, 38.8642755597597], [-76.9790264115886, 38.8642291667071], [-76.979026310079, 38.8641827729248], [-76.9790259786006, 38.8641363798117], [-76.9790257522252, 38.8641219660242], [-76.9790254153569, 38.8640900761995], [-76.9790246230429, 38.8640436830259], [-76.9790194586283, 38.8639711642104], [-76.9790183114797, 38.8639555794892], [-76.9790262238407, 38.8636924447244], [-76.9790278012823, 38.8634222828329], [-76.9790206228449, 38.8631473446307], [-76.9790147900838, 38.8629984342202], [-76.9781770877251, 38.8619027506573], [-76.9787259844149, 38.8613725268427], [-76.9796632587345, 38.8618851425784], [-76.980017270415, 38.8616360954803], [-76.9799979171105, 38.8616227779789], [-76.9807578460268, 38.8609549040808], [-76.9807940265732, 38.8609935740851], [-76.9826804653136, 38.8611153750528], [-76.9827067293576, 38.8611391612197], [-76.9827311500586, 38.8611640280906], [-76.9827537265183, 38.8611900658985], [-76.982774228768, 38.8612170039397], [-76.9827928876748, 38.8612448429127], [-76.9828093573872, 38.8612734918829], [-76.9828227162338, 38.8613007894296], [-76.982823637007, 38.8613027710806], [-76.982835843315, 38.8613326812048], [-76.9828457454444, 38.8613631313211], [-76.982850810146, 38.8613834906147], [-76.9828646370149, 38.8613807905919], [-76.982878233915, 38.8613772791632], [-76.9828913699794, 38.8613728667939], [-76.982904045208, 38.8613675534839], [-76.9829160296322, 38.8613616099348], [-76.982927437338, 38.8613547654446], [-76.9829381551377, 38.8613472900156], [-76.9829479503676, 38.8613391836473], [-76.9829499095932, 38.8613372922313], [-76.9829568248243, 38.8613304463398], [-76.9829648916955, 38.8613211690262], [-76.98319676304, 38.8611119370575], [-76.9832080225238, 38.8611002912404], [-76.9832284556032, 38.861079151234], [-76.9832611857206, 38.8610470858713], [-76.9832950674782, 38.8610156514353], [-76.9833299858916, 38.8609849374618], [-76.9833659409609, 38.8609549446513], [-76.9834029335842, 38.8609256723052], [-76.9834408469808, 38.8608972113584], [-76.9834694259832, 38.8608768561226], [-76.9834796820489, 38.8608695611124], [-76.9835016925699, 38.860854700386], [-76.9844607492386, 38.8614944292864], [-76.9863777863943, 38.8626454042951], [-76.9863893638817, 38.8626354451644], [-76.9863600383792, 38.8626623378916], [-76.9858874400981, 38.8642035322017], [-76.9842727183749, 38.8639148952439], [-76.9839559005405, 38.8638582604135], [-76.9838300654338, 38.8642800090201], [-76.9837017536719, 38.864710061154], [-76.9836782294896, 38.8647886113095], [-76.9836669286833, 38.8648261747912], [-76.9834823105194, 38.8654428645232], [-76.9834704329947, 38.8654821399065], [-76.9834444878527, 38.8655679865357], [-76.9834232696456, 38.8656382487088], [-76.9833363217093, 38.8659259651976], [-76.9833180895023, 38.8659877784519], [-76.9832161594636, 38.866333308483], [-76.9831881589762, 38.8664279970812], [-76.9822293700055, 38.8662546089551], [-76.9822280773298, 38.8677451408869], [-76.9821128333603, 38.8678021468132], [-76.9820585526593, 38.8678288935047], [-76.9815685315533, 38.8680734852753], [-76.9815119466735, 38.8681015824479], [-76.9812497616797, 38.8682378744205], [-76.9790066998563, 38.8693517065479], [-76.9790067286024, 38.8693382855803], [-76.9790090947649, 38.8682423954733], [-76.9749650769851, 38.8682508556605], [-76.9749650769851, 38.8682509836544], [-76.9748698968875, 38.868251052897], [-76.9746515344083, 38.8682511857868], [-76.9744941756216, 38.8682512508329], [-76.9741010773448, 38.868251425688], [-76.9735370233813, 38.8682508486663], [-76.9706939354571, 38.8682550339966], [-76.9703461122707, 38.8672837495869], [-76.970326407725, 38.8672843755764], [-76.9702826202448, 38.8672859856636], [-76.9702388318662, 38.8672876859772], [-76.9702373370696, 38.8672816498989], [-76.9702233044866, 38.8672193083007], [-76.970220775729, 38.8672060652853], [-76.9702110011604, 38.8671567868941], [-76.9702004261929, 38.8670940856786], [-76.9701915804823, 38.8670312046538], [-76.970184462232, 38.8669682340459], [-76.9701790732386, 38.8669051738547], [-76.9701754117055, 38.8668419338531], [-76.9701730167969, 38.8667820273009], [-76.9701722352626, 38.8667220311704], [-76.9701730671026, 38.8666620349893], [-76.9701755123168, 38.866602039457], [-76.9701794550226, 38.8665421348009], [-76.9701850111026, 38.8664823203217], [-76.9701895206453, 38.8664441254233], [-76.9701920646742, 38.8664225960198], [-76.9702007316201, 38.8663629625948], [-76.9702110119402, 38.866303509575], [-76.970214937578, 38.8662835119016]]]}, "properties": {"TrashRouteArea": "OR803", "CollectionDays": "Friday", "RunsPerWeek": 1, "TrashStatusUpdate": "Scheduled Other Day", "TStatus": "Scheduled Other Day", "ServiceArea": "Outer Ring"}}, {"type": "Feature", "geometry": {"type": "Polygon", "coordinates": [[[-76.9971924801323, 38.8381094027594], [-76.9971918225655, 38.8381025728248], [-77.0007609639366, 38.8362987663219], [-77.000879760743, 38.8327324733164], [-77.0009094141306, 38.8318422139688], [-77.0009367004573, 38.8310230201193], [-77.0000429225637, 38.8310152454929], [-76.9942529679438, 38.8309647180976], [-76.9941044674442, 38.8309654493749], [-76.9927998306824, 38.8308787604218], [-76.9948909074412, 38.8292116995418], [-76.9957475885068, 38.8281432396731], [-76.9934795858579, 38.8273160672657], [-76.9936927704478, 38.8271503231483], [-76.9938730147146, 38.8270079990189], [-76.9941000180886, 38.8268310842379], [-76.994170508889, 38.8267753093613], [-76.9943376152947, 38.8266430893194], [-76.994573944978, 38.8264589674702], [-76.9947898882942, 38.8262910595737], [-76.9949572291603, 38.8261610116175], [-76.9950228753463, 38.8261099992905], [-76.9952355928123, 38.8259418197344], [-76.9954555632759, 38.8257705779901], [-76.9956747270524, 38.8256013170799], [-76.995836997827, 38.8254726815423], [-76.9958395310761, 38.8254707002927], [-76.9959274033789, 38.8254019681843], [-76.9960065341757, 38.8253401098599], [-76.9960900882769, 38.8252735849298], [-76.9962305210069, 38.8251654164379], [-76.9965403167107, 38.8249242687151], [-76.99682661608, 38.8247023079232], [-76.9969414342481, 38.8246125865945], [-76.9969484024797, 38.8246071368674], [-76.9969893431988, 38.8245751131516], [-76.9972186336835, 38.8243957596414], [-76.9972543345295, 38.8243681050051], [-76.9972903803286, 38.8243408996631], [-76.9973267719791, 38.8243139651535], [-76.9973637394496, 38.8242873910577], [-76.9974010518733, 38.8242612676573], [-76.9974388251326, 38.8242354136907], [-76.9974770592278, 38.8242100111201], [-76.997515638276, 38.8241849682651], [-76.9975545631755, 38.8241602858261], [-76.9975939489109, 38.8241360540844], [-76.9976226240331, 38.82411803774], [-76.9976509542022, 38.8240997505473], [-76.9976789385199, 38.8240811036247], [-76.9977065769862, 38.8240622768346], [-76.9977338704995, 38.8240430889143], [-76.9977609331458, 38.8240235412634], [-76.9977875358546, 38.8240038130444], [-76.997813792712, 38.8239837250941], [-76.9978397046164, 38.8239633662941], [-76.9978655581303, 38.823942556781], [-76.9979348281202, 38.8238880568796], [-76.9980411913447, 38.8238044239832], [-76.9980900659844, 38.8237659948093], [-76.9981068788533, 38.8237527528012], [-76.9981664173937, 38.8237059994859], [-76.9984118254512, 38.8235134920158], [-76.9985021106288, 38.8234425968477], [-76.9985770804292, 38.82338377212], [-76.9985981540074, 38.8233672868824], [-76.9988316755571, 38.8231870030107], [-76.9989417901463, 38.8231019912583], [-76.9991687683675, 38.8229254265024], [-76.9992801271234, 38.8228388558344], [-76.9999273812519, 38.8223310117948], [-77.0005404167546, 38.8228053776993], [-76.9996511609801, 38.8234620641743], [-76.9996593374458, 38.8234922421591], [-76.99966659224, 38.823522600695], [-76.9996728103784, 38.8235530494998], [-76.999678222728, 38.8235835885736], [-76.9996825984218, 38.8236142172162], [-76.9996870890999, 38.8236493501371], [-76.9996907748875, 38.8236845733223], [-76.999693423121, 38.8237198867719], [-76.9996951505812, 38.8237551099223], [-76.99969595637, 38.8237904233368], [-76.9996958404874, 38.823825736034], [-76.9996951496829, 38.8238517707124], [-76.9996939980427, 38.8238778053814], [-76.9996923855668, 38.8239038400408], [-76.9996900822864, 38.8239297844092], [-76.9996875490373, 38.8239565392012], [-76.9996842091011, 38.8239832044016], [-76.9996783359157, 38.8240193281354], [-76.9996687769428, 38.8240780634564], [-76.9996642862647, 38.8241067105988], [-76.9996603705084, 38.8241353577296], [-76.9996540364873, 38.8241831927366], [-76.999648508255, 38.8242310277115], [-76.9996449500282, 38.8242671240253], [-76.9996437867099, 38.8242789522354], [-76.9996397559692, 38.8243269677077], [-76.999636416033, 38.8243748928669], [-76.9996338818856, 38.8244229978555], [-76.9996321544253, 38.8244710132307], [-76.9996311177695, 38.8245191181544], [-76.9996306569337, 38.8245575847137], [-76.9996307719181, 38.8245959609716], [-76.9996307719181, 38.8246004652029], [-76.9996313477382, 38.8246337962254], [-76.9996322685113, 38.8246671279322], [-76.9996335351359, 38.8247026207555], [-76.9996352625962, 38.8247381142609], [-76.9996374508922, 38.8247735174683], [-76.9996399841413, 38.8248089206581], [-76.9996429782262, 38.8248443245301], [-76.9996445898038, 38.8248618906892], [-76.9996463172641, 38.8248794575438], [-76.9996508079422, 38.8249205357349], [-76.999653722077, 38.8249447056231], [-76.9996557603543, 38.8249616146021], [-76.9996612876883, 38.8250026934457], [-76.9996673908423, 38.8250435917055], [-76.9996718824188, 38.825068275238], [-76.9996769489169, 38.8250945796021], [-76.9996835129067, 38.8251277312333], [-76.9996905377323, 38.8251607918692], [-76.9996979084092, 38.8251938531897], [-76.9997056240391, 38.825226824215], [-76.9997136846222, 38.8252597952251], [-76.9997220910566, 38.8252926759401], [-76.9997308433424, 38.8253255573399], [-76.9997399414796, 38.825358347745], [-76.9997494995542, 38.8253910485552], [-76.9997592884959, 38.8254236597708], [-76.9997703431638, 38.8254592431963], [-76.9997819745501, 38.8254947363246], [-76.9997939517878, 38.8255301398555], [-76.9998065039472, 38.8255653628102], [-76.9998196319268, 38.8256005857474], [-76.9998331057577, 38.8256356288085], [-76.9998471554088, 38.8256705815732], [-76.9998616658956, 38.8257053544622], [-76.9998766372181, 38.825740037055], [-76.999892068478, 38.8257746300517], [-76.999907385652, 38.8258080515035], [-76.9999230477789, 38.8258413826606], [-76.999939054859, 38.8258746242229], [-76.9999555227748, 38.8259076852119], [-76.9999723365419, 38.8259406559067], [-76.9999894961605, 38.8259735370072], [-77.0000070007321, 38.8260062375348], [-77.0000249661395, 38.8260388484686], [-77.0000432764999, 38.8260713691088], [-77.0000620485944, 38.8261037091767], [-77.0000810506576, 38.8261350589642], [-77.0001003976739, 38.8261663184594], [-77.0001200905415, 38.8261973973838], [-77.0001400133779, 38.8262283867158], [-77.0001601670813, 38.8262593753346], [-77.0001806666361, 38.8262900945043], [-77.0002013961596, 38.8263208136607], [-77.0002223556518, 38.8263513522471], [-77.0002436609954, 38.8263818908204], [-77.0002651963077, 38.8264121592456], [-77.000284429238, 38.8264386436696], [-77.0003029704654, 38.8264653093401], [-77.0003210508571, 38.8264922444356], [-77.0003384404444, 38.8265194496554], [-77.0003551392272, 38.826546835421], [-77.0003712630883, 38.8265744913105], [-77.0003868102309, 38.8266024180234], [-77.0004016656707, 38.8266305238817], [-77.0004159461888, 38.8266588109847], [-77.0004295359024, 38.8266872772326], [-77.0004744507683, 38.8267927665707], [-77.0004982902593, 38.8268617709688], [-77.0005022518297, 38.8268661315922], [-77.0009822890597, 38.8268558224371], [-77.0013252766149, 38.8265838536364], [-77.0015604384883, 38.8265182690411], [-77.0021286552449, 38.8265270883059], [-77.0034664784683, 38.8259261007101], [-77.0036644860215, 38.8267782059497], [-77.0037192068971, 38.8271243099709], [-77.0037065729909, 38.8273307754392], [-77.0036002025798, 38.8286163862744], [-77.003338285284, 38.8307856382064], [-77.002821470128, 38.8350657472567], [-77.0060281817061, 38.8380260930463], [-77.0069101431605, 38.8398388874916], [-77.00665069713, 38.8405413817721], [-77.0057836045902, 38.8418837359327], [-77.0055411286338, 38.842251423579], [-77.004027073918, 38.8434243674269], [-77.0029628101565, 38.8438271399888], [-77.0020253876148, 38.8439509811768], [-77.0020274806894, 38.8446702153195], [-76.9977348325952, 38.8446489088097], [-76.9977251523497, 38.8446488605337], [-76.9979689093037, 38.8443247416457], [-76.9976783186823, 38.843154268472], [-76.9971924801323, 38.8381094027594]]]}, "properties": {"TrashRouteArea": "OR812", "CollectionDays": "Friday", "RunsPerWeek": 1, "TrashStatusUpdate": "Scheduled Other Day", "TStatus": "Scheduled Other Day", "ServiceArea": "Outer Ring"}}, {"type": "Feature", "geometry": {"type": "Polygon", "coordinates": [[[-77.003338285284, 38.8307856382064], [-77.0034162464742, 38.8307860090944], [-77.0044067612458, 38.8308901753586], [-77.0044379085317, 38.8306403633321], [-77.0049978284483, 38.8306842947407], [-77.0049776873213, 38.831023195066], [-77.0057954102497, 38.831142437156], [-77.005836704905, 38.8301491803752], [-77.0054019688165, 38.8300184284737], [-77.0054019688165, 38.8296583544258], [-77.0053527968345, 38.829198682484], [-77.0076048867265, 38.8292293276057], [-77.0076344439943, 38.8274913488589], [-77.0076147214822, 38.8269156016592], [-77.0073590259181, 38.8261111421204], [-77.0068316528625, 38.8253406732328], [-77.0056177118084, 38.8237125564576], [-77.0052741205853, 38.8210773225619], [-77.0053469748531, 38.8199090881537], [-77.0108046570224, 38.8191398721702], [-77.0109889419114, 38.8210642109321], [-77.0115597026969, 38.8228275655827], [-77.0123549291156, 38.8247856808213], [-77.0126302941912, 38.8257050787258], [-77.0126483332604, 38.8270194264734], [-77.0125892708271, 38.8270925204291], [-77.0125894307273, 38.8273446676167], [-77.0125889159926, 38.827692664694], [-77.0125890336719, 38.8277079795327], [-77.01258962656, 38.8278054509441], [-77.0125902185498, 38.8278961661884], [-77.0125902194481, 38.8278985987525], [-77.0125893175395, 38.8280113846764], [-77.0125902922116, 38.8283128976323], [-77.012589643628, 38.8285540548717], [-77.0125890722995, 38.8285765761728], [-77.0125868983765, 38.8286610754262], [-77.0125867842904, 38.8286634176887], [-77.0127185348033, 38.8286657459549], [-77.0127344277973, 38.828666013982], [-77.0128311664719, 38.8286543824474], [-77.0130694410077, 38.8286241779584], [-77.0134302493416, 38.8285800857218], [-77.0137694082771, 38.8285402287125], [-77.0138913662551, 38.8285258909887], [-77.0138940189801, 38.8285465200106], [-77.013895750932, 38.8285673288779], [-77.0138966761967, 38.8285881384389], [-77.0138966806883, 38.8286089479937], [-77.0138961075631, 38.8286251632908], [-77.0138958784927, 38.8286297575426], [-77.0138942696101, 38.8286505677851], [-77.0138917399542, 38.8286712870463], [-77.0138882895252, 38.8286919174257], [-77.0138840324091, 38.828712456824], [-77.0138789686058, 38.8287329066408], [-77.0138646997658, 38.8287927248756], [-77.0138632040709, 38.8287989405722], [-77.0138470927863, 38.8288649744423], [-77.0138302915955, 38.8289309186758], [-77.0138131445534, 38.8289967725733], [-77.0137955366755, 38.8290625361349], [-77.0137773529775, 38.8291282100608], [-77.0137587084438, 38.8291937943511], [-77.0137396030743, 38.8292593778812], [-77.0137200368691, 38.8293247822013], [-77.0137000107265, 38.8293900954869], [-77.01367503307, 38.8294628867936], [-77.0136490187577, 38.8295354981771], [-77.0136220827739, 38.8296078393636], [-77.0135941110326, 38.8296799103539], [-77.0135651017371, 38.829751801423], [-77.0135351716685, 38.8298234222974], [-77.0135043199284, 38.829894772978], [-77.0134724315324, 38.8299659430395], [-77.0134395073789, 38.8300367533346], [-77.0134056606556, 38.8301072941382], [-77.0133763037122, 38.8301673834382], [-77.0133460250972, 38.8302272032667], [-77.0133149406934, 38.830286843198], [-77.0133101975887, 38.830295617909], [-77.0132829346182, 38.8303461219862], [-77.0132502377384, 38.830405131305], [-77.0132166191873, 38.8304638704551], [-77.0131821939489, 38.8305223394374], [-77.0131469629218, 38.8305804479795], [-77.0131455813129, 38.8305826999059], [-77.0131109252076, 38.8306382863552], [-77.0131048229518, 38.8306477461172], [-77.0130740808062, 38.830695854565], [-77.0130611854903, 38.8307149539184], [-77.0129219591977, 38.830922317297], [-77.0128260712276, 38.8310651388462], [-77.0125934794342, 38.8313646955708], [-77.0122693421269, 38.8317701115784], [-77.0121887389914, 38.8318715549659], [-77.0121213779215, 38.8319563316186], [-77.0121191905238, 38.8319590341578], [-77.0120483745333, 38.8320481353236], [-77.0120399689972, 38.8320587663236], [-77.0115196090891, 38.8327046357797], [-77.0112475084912, 38.8330422990956], [-77.0111961500098, 38.8331031115752], [-77.0109473058963, 38.8334096930401], [-77.0107152728551, 38.8336962733454], [-77.0105047715328, 38.8339587990379], [-77.0102412965583, 38.83428069514], [-77.0100716739714, 38.8345029486539], [-77.0100704073469, 38.8345046602475], [-77.0100569344142, 38.8345251104996], [-77.0100541711964, 38.8345279032093], [-77.0100511771116, 38.8345305160828], [-77.0100478371754, 38.8345329491199], [-77.0100443822548, 38.8345352009212], [-77.0100406964672, 38.834537183318], [-77.0100368956952, 38.8345389851788], [-77.0100328649545, 38.8345406072034], [-77.0100286033468, 38.8345419591237], [-77.0100243426374, 38.8345430402401], [-77.0100199660453, 38.8345438512524], [-77.0100178810556, 38.8345441038628], [-77.0100154735706, 38.8345443921604], [-77.0100109819942, 38.8345446629643], [-77.0100064904178, 38.8345447532323], [-77.0100018829587, 38.83454439356], [-77.0099973913823, 38.8345438533516], [-77.0099930147902, 38.8345430430391], [-77.0099887531825, 38.8345418723545], [-77.0099844906765, 38.8345405211339], [-77.0099804599358, 38.8345388102409], [-77.0099766582655, 38.8345369188119], [-77.0099476319021, 38.8345215165738], [-77.0099417578184, 38.834518094087], [-77.0095629472463, 38.834295517334], [-77.0092004276218, 38.8340825055534], [-77.0091792336693, 38.8340699855136], [-77.0091355782414, 38.8340443149465], [-77.0090499966426, 38.833993874372], [-77.0087354758004, 38.8338083510244], [-77.008649157583, 38.8337574323469], [-77.0085775133459, 38.8337128457606], [-77.0085601785558, 38.8337036586125], [-77.0085415771412, 38.8336949214089], [-77.0084133246681, 38.8336548251464], [-77.008407705706, 38.8336704011126], [-77.0083953287181, 38.8337047061532], [-77.0083472931049, 38.8338378997391], [-77.0083337087811, 38.8338927621957], [-77.0083185128798, 38.8339474447723], [-77.0083017036042, 38.8340018572008], [-77.0082844334928, 38.8340584318352], [-77.0082671633815, 38.8341150057249], [-77.0082497782858, 38.8341715802694], [-77.0082388296191, 38.8342071467267], [-77.0082323940885, 38.8342280645005], [-77.0082252902112, 38.8342510458444], [-77.0082148931101, 38.8342846389551], [-77.00819739303, 38.8343412133647], [-77.0081797779656, 38.8343976974612], [-77.0081747006876, 38.834413958323], [-77.0081621620029, 38.8344541815129], [-77.0081445469385, 38.8345107564875], [-77.0081397571214, 38.8345260257751], [-77.0081268159914, 38.8345672404495], [-77.0081110424733, 38.8346173286429], [-77.0080954998223, 38.834667416801], [-77.0080799562729, 38.8347175049239], [-77.0080645286063, 38.8347676832792], [-77.0080491000412, 38.8348177713315], [-77.0080339023433, 38.8348679496161], [-77.0080253485851, 38.834896191461], [-77.0080187046453, 38.8349181271656], [-77.0080035069473, 38.834968395647], [-77.0079885401164, 38.8350185738254], [-77.0079768656109, 38.8350577883387], [-77.0079735723871, 38.8350688422358], [-77.0079580171596, 38.8351154530379], [-77.0079111673226, 38.8352558618508], [-77.0078161767695, 38.8355355807505], [-77.0078060437731, 38.8355652197146], [-77.0077951975144, 38.8355970922407], [-77.0077988267081, 38.8356072804741], [-77.0077885652527, 38.8356133619251], [-77.0077769114085, 38.8356362980383], [-77.0077682750053, 38.835652856007], [-77.0077615960312, 38.8356656668605], [-77.0077458198182, 38.8356948551376], [-77.0077296986521, 38.8357238635695], [-77.0077131157519, 38.8357528719895], [-77.0076961878987, 38.8357816102983], [-77.0076787992098, 38.8358102583291], [-77.0076610646694, 38.835838816082], [-77.0076428692933, 38.8358671939907], [-77.0076410268487, 38.8358699866478], [-77.0076243289642, 38.8358953913555], [-77.0075840224557, 38.8359520575499], [-77.00757584599, 38.8359651202552], [-77.0075676695243, 38.8359780024258], [-77.0075593780742, 38.8359909755599], [-77.0075533899045, 38.8360000742458], [-77.0075509716398, 38.8360038584255], [-77.007542564307, 38.836016650323], [-77.0075339279039, 38.8360294429179], [-77.0075252906024, 38.8360422355105], [-77.0075165383166, 38.8360549385345], [-77.0075077860308, 38.8360676408565], [-77.0074989187606, 38.8360803431762], [-77.0073477098405, 38.8362827731893], [-77.0070882449454, 38.8366252000942], [-77.0068531935648, 38.8369369968561], [-77.0067549807547, 38.837066121079], [-77.0065822077761, 38.8372932975543], [-77.0063738704954, 38.8375704089793], [-77.0063591632776, 38.8375897150052], [-77.0061363936636, 38.837882204399], [-77.0060905571262, 38.8379431939703], [-77.0060281817061, 38.8380260930463], [-77.002821470128, 38.8350657472567], [-77.003338285284, 38.8307856382064]]]}, "properties": {"TrashRouteArea": "OR810", "CollectionDays": "Friday", "RunsPerWeek": 1, "TrashStatusUpdate": "Scheduled Other Day", "TStatus": "Scheduled Other Day", "ServiceArea": "Outer Ring"}}, {"type": "Feature", "geometry": {"type": "Polygon", "coordinates": [[[-76.9790066998563, 38.8693517065479], [-76.9812497616797, 38.8682378744205], [-76.9815119466735, 38.8681015824479], [-76.9815685315533, 38.8680734852753], [-76.9820585526593, 38.8678288935047], [-76.9821128333603, 38.8678021468132], [-76.9822280773298, 38.8677451408869], [-76.9822293700055, 38.8662546089551], [-76.9831881589762, 38.8664279970812], [-76.9832161594636, 38.866333308483], [-76.9833180895023, 38.8659877784519], [-76.9833363217093, 38.8659259651976], [-76.9834232696456, 38.8656382487088], [-76.9834444878527, 38.8655679865357], [-76.9834704329947, 38.8654821399065], [-76.9834823105194, 38.8654428645232], [-76.9836669286833, 38.8648261747912], [-76.9836782294896, 38.8647886113095], [-76.9837017536719, 38.864710061154], [-76.9838300654338, 38.8642800090201], [-76.9839559005405, 38.8638582604135], [-76.9842727183749, 38.8639148952439], [-76.9858874400981, 38.8642035322017], [-76.9863600383792, 38.8626623378916], [-76.9863893638817, 38.8626354451644], [-76.9880349499214, 38.8612198998257], [-76.9885519896562, 38.8606679292253], [-76.9912236933972, 38.8633254645464], [-76.9903992088497, 38.8638133856247], [-76.9923616657244, 38.8651665939873], [-76.9923300908405, 38.8651956890255], [-76.9922987468236, 38.8652248742808], [-76.9922676327754, 38.8652542399821], [-76.991999357204, 38.86551852865], [-76.9919685881089, 38.865549696005], [-76.9919380498808, 38.8655812228617], [-76.9919080874729, 38.865612930861], [-76.9918784700179, 38.8656448186038], [-76.9918493142971, 38.8656770665468], [-76.9918205044276, 38.8657094949319], [-76.9917922694799, 38.8657421030596], [-76.9917643812819, 38.8657749818574], [-76.9917369530213, 38.8658081313249], [-76.9917098715105, 38.865841460534], [-76.9915004742177, 38.8660934102723], [-76.9912543124737, 38.8663934623152], [-76.9911017264362, 38.8665859608108], [-76.9910799449855, 38.8666135249015], [-76.9909457986658, 38.8667827826903], [-76.9909164102813, 38.8668184538479], [-76.9906950213778, 38.8670928322972], [-76.9905543038818, 38.8672674039126], [-76.9905025582265, 38.8673265854472], [-76.9904554236235, 38.8673688309637], [-76.990439059014, 38.8673824320563], [-76.9904222335687, 38.8673957631668], [-76.9904051781548, 38.8674089145217], [-76.9903877768894, 38.8674217049692], [-76.990370144757, 38.8674342247356], [-76.9903520526872, 38.86744647522], [-76.9903337297503, 38.8674584543242], [-76.9903152918291, 38.8674680917419], [-76.990297429728, 38.8674783600421], [-76.990280143447, 38.8674892592246], [-76.9902635488687, 38.8675006983635], [-76.9902475301106, 38.867512678158], [-76.9902322030552, 38.8675251986079], [-76.990217682687, 38.8675381694866], [-76.9902038531232, 38.8675516810201], [-76.9901907152621, 38.8675657325087], [-76.9901784990726, 38.8675801455981], [-76.9900335172739, 38.8677401225111], [-76.9899303718147, 38.8678457825024], [-76.9898792019795, 38.8678981168975], [-76.9898592647701, 38.8679172125599], [-76.9898386358579, 38.8679358584879], [-76.9898174311256, 38.8679541435088], [-76.9897956496749, 38.8679719780965], [-76.9897732924041, 38.8679893622516], [-76.9897503593132, 38.8680062966736], [-76.9897268504022, 38.8680226897387], [-76.9897027647728, 38.868038632372], [-76.9896782183077, 38.8680541245739], [-76.9896532110068, 38.8680691663447], [-76.9896294721271, 38.8680831275055], [-76.9896055023804, 38.8680969082128], [-76.9895810708996, 38.86811023849], [-76.9895564103484, 38.8681232987879], [-76.9895315180319, 38.868135998182], [-76.9895062807623, 38.868148337372], [-76.989480813524, 38.8681603163579], [-76.9894551154187, 38.8681719344407], [-76.989429071462, 38.8681831930192], [-76.9894027975366, 38.8681941809201], [-76.9893389785238, 38.8682196775996], [-76.9893070577885, 38.8682325119647], [-76.9890474042472, 38.8683366611778], [-76.9886769138712, 38.8684817513776], [-76.9883389200506, 38.8686157632226], [-76.9883177153183, 38.8686250395845], [-76.9882966264687, 38.8686344963945], [-76.988236990012, 38.8686617407572], [-76.9882105076774, 38.8686745750424], [-76.9881715908626, 38.8686934886481], [-76.9881509628488, 38.8687037560719], [-76.9881305648036, 38.8687140241936], [-76.9881093609697, 38.8687243811397], [-76.9880883871044, 38.8687351892072], [-76.9880678740749, 38.8687462672473], [-76.9880475910141, 38.8687577061839], [-76.9880276538047, 38.8687695955421], [-76.9880081783293, 38.8687817548724], [-76.9879889319243, 38.8687943646238], [-76.9879701472534, 38.8688072443471], [-76.9879517084339, 38.8688203947415], [-76.9879337295518, 38.8688339955563], [-76.9879083755012, 38.8688545324601], [-76.9878837122551, 38.8688755190812], [-76.9878597407118, 38.868896956818], [-76.9878363440902, 38.868918935195], [-76.9878137550541, 38.8689412730638], [-76.9877918577207, 38.8689640620471], [-76.9877707661761, 38.8689873021444], [-76.987750365436, 38.8690109919565], [-76.987730657297, 38.8690349524333], [-76.9877117549468, 38.8690593626241], [-76.9876943500882, 38.8690844043756], [-76.9876778677993, 38.8691099867634], [-76.9876624221663, 38.869135839115], [-76.9876478982048, 38.8691620523534], [-76.9876344117975, 38.8691886257787], [-76.9876219620459, 38.8692154691666], [-76.9876105489503, 38.8692425832162], [-76.9876001734087, 38.8692699679273], [-76.9875908354214, 38.8692975323761], [-76.9875825331915, 38.8693253674857], [-76.9875743468443, 38.8693552749344], [-76.98756742802, 38.8693852718947], [-76.9875616608359, 38.8694155395137], [-76.987557276159, 38.8694458071197], [-76.9875540449189, 38.8694762551602], [-76.9875532355368, 38.8694888312168], [-76.9875013434561, 38.8695083020339], [-76.9872851971207, 38.8695977590359], [-76.9873563652507, 38.8697235962218], [-76.9873445110823, 38.8697069384742], [-76.9873294193855, 38.86968432528], [-76.9873149044071, 38.8696613525838], [-76.9873011952176, 38.8696381994333], [-76.9872881786291, 38.8696147763042], [-76.9872804261682, 38.8695997404557], [-76.9872759678294, 38.8695910824969], [-76.9846371729705, 38.8706514602422], [-76.9833439385246, 38.8713069596667], [-76.9792887142617, 38.8732631947708], [-76.9789588304315, 38.8734223259453], [-76.9790066998563, 38.8693517065479]], [[-76.9896625642656, 38.8618252927045], [-76.9893968345197, 38.861579418964], [-76.9892621932283, 38.8616193581947], [-76.9897494654895, 38.8620699184202], [-76.9898536520962, 38.8620137542702], [-76.9896625642656, 38.8618252927045]]]}, "properties": {"TrashRouteArea": "OR802", "CollectionDays": "Friday", "RunsPerWeek": 1, "TrashStatusUpdate": "Scheduled Other Day", "TStatus": "Scheduled Other Day", "ServiceArea": "Outer Ring"}}, {"type": "Feature", "geometry": {"type": "Polygon", "coordinates": [[[-76.976814616527, 38.85390218395], [-76.9764214338086, 38.853770330505], [-76.9761721809616, 38.8536714479561], [-76.9759861245949, 38.853594532294], [-76.9758660045701, 38.8535406819068], [-76.9757218923406, 38.8534723497734], [-76.975627276385, 38.8534279280451], [-76.9755530396099, 38.8533892119527], [-76.9754744361243, 38.8533482068568], [-76.9754205767331, 38.8533163240929], [-76.9753565331416, 38.8532832947237], [-76.9752837498406, 38.8532388854696], [-76.9751804085486, 38.8531751107351], [-76.9750785180358, 38.8531147505403], [-76.974944345665, 38.853026168948], [-76.9748499929158, 38.8529564595652], [-76.9747870829981, 38.8529133946826], [-76.9747320495088, 38.8528785385453], [-76.9746612874173, 38.8528231751415], [-76.974598390076, 38.8527760113835], [-76.9745381086289, 38.8527268034422], [-76.9744175457346, 38.8526304316122], [-76.9742943696412, 38.8525299517483], [-76.9742367175629, 38.8524766448248], [-76.9741580898227, 38.852413082078], [-76.9740951960747, 38.8523577204106], [-76.9740244366781, 38.8522962038207], [-76.973956303057, 38.8522367418374], [-76.9739038899535, 38.8521916344504], [-76.9738200268318, 38.8521137195884], [-76.9737204431927, 38.8520214506633], [-76.9736470580205, 38.8519578889089], [-76.9735579667039, 38.8518758735451], [-76.9734845833283, 38.8518082037156], [-76.9734190664997, 38.8517487420239], [-76.9733404540309, 38.8516790257926], [-76.9732565909092, 38.8516031650472], [-76.9731838884566, 38.8515344861572], [-76.9730632330359, 38.8514190420062], [-76.97306078872, 38.85141690757], [-76.9729787931958, 38.8513432712303], [-76.9729039967703, 38.8512725192124], [-76.9728287961029, 38.8512013977418], [-76.9727385863838, 38.8511261563226], [-76.9726219347542, 38.8510274324024], [-76.9725219558564, 38.8509533961934], [-76.9724362475951, 38.8508872715824], [-76.972374356367, 38.8508393055085], [-76.9723029394036, 38.8507871565419], [-76.9722148586916, 38.8507200950217], [-76.9720958301199, 38.8506362788764], [-76.9719839404597, 38.8505599056156], [-76.9718887181412, 38.8504928508772], [-76.9718149143541, 38.8504481425528], [-76.9717601611392, 38.8504127437204], [-76.9716845948575, 38.8503674854631], [-76.971615226053, 38.850324056622], [-76.9715412282298, 38.8502770150355], [-76.9714487170269, 38.850229959426], [-76.97135159028, 38.850172055819], [-76.9712498417011, 38.8501213853145], [-76.9711527149542, 38.8500671041432], [-76.9710417074396, 38.8500091969057], [-76.9709445788961, 38.8499585276844], [-76.9708243322088, 38.8499006182598], [-76.9707179519163, 38.8498535589032], [-76.9706161907609, 38.84980650931], [-76.9705051895345, 38.8497630696323], [-76.970389549408, 38.8497123946389], [-76.9702877963374, 38.8496761999919], [-76.9701989224131, 38.8496387740247], [-76.9700809197174, 38.8495910085948], [-76.9699303494994, 38.8495432340379], [-76.9698204873367, 38.849505009752], [-76.9696658531403, 38.8494540540331], [-76.9695071630505, 38.8494030877835], [-76.9692223054772, 38.84932663974], [-76.9691002307183, 38.8492947803594], [-76.9688479343792, 38.849234248966], [-76.9687136335493, 38.8492087461781], [-76.9685956326502, 38.8491864454856], [-76.968453199372, 38.8491609405818], [-76.9683351858965, 38.8491418195935], [-76.9682090273963, 38.8491226874064], [-76.9680950805941, 38.8491035587122], [-76.9679445112744, 38.8490844286136], [-76.9676962672355, 38.8490588928903], [-76.9675497618941, 38.8490461236261], [-76.9674073349042, 38.8490333550591], [-76.9672689602144, 38.8490269564327], [-76.967103641456, 38.8490184239972], [-76.9669220092921, 38.8490109493703], [-76.9666427670877, 38.8490066271829], [-76.9663337178839, 38.8490139611889], [-76.966191385217, 38.8490213434671], [-76.9692606491668, 38.8482983907745], [-76.9708873616024, 38.8480262121652], [-76.9791063275129, 38.8474981061966], [-76.9791146234546, 38.8474940588698], [-76.9803104077602, 38.846910594238], [-76.9828037743577, 38.8461859885408], [-76.9851849943769, 38.8455149157279], [-76.9852957306003, 38.8492669458033], [-76.9853139313662, 38.8492679392451], [-76.9853316721948, 38.8492708237244], [-76.9853488354066, 38.8492756006401], [-76.9853518303898, 38.8492768620313], [-76.9853649628609, 38.8492820887938], [-76.9856508534967, 38.8494592297114], [-76.9859193518503, 38.8496308734045], [-76.986148574063, 38.8497695409511], [-76.9863405907516, 38.8498887446356], [-76.9863453131951, 38.8498923489789], [-76.9863548739647, 38.8498995569654], [-76.9863667371163, 38.8499119895687], [-76.9863759502378, 38.8499257737978], [-76.9863822833606, 38.8499404584099], [-76.9863846773708, 38.8499514575251], [-76.9863856215002, 38.8499557726591], [-76.9863856188053, 38.8499713576501], [-76.9863826202288, 38.8499866718927], [-76.9863763967005, 38.8500014446417], [-76.9863700590862, 38.8500110830263], [-76.9863672931735, 38.8500153163035], [-76.9863555405146, 38.8500277467877], [-76.9860893705942, 38.8503100402039], [-76.9860723169769, 38.8503280548161], [-76.9860114785743, 38.8503917369582], [-76.9860476474425, 38.8504130011716], [-76.9860933770804, 38.8504398516481], [-76.9861260910281, 38.8504590436462], [-76.9863217953009, 38.8505821219262], [-76.986697425837, 38.8508160244996], [-76.987016385255, 38.8510173086403], [-76.9873191049294, 38.8512043576982], [-76.9876553470352, 38.8514151907865], [-76.9879359528822, 38.8515872809916], [-76.9880520206067, 38.8516613242363], [-76.9882845234669, 38.8518096448544], [-76.9883180441017, 38.8518302776212], [-76.9884388818805, 38.851904429048], [-76.9885617920726, 38.8519797514948], [-76.9885972719331, 38.8520015553093], [-76.9888138009508, 38.8521354506056], [-76.9888668356886, 38.8521682468487], [-76.9887575511427, 38.8528309970552], [-76.988678799435, 38.8528193218991], [-76.9880482297162, 38.8527649742285], [-76.9876664196694, 38.8527377923325], [-76.987087906423, 38.8527196405148], [-76.9864631101766, 38.8527286146364], [-76.9859077339387, 38.8527511688628], [-76.985514333828, 38.8527873080781], [-76.985336590471, 38.8528082931456], [-76.9850168055012, 38.8528460518405], [-76.9847869293149, 38.8528776507892], [-76.9846002998231, 38.8529107412094], [-76.9844057301224, 38.852957289256], [-76.9842296962593, 38.8530038393708], [-76.9840112978475, 38.8530659045108], [-76.9838312871426, 38.8531227948848], [-76.9836473121724, 38.8531817566355], [-76.9835784823571, 38.8532055566492], [-76.983440257686, 38.8532549209625], [-76.9833049013356, 38.8533051240226], [-76.9828202764095, 38.8534850238018], [-76.9824175679558, 38.8536362067306], [-76.9821562902605, 38.8537277823927], [-76.9819584264377, 38.8538015309921], [-76.9818397068864, 38.8538395913705], [-76.9817514276468, 38.8538681432867], [-76.981644875776, 38.8538990618077], [-76.9815352938877, 38.8539323665179], [-76.9813282968935, 38.8539870777675], [-76.9810756412282, 38.8540513036896], [-76.9807407951044, 38.8541178842701], [-76.980524677515, 38.854158313885], [-76.980195930952, 38.8542010939931], [-76.9799767644805, 38.8542248656834], [-76.9797484630409, 38.8542414829863], [-76.9794618214136, 38.8542568375834], [-76.9792336053139, 38.854256797009], [-76.978949215763, 38.8542539987776], [-76.9787069580971, 38.8542457209086], [-76.9785454517888, 38.8542347098653], [-76.9782786153185, 38.8542044553712], [-76.9780925382906, 38.8541824584542], [-76.9777344338857, 38.8541219976783], [-76.9774289905194, 38.8540615375504], [-76.9772394181467, 38.8540175758011], [-76.976814616527, 38.85390218395]]]}, "properties": {"TrashRouteArea": "OR805", "CollectionDays": "Friday", "RunsPerWeek": 1, "TrashStatusUpdate": "Scheduled Other Day", "TStatus": "Scheduled Other Day", "ServiceArea": "Outer Ring"}}, {"type": "Feature", "geometry": {"type": "Polygon", "coordinates": [[[-76.9934795858579, 38.8273160672657], [-76.9957475885068, 38.8281432396731], [-76.9948909074412, 38.8292116995418], [-76.9927998306824, 38.8308787604218], [-76.9941044674442, 38.8309654493749], [-76.9942529679438, 38.8309647180976], [-77.0000429225637, 38.8310152454929], [-77.0009367004573, 38.8310230201193], [-77.0009094141306, 38.8318422139688], [-77.000879760743, 38.8327324733164], [-76.995306896588, 38.8361754394164], [-76.9952624362696, 38.8361898511708], [-76.9952176309982, 38.8362036317609], [-76.9951725948598, 38.8362167825867], [-76.9951272137682, 38.8362293925148], [-76.9950814868253, 38.8362413719793], [-76.9950236658638, 38.8362578549356], [-76.9949656149335, 38.8362742476222], [-76.9949075631048, 38.8362904604733], [-76.9948493962919, 38.8363064025235], [-76.9947912303772, 38.8363222550042], [-76.9947328326973, 38.836337837384], [-76.9946744359156, 38.8363533287949], [-76.9946159241495, 38.836368550805], [-76.9945574114852, 38.8363835922806], [-76.9944987847348, 38.8363984532217], [-76.9944396962504, 38.8364131343283], [-76.9943804927816, 38.8364277251662], [-76.9943212893128, 38.8364421361698], [-76.9942619708596, 38.8364565464707], [-76.9942026524064, 38.8364706866719], [-76.9941433339533, 38.8364848268702], [-76.9940839005158, 38.8364987872345], [-76.99402446618, 38.8365126573305], [-76.9939650327425, 38.8365264371585], [-76.9939054834223, 38.8365400364528], [-76.9938537674114, 38.8365531865167], [-76.9938019355178, 38.8365662456129], [-76.9937501036242, 38.8365791255755], [-76.9936982717306, 38.8365918243053], [-76.9936463239544, 38.8366043432018], [-76.9935942620921, 38.8366167725305], [-76.9935421993315, 38.8366290206267], [-76.9934900224848, 38.8366411791552], [-76.9934378447399, 38.8366531578507], [-76.9933855520105, 38.8366649560136], [-76.9933303792824, 38.836679816896], [-76.9931996474591, 38.8367151225], [-76.993079857116, 38.8367474556333], [-76.9930681089487, 38.8367506079171], [-76.9928562880013, 38.8368005917136], [-76.9926616293675, 38.8368472433653], [-76.9923888756944, 38.8369152402044], [-76.9920064673695, 38.837008992552], [-76.991530989988, 38.8371232761497], [-76.9911466206408, 38.8372172962181], [-76.990778261967, 38.8373079826747], [-76.9905635807837, 38.8373601065356], [-76.9903988441337, 38.8374001083472], [-76.9899232454795, 38.8375152869616], [-76.9897392947639, 38.8375614840252], [-76.9894557092051, 38.8376294724849], [-76.989089418453, 38.8377199736901], [-76.9888081352763, 38.8377894027215], [-76.9885822556948, 38.8378427108546], [-76.9883979573311, 38.8378881855958], [-76.988395193215, 38.8378887257788], [-76.9883843658208, 38.8378909767742], [-76.9883703134748, 38.8378920564403], [-76.9850243145186, 38.8339127290909], [-76.9851006874875, 38.8338540032831], [-76.9852011595604, 38.8337766519372], [-76.9852733625497, 38.8337210609411], [-76.9856455516399, 38.8334292325158], [-76.9856496982632, 38.8334259905153], [-76.9857282595281, 38.8333651027371], [-76.9858038258098, 38.8333063764774], [-76.9860256845322, 38.8331341615799], [-76.9864687093758, 38.8327895499943], [-76.9868837391219, 38.8324638515843], [-76.9872064984136, 38.8322120108359], [-76.9872258508197, 38.8321968789075], [-76.9873283683566, 38.8321166244913], [-76.9873340124715, 38.8321122110066], [-76.9874353783682, 38.8320328571072], [-76.9875625456764, 38.8319334174121], [-76.9879069552648, 38.8316653615857], [-76.9879574531602, 38.8316256392621], [-76.9882181891714, 38.8314205431281], [-76.9884825400033, 38.8312161678809], [-76.9934795858579, 38.8273160672657]]]}, "properties": {"TrashRouteArea": "OR811", "CollectionDays": "Friday", "RunsPerWeek": 1, "TrashStatusUpdate": "Scheduled Other Day", "TStatus": "Scheduled Other Day", "ServiceArea": "Outer Ring"}}, {"type": "Feature", "geometry": {"type": "Polygon", "coordinates": [[[-76.9885076425256, 38.8398376252334], [-76.9885077260689, 38.8398835968857], [-76.9885079084269, 38.8399707114831], [-76.9885082246339, 38.8401227809618], [-76.9885082264305, 38.8401230594412], [-76.9885070469426, 38.840373558171], [-76.9885069885521, 38.840386044916], [-76.9885076883397, 38.8406632387562], [-76.9885068017025, 38.8407350473634], [-76.988506726244, 38.8407408275092], [-76.9885054075172, 38.8408350408105], [-76.9885116795545, 38.8408336106444], [-76.9906462114168, 38.8403468844164], [-76.9908855603378, 38.8404065662463], [-76.9910123530486, 38.8406083381378], [-76.9911248140373, 38.8412254253965], [-76.991660324931, 38.8441349234455], [-76.9906004808807, 38.8443186665364], [-76.9905966199216, 38.8443193361067], [-76.9894520916894, 38.8444801426673], [-76.9882423799037, 38.8446892675444], [-76.9876884724113, 38.8448126468617], [-76.9873941016792, 38.8448886141989], [-76.9872003692084, 38.8449636901019], [-76.9851849943769, 38.8455149157279], [-76.9828037743577, 38.8461859885408], [-76.9803104077602, 38.846910594238], [-76.9791146234546, 38.8474940588698], [-76.9791063275129, 38.8474981061966], [-76.9708873616024, 38.8480262121652], [-76.9692606491668, 38.8482983907745], [-76.966191385217, 38.8490213434671], [-76.9660178666368, 38.8490318865793], [-76.9658789188219, 38.8490415663722], [-76.9657804437038, 38.849048672302], [-76.9657437726773, 38.8490533009155], [-76.9661792031635, 38.8486188332818], [-76.9665427549522, 38.8483346679776], [-76.9669844691538, 38.8479905812532], [-76.9673710968656, 38.8476894475971], [-76.9677581800232, 38.847390294705], [-76.9680387364629, 38.8471705301363], [-76.9682456337441, 38.8470084703242], [-76.9687058837833, 38.8466500585044], [-76.9695385681528, 38.8459987884583], [-76.969550666663, 38.8459894223894], [-76.9696519562029, 38.8459110753529], [-76.9697273194653, 38.8458527204605], [-76.9699146864741, 38.8457077331097], [-76.9701506810857, 38.8455237508297], [-76.9701550585761, 38.8455204191261], [-76.9702470146201, 38.8454489154958], [-76.9703132734572, 38.8453973138978], [-76.9704385282522, 38.8452998742732], [-76.9707722353123, 38.8450386231974], [-76.9708817040128, 38.8449533408893], [-76.9709623637421, 38.8448904815647], [-76.971061231424, 38.8448135738989], [-76.9710864668969, 38.8447937618864], [-76.9714148676086, 38.8445385434633], [-76.9716744771325, 38.8443365469326], [-76.9717739179395, 38.8442591887891], [-76.971846856649, 38.8442023633908], [-76.9719306272442, 38.8441371623491], [-76.9720395165313, 38.844052418397], [-76.972297393205, 38.8438496102797], [-76.9723439448013, 38.8438134070525], [-76.97245375576, 38.8437280330196], [-76.9772973181601, 38.8399502061202], [-76.9774417447999, 38.8398379596898], [-76.979361162491, 38.8430251783851], [-76.9793721524802, 38.8430207298938], [-76.9794716417962, 38.8429804254864], [-76.9798858001765, 38.8428025806605], [-76.9805174586534, 38.842527119149], [-76.9810033834417, 38.8423162219364], [-76.9815943697958, 38.8420574136751], [-76.982138578178, 38.8418203057558], [-76.9824673606737, 38.8416758601373], [-76.9825724231378, 38.8416297525052], [-76.9826816313268, 38.8415817536014], [-76.982696607141, 38.8415751793842], [-76.9832411559847, 38.841338156619], [-76.9836775279053, 38.8411504826876], [-76.9837450327057, 38.841123376118], [-76.9838125393026, 38.8410963604973], [-76.9838761283467, 38.8410711458622], [-76.98388027497, 38.8410695246862], [-76.9839480106374, 38.8410427791246], [-76.9840157463048, 38.8410161231131], [-76.9840835978548, 38.8409896476111], [-76.9841515625926, 38.8409632616594], [-76.9842196450096, 38.8409370569175], [-76.9842877247317, 38.8409109410263], [-76.9843559221332, 38.8408849160852], [-76.984422505262, 38.8408599714553], [-76.9844890874926, 38.840835296897], [-76.9845559005901, 38.8408108028501], [-76.9846228295704, 38.8407865788753], [-76.984689873535, 38.8407625354123], [-76.9847570324839, 38.840738762022], [-76.9848243064173, 38.8407151684443], [-76.9848916944366, 38.8406917553791], [-76.984959199237, 38.8406686123871], [-76.9850269322094, 38.8406457394686], [-76.9850996202889, 38.8406213356168], [-76.9851724233528, 38.8405972025374], [-76.9852453405027, 38.8405731590106], [-76.9853183735353, 38.8405493862566], [-76.9853915224506, 38.8405257933158], [-76.9854646704676, 38.8405023801883], [-76.9855380475549, 38.8404792378344], [-76.9856114264389, 38.8404562752942], [-76.9856850343933, 38.840433492568], [-76.9857586423476, 38.8404108903555], [-76.9858244178911, 38.8403913506975], [-76.9858904225049, 38.8403719901559], [-76.985956428017, 38.8403529003908], [-76.9860225476152, 38.8403339904422], [-76.986088783096, 38.8403153505708], [-76.9861551335612, 38.8402968912158], [-76.9862215999091, 38.8402787019385], [-76.9862881794447, 38.8402606931779], [-76.9863547598786, 38.8402429544953], [-76.9864215720779, 38.8402253956302], [-76.9864861932861, 38.8402072958957], [-76.9865510462598, 38.8401893766782], [-76.9866160142177, 38.8401719080606], [-76.9866812121444, 38.840154708822], [-76.9867464100711, 38.8401377803618], [-76.9868118388649, 38.8401212122415], [-76.9868773826429, 38.8401050044613], [-76.9869430414054, 38.8400890667604], [-76.9870088151522, 38.8400734900999], [-76.9870747038833, 38.8400582730805], [-76.9871359833587, 38.8400447668185], [-76.9871974954978, 38.840031621598], [-76.9872590067386, 38.8400188360198], [-76.9873206320653, 38.8400062309614], [-76.9873823741732, 38.8399939862452], [-76.9874442294687, 38.8399821018716], [-76.9875060865608, 38.8399703973185], [-76.9875306905181, 38.8399659045552], [-76.9875681727234, 38.8399590531082], [-76.9876302606826, 38.8399480692407], [-76.9876924627278, 38.8399373561551], [-76.9877426830437, 38.839928893299], [-76.9877930219373, 38.8399207012254], [-76.9878434740186, 38.839912778535], [-76.9878939260999, 38.8399049468045], [-76.9879444940639, 38.839897385157], [-76.9879950611295, 38.8398900033314], [-76.9880456272969, 38.8398828915889], [-76.9880963111435, 38.8398759603681], [-76.9881469922952, 38.8398692089694], [-76.9881977902279, 38.8398627283537], [-76.9883431565055, 38.8398458970823], [-76.9883770220934, 38.8398419367826], [-76.9885076425256, 38.8398376252334]]]}, "properties": {"TrashRouteArea": "OR806", "CollectionDays": "Friday", "RunsPerWeek": 1, "TrashStatusUpdate": "Scheduled Other Day", "TStatus": "Scheduled Other Day", "ServiceArea": "Outer Ring"}}, {"type": "Feature", "geometry": {"type": "Polygon", "coordinates": [[[-76.9435235371877, 38.8707807421829], [-76.9397305086984, 38.8692330929154], [-76.9437024735075, 38.8661357313618], [-76.9438175414072, 38.8660460629683], [-76.9440354538305, 38.865875998366], [-76.9441928799908, 38.8657533158596], [-76.9444931814004, 38.8655193036374], [-76.9445897997008, 38.8654437689092], [-76.9446604530962, 38.8653884817348], [-76.9446957568868, 38.865360851421], [-76.9447717372919, 38.8653014318362], [-76.9449096304846, 38.8651935759862], [-76.9452136976319, 38.8649564829313], [-76.9453957124781, 38.8648145498666], [-76.945603010408, 38.8646526757417], [-76.9456703418335, 38.8646002781048], [-76.9457815990798, 38.8645137588284], [-76.9457620265864, 38.8670705183278], [-76.9457117757277, 38.867236610107], [-76.948114222937, 38.8688919042522], [-76.9481152874406, 38.8688926379374], [-76.9481835629955, 38.8688123130054], [-76.9484392711361, 38.8685442737172], [-76.9484931826295, 38.8685025611561], [-76.9486570577952, 38.8683197625048], [-76.9487151257935, 38.8682551179271], [-76.9487217724283, 38.868247722258], [-76.948722150619, 38.868247301207], [-76.9488752208485, 38.8680770900959], [-76.9490681807682, 38.8678645669351], [-76.9493157753251, 38.8675889276004], [-76.9493962841375, 38.8674976684432], [-76.9495221893127, 38.8673576603843], [-76.9495838802166, 38.8673107734474], [-76.9496899739466, 38.8671937098449], [-76.949740947949, 38.8671325648964], [-76.949809220809, 38.8670508880719], [-76.9498684988379, 38.8669798369359], [-76.9499531587652, 38.8668784114282], [-76.9501272405892, 38.8666848219055], [-76.9505484139135, 38.8662187353763], [-76.9509012766487, 38.8659057128206], [-76.9513258123672, 38.8656021656846], [-76.9530036344509, 38.8662870426724], [-76.9531272408373, 38.8663369987234], [-76.9532229698056, 38.8663756832865], [-76.9532407097358, 38.8663828070687], [-76.9533106345975, 38.8664113917187], [-76.9534396551302, 38.8664640524083], [-76.9535839973284, 38.8665230247804], [-76.954048935675, 38.8667111241765], [-76.9543269076616, 38.8668266309337], [-76.9547640862693, 38.8670045373975], [-76.955334206556, 38.8672382544673], [-76.9557505406559, 38.8674054292695], [-76.9559551373517, 38.8674884737673], [-76.9561119248098, 38.8675522223767], [-76.9562150298449, 38.8675940599934], [-76.9563300007265, 38.8676407669908], [-76.9567266374672, 38.8678036967381], [-76.9570775400784, 38.8679496720967], [-76.9571230451375, 38.8679684264268], [-76.9572222335179, 38.8680094510695], [-76.9573202702581, 38.8680499343358], [-76.9576443339036, 38.8681838273939], [-76.9583077837583, 38.868462065558], [-76.9584178049228, 38.8685040844879], [-76.9585672270939, 38.8685611604467], [-76.9583210554683, 38.8688233980277], [-76.9580226755552, 38.869290917357], [-76.9576994599193, 38.8698406892297], [-76.9573348103893, 38.8701344860945], [-76.9569756298027, 38.8702692599678], [-76.9568045797928, 38.8703044202128], [-76.956513150145, 38.8703314205443], [-76.9551097804486, 38.8704390398961], [-76.9557595390801, 38.8724695477647], [-76.9515817522731, 38.874063240479], [-76.9504065205228, 38.8735848514945], [-76.9500460364808, 38.8734425454086], [-76.9499974196576, 38.8734224357463], [-76.949809864901, 38.8733448826411], [-76.9496634395097, 38.8732842835971], [-76.9495853300974, 38.8732519097214], [-76.9495447783489, 38.873235136705], [-76.9495068757321, 38.8732194456121], [-76.9493891362428, 38.8731707490706], [-76.9488740539369, 38.872961800252], [-76.9488091937768, 38.8729351967654], [-76.9486820085022, 38.8728830723943], [-76.9435235371877, 38.8707807421829]]]}, "properties": {"TrashRouteArea": "OR705", "CollectionDays": "Friday", "RunsPerWeek": 1, "TrashStatusUpdate": "Scheduled Other Day", "TStatus": "Scheduled Other Day", "ServiceArea": "Outer Ring"}}, {"type": "Feature", "geometry": {"type": "Polygon", "coordinates": [[[-76.9863893638817, 38.8626354451644], [-76.9863777863943, 38.8626454042951], [-76.9844607492386, 38.8614944292864], [-76.9835016925699, 38.860854700386], [-76.9836680255263, 38.8605375369802], [-76.9836681593752, 38.8599515394198], [-76.9851194362258, 38.8582394376827], [-76.9848343334125, 38.8580417303433], [-76.9846782421487, 38.8579316271099], [-76.9845888498965, 38.8578686463441], [-76.9844999175817, 38.8578058459994], [-76.9843165256181, 38.8576765502569], [-76.9842378466739, 38.8576262726351], [-76.9842272483502, 38.8576195152261], [-76.9841522542953, 38.8575718502909], [-76.9840770311701, 38.8575243658014], [-76.9840016921621, 38.8574769708195], [-76.9839262381699, 38.8574298465229], [-76.9838993974075, 38.8574130872615], [-76.9838724407624, 38.8573963279961], [-76.9838417983298, 38.8573773155499], [-76.9837079376743, 38.8573045723822], [-76.983602073913, 38.8572300845158], [-76.983521896579, 38.8571813378476], [-76.9835066907962, 38.8571719669553], [-76.9831084577493, 38.8569282323816], [-76.9830882977577, 38.8569214728077], [-76.983067676032, 38.8569156142298], [-76.9830465934706, 38.8569108371276], [-76.9830251641595, 38.8569070498626], [-76.9830035048797, 38.8569042545335], [-76.9829817306155, 38.8569024497414], [-76.9829598404687, 38.8569016354864], [-76.9829378344391, 38.8569019027075], [-76.9829159442923, 38.8569032507054], [-76.9828942841142, 38.8569055899397], [-76.9827441100532, 38.856928629016], [-76.9824836516214, 38.8569685876477], [-76.9823578335827, 38.8569909096843], [-76.982249068263, 38.8570101712669], [-76.9821473313622, 38.8570281729897], [-76.9818492631644, 38.8570810064176], [-76.9814794132872, 38.8571456282775], [-76.9812093536616, 38.8571932669163], [-76.9811258094419, 38.857208000394], [-76.9809452624428, 38.8572390503735], [-76.9808003183734, 38.8572640697064], [-76.9807001930502, 38.8572813494518], [-76.9806818737066, 38.8572844994268], [-76.9806604425988, 38.8572881894373], [-76.9806388974051, 38.8572915191907], [-76.9806172363286, 38.8572945782267], [-76.9805954602678, 38.8572971867665], [-76.980573684207, 38.8572995252884], [-76.9805519090445, 38.8573014140138], [-76.9805300179994, 38.8573030313222], [-76.9805080119698, 38.8573041988343], [-76.9804861209247, 38.8573050963286], [-76.9804641148952, 38.8573055426274], [-76.9801676708514, 38.8573110779912], [-76.9797676510554, 38.8573114599334], [-76.9796402250323, 38.8573116180267], [-76.9795343442031, 38.8573117796176], [-76.9795088823547, 38.8573117754204], [-76.9791414678102, 38.857312971613], [-76.9791277577223, 38.8573129688149], [-76.9790270610705, 38.8573127708485], [-76.9788990601257, 38.8573125672859], [-76.9787590765533, 38.8573122720852], [-76.9784546851142, 38.8573069913496], [-76.9781322016053, 38.8573141377258], [-76.9781187214862, 38.8573140453881], [-76.9780219432857, 38.8573133066868], [-76.9779172149949, 38.8573124756478], [-76.9777558012131, 38.8573111843194], [-76.9773629248202, 38.8573120993018], [-76.9773251362895, 38.8573095698092], [-76.9772874618448, 38.8573062295638], [-76.9772500191654, 38.8573020785653], [-76.977233982441, 38.8572999848782], [-76.9772126914704, 38.8572972063532], [-76.9771754796581, 38.8572915240875], [-76.9771384987128, 38.8572851206078], [-76.9771017477362, 38.8572779063744], [-76.9770652276266, 38.8572699723258], [-76.9770290542668, 38.8572613170625], [-76.9769931108756, 38.8572518510448], [-76.9769590099291, 38.857243196479], [-76.9769252557323, 38.8572334604408], [-76.9768920782539, 38.8572227338688], [-76.9768593616113, 38.8572108362839], [-76.9768274516557, 38.8571980377037], [-76.9767961184186, 38.8571841583489], [-76.9767655918686, 38.857169288458], [-76.9767458244408, 38.8571587990167], [-76.9767358720058, 38.8571535182697], [-76.9767069588301, 38.8571368463844], [-76.9766789682241, 38.8571191846606], [-76.976814616527, 38.85390218395], [-76.9772394181467, 38.8540175758011], [-76.9774289905194, 38.8540615375504], [-76.9777344338857, 38.8541219976783], [-76.9780925382906, 38.8541824584542], [-76.9782786153185, 38.8542044553712], [-76.9785454517888, 38.8542347098653], [-76.9787069580971, 38.8542457209086], [-76.978949215763, 38.8542539987776], [-76.9792336053139, 38.854256797009], [-76.9794618214136, 38.8542568375834], [-76.9797484630409, 38.8542414829863], [-76.9799767644805, 38.8542248656834], [-76.980195930952, 38.8542010939931], [-76.980524677515, 38.854158313885], [-76.9807407951044, 38.8541178842701], [-76.9810756412282, 38.8540513036896], [-76.9813282968935, 38.8539870777675], [-76.9815352938877, 38.8539323665179], [-76.981644875776, 38.8538990618077], [-76.9817514276468, 38.8538681432867], [-76.9818397068864, 38.8538395913705], [-76.9819584264377, 38.8538015309921], [-76.9821562902605, 38.8537277823927], [-76.9824175679558, 38.8536362067306], [-76.9828202764095, 38.8534850238018], [-76.9833049013356, 38.8533051240226], [-76.983440257686, 38.8532549209625], [-76.9835784823571, 38.8532055566492], [-76.9836473121724, 38.8531817566355], [-76.9838312871426, 38.8531227948848], [-76.9840112978475, 38.8530659045108], [-76.9842296962593, 38.8530038393708], [-76.9844057301224, 38.852957289256], [-76.9846002998231, 38.8529107412094], [-76.9847869293149, 38.8528776507892], [-76.9850168055012, 38.8528460518405], [-76.985336590471, 38.8528082931456], [-76.985514333828, 38.8527873080781], [-76.9859077339387, 38.8527511688628], [-76.9864631101766, 38.8527286146364], [-76.987087906423, 38.8527196405148], [-76.9876664196694, 38.8527377923325], [-76.9880482297162, 38.8527649742285], [-76.988678799435, 38.8528193218991], [-76.9887575511427, 38.8528309970552], [-76.9892283761494, 38.852900801003], [-76.9899052288682, 38.8530139537558], [-76.9901255658445, 38.8530613747977], [-76.9903209018081, 38.8531132709517], [-76.9905936330233, 38.8531795767802], [-76.9907963423587, 38.8532372379872], [-76.9909621992079, 38.8532833653801], [-76.9911096235258, 38.8533265993339], [-76.9913491862458, 38.8534015495046], [-76.9915776898063, 38.8534822633165], [-76.991731829031, 38.8535427931937], [-76.9918651632736, 38.8535975649055], [-76.992008899109, 38.8536696241937], [-76.992134202413, 38.8537359169116], [-76.992263192403, 38.8538108575566], [-76.9924437897077, 38.8539290331095], [-76.9926133170732, 38.8540529728395], [-76.9927496759434, 38.8541711451918], [-76.9928676157571, 38.8542749022637], [-76.9929708097253, 38.854372893438], [-76.9930850502766, 38.8544910638597], [-76.9934537377339, 38.8550218888314], [-76.9936335705723, 38.8555030659056], [-76.99490249481, 38.855648567744], [-76.9950804160335, 38.8553601625865], [-76.9959907876071, 38.8557899147004], [-76.996076811177, 38.8560743076526], [-76.9956035580241, 38.8581568412664], [-76.995619456408, 38.8581712730517], [-76.9961836558985, 38.8582658997701], [-76.996288500072, 38.8582995493965], [-76.9964355551823, 38.8583857012932], [-76.996489888884, 38.8584116470827], [-76.9965439710573, 38.8584141891274], [-76.9971894671828, 38.858855511613], [-76.9985449836241, 38.85742494424], [-76.9988381991227, 38.857593873441], [-76.9963875995192, 38.8600465827703], [-76.9966845061953, 38.8602294719441], [-76.999203481965, 38.8618090975633], [-76.9960140943971, 38.8630296194672], [-76.9960677858033, 38.8630654743705], [-76.9961205555381, 38.8630974562855], [-76.9962197591898, 38.8631574554747], [-76.9963289862435, 38.8632261930879], [-76.9963726542478, 38.86325430057], [-76.9964420158659, 38.8632989847566], [-76.9965440995164, 38.8633742084017], [-76.9967086672832, 38.8634814493822], [-76.9965015750675, 38.8635228459326], [-76.9964441933821, 38.8635335638602], [-76.9961472606548, 38.8635887762353], [-76.9960971382552, 38.8635985939403], [-76.9960470158556, 38.8636083214128], [-76.9959968925577, 38.8636180481846], [-76.9959466551738, 38.8636277756544], [-76.9958965327742, 38.8636374128919], [-76.9958462944919, 38.8636470501281], [-76.9957961720923, 38.8636566873629], [-76.9957459338101, 38.8636663245965], [-76.9956956964261, 38.8636759618287], [-76.9956454581439, 38.8636855088286], [-76.9955971790872, 38.8636949662958], [-76.9955490150149, 38.8637046930557], [-76.9955008509427, 38.8637146009756], [-76.9954528018548, 38.8637246879571], [-76.9954047536652, 38.8637349560985], [-76.9953568195616, 38.8637454040009], [-76.9953088863563, 38.863756031664], [-76.9952610681354, 38.8637668397874], [-76.9952133648989, 38.8637778283708], [-76.9951656616624, 38.8637889967149], [-76.995112311616, 38.8638008855051], [-76.9950590783506, 38.8638131352167], [-76.9950060741555, 38.8638257444505], [-76.9949530708588, 38.8638387146052], [-76.9949405106145, 38.8638418663882], [-76.9949088234412, 38.8638498829397], [-76.9949002975308, 38.8638520442819], [-76.9948477541715, 38.8638657348791], [-76.9947952108123, 38.8638797856973], [-76.9947430142027, 38.8638941967361], [-76.9946908166948, 38.8639089679954], [-76.9946388491556, 38.8639241001745], [-76.9945947176206, 38.8639374305346], [-76.99455070107, 38.8639509413535], [-76.9945069153865, 38.8639649019242], [-76.9944632446872, 38.863979133184], [-76.9944196889724, 38.8639937246639], [-76.9943764782106, 38.8640085868326], [-76.9943332683471, 38.8640238085216], [-76.9942904034367, 38.8640393911294], [-76.9942476544089, 38.864055243726], [-76.9942233415058, 38.8640645213824], [-76.9942051353499, 38.8640714572411], [-76.9941097270802, 38.8641080264682], [-76.9940146646619, 38.8641444606805], [-76.9939790590373, 38.8641581064559], [-76.9938472384559, 38.864208727091], [-76.9938199287729, 38.8642205262802], [-76.9937927349726, 38.8642325066274], [-76.9937657720394, 38.8642447562646], [-76.9937389231922, 38.8642572765905], [-76.993712305212, 38.8642700669055], [-76.9936858031145, 38.8642830376787], [-76.9932747187691, 38.8645049645555], [-76.9932406681283, 38.8645247990563], [-76.9932273011968, 38.8645328155308], [-76.9932016048881, 38.8645482182668], [-76.9931744101896, 38.8645645218994], [-76.9931088439536, 38.8646048756296], [-76.9930887935564, 38.8646176665816], [-76.9930440835064, 38.8646460407056], [-76.9929800138637, 38.8646878359669], [-76.9929166359238, 38.8647303516421], [-76.9928835644466, 38.8647537714844], [-76.9928507229382, 38.8647773717782], [-76.9928177664453, 38.8648009713647], [-76.9927850399212, 38.8648245716428], [-76.992781583204, 38.8648270938735], [-76.9927523133971, 38.8648483516727], [-76.992719586873, 38.8648721316946], [-76.9926869762315, 38.8648960019381], [-76.9926544796761, 38.8649198728729], [-76.9926220990034, 38.8649438326303], [-76.9925897183307, 38.8649678833084], [-76.9925564150881, 38.8649958075449], [-76.9925233427126, 38.8650238213002], [-76.9924905003059, 38.8650520155031], [-76.9924580037505, 38.8650804803825], [-76.9924256221794, 38.8651090347802], [-76.9923935864597, 38.8651377696247], [-76.9923616657244, 38.8651665939873], [-76.9903992088497, 38.8638133856247], [-76.9912236933972, 38.8633254645464], [-76.9885519896562, 38.8606679292253], [-76.9880349499214, 38.8612198998257], [-76.9863893638817, 38.8626354451644]], [[-76.9889030512693, 38.860909812016], [-76.9890197055937, 38.8610518011404], [-76.9892337112439, 38.8609422950374], [-76.9898145834662, 38.8615421972148], [-76.9900591623787, 38.8614184083354], [-76.9892737141218, 38.860677742437], [-76.9889030512693, 38.860909812016]]]}, "properties": {"TrashRouteArea": "OR804", "CollectionDays": "Friday", "RunsPerWeek": 1, "TrashStatusUpdate": "Scheduled Other Day", "TStatus": "Scheduled Other Day", "ServiceArea": "Outer Ring"}}, {"type": "Feature", "geometry": {"type": "Polygon", "coordinates": [[[-77.0516805482754, 38.9381982288262], [-77.0516667950684, 38.9381709503441], [-77.0516502813385, 38.9381430318129], [-77.0516316907037, 38.9381158350613], [-77.0516125251471, 38.9380902600574], [-77.0515915153493, 38.9380654969719], [-77.0515686595135, 38.9380417246811], [-77.0515440753191, 38.9380190340214], [-77.0515179918365, 38.9379974263913], [-77.0514902949797, 38.9379769898322], [-77.0514612147173, 38.9379579046186], [-77.0514307510494, 38.9379400820121], [-77.0513990189603, 38.9379237001911], [-77.0513661361293, 38.9379086704173], [-77.0510717106, 38.9378139415434], [-77.0506752059117, 38.9377119617571], [-77.0504306431689, 38.9376625219564], [-77.05038496204, 38.9376550643387], [-77.0503390509425, 38.9376483271178], [-77.0502930248606, 38.9376423116917], [-77.0502468846927, 38.9376370173615], [-77.0502005136577, 38.9376324420315], [-77.0501541426227, 38.9376286779349], [-77.0501075425174, 38.9376256363323], [-77.0500610573963, 38.9376234038671], [-77.0500143423066, 38.9376218931974], [-77.0499677439979, 38.9376211022269], [-77.0499022289659, 38.9376208597652], [-77.0498368298166, 38.9376213370026], [-77.0497714315656, 38.9376225367343], [-77.0497060333146, 38.9376244554665], [-77.0496407509463, 38.9376270051583], [-77.0495754685779, 38.9376303667824], [-77.0495101880063, 38.9376344474068], [-77.0494451383016, 38.9376391610866], [-77.0493800885969, 38.9376446825061], [-77.0493151538766, 38.937650836282], [-77.0490961320339, 38.9376701158271], [-77.0490433075019, 38.9376740119827], [-77.0489902512046, 38.9376765560828], [-77.0489370790247, 38.9376776600866], [-77.0488840209307, 38.9376774113364], [-77.0488309619385, 38.937675632353], [-77.0487779020479, 38.9376725020128], [-77.048725072126, 38.93766792948], [-77.0486725871572, 38.9376619140555], [-77.0486202162745, 38.9376544592326], [-77.0485683062275, 38.9376457431888], [-77.0485336977328, 38.9376369293207], [-77.0484992033242, 38.9376273950536], [-77.048465054767, 38.9376173199626], [-77.0484462503332, 38.9376113820936], [-77.0484312520612, 38.9376066146091], [-77.0483977952068, 38.9375952782941], [-77.0483646833054, 38.9375833096199], [-77.0483320331381, 38.9375707120798], [-77.0482996129395, 38.9375575737143], [-77.0482677694593, 38.9375437149476], [-77.0482361550495, 38.937529403396], [-77.0482301561, 38.937526794308], [-77.0482240412679, 38.9375242732609], [-77.0482180414201, 38.9375215733368], [-77.0482121565567, 38.9375187839741], [-77.0482062725916, 38.9375159939125], [-77.0482003877281, 38.9375130235763], [-77.0481946187474, 38.9375100525413], [-77.048188964751, 38.9375069927664], [-77.0481833116529, 38.9375039322926], [-77.0481777708442, 38.9375006908455], [-77.0481530797503, 38.9374869187113], [-77.0481286177268, 38.937472786724], [-77.0481045015547, 38.9374583822258], [-77.0480806153513, 38.9374436192716], [-77.0480570758976, 38.9374285845048], [-77.048033881397, 38.9374131905829], [-77.0480110327477, 38.9373976149854], [-77.0479885308482, 38.9373816802323], [-77.0479662589173, 38.937365473666], [-77.0479444478222, 38.9373489079437], [-77.0479274840364, 38.9373356724123], [-77.0479107502193, 38.9373221671647], [-77.0478943622536, 38.9373084816396], [-77.0478782042565, 38.9372945250006], [-77.0478623930092, 38.9372803880838], [-77.0478468126289, 38.9372660715878], [-77.0478315781, 38.9372515741151], [-77.0478165735398, 38.937236897063], [-77.047801914831, 38.9372220397326], [-77.0477876028719, 38.9372070014252], [-77.0477719057107, 38.9371915138238], [-77.0477569002522, 38.9371756649696], [-77.0477427023791, 38.9371593654236], [-77.0477291962088, 38.9371427060217], [-77.0477164976239, 38.9371256839688], [-77.0477044898435, 38.9371083041557], [-77.0476934055312, 38.9370906518289], [-77.0476830129217, 38.9370726389466], [-77.0476735419837, 38.9370543577424], [-77.0476648795294, 38.9370358934629], [-77.0476559826148, 38.9370126553655], [-77.0476482391371, 38.936989146148], [-77.0476415332135, 38.9369654580443], [-77.0476358657423, 38.9369416790961], [-77.0476312358254, 38.9369177184663], [-77.0476277593452, 38.9368935782512], [-77.0476268304872, 38.936884479202], [-77.0476249709746, 38.9368625903308], [-77.0476239181491, 38.9368406106161], [-77.0476239028777, 38.9368186294971], [-77.0476248110745, 38.9367967392081], [-77.0476279030757, 38.9367631372381], [-77.0476307642098, 38.9367296253903], [-77.0476335103597, 38.9366960233885], [-77.0476360238458, 38.936662420672], [-77.0476381941756, 38.9366288200357], [-77.0476402477243, 38.9365952179861], [-77.047642070406, 38.9365616159206], [-77.047643663119, 38.9365279243994], [-77.047645024965, 38.936494322302], [-77.0476461559439, 38.9364607215861], [-77.0476470614457, 38.9364359467516], [-77.0476475070101, 38.9364112648419], [-77.0476476058248, 38.9363864927851], [-77.0476473578898, 38.9363618094607], [-77.0476466500173, 38.9363370359891], [-77.0476454795125, 38.9363123547437], [-77.0476439640546, 38.9362876713936], [-77.0476419868627, 38.9362629901311], [-77.0476396629211, 38.9362383095588], [-77.047636879042, 38.9362136261829], [-77.0476325940781, 38.936188314621], [-77.0476283091142, 38.9361629136098], [-77.047624140033, 38.9361375125896], [-77.0476199709517, 38.9361121101628], [-77.0476160327375, 38.9360867091243], [-77.047612093625, 38.9360613059806], [-77.0476081554108, 38.9360359056227], [-77.0476044480636, 38.9360105038582], [-77.0476007398181, 38.9359850119454], [-77.0475970315726, 38.9359596087652], [-77.047593661992, 38.9359216846057], [-77.0475909832158, 38.9358836716842], [-77.0475893437904, 38.9358456573447], [-77.0475885101538, 38.9358075521467], [-77.0475886008837, 38.9357695363689], [-77.047589613285, 38.9357314325275], [-77.0475914332717, 38.9356934167089], [-77.0475941758283, 38.9356554001712], [-77.047597841853, 38.9356174737528], [-77.0476023145648, 38.9355796360562], [-77.0476038057682, 38.9355672044644], [-77.0477156073935, 38.9350607656517], [-77.0477552248941, 38.9350206790395], [-77.0477808421511, 38.9349696721328], [-77.0479345708457, 38.9347018740905], [-77.0481022611564, 38.9343921782589], [-77.0481837859634, 38.934253724737], [-77.0482420219466, 38.9341644553719], [-77.048283957999, 38.9341061547685], [-77.0483437714239, 38.9340492817091], [-77.0484083315468, 38.9340018630011], [-77.0484351615293, 38.9339851874845], [-77.0484846362436, 38.9339544393699], [-77.0485312650951, 38.9339303156155], [-77.0486220739905, 38.9338948283929], [-77.0487056837873, 38.9338633416349], [-77.0488239047736, 38.9338307459078], [-77.0489363954067, 38.93379429782], [-77.0490076192323, 38.9337712857622], [-77.0490862784136, 38.9337460138576], [-77.0493525372672, 38.9336691506242], [-77.0494075465019, 38.933659758374], [-77.0494608219881, 38.9336452329118], [-77.0495113252734, 38.9336257538199], [-77.0495584814359, 38.9336015901233], [-77.0499066549653, 38.9333990270268], [-77.0499682192067, 38.9333622460983], [-77.0500245893891, 38.9333206945829], [-77.0500751887941, 38.9332748189927], [-77.0501665771029, 38.933149556979], [-77.0503155285568, 38.9332218346791], [-77.050611549494, 38.9333654996138], [-77.0506751017071, 38.9333960215793], [-77.0507652952566, 38.933439425512], [-77.0509012831226, 38.9335055907083], [-77.050952943438, 38.9335307033774], [-77.051108306168, 38.9336062306997], [-77.0514023382353, 38.9337513406218], [-77.0515883649576, 38.9338496463583], [-77.0517497239422, 38.9339310933504], [-77.0521399592881, 38.933788020725], [-77.0522602257384, 38.9337478802865], [-77.0526020104494, 38.9336485451115], [-77.0535408783804, 38.9333814737021], [-77.0535868838011, 38.9335165768907], [-77.05373210006, 38.9340499147969], [-77.0535881854599, 38.934378251093], [-77.0533616141756, 38.93475074157], [-77.0536436411574, 38.9348724258779], [-77.053777904258, 38.9349240372852], [-77.0538988192919, 38.934977489896], [-77.0540210018487, 38.9350290516147], [-77.0541445669126, 38.93507862951], [-77.0542334075993, 38.9351125676839], [-77.0542693994994, 38.9351263158226], [-77.0545881711696, 38.9352445371275], [-77.0549094814787, 38.9353632962801], [-77.0553520490799, 38.9355256870824], [-77.0556748622705, 38.9356459746437], [-77.0560797042229, 38.9357919866778], [-77.0562488417196, 38.9358542422439], [-77.0564195916921, 38.9359137055344], [-77.0565371362471, 38.9359522278313], [-77.0565919541407, 38.9359701941817], [-77.0567659299634, 38.9360237976334], [-77.057098866269, 38.936104080104], [-77.0574313426371, 38.9361857131699], [-77.0574932949507, 38.9362035194472], [-77.0575540956241, 38.9362233073778], [-77.0576139746259, 38.9362450783574], [-77.0576725870033, 38.9362686514078], [-77.0577070841068, 38.936283587198], [-77.0577410080852, 38.9362990652151], [-77.0577744703295, 38.9363152643389], [-77.0578073558554, 38.9363321824727], [-77.0578326281593, 38.9363469442607], [-77.0578576686979, 38.9363619750644], [-77.0578824792677, 38.9363771868409], [-77.0579070598689, 38.9363926683314], [-77.0579314096029, 38.9364084209331], [-77.05795552847, 38.9364242650675], [-77.0579794173684, 38.9364404676564], [-77.0580029604153, 38.936456761079], [-77.0580263875796, 38.9364734143533], [-77.0580494697908, 38.936490158461], [-77.0581703012814, 38.9365759479313], [-77.058203997986, 38.9365966497193], [-77.0582383863934, 38.9366165409547], [-77.0582734638086, 38.9366357110778], [-77.0583091206372, 38.9366540713482], [-77.0583454673719, 38.9366717084113], [-77.0583825058094, 38.93668862646], [-77.0584200050826, 38.9367046417246], [-77.0584580801759, 38.9367198464401], [-77.0584967319876, 38.9367343314441], [-77.0585358437368, 38.9367479136657], [-77.058668706364, 38.9367869246311], [-77.0587238233965, 38.936799938064], [-77.0587664098292, 38.9368051346322], [-77.0587989773515, 38.9368083768099], [-77.0588307067457, 38.9368109712507], [-77.0588549217325, 38.9368125895444], [-77.0588791376176, 38.9368151853825], [-77.0589004312831, 38.9368171313876], [-77.0589233940184, 38.9368190759952], [-77.05894885946, 38.9368200416609], [-77.0589776675329, 38.9368223083898], [-77.0590094023169, 38.9368247162651], [-77.0590329651268, 38.9368265001611], [-77.0590565279367, 38.936827834764], [-77.0590783686762, 38.9368291700657], [-77.0591042293766, 38.9368296067813], [-77.0591306658971, 38.9368304913924], [-77.0591611232768, 38.93683047602], [-77.0591892845627, 38.9368304613464], [-77.0592145712396, 38.936830448769], [-77.0592449163299, 38.9368322333636], [-77.0592281672414, 38.9368034164178], [-77.0591766524531, 38.9367147106565], [-77.058985605945, 38.9363857332445], [-77.058661156024, 38.9358295454579], [-77.0585737212007, 38.9356799614591], [-77.0585116961236, 38.9355739642431], [-77.0584597204996, 38.9354849886208], [-77.0583742502919, 38.9353388257213], [-77.0581338880714, 38.9349204197853], [-77.057960175455, 38.9346204398625], [-77.0577431541604, 38.9342494042398], [-77.0577113924269, 38.9341948302517], [-77.0576708532548, 38.9341250362787], [-77.0576512178793, 38.93409126394], [-77.057594278165, 38.9339932820703], [-77.0603575858105, 38.9339893507738], [-77.0606542176021, 38.9342381722037], [-77.0609871566026, 38.9342601464361], [-77.0612918462824, 38.9341926535802], [-77.0613947608746, 38.9339878756641], [-77.0663889042725, 38.933980771239], [-77.0663902526437, 38.9337074127982], [-77.0663918345769, 38.933498744084], [-77.0664895236691, 38.9334985980394], [-77.0665310446999, 38.9334985749797], [-77.0668972366372, 38.9334981850617], [-77.066953636464, 38.9334981536167], [-77.0672184499283, 38.9335000731593], [-77.0677038977112, 38.9334979013579], [-77.0680940773616, 38.9334951523661], [-77.0685366225049, 38.9334955241159], [-77.0685476942408, 38.9334955178269], [-77.0686371960875, 38.9334957358455], [-77.0687396148096, 38.9334959454789], [-77.0690864300863, 38.933496822445], [-77.069522283679, 38.9334942208952], [-77.0698874380622, 38.9334940937177], [-77.0703999898139, 38.9334922545344], [-77.070790749776, 38.9334931000556], [-77.070851070749, 38.933493243305], [-77.0708862478772, 38.9334932216429], [-77.0709841678364, 38.9334929819621], [-77.0711001960351, 38.9334926416573], [-77.0716471173296, 38.9334903259075], [-77.0720443352802, 38.9334903517623], [-77.0722565541813, 38.9334911211167], [-77.0724174487369, 38.9334917423302], [-77.0724171091737, 38.9334973269626], [-77.0724149586069, 38.9335378665449], [-77.0724132697741, 38.9335784054051], [-77.0724124963247, 38.9336114659347], [-77.0724120678283, 38.9336445271476], [-77.0724117561129, 38.9336775876464], [-77.0724116734679, 38.9337106488285], [-77.0724118225882, 38.9337437092964], [-77.0724122025756, 38.9337767690502], [-77.0724126975473, 38.9338098287885], [-77.0724135383704, 38.9338428885114], [-77.0724144941779, 38.9338759489177], [-77.0724157967351, 38.9339090079111], [-77.072417560128, 38.9339420675878], [-77.0724192085365, 38.9339750371073], [-77.0724209719294, 38.9340080967532], [-77.0724225053536, 38.9340410669408], [-77.0724241537621, 38.9340741258572], [-77.0724255713037, 38.9341070939178], [-77.0724271038295, 38.9341401535022], [-77.0724285204727, 38.9341732130711], [-77.0724298239282, 38.934206183182], [-77.0724311264854, 38.9342392427201], [-77.0724329976761, 38.9342646458178], [-77.0724353297026, 38.9342901369514], [-77.0724380084788, 38.9343155400309], [-77.0724411480907, 38.9343408501649], [-77.0724446344523, 38.9343662511299], [-77.072448465767, 38.9343915633422], [-77.0724526438314, 38.9344167847054], [-77.0724572827315, 38.9344420046622], [-77.0724623833657, 38.93446722461], [-77.0724677148669, 38.9344923544077], [-77.0724732754385, 38.9345164926451], [-77.0724791818615, 38.9345406322718], [-77.072482656545, 38.9345545922479], [-77.0724852041672, 38.9345646796531], [-77.0724914564415, 38.9345886382827], [-77.0724980554656, 38.9346125969043], [-77.0725048844584, 38.9346365534215], [-77.0725070835342, 38.9346439400825], [-77.0725119443182, 38.934660421886], [-77.0725191200607, 38.934684288945], [-77.0725266407563, 38.9347081573934], [-77.0725343932172, 38.934731843456], [-77.0725402879621, 38.9347451724092], [-77.0726113842269, 38.9349052950418], [-77.0727778438457, 38.9352695772085], [-77.0728547153795, 38.9354372641177], [-77.0728943643212, 38.9355238109177], [-77.0729321663267, 38.9356063027252], [-77.0729332065758, 38.9356086435612], [-77.0730900748823, 38.9359526638535], [-77.0731033672535, 38.9359806698924], [-77.0731516840394, 38.9360824341577], [-77.0732260088494, 38.9362393122662], [-77.0732552049944, 38.9362949167351], [-77.0734659273022, 38.9366962434935], [-77.0735041766687, 38.936766122978], [-77.0735424269335, 38.9368360037911], [-77.0735617254407, 38.9368710332618], [-77.0735807930809, 38.9369058838366], [-77.0736191583301, 38.936975764512], [-77.0736576394619, 38.9370455549807], [-77.0736961205937, 38.9371154355184], [-77.0737347167099, 38.9371852244522], [-77.07374881487, 38.9372106188085], [-77.0737729561949, 38.9372543669821], [-77.0737429264133, 38.9373162907602], [-77.073729089663, 38.9373205321129], [-77.0737150211473, 38.9373242347367], [-77.0737008376473, 38.9373273965355], [-77.0736864223819, 38.9373300189069], [-77.0736717762495, 38.9373321905909], [-77.0736571292188, 38.9373338207513], [-77.0751552127872, 38.9398569036241], [-77.0676554910938, 38.9404628771052], [-77.0671110096237, 38.9406633553452], [-77.0641692211043, 38.9405810510845], [-77.0628385089447, 38.940877395584], [-77.0620640785248, 38.9409760142435], [-77.061568225556, 38.9409743436419], [-77.0614351131972, 38.9409741438126], [-77.0612393676018, 38.9409738859907], [-77.0611469318574, 38.9409735687791], [-77.0607139546702, 38.9409720875263], [-77.0602519852556, 38.940972777846], [-77.0598704132622, 38.9409718017563], [-77.0593328919389, 38.9409739677391], [-77.0587897175176, 38.9409744232942], [-77.0587650327119, 38.9409744358709], [-77.0586330872646, 38.9409745462661], [-77.0585982479029, 38.9407336228947], [-77.0585213143854, 38.9404951868068], [-77.0582977066432, 38.9402799666889], [-77.055411484314, 38.9389392834875], [-77.0516934822189, 38.9382288612075], [-77.0516812345883, 38.9381995906538], [-77.0516805482754, 38.9381982288262]], [[-77.0692395299602, 38.939020945431], [-77.0692628592081, 38.9387365539682], [-77.0702327935766, 38.9387500861967], [-77.0704589669073, 38.9387230217371], [-77.0708678189391, 38.9382493843366], [-77.0713158159579, 38.9382392345697], [-77.0714245534297, 38.9380599280713], [-77.0710635456699, 38.9380531622409], [-77.0710896426272, 38.9376934655069], [-77.0710868596464, 38.9376220133802], [-77.0692607706251, 38.9376458305308], [-77.0692663374849, 38.9374249769149], [-77.0689169548231, 38.9374368988004], [-77.0689579027287, 38.9390182853911], [-77.0692395299602, 38.939020945431]]]}, "properties": {"TrashRouteArea": "OR313", "CollectionDays": "Monday", "RunsPerWeek": 1, "TrashStatusUpdate": "Scheduled Other Day", "TStatus": "Scheduled Other Day", "ServiceArea": "Outer Ring"}}, {"type": "Feature", "geometry": {"type": "Polygon", "coordinates": [[[-77.0511621799323, 38.9455908528731], [-77.0511495990267, 38.9455729301811], [-77.0511349340297, 38.9455522177392], [-77.0511201540483, 38.9455314151642], [-77.0511065284021, 38.9455126841082], [-77.0510927877715, 38.9454940424758], [-77.0510790471409, 38.945475401537], [-77.0510653065104, 38.9454566704663], [-77.0510515658798, 38.9454380295177], [-77.0510380552179, 38.9454192076113], [-77.0510250071884, 38.9454005666529], [-77.0510121891276, 38.9453818348637], [-77.0509993710668, 38.9453630129423], [-77.050986553006, 38.9453441910159], [-77.0509735049765, 38.9453255500378], [-77.0509601101973, 38.9453070886107], [-77.0509497184861, 38.9452930399255], [-77.0509390959079, 38.9452790820634], [-77.050928357447, 38.9452651234999], [-77.0509176198844, 38.9452513458872], [-77.0509065355721, 38.9452375682718], [-77.0508953371738, 38.9452238800824], [-77.0508855230793, 38.9452120838681], [-77.0508755940005, 38.9452003770806], [-77.0508655499373, 38.9451887611174], [-77.0508553908897, 38.9451771444536], [-77.0508451141629, 38.9451657087415], [-77.0508346101622, 38.9451542723289], [-77.050821796593, 38.9451408559034], [-77.0508087521568, 38.9451276190319], [-77.0507954768535, 38.945114472984], [-77.0507819706832, 38.9451015071889], [-77.0507682345442, 38.9450886308204], [-77.0507543825225, 38.9450758452758], [-77.0507412240002, 38.9450640504342], [-77.0507277187283, 38.9450524351473], [-77.0507140993703, 38.9450410008124], [-77.0507004791139, 38.9450295664758], [-77.0506866288889, 38.9450181314385], [-77.0506730086325, 38.9450066970981], [-77.0506583499237, 38.9449945424328], [-77.0506435753322, 38.9449822976377], [-77.0506289166234, 38.9449701422695], [-77.0506141429303, 38.9449579875979], [-77.0505993692371, 38.9449458329243], [-77.0505845946456, 38.9449336782485], [-77.0505646268935, 38.9449172016275], [-77.0505447741257, 38.9449007250026], [-77.0505248063736, 38.944884158246], [-77.0505048377231, 38.9448676816135], [-77.050484869971, 38.9448512049771], [-77.0504649022188, 38.9448347290356], [-77.0504096154047, 38.9447901618111], [-77.0503332442325, 38.9447285631521], [-77.050331476348, 38.9447271371725], [-77.0502581684309, 38.9446450129948], [-77.0502324245115, 38.9446161076986], [-77.0502275745073, 38.9446089931596], [-77.0502224936361, 38.9446018786199], [-77.0501316119771, 38.9444814609276], [-77.0501070673086, 38.9444470025365], [-77.0500935674265, 38.9444288161567], [-77.0500788422424, 38.9444096732926], [-77.0500596461431, 38.9443904940925], [-77.0500408048783, 38.9443685188073], [-77.0500273085894, 38.9443551203985], [-77.0500089066009, 38.9443398083275], [-77.0499929606062, 38.9443283249708], [-77.0499696538162, 38.9443130163873], [-77.0499353166128, 38.9443005835319], [-77.0498798474406, 38.9442792279404], [-77.0498589625086, 38.9442704980388], [-77.0498477703984, 38.9442669907071], [-77.0498028672107, 38.9442508520883], [-77.0497783414068, 38.9442432030286], [-77.0497574933056, 38.9442365104501], [-77.0496885781503, 38.9442194656466], [-77.0496946615414, 38.9441796154724], [-77.0497060351112, 38.9441346342217], [-77.0497105859765, 38.9441172645107], [-77.0497145610216, 38.944094997794], [-77.0497139627436, 38.9440535832193], [-77.049711653175, 38.9440139516369], [-77.0497059282117, 38.9439809993609], [-77.0496949121714, 38.9439232783442], [-77.0496712460552, 38.9438181199842], [-77.049639687341, 38.9437499661942], [-77.0496280811075, 38.9437279089652], [-77.0496157418488, 38.9436925579969], [-77.0496066634745, 38.9436583360741], [-77.0495968529733, 38.9436130841043], [-77.0495935786141, 38.9435927204289], [-77.0495855818114, 38.9435511434674], [-77.0495853087236, 38.9435488811456], [-77.0495808458932, 38.9435118288044], [-77.0495804533295, 38.9434682696416], [-77.0495829596291, 38.9434266891137], [-77.0495743456838, 38.9433730074164], [-77.0496167228091, 38.9433288326304], [-77.0496819108543, 38.943252380827], [-77.0497090714169, 38.9432192514304], [-77.0498209934165, 38.9431096623756], [-77.0499158465273, 38.9430052490034], [-77.0499176476495, 38.9430037587102], [-77.0499221634804, 38.9429983522922], [-77.0499250237163, 38.9429949273423], [-77.0499335523216, 38.9429842039362], [-77.0499419650442, 38.942973300268], [-77.0499500319154, 38.9429623972967], [-77.0499578679197, 38.9429513133645], [-77.0499677781339, 38.9429363552235], [-77.0499771107314, 38.9429210372565], [-77.0499859815948, 38.942905629156], [-77.0499945066069, 38.9428901316203], [-77.0500029166345, 38.9428745439508], [-77.0500114416466, 38.9428589555792], [-77.0500196217056, 38.9428440882479], [-77.0500275699992, 38.9428291314816], [-77.0500354033085, 38.942814083883], [-77.0500457689685, 38.9427911082892], [-77.050056249613, 38.9427680425573], [-77.050066615273, 38.9427449768179], [-77.0500769800348, 38.9427219117697], [-77.0500872307105, 38.9426988460154], [-77.0500974804879, 38.9426757802535], [-77.0501055401726, 38.9426571294908], [-77.0501136034506, 38.9426383885925], [-77.0501216649319, 38.9426196483879], [-77.0501296105306, 38.9426009074796], [-77.0501375570277, 38.9425821665665], [-77.0501455026263, 38.9425634263471], [-77.050155060701, 38.9425405408028], [-77.0501645037912, 38.9425176559498], [-77.0501738309988, 38.9424946809586], [-77.0501832731908, 38.9424717953922], [-77.050192716281, 38.9424488203861], [-77.05020238934, 38.9424259355035], [-77.0502118324303, 38.942403770963], [-77.0502213905049, 38.9423816064156], [-77.0502310644622, 38.9423594418612], [-77.0502408543022, 38.942337367431], [-77.0502505273611, 38.9423152028628], [-77.0502602013184, 38.9422931284188], [-77.0502692994556, 38.9422723151058], [-77.0502783975928, 38.9422515919179], [-77.05028749573, 38.9422308694226], [-77.0502965938672, 38.9422101462227], [-77.0503056920044, 38.9421894230166], [-77.050314905126, 38.9421687005032], [-77.0503231974744, 38.9421498693444], [-77.0503313739401, 38.9421310381806], [-77.0503396653902, 38.9421122077106], [-77.0503479577385, 38.9420933765368], [-77.0503563650713, 38.9420745460568], [-77.0503648873884, 38.9420558050045], [-77.0503743322753, 38.9420356218435], [-77.0503838912482, 38.9420154393755], [-77.0503935670021, 38.9419952569017], [-77.0504033577404, 38.941975163855], [-77.0504132634631, 38.9419550715014], [-77.0504234000527, 38.941935068575], [-77.0504323850022, 38.94191758863], [-77.0504417158031, 38.9419001988123], [-77.0504510466039, 38.9418828082917], [-77.0504603774048, 38.9418654184655], [-77.0504698240883, 38.9418481187668], [-77.0504791548892, 38.9418307282334], [-77.0504877948856, 38.9418144199756], [-77.0504963189993, 38.9417980208836], [-77.050504843113, 38.9417817119196], [-77.0505133681251, 38.9417654036505], [-77.0505221231058, 38.9417491848109], [-77.0505311089536, 38.9417329659675], [-77.0505396339657, 38.9417180984], [-77.0505482748604, 38.9417032315281], [-77.0505571457238, 38.9416884540863], [-77.0505660174856, 38.9416736766414], [-77.0505748892473, 38.9416588991935], [-77.0505837601107, 38.9416440316105], [-77.0505933226769, 38.9416279923084], [-77.0506030011258, 38.9416119537013], [-77.050612563692, 38.9415958242599], [-77.0506221262582, 38.9415797856455], [-77.0506315729417, 38.9415636568955], [-77.0506407896565, 38.9415474380097], [-77.05064966052, 38.9415315796487], [-77.0506584155007, 38.941515631152], [-77.0506670554971, 38.9414996826516], [-77.0506755796109, 38.9414836440155], [-77.0506839887402, 38.9414676053759], [-77.0506923978696, 38.9414515674312], [-77.0507000003119, 38.9414367906357], [-77.0507078336211, 38.9414221032706], [-77.0507154360634, 38.9414073264689], [-77.0507229235213, 38.9413925496642], [-77.0507301792138, 38.9413775925917], [-77.0507369731723, 38.9413626362148], [-77.0507425023029, 38.9413495719154], [-77.0507479137542, 38.9413365069151], [-77.0507532111194, 38.9413233524785], [-77.0507581617349, 38.9413101086059], [-77.0507627656008, 38.941296864032], [-77.0507670245135, 38.9412835300219], [-77.0507719715358, 38.9412654210852], [-77.050776225957, 38.9412472227101], [-77.0507799045581, 38.9412288440652], [-77.0507832364095, 38.9412104661143], [-77.0507863373938, 38.9411920874599], [-77.0507894392765, 38.9411737094994], [-77.0507921953078, 38.9411566821259], [-77.0507949513391, 38.9411395653142], [-77.0507974774017, 38.9411225386312], [-77.0507998866832, 38.9411054218113], [-77.0508020668944, 38.94108839512], [-77.0508041303246, 38.9410712789906], [-77.0508065369113, 38.9410485767237], [-77.0508084817639, 38.941025965281], [-77.0508101957494, 38.9410032636983], [-77.0508117947506, 38.9409805621084], [-77.0508135087362, 38.9409578598124], [-77.0508153377061, 38.9409351582079], [-77.05081705259, 38.9409135374923], [-77.0508188824582, 38.9408920069031], [-77.0508207132248, 38.9408703861744], [-77.050822543093, 38.940848855572], [-77.0508246038283, 38.9408273249631], [-77.0508270113132, 38.9408057943478], [-77.0508295319859, 38.9407826420292], [-77.0508321685413, 38.9407595798361], [-77.0508350359637, 38.9407365169369], [-77.0508381342531, 38.9407134547289], [-77.0508418083626, 38.9406904819478], [-77.0508461759715, 38.9406675985938], [-77.050849969557, 38.9406503915309], [-77.0508538781268, 38.9406331837651], [-77.0508580193602, 38.9406160661284], [-77.0508626214294, 38.9405990386209], [-77.0508676843344, 38.9405820104106], [-77.050873093989, 38.9405651624629], [-77.050878849495, 38.9405491257116], [-77.0508850667351, 38.9405331783913], [-77.0508916307249, 38.9405173205021], [-77.0508985405661, 38.9405014633081], [-77.0509055653916, 38.9404856955453], [-77.0509124743344, 38.9404699277789], [-77.0509186933711, 38.9404559626789], [-77.0509252582593, 38.940442087011], [-77.0509318231473, 38.9404282113404], [-77.0509383880354, 38.940414335667], [-77.0509447220565, 38.9404004599909], [-77.0509507102262, 38.9403864040449], [-77.0509548550529, 38.9403759527412], [-77.0509590007779, 38.9403654113024], [-77.0509629147376, 38.940354869862], [-77.0509668286973, 38.9403442382864], [-77.050970742657, 38.9403336968429], [-77.050974657515, 38.9403231553978], [-77.0509950447804, 38.9402821592438], [-77.0510141627263, 38.9402408025311], [-77.0510320113527, 38.9401990866564], [-77.0510484756752, 38.9401570102217], [-77.0510636715765, 38.9401146647577], [-77.0510774822757, 38.9400720495651], [-77.0510900245537, 38.9400291646436], [-77.0511011825279, 38.9399861001267], [-77.0511110711825, 38.9399427658798], [-77.0511195755333, 38.9398992520369], [-77.0511269309388, 38.9398615039644], [-77.0511348621645, 38.939823846006], [-77.0511433710069, 38.9397862774633], [-77.0511524565676, 38.9397487089007], [-77.0511621188468, 38.9397112304526], [-77.0511722428601, 38.9396739315549], [-77.0511830585761, 38.9396366326377], [-77.0511908829022, 38.9396105949326], [-77.0511943351279, 38.9395995132712], [-77.0512061892964, 38.9395624840199], [-77.0512185051989, 38.9395255448841], [-77.0512337109817, 38.9394985128615], [-77.0513229118928, 38.9395515330114], [-77.0513343357683, 38.9395582840257], [-77.0516805482754, 38.9381982288262], [-77.0516812345883, 38.9381995906538], [-77.0516934822189, 38.9382288612075], [-77.055411484314, 38.9389392834875], [-77.0582977066432, 38.9402799666889], [-77.0585213143854, 38.9404951868068], [-77.0585982479029, 38.9407336228947], [-77.0586330872646, 38.9409745462661], [-77.0587650327119, 38.9409744358709], [-77.0587897175176, 38.9409744232942], [-77.0593328919389, 38.9409739677391], [-77.0598704132622, 38.9409718017563], [-77.0602519852556, 38.940972777846], [-77.0607139546702, 38.9409720875263], [-77.0611469318574, 38.9409735687791], [-77.0612393676018, 38.9409738859907], [-77.0614351131972, 38.9409741438126], [-77.061568225556, 38.9409743436419], [-77.0620640785248, 38.9409760142435], [-77.0628385089447, 38.940877395584], [-77.0641692211043, 38.9405810510845], [-77.0671110096237, 38.9406633553452], [-77.0676554910938, 38.9404628771052], [-77.0751552127872, 38.9398569036241], [-77.0752035286748, 38.9398529971076], [-77.0752468669974, 38.9399319721407], [-77.0752903212026, 38.9400109470859], [-77.0753337745095, 38.940089921943], [-77.0753772287148, 38.9401688967122], [-77.0754207979043, 38.9402478713935], [-77.0754669102245, 38.940331618878], [-77.075513137529, 38.940415365565], [-77.0755538105501, 38.9404893127613], [-77.0755592498492, 38.9404992029851], [-77.0756053630677, 38.9405829508715], [-77.0756515903722, 38.9406666979603], [-77.0756977035907, 38.9407505350833], [-77.0757438159108, 38.9408342826729], [-77.0757899291293, 38.9409180294648], [-77.0758359264651, 38.9410018669893], [-77.0758468023683, 38.9410216172483], [-77.0758820396836, 38.9410856142821], [-77.0758969481241, 38.9411125394967], [-77.0759301175176, 38.9411726034539], [-77.0759433200574, 38.9411965137368], [-77.0759639804106, 38.941233927818], [-77.0759781953516, 38.9412595918205], [-77.0760243085701, 38.9413433395074], [-77.0760261582013, 38.9413466709113], [-77.0760741201526, 38.9414336597629], [-77.0761220830023, 38.9415206492065], [-77.076132715462, 38.9415400101458], [-77.0761700458519, 38.9416077279767], [-77.0762178937172, 38.9416947172067], [-77.0762657415825, 38.9417817957631], [-77.0763135894478, 38.9418688749113], [-77.0763614373131, 38.9419558638209], [-77.0764565554269, 38.9421286710097], [-77.0765089092417, 38.9422236735961], [-77.0765682016437, 38.942331374062], [-77.0766209040048, 38.9424269178614], [-77.0769693685884, 38.9430593411063], [-77.0769842779271, 38.94308617614], [-77.077030970559, 38.9431700124982], [-77.0770877189321, 38.943271858672], [-77.0771430794081, 38.9433710937305], [-77.0772281444756, 38.9435238181371], [-77.0772593501519, 38.9435798291141], [-77.0774206992551, 38.9438717713014], [-77.0774664693171, 38.9439547068375], [-77.0775019518725, 38.944018912922], [-77.0775330434628, 38.9440751037657], [-77.0775632097884, 38.9441297637722], [-77.0778797841793, 38.9446986972223], [-77.0778860256739, 38.9447101337083], [-77.077909266887, 38.9447525707478], [-77.0779304105338, 38.9447911783708], [-77.0780789397795, 38.945057146238], [-77.0780791823247, 38.9450575787109], [-77.0781460753723, 38.9451773624363], [-77.0786281203369, 38.9460405263041], [-77.0788909691857, 38.9465111892091], [-77.0796761021339, 38.9479170482083], [-77.0773677525522, 38.94791067176], [-77.0758041566468, 38.949742809194], [-77.0746066421859, 38.949692412292], [-77.0746069646811, 38.9479065204662], [-77.0746056549374, 38.9470961360272], [-77.0723495971868, 38.9470971036488], [-77.0721538435066, 38.9467646392528], [-77.0717348450036, 38.9462863766997], [-77.0715821125407, 38.9462866505712], [-77.0714921345869, 38.9462868860169], [-77.0710960000044, 38.9462871270517], [-77.0710108945128, 38.9462868510843], [-77.0705809293767, 38.9462854579726], [-77.070331369306, 38.9462857535023], [-77.070271658289, 38.9462858240662], [-77.0699493499516, 38.9462847565262], [-77.0699469280936, 38.9462847579236], [-77.0699148025424, 38.9462182616125], [-77.0696485023663, 38.946105064456], [-77.0694182147517, 38.9460555725192], [-77.0689239302413, 38.9459948091534], [-77.0684198792472, 38.9460009349571], [-77.0681166619062, 38.9460376862747], [-77.0679237046815, 38.9461081273531], [-77.067909611013, 38.9462851484699], [-77.0678757184756, 38.9462861216918], [-77.0678738517765, 38.9462861601177], [-77.0678682139498, 38.9462861349662], [-77.0678559708108, 38.9462860804714], [-77.0678382057277, 38.9462856403208], [-77.067820324762, 38.9462848396658], [-77.0678025587806, 38.9462836792051], [-77.0677847919009, 38.9462821582402], [-77.0677741783058, 38.9462809928889], [-77.0677670259195, 38.9462802767708], [-77.0677493740242, 38.9462780347971], [-77.0677318371132, 38.9462753421928], [-77.0676483045716, 38.9462607969578], [-77.0674594203084, 38.9462352779893], [-77.0672780953683, 38.9462281831752], [-77.0665205487841, 38.9462310867742], [-77.0664967838533, 38.9462308296702], [-77.0664730216174, 38.9462309330707], [-77.0664492593815, 38.946231487102], [-77.0664256121299, 38.9462324016379], [-77.066401849894, 38.9462336759796], [-77.0663782026425, 38.9462354016508], [-77.066354672172, 38.9462374864291], [-77.0663311399048, 38.9462399324107], [-77.0663076112308, 38.9462428283241], [-77.0662841975413, 38.9462460847419], [-77.0662617055232, 38.9462492503348], [-77.0662393302861, 38.9462533164901], [-77.0662173017987, 38.9462582832077], [-77.0661955041783, 38.9462640610599], [-77.0661741700886, 38.946270739474], [-77.0661532968347, 38.9462781381975], [-77.0661328862131, 38.9462863473563], [-77.0661130532083, 38.9462953662515], [-77.0660937978202, 38.94630519628], [-77.0660752350331, 38.9463156564908], [-77.0660603625253, 38.9463247634123], [-77.0660452591504, 38.9463335999545], [-77.0660300398929, 38.9463424364957], [-77.0660145897683, 38.9463510033565], [-77.065999140542, 38.9463594800902], [-77.0659834595505, 38.9463676864449], [-77.0659676626762, 38.9463758026728], [-77.0659517508176, 38.9463838287738], [-77.0659356080919, 38.9463915851947], [-77.0659194653662, 38.9463991613628], [-77.0658909842802, 38.9464119690256], [-77.0658623873114, 38.9464245971328], [-77.0658335594756, 38.9464369541616], [-77.0658046157572, 38.9464490415092], [-77.0657755570544, 38.9464609493017], [-77.0657462665862, 38.9464725860159], [-77.0657168611337, 38.9464840431753], [-77.0656873397985, 38.9464952299554], [-77.065657703479, 38.946506147055], [-77.0656278353941, 38.9465168832027], [-77.0655877049554, 38.9465318594518], [-77.0655474595324, 38.9465467462706], [-77.065507213211, 38.9465614521362], [-77.0654668519053, 38.9465761579988], [-77.0654264897013, 38.9465907744313], [-77.0653860125129, 38.9466053000364], [-77.0653455353245, 38.9466198263372], [-77.0653050581361, 38.9466341716851], [-77.0652644659634, 38.9466484276031], [-77.0652238728923, 38.9466625933927], [-77.0651482230673, 38.9466899307875], [-77.0650936773632, 38.9467095991175], [-77.0650081128324, 38.9467436078773], [-77.0650089213162, 38.9467451386134], [-77.0650507468758, 38.9468172718094], [-77.0567982720086, 38.9455914013201], [-77.0556624493499, 38.9462113337745], [-77.0511621799323, 38.9455908528731]], [[-77.0538457935373, 38.9398037069275], [-77.0531852299696, 38.9397399574797], [-77.0531468449575, 38.9397453159348], [-77.0529982258802, 38.9397583302221], [-77.0530888766722, 38.9401471059759], [-77.0539279678263, 38.9406868165312], [-77.0544573261586, 38.9406273292949], [-77.0538457935373, 38.9398037069275]]]}, "properties": {"TrashRouteArea": "OR312", "CollectionDays": "Monday", "RunsPerWeek": 1, "TrashStatusUpdate": "Scheduled Other Day", "TStatus": "Scheduled Other Day", "ServiceArea": "Outer Ring"}}, {"type": "Feature", "geometry": {"type": "MultiPolygon", "coordinates": [[[[-77.0781460753723, 38.9451773624363], [-77.0780791823247, 38.9450575787109], [-77.078102857424, 38.9450994174865], [-77.0781460753723, 38.9451773624363]]], [[[-77.0520418991917, 38.9523626009286], [-77.050444590412, 38.9455907641435], [-77.0511621799323, 38.9455908528731], [-77.0556624493499, 38.9462113337745], [-77.0567982720086, 38.9455914013201], [-77.0650507468758, 38.9468172718094], [-77.0650089213162, 38.9467451386134], [-77.0650081128324, 38.9467436078773], [-77.0650936773632, 38.9467095991175], [-77.0651482230673, 38.9466899307875], [-77.0652238728923, 38.9466625933927], [-77.0652644659634, 38.9466484276031], [-77.0653050581361, 38.9466341716851], [-77.0653455353245, 38.9466198263372], [-77.0653860125129, 38.9466053000364], [-77.0654264897013, 38.9465907744313], [-77.0654668519053, 38.9465761579988], [-77.065507213211, 38.9465614521362], [-77.0655474595324, 38.9465467462706], [-77.0655877049554, 38.9465318594518], [-77.0656278353941, 38.9465168832027], [-77.065657703479, 38.946506147055], [-77.0656873397985, 38.9464952299554], [-77.0657168611337, 38.9464840431753], [-77.0657462665862, 38.9464725860159], [-77.0657755570544, 38.9464609493017], [-77.0658046157572, 38.9464490415092], [-77.0658335594756, 38.9464369541616], [-77.0658623873114, 38.9464245971328], [-77.0658909842802, 38.9464119690256], [-77.0659194653662, 38.9463991613628], [-77.0659356080919, 38.9463915851947], [-77.0659517508176, 38.9463838287738], [-77.0659676626762, 38.9463758026728], [-77.0659834595505, 38.9463676864449], [-77.065999140542, 38.9463594800902], [-77.0660145897683, 38.9463510033565], [-77.0660300398929, 38.9463424364957], [-77.0660452591504, 38.9463335999545], [-77.0660603625253, 38.9463247634123], [-77.0660752350331, 38.9463156564908], [-77.0660937978202, 38.94630519628], [-77.0661130532083, 38.9462953662515], [-77.0661328862131, 38.9462863473563], [-77.0661532968347, 38.9462781381975], [-77.0661741700886, 38.946270739474], [-77.0661955041783, 38.9462640610599], [-77.0662173017987, 38.9462582832077], [-77.0662393302861, 38.9462533164901], [-77.0662617055232, 38.9462492503348], [-77.0662841975413, 38.9462460847419], [-77.0663076112308, 38.9462428283241], [-77.0663311399048, 38.9462399324107], [-77.066354672172, 38.9462374864291], [-77.0663782026425, 38.9462354016508], [-77.066401849894, 38.9462336759796], [-77.0664256121299, 38.9462324016379], [-77.0664492593815, 38.946231487102], [-77.0664730216174, 38.9462309330707], [-77.0664967838533, 38.9462308296702], [-77.0665205487841, 38.9462310867742], [-77.0672780953683, 38.9462281831752], [-77.0674594203084, 38.9462352779893], [-77.0676483045716, 38.9462607969578], [-77.0677318371132, 38.9462753421928], [-77.0677493740242, 38.9462780347971], [-77.0677670259195, 38.9462802767708], [-77.0677741783058, 38.9462809928889], [-77.0677847919009, 38.9462821582402], [-77.0678025587806, 38.9462836792051], [-77.067820324762, 38.9462848396658], [-77.0678382057277, 38.9462856403208], [-77.0678559708108, 38.9462860804714], [-77.0678738517765, 38.9462861601177], [-77.0678917318439, 38.9462857891335], [-77.067909611013, 38.9462851484699], [-77.0679237046815, 38.9461081273531], [-77.0681166619062, 38.9460376862747], [-77.0684198792472, 38.9460009349571], [-77.0689239302413, 38.9459948091534], [-77.0694182147517, 38.9460555725192], [-77.0696485023663, 38.946105064456], [-77.0699148025424, 38.9462182616125], [-77.0699493499516, 38.9462847565262], [-77.070271658289, 38.9462858240662], [-77.070331369306, 38.9462857535023], [-77.0705809293767, 38.9462854579726], [-77.0710108945128, 38.9462868510843], [-77.0710960000044, 38.9462871270517], [-77.0714921345869, 38.9462868860169], [-77.0715821125407, 38.9462866505712], [-77.0717348450036, 38.9462863766997], [-77.0721538435066, 38.9467646392528], [-77.0723495971868, 38.9470971036488], [-77.0746056549374, 38.9470961360272], [-77.0746069646811, 38.9479065204662], [-77.0746066421859, 38.949692412292], [-77.0758041566468, 38.949742809194], [-77.0757275321497, 38.949828707682], [-77.0757249962057, 38.9498315922709], [-77.0756471068806, 38.9499207343253], [-77.0753909783285, 38.9502256501908], [-77.0751026945808, 38.9505625645658], [-77.0750301017227, 38.9506449473595], [-77.0749467928615, 38.9507394075915], [-77.0736956579614, 38.9521509482294], [-77.0734912993191, 38.9521066922876], [-77.0681248904742, 38.9521041018994], [-77.0662220601748, 38.9519895903034], [-77.0651712909055, 38.9518593188779], [-77.0616342867636, 38.9518564630139], [-77.0616351554345, 38.9516501132649], [-77.061277049233, 38.9515193759477], [-77.0612602345675, 38.9506170742595], [-77.0607725957937, 38.9503337402022], [-77.0599430501378, 38.9503250222239], [-77.0594554113639, 38.9503119456039], [-77.0580877811411, 38.9503598941303], [-77.0576545173913, 38.9504377983656], [-77.0577004662181, 38.950763987407], [-77.0573400693126, 38.9509846220275], [-77.0569669971785, 38.9512468556791], [-77.0566728447371, 38.9513500755769], [-77.0562029180456, 38.9514253973927], [-77.055679183167, 38.9516095183694], [-77.0547083316186, 38.9520494431514], [-77.0548680008722, 38.9521328406714], [-77.0549648051238, 38.9524276083666], [-77.0520418991917, 38.9523626009286]]]]}, "properties": {"TrashRouteArea": "OR310", "CollectionDays": "Monday", "RunsPerWeek": 1, "TrashStatusUpdate": "Scheduled Other Day", "TStatus": "Scheduled Other Day", "ServiceArea": "Outer Ring"}}, {"type": "Feature", "geometry": {"type": "Polygon", "coordinates": [[[-77.0803005776817, 38.9630980090883], [-77.0803150845752, 38.9610277905024], [-77.08030978721, 38.961027793995], [-77.0802991619368, 38.96102780098], [-77.0800930920039, 38.9610278526695], [-77.0799820952691, 38.9610278380008], [-77.0796629085773, 38.9610279106455], [-77.0780170458564, 38.9610282654868], [-77.0777652579638, 38.9610284624656], [-77.077240650821, 38.9610288703934], [-77.077143962452, 38.961028934656], [-77.0770385047292, 38.9610290038081], [-77.0770298503598, 38.9610290100947], [-77.0768154701122, 38.9610259981348], [-77.0768033554323, 38.961025915711], [-77.0766741848809, 38.9610260994182], [-77.0765177019517, 38.9610263222418], [-77.0762159524579, 38.9610267504263], [-77.076153532122, 38.9610267015308], [-77.0758369271883, 38.9610267266771], [-77.0757194113795, 38.9610264863908], [-77.0753680191865, 38.9610257690246], [-77.0749963780686, 38.9610255573772], [-77.0747025014099, 38.9610243042566], [-77.0746847327336, 38.9610243154326], [-77.0745956593833, 38.9610244628175], [-77.0745001244511, 38.9610247038023], [-77.0743558990339, 38.961024885414], [-77.0740045652314, 38.9610260093109], [-77.0734970054178, 38.961025428852], [-77.0733115886515, 38.9610251843747], [-77.0732620007495, 38.9609385562452], [-77.0731813203589, 38.9607975372508], [-77.073178431377, 38.9607926749314], [-77.0729500365126, 38.9603988860175], [-77.0729064619331, 38.9603239649064], [-77.0728654277893, 38.9602532753145], [-77.0728610377225, 38.9602455308883], [-77.072781978791, 38.9601094657839], [-77.0725943925933, 38.9597896986279], [-77.0725860706005, 38.9597752008714], [-77.0725391444067, 38.9596945156157], [-77.0724979979734, 38.9596236458762], [-77.0723774476556, 38.9594162604812], [-77.0722375979321, 38.9591770874209], [-77.0722016509477, 38.9591138716048], [-77.0721558808857, 38.9590336361454], [-77.0745940379242, 38.9590340880918], [-77.0745974640987, 38.9547012893899], [-77.0792720524955, 38.9547087528989], [-77.079360220344, 38.9541996600063], [-77.0798361900023, 38.9521125451112], [-77.0801936332471, 38.9508132168732], [-77.0803106388129, 38.9507344942821], [-77.0803116009086, 38.9508714192086], [-77.0803116188749, 38.9508876345642], [-77.0803116745704, 38.9511418479035], [-77.0803126375644, 38.9512798541785], [-77.0803137281192, 38.9514283999802], [-77.0803131343328, 38.9517205389857], [-77.080313237639, 38.9520169109733], [-77.0803129115506, 38.952034387031], [-77.080311730266, 38.9521124899223], [-77.0804137115086, 38.9521100783746], [-77.0807283733863, 38.9521105841569], [-77.0811192923502, 38.9521112114946], [-77.0811374050813, 38.9521110640912], [-77.0811540167275, 38.952110196437], [-77.0811712041938, 38.9521084730047], [-77.0811883907619, 38.9521059385042], [-77.0812052305802, 38.9521026837527], [-77.0812218386331, 38.9520986186315], [-77.0812380999364, 38.9520938332591], [-77.08125401449, 38.9520883269368], [-77.0812694664112, 38.952082100363], [-77.0812869925424, 38.9520739805969], [-77.0813338190232, 38.9521641209161], [-77.0814079318308, 38.9523065808232], [-77.0815214716961, 38.9525257631627], [-77.0816473885495, 38.9527716909638], [-77.0816947962403, 38.9528648936994], [-77.0817316810659, 38.9529373846312], [-77.081756310176, 38.9529856513338], [-77.081786489078, 38.9530450848882], [-77.0818869683375, 38.9532404041389], [-77.0819561224447, 38.9533608481687], [-77.08197253197, 38.9534067268311], [-77.0819736881018, 38.9534089783595], [-77.0821063171669, 38.9536707559507], [-77.0821469048481, 38.9537514410796], [-77.0821828671039, 38.9538233023849], [-77.0822125851701, 38.9538822853532], [-77.0822220668879, 38.9539009254783], [-77.0825680377482, 38.9545798158502], [-77.0825883881827, 38.9546192571031], [-77.0826340630233, 38.9547081367613], [-77.0826745339235, 38.9547870204994], [-77.082680778113, 38.9547990875617], [-77.0829433880099, 38.9553175976649], [-77.0832310905477, 38.9558817609887], [-77.0832720267752, 38.9559619057119], [-77.0833115742072, 38.9560394384449], [-77.0833824611646, 38.9561786562561], [-77.0837792146863, 38.9569528129207], [-77.0838196891797, 38.9570316969544], [-77.0838600468922, 38.9571105802018], [-77.083869876258, 38.95712976085], [-77.0842912804494, 38.9579577678193], [-77.084330367944, 38.958034760496], [-77.0847226343808, 38.9588014400928], [-77.0847945678755, 38.9589429080216], [-77.084848459606, 38.9590488060357], [-77.0849077870423, 38.9591655100713], [-77.0850603281641, 38.95946528416], [-77.0852687328184, 38.959877440901], [-77.08538287725, 38.9600995915678], [-77.0856546544544, 38.9606287179658], [-77.0856620574706, 38.9606439364103], [-77.0857124879924, 38.960747584778], [-77.0857349791121, 38.9607900059292], [-77.0853989193644, 38.9610371805242], [-77.08529984507, 38.9611264509795], [-77.0852866128858, 38.9611183993062], [-77.082598956862, 38.9632415101093], [-77.0823057862792, 38.9630996938366], [-77.0803005776817, 38.9630980090883]], [[-77.0768045196489, 38.9609874335813], [-77.07679616891, 38.9605285563932], [-77.0750925624827, 38.9605675172521], [-77.0750897777053, 38.9603986848459], [-77.0748726513079, 38.9604008488381], [-77.0748726522062, 38.9607471726575], [-77.0765623401365, 38.9607363499546], [-77.0765818263916, 38.9609874335813], [-77.0768045196489, 38.9609874335813]], [[-77.0750953463618, 38.9597428294066], [-77.074864300569, 38.9597428287081], [-77.074892137563, 38.9601129660451], [-77.0764537769378, 38.960093485144], [-77.0764760461737, 38.9602709770567], [-77.0766764710933, 38.9602666476673], [-77.0766709042335, 38.9599333090316], [-77.0750953463618, 38.9599311443266], [-77.0750953463618, 38.9597428294066]], [[-77.0750979065603, 38.9586083358407], [-77.075088998866, 38.9584143893311], [-77.07484849022, 38.958415775219], [-77.0748716496863, 38.9587648791062], [-77.0765676842141, 38.9587676494712], [-77.0765765928068, 38.9589879161988], [-77.0767779079569, 38.9589934576098], [-77.076767218005, 38.9586097217249], [-77.0750979065603, 38.9586083358407]], [[-77.0788365995514, 38.9583064164236], [-77.0788254658318, 38.9581865005086], [-77.0788338156723, 38.9580587894308], [-77.07881883357, 38.9579721416082], [-77.0787113348749, 38.9579657122771], [-77.078235326589, 38.9579462307858], [-77.0773572521449, 38.9579629132407], [-77.0773436597363, 38.9583064164236], [-77.0788365995514, 38.9583064164236]], [[-77.0791206459459, 38.9579502997627], [-77.0791259900235, 38.9582910947926], [-77.0793406191045, 38.9582882363938], [-77.0793449678488, 38.9580988350761], [-77.0800147894539, 38.9581258921389], [-77.080032187126, 38.9577335581301], [-77.0797538198807, 38.9577335581301], [-77.0797620035329, 38.9579502990642], [-77.0791206459459, 38.9579502997627]]]}, "properties": {"TrashRouteArea": "OR309", "CollectionDays": "Monday", "RunsPerWeek": 1, "TrashStatusUpdate": "Scheduled Other Day", "TStatus": "Scheduled Other Day", "ServiceArea": "Outer Ring"}}, {"type": "Feature", "geometry": {"type": "Polygon", "coordinates": [[[-77.0768941212086, 38.9672730152204], [-77.0755753225063, 38.9649104454629], [-77.0750509758749, 38.9640063557435], [-77.0663865605679, 38.9640046584441], [-77.0663801762412, 38.9630967203815], [-77.0644148025367, 38.9630547602154], [-77.0639419464391, 38.9636073474806], [-77.0638914458488, 38.9610237754871], [-77.0632586033924, 38.9610229756972], [-77.0632468911577, 38.9598104432324], [-77.0637642479978, 38.9598092613391], [-77.0644297558929, 38.9598124095618], [-77.0649954501802, 38.9585393189161], [-77.0651258361521, 38.9584855962738], [-77.0655449936569, 38.9585706780613], [-77.0655925621462, 38.9585803331518], [-77.0656598010452, 38.9585871563983], [-77.0660392682858, 38.958625660089], [-77.067024362623, 38.9590665772328], [-77.0675435502297, 38.9593978935321], [-77.0675450477212, 38.9593960913439], [-77.0675792780251, 38.959356344701], [-77.0676094730968, 38.9593211950178], [-77.0676148899379, 38.9593147958456], [-77.0676506177334, 38.959273337774], [-77.0676863455289, 38.9592317888699], [-77.0677220733244, 38.9591903300511], [-77.0677578011199, 38.9591488712081], [-77.0677936438997, 38.9591074137378], [-77.0678293716952, 38.959065864038], [-77.0678914910954, 38.9589931306994], [-77.0679918203362, 38.9590288938514], [-77.0679999824289, 38.9590318032128], [-77.0680033268567, 38.9590318046099], [-77.0680129064909, 38.9590342284956], [-77.0721558808857, 38.9590336361454], [-77.0722016509477, 38.9591138716048], [-77.0722375979321, 38.9591770874209], [-77.0723774476556, 38.9594162604812], [-77.0724979979734, 38.9596236458762], [-77.0725391444067, 38.9596945156157], [-77.0725860706005, 38.9597752008714], [-77.0725943925933, 38.9597896986279], [-77.072781978791, 38.9601094657839], [-77.0728610377225, 38.9602455308883], [-77.0728654277893, 38.9602532753145], [-77.0729064619331, 38.9603239649064], [-77.0729500365126, 38.9603988860175], [-77.073178431377, 38.9607926749314], [-77.0731813203589, 38.9607975372508], [-77.0732620007495, 38.9609385562452], [-77.0733115886515, 38.9610251843747], [-77.0734970054178, 38.961025428852], [-77.0740045652314, 38.9610260093109], [-77.0743558990339, 38.961024885414], [-77.0745001244511, 38.9610247038023], [-77.0745956593833, 38.9610244628175], [-77.0746847327336, 38.9610243154326], [-77.0747025014099, 38.9610243042566], [-77.0749963780686, 38.9610255573772], [-77.0753680191865, 38.9610257690246], [-77.0757194113795, 38.9610264863908], [-77.0758369271883, 38.9610267266771], [-77.076153532122, 38.9610267015308], [-77.0762159524579, 38.9610267504263], [-77.0765177019517, 38.9610263222418], [-77.0766741848809, 38.9610260994182], [-77.0768033554323, 38.961025915711], [-77.0768154701122, 38.9610259981348], [-77.0770298503598, 38.9610290100947], [-77.0770385047292, 38.9610290038081], [-77.077143962452, 38.961028934656], [-77.077240650821, 38.9610288703934], [-77.0777652579638, 38.9610284624656], [-77.0780170458564, 38.9610282654868], [-77.0796629085773, 38.9610279106455], [-77.0799820952691, 38.9610278380008], [-77.0800930920039, 38.9610278526695], [-77.0802991619368, 38.96102780098], [-77.08030978721, 38.961027793995], [-77.0803150845752, 38.9610277905024], [-77.0803005776817, 38.9630980090883], [-77.0802886435632, 38.9648010065889], [-77.0803738873954, 38.9649816535603], [-77.080289383775, 38.9650480128295], [-77.0802748571185, 38.9650593726932], [-77.079462430657, 38.9656936586564], [-77.0793387263542, 38.96579022075], [-77.0784255196976, 38.9665031194217], [-77.0782682633189, 38.9666259170403], [-77.0781670869668, 38.9667091800661], [-77.0781312971875, 38.9667329364573], [-77.0781013213048, 38.9667563778397], [-77.0778290033147, 38.9669690639228], [-77.0777715883916, 38.9670144141298], [-77.0775648833498, 38.9671895363392], [-77.0774526235837, 38.9673096458518], [-77.0774503203032, 38.9673134307226], [-77.0774341533231, 38.9673029016711], [-77.0773947801642, 38.9672793263682], [-77.07736429853, 38.9672628612278], [-77.0773359647676, 38.9672507627626], [-77.0773112610973, 38.9672429241127], [-77.0772810696189, 38.9672365179731], [-77.0772508808355, 38.9672322532663], [-77.0772179494954, 38.9672272775418], [-77.0771795312457, 38.9672251605539], [-77.077172232434, 38.9672248483489], [-77.0771466017023, 38.9672237545834], [-77.0771188213022, 38.967224558494], [-77.0770872068924, 38.9672271916331], [-77.0770558251462, 38.9672309953663], [-77.0770246751654, 38.9672360604915], [-77.0770018319061, 38.96724067023], [-77.0769938719343, 38.9672422969089], [-77.0769549964421, 38.9672527721892], [-77.0769392435853, 38.9672581620897], [-77.0768941212086, 38.9672730152204]], [[-77.0721854417467, 38.9605100814631], [-77.0705611799152, 38.9605047965243], [-77.0697796321433, 38.9605153657029], [-77.06964491719, 38.960506910919], [-77.0695335710106, 38.9603900267808], [-77.0692941744789, 38.9603965194566], [-77.0692886076191, 38.960446304534], [-77.0695168686345, 38.9606692504172], [-77.0694862477614, 38.9609354856068], [-77.0697562642678, 38.9609138402569], [-77.0697924520007, 38.9607276919308], [-77.0718690712734, 38.960729855913], [-77.07189412349, 38.9609376502811], [-77.0722058299104, 38.9609592613969], [-77.0721854417467, 38.9605100814631]]]}, "properties": {"TrashRouteArea": "OR307", "CollectionDays": "Monday", "RunsPerWeek": 1, "TrashStatusUpdate": "Scheduled Other Day", "TStatus": "Scheduled Other Day", "ServiceArea": "Outer Ring"}}, {"type": "Feature", "geometry": {"type": "Polygon", "coordinates": [[[-77.0651258361521, 38.9584855962738], [-77.0648933629363, 38.9584353299272], [-77.0645500888185, 38.9583426269832], [-77.0639427881605, 38.9581918198484], [-77.0629884350707, 38.9579984631605], [-77.0621452341242, 38.9579340720523], [-77.0608982197962, 38.9578554300187], [-77.0590901958953, 38.9575095649776], [-77.0589928310949, 38.9574598861108], [-77.0588695193558, 38.9573969684374], [-77.0587041044777, 38.9573125684157], [-77.0580503743943, 38.9567245652335], [-77.0580683685478, 38.9567198716833], [-77.058077250191, 38.9567175252574], [-77.0581034333866, 38.9567089547598], [-77.0581288072001, 38.9566990325685], [-77.0581531416628, 38.9566876706658], [-77.0581765526574, 38.9566750471812], [-77.0581968473963, 38.9566622455642], [-77.0581985775516, 38.956661163511], [-77.0582128742393, 38.956649355229], [-77.058226592412, 38.9566372773049], [-77.0582398515456, 38.9566248396255], [-77.0582525321642, 38.9566120414922], [-77.0582646360643, 38.9565989737162], [-77.0582761623477, 38.9565855454859], [-77.0582871110144, 38.9565718476125], [-77.0582975988453, 38.9565578793975], [-77.0583073940752, 38.9565436415391], [-77.0583166116883, 38.9565291333388], [-77.058331708775, 38.9565086769738], [-77.0583461141589, 38.9564877707359], [-77.0583598260434, 38.9564666849641], [-77.0583728453268, 38.9564452387334], [-77.0583850570248, 38.9564235221567], [-77.0583964611373, 38.9564015366307], [-77.0584070558678, 38.9563793708715], [-77.0584169606921, 38.956356935464], [-77.0584260570327, 38.9563343205214], [-77.0584343448895, 38.9563115253449], [-77.0584377980134, 38.9563008032547], [-77.0584409034894, 38.9562900818615], [-77.0584435481296, 38.9562791809384], [-77.058445731934, 38.9562682800137], [-77.0584474531061, 38.9562573790872], [-77.0584488284268, 38.9562463880457], [-77.0584497429118, 38.9562353075876], [-77.058450310647, 38.9562243172413], [-77.0584503016639, 38.9562132367797], [-77.058449945931, 38.9562022471285], [-77.0584483145905, 38.9561816188248], [-77.0584452980477, 38.9561611714406], [-77.0584408972012, 38.9561409049763], [-77.0584351120507, 38.9561208194319], [-77.0584279425964, 38.9561010049211], [-77.0584193888383, 38.9560815515578], [-77.058409566659, 38.9560624586438], [-77.0583984751602, 38.9560437275764], [-77.0583861161385, 38.9560255364878], [-77.0583724877973, 38.9560079775875], [-77.0583603614393, 38.9559933903407], [-77.0583473125115, 38.9559794338871], [-77.0583332260295, 38.9559660188119], [-77.0583183328604, 38.9559532338321], [-77.0583024012389, 38.9559410810438], [-77.0582856629302, 38.9559297385792], [-77.0582681179344, 38.955919117722], [-77.0582498812358, 38.955909217774], [-77.0582309528344, 38.9559002189631], [-77.0582114477147, 38.9558920311758], [-77.057954650816, 38.9557767628745], [-77.057928683216, 38.9557655153875], [-77.0579030605692, 38.9557537272145], [-77.0578781305234, 38.9557412181272], [-77.0578536604151, 38.955728078239], [-77.0578297670252, 38.9557143075498], [-77.0578064503537, 38.9556999954747], [-77.0577837104006, 38.9556850532964], [-77.0577616612519, 38.9556694796174], [-77.0577403047043, 38.9556533659484], [-77.0577196398595, 38.9556367101936], [-77.0577025539028, 38.9556240173643], [-77.0576882392488, 38.9556125840362], [-77.0576860455629, 38.9556107831489], [-77.05767034391, 38.9555970082455], [-77.0576553339599, 38.9555827827682], [-77.0576412465796, 38.9555680159038], [-77.0576278509021, 38.9555527984649], [-77.0576153777944, 38.955537130451], [-77.0576037122721, 38.9555211012779], [-77.057592970218, 38.9555047116436], [-77.0575831498353, 38.9554879615481], [-77.0575746005687, 38.9554732819841], [-77.0575668588876, 38.9554584221882], [-77.0575601547606, 38.9554432012329], [-77.0575542582191, 38.9554278014426], [-77.0575492842474, 38.9554122186257], [-77.0575453496264, 38.9553964555764], [-77.0575422216926, 38.9553805129931], [-77.0575401322113, 38.955364569009], [-77.0575389652997, 38.9553484447924], [-77.057538835044, 38.955332409988], [-77.0575398627167, 38.9553166455238], [-77.0575414653111, 38.9553009697736], [-77.057543644624, 38.9552852046039], [-77.0575464006553, 38.9552696189614], [-77.0575496184207, 38.9552540333154], [-77.0575534129044, 38.9552385370822], [-77.0575577850049, 38.9552231309603], [-77.0575626179411, 38.9552078142512], [-77.0575680284941, 38.9551925876536], [-77.0575740157655, 38.9551775405836], [-77.0576462978065, 38.954966081411], [-77.0576512457271, 38.9549507646463], [-77.0576556178275, 38.9549352683468], [-77.057659297327, 38.9549197720438], [-77.0576622842253, 38.954904186321], [-77.0576646944052, 38.9548885104796], [-77.0576665269684, 38.954872745218], [-77.0576675528444, 38.9548569806516], [-77.0576680020021, 38.9548412160817], [-77.0576679157638, 38.9548307089278], [-77.0574475904656, 38.9543912799313], [-77.0562978043941, 38.9537490002473], [-77.0556617208162, 38.9533832984963], [-77.0550578247732, 38.9527108467301], [-77.0549648051238, 38.9524276083666], [-77.0548680008722, 38.9521328406714], [-77.0547083316186, 38.9520494431514], [-77.055679183167, 38.9516095183694], [-77.0562029180456, 38.9514253973927], [-77.0566728447371, 38.9513500755769], [-77.0569669971785, 38.9512468556791], [-77.0573400693126, 38.9509846220275], [-77.0577004662181, 38.950763987407], [-77.0576545173913, 38.9504377983656], [-77.0580877811411, 38.9503598941303], [-77.0594554113639, 38.9503119456039], [-77.0607725957937, 38.9503337402022], [-77.0612602345675, 38.9506170742595], [-77.061277049233, 38.9515193759477], [-77.0616351554345, 38.9516501132649], [-77.0616342867636, 38.9518564630139], [-77.0651712909055, 38.9518593188779], [-77.0662220601748, 38.9519895903034], [-77.0681248904742, 38.9521041018994], [-77.0734912993191, 38.9521066922876], [-77.0736956579614, 38.9521509482294], [-77.0737315169109, 38.9521587131009], [-77.0736232007489, 38.952283006119], [-77.0737458926504, 38.9523385994032], [-77.0724839770685, 38.9538774253535], [-77.0722564634514, 38.953886880592], [-77.0715610281827, 38.9547004853371], [-77.0745974640987, 38.9547012893899], [-77.0745940379242, 38.9590340880918], [-77.0721558808857, 38.9590336361454], [-77.0680129064909, 38.9590342284956], [-77.0680033268567, 38.9590318046099], [-77.0679999824289, 38.9590318032128], [-77.0679918203362, 38.9590288938514], [-77.0678914910954, 38.9589931306994], [-77.0678293716952, 38.959065864038], [-77.0677936438997, 38.9591074137378], [-77.0677578011199, 38.9591488712081], [-77.0677220733244, 38.9591903300511], [-77.0676863455289, 38.9592317888699], [-77.0676506177334, 38.959273337774], [-77.0676148899379, 38.9593147958456], [-77.0676094730968, 38.9593211950178], [-77.0675792780251, 38.959356344701], [-77.0675450477212, 38.9593960913439], [-77.0675435502297, 38.9593978935321], [-77.067024362623, 38.9590665772328], [-77.0660392682858, 38.958625660089], [-77.0656598010452, 38.9585871563983], [-77.0655925621462, 38.9585803331518], [-77.0655449936569, 38.9585706780613], [-77.0651258361521, 38.9584855962738]]]}, "properties": {"TrashRouteArea": "OR305", "CollectionDays": "Monday", "RunsPerWeek": 1, "TrashStatusUpdate": "Scheduled Other Day", "TStatus": "Scheduled Other Day", "ServiceArea": "Outer Ring"}}, {"type": "Feature", "geometry": {"type": "Polygon", "coordinates": [[[-77.0663848843116, 38.9686467005227], [-77.0663848061582, 38.9685625639403], [-77.0663835323471, 38.9676907014961], [-77.0663835799578, 38.9676179595506], [-77.0663836302634, 38.9675475154051], [-77.0663841997953, 38.9667969472955], [-77.0663841979987, 38.966794875694], [-77.0663842483043, 38.9667245215286], [-77.0663843004067, 38.9666570498005], [-77.0663848726335, 38.9659086437629], [-77.0663848609554, 38.9658959422968], [-77.0663846759024, 38.9658217142824], [-77.066382839746, 38.9647095217238], [-77.0663865605679, 38.9640046584441], [-77.0750509758749, 38.9640063557435], [-77.0755753225063, 38.9649104454629], [-77.0768941212086, 38.9672730152204], [-77.0771326733239, 38.9677003616299], [-77.072993514074, 38.9707432144317], [-77.0727270468113, 38.9709525515479], [-77.072096438465, 38.9714434410063], [-77.0717267637593, 38.9717317519723], [-77.0716442031948, 38.9717962115551], [-77.0715796313939, 38.9718466074039], [-77.0713998659291, 38.971986794961], [-77.0713197263243, 38.9720494510485], [-77.07124362285, 38.9721089517221], [-77.0711607164342, 38.9721737720326], [-77.0708685232183, 38.9724022178805], [-77.0708288913446, 38.9724334493691], [-77.0705214420403, 38.9726757378994], [-77.0704752030577, 38.9727117986432], [-77.0704132812868, 38.9727601203183], [-77.0702570346145, 38.9728820955611], [-77.0702262466548, 38.9729061662524], [-77.0701243112262, 38.9729856799302], [-77.0697317905662, 38.9732930952424], [-77.0696615656672, 38.973348267678], [-77.0695900714487, 38.9734044317764], [-77.0695281487795, 38.9734530225551], [-77.0694131823895, 38.973543263482], [-77.0689809840416, 38.9738781750825], [-77.0687986700564, 38.9740189012583], [-77.0687097610978, 38.9740875064247], [-77.0663772459367, 38.9759127083824], [-77.0663848843116, 38.9686467005227]]]}, "properties": {"TrashRouteArea": "OR303", "CollectionDays": "Monday", "RunsPerWeek": 1, "TrashStatusUpdate": "Scheduled Other Day", "TStatus": "Scheduled Other Day", "ServiceArea": "Outer Ring"}}, {"type": "Feature", "geometry": {"type": "Polygon", "coordinates": [[[-77.0527833264064, 38.9755660131464], [-77.0527958435316, 38.9754822304737], [-77.0528245509931, 38.9752892617775], [-77.0528366099775, 38.9752098037619], [-77.0529397491485, 38.974546661036], [-77.0529544464849, 38.9744467530966], [-77.052979277716, 38.9742963147632], [-77.0529938304236, 38.9741787396349], [-77.0530018676504, 38.9741233359851], [-77.0530666793015, 38.9737541490135], [-77.0531212501584, 38.9734264944356], [-77.0531664048745, 38.9731616317263], [-77.053203970623, 38.9729327155185], [-77.0532061526309, 38.9729193825712], [-77.0532210952073, 38.9728392018565], [-77.0532378757368, 38.9727492023742], [-77.0532387911201, 38.9727404641068], [-77.0532465867001, 38.972669565514], [-77.0532737580425, 38.9724311048603], [-77.0532844363163, 38.9723587637727], [-77.0532964926057, 38.9722770536356], [-77.0533079739734, 38.972199487688], [-77.0533131401845, 38.972163362431], [-77.0533411514517, 38.971968591204], [-77.0533561901479, 38.9718631881115], [-77.0533978872485, 38.9716072451358], [-77.0534355589982, 38.9713680587551], [-77.0534622084194, 38.9712047275917], [-77.0534715158641, 38.9711518449586], [-77.0534921950819, 38.9710349239069], [-77.0534948424171, 38.9710199535342], [-77.053523098026, 38.9708437394026], [-77.0535257399713, 38.9708274336298], [-77.0535582895273, 38.9706048144433], [-77.0535783408227, 38.9704941041753], [-77.0536011984551, 38.970353204773], [-77.0536450353427, 38.9700290684549], [-77.0536722471093, 38.9698471792951], [-77.0536732828668, 38.9698434853542], [-77.0536951460642, 38.9697609600524], [-77.0537091660708, 38.9696842937094], [-77.0537732932057, 38.9693354650264], [-77.0537867391889, 38.9692620417099], [-77.0538000692894, 38.9691885282204], [-77.0538132835072, 38.9691150146545], [-77.0538262677563, 38.9690415017108], [-77.0538390211384, 38.9689678978952], [-77.0538516586378, 38.9688942947014], [-77.0538640652702, 38.9688206921297], [-77.0538762419339, 38.968747088783], [-77.0538883018166, 38.9686734860583], [-77.0539001317306, 38.9685997931594], [-77.0539770499768, 38.9680784503076], [-77.0539891754365, 38.9679379162723], [-77.0539984307788, 38.9678175165757], [-77.054000266037, 38.9678031475779], [-77.0540021021934, 38.9677889140745], [-77.0540038215689, 38.9677745897711], [-77.0540056577253, 38.9677603562619], [-77.0540074929834, 38.9677460319527], [-77.0540093282415, 38.9677317984379], [-77.0540112793823, 38.9677174741229], [-77.0540131146405, 38.9677032406023], [-77.0540141468047, 38.9676950423054], [-77.0540149498986, 38.9676889162815], [-77.0540169010394, 38.9676746827552], [-77.0540225334762, 38.9676466654901], [-77.0540288585141, 38.9676186454201], [-77.0540350703643, 38.9675929693096], [-77.0540356461844, 38.9675907168349], [-77.0540430096748, 38.9675629684368], [-77.0540509507819, 38.9675352193293], [-77.0540552096947, 38.9675209843753], [-77.0540593536231, 38.9675075603101], [-77.0540683331827, 38.9674800807799], [-77.0540777744763, 38.9674526913382], [-77.054086065028, 38.9674300764447], [-77.0540877924884, 38.9674253912866], [-77.0540983881171, 38.9673981820222], [-77.0541137034944, 38.967356466764], [-77.0541439883976, 38.9672736668695], [-77.0541571118856, 38.9672325829325], [-77.0541765666997, 38.9671719487754], [-77.0542164896275, 38.9670200512989], [-77.0542452285301, 38.9668742844808], [-77.0542903697714, 38.9666035651991], [-77.0543514830585, 38.966243567717], [-77.054396285635, 38.9659823974335], [-77.0543969746428, 38.9659778930802], [-77.0544098349245, 38.9658956419597], [-77.0544221220809, 38.9658171742974], [-77.0544230401591, 38.9658114085161], [-77.0544354387067, 38.9657302384185], [-77.0544384220117, 38.9657079861745], [-77.0544454216844, 38.965654565115], [-77.0544481714275, 38.9656289797909], [-77.0544502285695, 38.9656033951561], [-77.0544517089931, 38.9655778112105], [-77.0544524968156, 38.9655522272557], [-77.0544527079197, 38.9655265538885], [-77.054452227321, 38.9655009706136], [-77.0544511691056, 38.9654753873295], [-77.0544495341718, 38.9654497146329], [-77.0544472057386, 38.9654242228289], [-77.0544441856026, 38.9653986402155], [-77.0544374706958, 38.9653668447587], [-77.0544293687903, 38.9653352294913], [-77.0544198834792, 38.965303795112], [-77.054409012966, 38.965272721825], [-77.0543968740315, 38.9652418287284], [-77.0543832349106, 38.9652113875252], [-77.0543684423528, 38.9651813067172], [-77.0543522654911, 38.9651515870032], [-77.0543348202083, 38.9651223184859], [-77.0543161047077, 38.9650935905695], [-77.0542960058015, 38.9650645930332], [-77.0563239795049, 38.9639136104963], [-77.0587016996877, 38.96559971636], [-77.0591317591468, 38.9658880343495], [-77.0604292974213, 38.9666973923168], [-77.060704092965, 38.9668932697141], [-77.0608776744274, 38.9670690208252], [-77.0611743646095, 38.9676316105882], [-77.0638787805016, 38.9676182738493], [-77.0638797021731, 38.9686472851097], [-77.0663848843116, 38.9686467005227], [-77.0663772459367, 38.9759127083824], [-77.0641892670099, 38.9728461256947], [-77.0636607441108, 38.9728447945635], [-77.0636561366517, 38.972854706113], [-77.0586224601948, 38.9728440116684], [-77.0544865591345, 38.9759949248253], [-77.0544807928487, 38.976000962836], [-77.054473528173, 38.9760080826039], [-77.0544659167476, 38.9760151122828], [-77.0544579594708, 38.9760218723945], [-77.0544495395617, 38.9760283622409], [-77.0544407729028, 38.9760344016455], [-77.0544316603926, 38.9760400813949], [-77.0544226628667, 38.976044769475], [-77.0544130868258, 38.9760489177237], [-77.0544031649334, 38.9760527063177], [-77.0543930121741, 38.9760563140367], [-77.0543829752975, 38.9760599217555], [-77.0543730525068, 38.9760637103489], [-77.0541936355884, 38.976113158283], [-77.0541852129843, 38.9761150543242], [-77.0541767894819, 38.976116949667], [-77.0541682509951, 38.9761189357962], [-77.0541598274927, 38.9761207410508], [-77.0541512890059, 38.9761223668274], [-77.0541427496208, 38.976123631553], [-77.0541320183464, 38.9761248075872], [-77.0541210553067, 38.9761254430926], [-77.054110092267, 38.9761257189439], [-77.0540991283289, 38.9761258139205], [-77.0540881652892, 38.9761257287209], [-77.0540772013511, 38.9761255534331], [-77.0540656606947, 38.9761251986675], [-77.0540541200382, 38.9761247538137], [-77.0540425784835, 38.9761241280853], [-77.054031037827, 38.9761232327908], [-77.0540196112566, 38.9761222474082], [-77.0540081855845, 38.9761210811509], [-77.0539957205616, 38.9761194658497], [-77.0539833705231, 38.9761174894975], [-77.0539710204846, 38.9761153336673], [-77.0539586704461, 38.9761130870505], [-77.0539463204075, 38.9761108404337], [-77.0539339712673, 38.9761086846033], [-77.0537020828548, 38.97605645301], [-77.0536906544878, 38.9760525848034], [-77.0536791111364, 38.9760487165965], [-77.0536676827693, 38.9760448483895], [-77.0536562553006, 38.976040890094], [-77.0536447119492, 38.9760369317983], [-77.0536333985665, 38.9760328834141], [-77.0536203541303, 38.976028115022], [-77.053607309694, 38.9760232565413], [-77.0535943811405, 38.9760182178838], [-77.0535814516886, 38.9760131792259], [-77.0535686381193, 38.9760080504794], [-77.0535558245501, 38.9760028309458], [-77.0535416248804, 38.9759970722788], [-77.0535275410934, 38.9759911334348], [-77.0535134573064, 38.9759851945902], [-77.0534994885037, 38.9759790755685], [-77.0534856355837, 38.9759727756713], [-77.0534720126325, 38.9759663863836], [-77.0534647398719, 38.9759628764303], [-77.0534573512287, 38.9759594565652], [-77.0534500784682, 38.9759559466115], [-77.053442920692, 38.9759523465694], [-77.0534358779001, 38.9759485663504], [-77.0534291809597, 38.9759445158661], [-77.0534236392527, 38.9759408250366], [-77.0534182125301, 38.9759370441186], [-77.0534130157762, 38.975933173112], [-77.0534079349049, 38.9759291212301], [-77.0534029699163, 38.9759249813546], [-77.0533982348965, 38.9759207485971], [-77.0533932690096, 38.9759158859189], [-77.0533885339897, 38.9759109338503], [-77.0533839139542, 38.9759058009062], [-77.0533796397701, 38.9759005785717], [-77.053375596453, 38.9758951753616], [-77.0533721298543, 38.975889682761], [-77.0533688941227, 38.9758836475342], [-77.0533661201251, 38.9758774335268], [-77.0533638069632, 38.975871128732], [-77.0533618405511, 38.9758646437598], [-77.0533601041076, 38.9758581587869], [-77.0533587144139, 38.9758516731151], [-77.0533574397045, 38.9758444674331], [-77.0533568575962, 38.9758372610521], [-77.0533566213393, 38.9758299645818], [-77.0533566159494, 38.9758225773239], [-77.0533566105595, 38.9758152808521], [-77.0533564892869, 38.9758079843795], [-77.053356369811, 38.9758026705526], [-77.053356250335, 38.97579735463], [-77.0533562467418, 38.9757921301925], [-77.0533561272659, 38.9757868149675], [-77.0533561236726, 38.9757815004406], [-77.053356119181, 38.9757761852149], [-77.0533599972081, 38.9757153781942], [-77.0533571118194, 38.9757144787044], [-77.0533543414151, 38.9757135792146], [-77.0533514560264, 38.9757126797248], [-77.0533421027676, 38.9757062890168], [-77.0533327504072, 38.9756998061245], [-77.0533233980468, 38.9756933246284], [-77.0533141606707, 38.9756868431316], [-77.0533049232946, 38.9756803609359], [-77.0532956859186, 38.9756737893493], [-77.0532864485425, 38.9756673078508], [-77.0532772120648, 38.9756607355646], [-77.0532680896731, 38.9756541639761], [-77.053258852297, 38.9756475022983], [-77.0532463845792, 38.975641652117], [-77.0532334551273, 38.9756360728998], [-77.053220410691, 38.9756310342147], [-77.0532070204034, 38.975626357281], [-77.0531933992488, 38.9756222187846], [-77.0531795481254, 38.9756184413414], [-77.053165466135, 38.9756151150402], [-77.0531512691603, 38.9756122384845], [-77.0531369572011, 38.9756098130709], [-77.0531225302577, 38.9756078381012], [-77.0530888290615, 38.9756028985816], [-77.0530550119826, 38.9755980491505], [-77.0530211949037, 38.975593380595], [-77.0529873778249, 38.9755888915185], [-77.0529534457616, 38.9755846734065], [-77.0529195136984, 38.9755805446847], [-77.0528854666508, 38.9755766869275], [-77.0528703480046, 38.9755749822234], [-77.0528515354859, 38.9755729185606], [-77.0528174884383, 38.97556942046], [-77.0527833264064, 38.9755660131464]]]}, "properties": {"TrashRouteArea": "OR304", "CollectionDays": "Monday", "RunsPerWeek": 1, "TrashStatusUpdate": "Scheduled Other Day", "TStatus": "Scheduled Other Day", "ServiceArea": "Outer Ring"}}, {"type": "Feature", "geometry": {"type": "Polygon", "coordinates": [[[-77.0527833264064, 38.9755660131464], [-77.0528174884383, 38.97556942046], [-77.0528515354859, 38.9755729185606], [-77.0528703480046, 38.9755749822234], [-77.0528854666508, 38.9755766869275], [-77.0529195136984, 38.9755805446847], [-77.0529534457616, 38.9755846734065], [-77.0529873778249, 38.9755888915185], [-77.0530211949037, 38.975593380595], [-77.0530550119826, 38.9755980491505], [-77.0530888290615, 38.9756028985816], [-77.0531225302577, 38.9756078381012], [-77.0531369572011, 38.9756098130709], [-77.0531512691603, 38.9756122384845], [-77.053165466135, 38.9756151150402], [-77.0531795481254, 38.9756184413414], [-77.0531933992488, 38.9756222187846], [-77.0532070204034, 38.975626357281], [-77.053220410691, 38.9756310342147], [-77.0532334551273, 38.9756360728998], [-77.0532463845792, 38.975641652117], [-77.053258852297, 38.9756475022983], [-77.0532680896731, 38.9756541639761], [-77.0532772120648, 38.9756607355646], [-77.0532864485425, 38.9756673078508], [-77.0532956859186, 38.9756737893493], [-77.0533049232946, 38.9756803609359], [-77.0533141606707, 38.9756868431316], [-77.0533233980468, 38.9756933246284], [-77.0533327504072, 38.9756998061245], [-77.0533421027676, 38.9757062890168], [-77.0533514560264, 38.9757126797248], [-77.0533543414151, 38.9757135792146], [-77.0533571118194, 38.9757144787044], [-77.0533599972081, 38.9757153781942], [-77.053356119181, 38.9757761852149], [-77.0533561236726, 38.9757815004406], [-77.0533561272659, 38.9757868149675], [-77.0533562467418, 38.9757921301925], [-77.053356250335, 38.97579735463], [-77.053356369811, 38.9758026705526], [-77.0533564892869, 38.9758079843795], [-77.0533566105595, 38.9758152808521], [-77.0533566159494, 38.9758225773239], [-77.0533566213393, 38.9758299645818], [-77.0533568575962, 38.9758372610521], [-77.0533574397045, 38.9758444674331], [-77.0533587144139, 38.9758516731151], [-77.0533601041076, 38.9758581587869], [-77.0533618405511, 38.9758646437598], [-77.0533638069632, 38.975871128732], [-77.0533661201251, 38.9758774335268], [-77.0533688941227, 38.9758836475342], [-77.0533721298543, 38.975889682761], [-77.053375596453, 38.9758951753616], [-77.0533796397701, 38.9759005785717], [-77.0533839139542, 38.9759058009062], [-77.0533885339897, 38.9759109338503], [-77.0533932690096, 38.9759158859189], [-77.0533982348965, 38.9759207485971], [-77.0534029699163, 38.9759249813546], [-77.0534079349049, 38.9759291212301], [-77.0534130157762, 38.975933173112], [-77.0534182125301, 38.9759370441186], [-77.0534236392527, 38.9759408250366], [-77.0534291809597, 38.9759445158661], [-77.0534358779001, 38.9759485663504], [-77.053442920692, 38.9759523465694], [-77.0534500784682, 38.9759559466115], [-77.0534573512287, 38.9759594565652], [-77.0534647398719, 38.9759628764303], [-77.0534720126325, 38.9759663863836], [-77.0534856355837, 38.9759727756713], [-77.0534994885037, 38.9759790755685], [-77.0535134573064, 38.9759851945902], [-77.0535275410934, 38.9759911334348], [-77.0535416248804, 38.9759970722788], [-77.0535558245501, 38.9760028309458], [-77.0535686381193, 38.9760080504794], [-77.0535814516886, 38.9760131792259], [-77.0535943811405, 38.9760182178838], [-77.053607309694, 38.9760232565413], [-77.0536203541303, 38.976028115022], [-77.0536333985665, 38.9760328834141], [-77.0536447119492, 38.9760369317983], [-77.0536562553006, 38.976040890094], [-77.0536676827693, 38.9760448483895], [-77.0536791111364, 38.9760487165965], [-77.0536906544878, 38.9760525848034], [-77.0537020828548, 38.97605645301], [-77.0539339712673, 38.9761086846033], [-77.0539463204075, 38.9761108404337], [-77.0539586704461, 38.9761130870505], [-77.0539710204846, 38.9761153336673], [-77.0539833705231, 38.9761174894975], [-77.0539957205616, 38.9761194658497], [-77.0540081855845, 38.9761210811509], [-77.0540196112566, 38.9761222474082], [-77.054031037827, 38.9761232327908], [-77.0540425784835, 38.9761241280853], [-77.0540541200382, 38.9761247538137], [-77.0540656606947, 38.9761251986675], [-77.0540772013511, 38.9761255534331], [-77.0540881652892, 38.9761257287209], [-77.0540991283289, 38.9761258139205], [-77.054110092267, 38.9761257189439], [-77.0541210553067, 38.9761254430926], [-77.0541320183464, 38.9761248075872], [-77.0541427496208, 38.976123631553], [-77.0541512890059, 38.9761223668274], [-77.0541598274927, 38.9761207410508], [-77.0541682509951, 38.9761189357962], [-77.0541767894819, 38.976116949667], [-77.0541852129843, 38.9761150543242], [-77.0541936355884, 38.976113158283], [-77.0543730525068, 38.9760637103489], [-77.0543829752975, 38.9760599217555], [-77.0543930121741, 38.9760563140367], [-77.0544031649334, 38.9760527063177], [-77.0544130868258, 38.9760489177237], [-77.0544226628667, 38.976044769475], [-77.0544316603926, 38.9760400813949], [-77.0544407729028, 38.9760344016455], [-77.0544495395617, 38.9760283622409], [-77.0544579594708, 38.9760218723945], [-77.0544659167476, 38.9760151122828], [-77.054473528173, 38.9760080826039], [-77.0544807928487, 38.976000962836], [-77.0544865591345, 38.9759949248253], [-77.0586224601948, 38.9728440116684], [-77.0636561366517, 38.972854706113], [-77.0636607441108, 38.9728447945635], [-77.0641892670099, 38.9728461256947], [-77.0663772459367, 38.9759127083824], [-77.0661207562619, 38.9761157610622], [-77.0661167201313, 38.9761189162422], [-77.0660100478862, 38.9762026632439], [-77.065906489202, 38.9762840657654], [-77.0658435235888, 38.9763334667559], [-77.0655303035071, 38.9765734415683], [-77.0652219334296, 38.9768200792308], [-77.065151356391, 38.9768757894416], [-77.065087351427, 38.9769261809775], [-77.0650037416302, 38.9769920772249], [-77.064788428033, 38.9771572275051], [-77.0644628624044, 38.9774083772361], [-77.0640994669225, 38.9776900841397], [-77.0639789525373, 38.9777860872678], [-77.0638856544102, 38.9778604563791], [-77.063777594268, 38.9779464541649], [-77.0637124349689, 38.9779983770949], [-77.0633918190575, 38.9782445656522], [-77.0630834364036, 38.9784930892816], [-77.0628016816113, 38.9787074566222], [-77.0627496673598, 38.9787476609886], [-77.0626570564439, 38.9788193265489], [-77.0625397643155, 38.9789101018434], [-77.0624562650115, 38.9789747357599], [-77.0622825757514, 38.9791097716067], [-77.0622620465522, 38.9791259972599], [-77.0621584797831, 38.9792075765892], [-77.0621027752523, 38.9792513861329], [-77.0617883819709, 38.9794990989656], [-77.0614072034396, 38.9797931480654], [-77.0614030514264, 38.9797963030816], [-77.0611805656799, 38.9799668720676], [-77.061018875217, 38.9800985499041], [-77.0609940790202, 38.9801179303325], [-77.0607773649495, 38.9802871277484], [-77.0605509625484, 38.9804658784052], [-77.0602605444036, 38.9806897919917], [-77.0600309080675, 38.9808680933164], [-77.0598380622339, 38.9810152963876], [-77.0598088813602, 38.9810384620991], [-77.0597832766797, 38.9810588338689], [-77.0597284920238, 38.9811023713233], [-77.0597246867602, 38.9811054361994], [-77.0596737073678, 38.9811458193676], [-77.0596460266807, 38.9811677231941], [-77.0596188068292, 38.981189266687], [-77.0595637913063, 38.9812326245963], [-77.059508774885, 38.9812759817808], [-77.0594536434794, 38.9813192502538], [-77.0593985120738, 38.9813625166054], [-77.0593432647855, 38.9814056942459], [-77.0592880174972, 38.9814487817786], [-77.0592339236458, 38.9814911479364], [-77.059179945677, 38.9815334232892], [-77.0591257359429, 38.9815756993151], [-77.0590715262087, 38.9816178852346], [-77.0590173164746, 38.9816600711291], [-77.0589629917561, 38.9817021669173], [-77.0589086661393, 38.9817442626805], [-77.0588543405225, 38.9817862683377], [-77.0587998999213, 38.98182827397], [-77.0587453434375, 38.9818701901949], [-77.0585822542976, 38.9819998100941], [-77.0585055534437, 38.9820607436968], [-77.0584997862596, 38.9820653405993], [-77.0584217011019, 38.9821273565081], [-77.0577101509552, 38.9826752295427], [-77.0574667748868, 38.9828626301882], [-77.0573784210871, 38.9829307756909], [-77.0573764600648, 38.9829323077402], [-77.0573036776622, 38.9829883748563], [-77.0572929490827, 38.9829966677469], [-77.0571794550314, 38.9830887874784], [-77.0571480804718, 38.9831119539079], [-77.0571168208966, 38.9831352104091], [-77.057085677204, 38.9831584662045], [-77.0570545335114, 38.9831818127695], [-77.0570233898188, 38.9832051593269], [-77.0569923611106, 38.9832285959557], [-77.056961448285, 38.9832520325767], [-77.0569305354595, 38.9832755585708], [-77.0568997385166, 38.9832991753342], [-77.0568689406754, 38.9833227920898], [-77.0568307595808, 38.9833500154867], [-77.0567930402204, 38.9833776885692], [-77.0567556676096, 38.9834056325759], [-77.0567187567329, 38.9834338461097], [-77.056697302269, 38.9834507020219], [-77.0566821917076, 38.9834625100263], [-77.0566460893146, 38.9834913533905], [-77.0566104486557, 38.9835206478348], [-77.0565818445005, 38.9835445333561], [-77.0565751547465, 38.9835502118048], [-77.0565403225714, 38.9835800459984], [-77.0565117193144, 38.9836051926002], [-77.0565059521303, 38.9836102397956], [-77.0564707723072, 38.9836390830996], [-77.0564355933823, 38.9836679263918], [-77.0564004135592, 38.9836966795938], [-77.0563651187517, 38.9837254327842], [-77.0563298239441, 38.9837540958844], [-77.0562944132539, 38.983782758973], [-77.0562590025637, 38.98381142205], [-77.0562234768892, 38.9838399957354], [-77.0561879503164, 38.983868568711], [-77.0561524246418, 38.9838970515968], [-77.0561253179781, 38.9839186843374], [-77.0560980963301, 38.983940136915], [-77.0560707596977, 38.9839615894861], [-77.0560433053859, 38.9839828618945], [-77.0560156229022, 38.9840040449166], [-77.0559878236374, 38.984025047078], [-77.0559599093882, 38.9840459598534], [-77.0559317633737, 38.9840667818463], [-77.0559036173593, 38.9840875144533], [-77.0558949665831, 38.9840937340247], [-77.0558752413761, 38.9841080668983], [-77.0558154899349, 38.9841529564396], [-77.0557107517627, 38.9842316474868], [-77.0556853743559, 38.984250667171], [-77.0556484625809, 38.9842792406791], [-77.0556115508059, 38.9843077240979], [-77.0555745240465, 38.9843362082036], [-77.0555373796078, 38.9843645114442], [-77.0555002387624, 38.9843928146735], [-77.0554629802377, 38.9844211185897], [-77.0554256067286, 38.9844492416414], [-77.0553881173368, 38.98447736538], [-77.0553506279451, 38.9845053983318], [-77.055313023569, 38.9845333418934], [-77.0551072401987, 38.9846937849823], [-77.0551048183406, 38.9846955879234], [-77.0550725194146, 38.9847196545992], [-77.0550379136149, 38.984745614982], [-77.0550207261486, 38.9847585944716], [-77.0550034236979, 38.9847715746571], [-77.0549689328825, 38.9847975343226], [-77.0549534764698, 38.9848091626465], [-77.0549344429655, 38.984823584754], [-77.0548999530485, 38.9848496344775], [-77.0548655781159, 38.9848756841914], [-77.0548312031832, 38.9849018239726], [-77.0547969432349, 38.9849278743656], [-77.0547625683022, 38.9849541042046], [-77.0545588654301, 38.9851205807798], [-77.0544634841098, 38.9852135901342], [-77.0543587594123, 38.9853139905226], [-77.0543498714809, 38.9853121031069], [-77.0543320929231, 38.9853076069656], [-77.054314430248, 38.9853027505182], [-77.054297112526, 38.9852974436881], [-77.0542799106866, 38.9852915963989], [-77.0542630546986, 38.9852853888032], [-77.0542464295776, 38.9852787301263], [-77.0542301494097, 38.9852716217646], [-77.0542162946931, 38.9852650517664], [-77.0542142159915, 38.9852640623214], [-77.0541985125421, 38.985256141873], [-77.0539613303576, 38.9851112197866], [-77.0537907735228, 38.9850019385126], [-77.0537610958808, 38.9849828547894], [-77.0537318799728, 38.9849635001322], [-77.0537031257988, 38.9849436950851], [-77.0536747174763, 38.9849234396477], [-77.0536468858722, 38.9849029139738], [-77.0536194001194, 38.9848820272876], [-77.0535923761007, 38.9848606902102], [-77.0535658138161, 38.9848390828952], [-77.0535398273515, 38.9848171145671], [-77.0535141876367, 38.9847946958466], [-77.0533812423646, 38.984664137697], [-77.053351788403, 38.9846338835996], [-77.0533230261443, 38.9846032684815], [-77.0532949555883, 38.9845722029633], [-77.0532675776333, 38.9845406870443], [-77.0532410081622, 38.9845089001807], [-77.0532151303938, 38.9844766622169], [-77.0531900602109, 38.9844440639283], [-77.0531656817307, 38.9844111053143], [-77.0531421117342, 38.9843778757538], [-77.0531193493233, 38.9843442851688], [-77.0530969327637, 38.9843100640238], [-77.0530748620555, 38.9842755726289], [-77.0530534839483, 38.9842409003633], [-77.0530325675752, 38.9842061387013], [-77.0530122270223, 38.984171015314], [-77.0529924649843, 38.9841358025296], [-77.0529732787665, 38.9841004088735], [-77.052954555181, 38.9840647449655], [-77.0529365232983, 38.9840289902633], [-77.0529189531497, 38.9839930553868], [-77.0529012644234, 38.9839528868181], [-77.0528842673999, 38.9839124479918], [-77.0528679638758, 38.983871918366], [-77.0528523502579, 38.983831207862], [-77.0528374328343, 38.9837903171779], [-77.0528233211995, 38.9837492463132], [-77.0528099021658, 38.983708084648], [-77.0527971757331, 38.9836667428018], [-77.0527851419016, 38.9836253101545], [-77.0527738006711, 38.9835837874044], [-77.0527663940616, 38.9835574872293], [-77.0527593342018, 38.9835311863462], [-77.052752736076, 38.9835047960729], [-77.0527465978877, 38.9834783136161], [-77.0527409241284, 38.9834518318476], [-77.0527355953221, 38.9834252599905], [-77.0527307282499, 38.9833986881233], [-77.0527263220134, 38.9833719360883], [-77.0527223784093, 38.9833452734239], [-77.0527188965393, 38.9833185206705], [-77.0527118241031, 38.9832761849343], [-77.0527046375808, 38.983233759792], [-77.0526975651445, 38.983191424005], [-77.0526904936066, 38.9831490888911], [-77.0526834220687, 38.9831066629743], [-77.0526763505308, 38.9830643278097], [-77.0526692789929, 38.9830219025404], [-77.0526623224393, 38.9829795666268], [-77.0526552509014, 38.9829371413067], [-77.0526482943478, 38.9828948060407], [-77.0526397235217, 38.9828537318634], [-77.0526313826643, 38.9828126583606], [-77.0526232735722, 38.9827715848339], [-77.0526155103315, 38.9827304205053], [-77.0526079779579, 38.9826892561529], [-77.0526007914356, 38.9826480917765], [-77.0525938357804, 38.9826068372963], [-77.0525872268748, 38.9825655827921], [-77.0525807329536, 38.9825243282637], [-77.0525745857822, 38.9824829829331], [-77.0525679741817, 38.9824383953931], [-77.0525611317141, 38.982393807825], [-77.0525538275126, 38.982349310309], [-77.0525462933423, 38.9823048134634], [-77.052538411524, 38.9822603158915], [-77.0525301847526, 38.98221581899], [-77.0525217262159, 38.9821714128392], [-77.0525129227261, 38.9821270960428], [-77.0525037715883, 38.9820827799169], [-77.0524943904818, 38.9820384637633], [-77.0524875534041, 38.9820010823961], [-77.0524807163265, 38.9819636116268], [-77.0524739951316, 38.9819262302201], [-77.052467388921, 38.9818888487937], [-77.0524607827104, 38.981851377965], [-77.0524542923824, 38.9818139964991], [-77.0524478011562, 38.9817765256307], [-77.0524414258126, 38.9817391441253], [-77.0524351663517, 38.981701672519], [-77.0524289059925, 38.9816642015913], [-77.0524216044859, 38.9816232174795], [-77.0524143038776, 38.9815823234251], [-77.0524070023709, 38.9815413399642], [-77.0523997008643, 38.981500355083], [-77.0523947179094, 38.9814723411922], [-77.052392400256, 38.9814594609577], [-77.0523850987494, 38.9814184767273], [-77.0523777972427, 38.9813774924733], [-77.0523738572319, 38.9813549735041], [-77.0523704966344, 38.9813365081955], [-77.0523633110105, 38.9812956139756], [-77.0523560095038, 38.9812546303487], [-77.052325209866, 38.9811193402183], [-77.0523228940092, 38.981108622581], [-77.0523172184532, 38.9810803382896], [-77.052311541999, 38.9810519653017], [-77.0523059814273, 38.9810235916042], [-77.052299609677, 38.9809912549883], [-77.0522934696921, 38.9809589183577], [-77.0522874437931, 38.980926581014], [-77.0522814187925, 38.9808942443538], [-77.0522753937919, 38.9808619076789], [-77.0522694837757, 38.980829480907], [-77.0522651970151, 38.9808065113527], [-77.0522609093563, 38.9807834524071], [-77.0522567375801, 38.9807603934539], [-77.0522524508196, 38.9807373344933], [-77.0522483940277, 38.9807142748267], [-77.0522443363376, 38.9806912158511], [-77.0522407439748, 38.9806689669107], [-77.0522387730711, 38.980656626326], [-77.0522371498153, 38.9806466285793], [-77.0522336706402, 38.9806242895425], [-77.0522301923635, 38.9806019504987], [-77.052226829071, 38.9805796114478], [-77.0522233498959, 38.9805572730882], [-77.0522219584056, 38.9805484457018], [-77.0522197557365, 38.9805344836106], [-77.0522160456944, 38.9805116948241], [-77.0522123356522, 38.9804889954144], [-77.0522087414928, 38.9804662059149], [-77.0522053782004, 38.9804434171063], [-77.0522049137714, 38.980439993966], [-77.0522022448767, 38.9804206275921], [-77.0522000386143, 38.980401710928], [-77.0521978314537, 38.9803828850399], [-77.0521958560584, 38.9803639683657], [-77.0521939956474, 38.9803450523848], [-77.0521922502208, 38.9803261357005], [-77.0521903898099, 38.9803072190112], [-77.0521885276023, 38.9802859608613], [-77.0521866653947, 38.9802647020069], [-77.0521850340541, 38.9802435332288], [-77.0521834027136, 38.980222184977], [-77.052181771373, 38.9802009261034], [-77.0521802559151, 38.9801796672233], [-77.0521787386606, 38.9801567868429], [-77.0521773363905, 38.9801339071534], [-77.0521766357045, 38.9801221963584], [-77.0521759350186, 38.9801109366751], [-77.0521746477328, 38.9800880576691], [-77.0521733622436, 38.9800650857793], [-77.0521721917388, 38.9800422053619], [-77.052171021234, 38.9800204059351], [-77.0521697357448, 38.9799986065017], [-77.0521685643417, 38.9799768070615], [-77.0521675115162, 38.9799550076146], [-77.0521665718784, 38.979933208161], [-77.0521659789903, 38.9799114087008], [-77.0521658505312, 38.9798941134007], [-77.0521657229705, 38.9798767273147], [-77.0521658253784, 38.9798594313079], [-77.0521659277864, 38.9798420452134], [-77.052166146077, 38.9798247498964], [-77.0521662493832, 38.9798073637933], [-77.0521663526895, 38.979791509105], [-77.0521663481979, 38.9797847528447], [-77.0521664568941, 38.9797755643296], [-77.0521665602003, 38.9797597103325], [-77.0521666644049, 38.97974376555], [-77.0521666527268, 38.9797278207639], [-77.052166756033, 38.9797119660578], [-77.0521666257773, 38.9796916078669], [-77.0521664955216, 38.9796713397537], [-77.0521662502815, 38.9796509808528], [-77.0521662484849, 38.9796492692635], [-77.0521660041431, 38.9796307127281], [-77.0521657589031, 38.9796103538155], [-77.0521657436317, 38.9795900856791], [-77.0521658460397, 38.9795718887647], [-77.0521659475493, 38.9795537826278], [-77.0521661658399, 38.9795355857041], [-77.0521663832322, 38.9795174788596], [-77.0521664973182, 38.9795154069319], [-77.0521667156089, 38.9794992819266], [-77.0521668180168, 38.9794811757712], [-77.0521858353514, 38.9792883010731], [-77.0522196003279, 38.9790632608404], [-77.0522540623972, 38.9788429936819], [-77.0522919811837, 38.9786168703161], [-77.0523095639087, 38.9785145295365], [-77.0523222050014, 38.9784411967428], [-77.0523257677198, 38.9784205665342], [-77.0523355333052, 38.9783608372209], [-77.0523556384996, 38.9782370550406], [-77.0524051662145, 38.9779466077996], [-77.0524465282435, 38.9776950793811], [-77.0524889224367, 38.9774358941168], [-77.052517523897, 38.9772530141699], [-77.0525285632935, 38.9771993196854], [-77.0525488023369, 38.9770999497245], [-77.0525568512418, 38.9770604001717], [-77.0525634053501, 38.9770282377297], [-77.0525671890541, 38.9769947253645], [-77.0525736111101, 38.9769385117371], [-77.052600023376, 38.9767608569673], [-77.0526940958509, 38.9761597855177], [-77.0527043186788, 38.9760943815365], [-77.0527148864599, 38.9760266345018], [-77.0527167235146, 38.9760143824979], [-77.0527689722265, 38.9756625876211], [-77.0527833264064, 38.9755660131464]]]}, "properties": {"TrashRouteArea": "OR301", "CollectionDays": "Monday", "RunsPerWeek": 1, "TrashStatusUpdate": "Scheduled Other Day", "TStatus": "Scheduled Other Day", "ServiceArea": "Outer Ring"}}, {"type": "Feature", "geometry": {"type": "Polygon", "coordinates": [[[-77.0149619900888, 38.969930065579], [-77.0150266041105, 38.9699310245078], [-77.0151245824602, 38.9699324730281], [-77.015137420284, 38.9699326602044], [-77.0151888964447, 38.9699326909348], [-77.0152121457426, 38.9699325275048], [-77.0152466724905, 38.9699322844551], [-77.0153411788517, 38.9699316188621], [-77.0154119463331, 38.9699311208896], [-77.0155143363092, 38.9699308031091], [-77.0155399041588, 38.9699307241878], [-77.0161185099316, 38.9699313813998], [-77.0161671761621, 38.9699311669852], [-77.0163054196979, 38.9699306068534], [-77.0163282674488, 38.9699305139638], [-77.0174525620275, 38.9699308003154], [-77.0179287975871, 38.9699306396791], [-77.0179332981467, 38.9699306382823], [-77.0180311534272, 38.9699307144099], [-77.0181306238786, 38.9699307884423], [-77.0186823278036, 38.969931061524], [-77.0192530715211, 38.9699316977834], [-77.0193181544634, 38.9699317683237], [-77.0197947358745, 38.9699313290184], [-77.0198010833703, 38.9699313283199], [-77.019897437566, 38.9699312214619], [-77.019896839288, 38.9698549219734], [-77.0198963613843, 38.969796189065], [-77.0198973495311, 38.9695262170877], [-77.0198977555696, 38.9694151398582], [-77.0198970099679, 38.9690432896851], [-77.0198969506791, 38.96901409192], [-77.0198993069601, 38.9687740230462], [-77.0198990599234, 38.9687141179734], [-77.0198988083951, 38.9686396191269], [-77.0198984418824, 38.968566561766], [-77.0198984409842, 38.9685635005379], [-77.0198996411334, 38.9683184761406], [-77.0198997201851, 38.9682566171592], [-77.0199001145455, 38.9679463443273], [-77.0198995701665, 38.9676486218239], [-77.019897768146, 38.9673956704188], [-77.0198977627561, 38.9673740514881], [-77.0198976253139, 38.9672955896542], [-77.019986937616, 38.9672946732948], [-77.0200267473562, 38.9672942172104], [-77.0202667601321, 38.9672942647046], [-77.0202851055268, 38.9672943317553], [-77.0205277737227, 38.9672952110972], [-77.0207726338079, 38.9672951677936], [-77.0210789961507, 38.9672951126165], [-77.0210898424095, 38.9672950204218], [-77.021166231548, 38.9672945566545], [-77.0212442349591, 38.9672940914904], [-77.0214097055327, 38.9672931604636], [-77.0216520260806, 38.9672932959618], [-77.0220668123833, 38.9672931388118], [-77.0221200510386, 38.9672931185569], [-77.0223441402778, 38.9672941564457], [-77.0223792194896, 38.9672943310569], [-77.0224476459614, 38.9672941375877], [-77.0225563439075, 38.9672936654391], [-77.0228604856149, 38.9672941648271], [-77.0232936918724, 38.9672948723515], [-77.0237565236697, 38.9672941494613], [-77.0238016406566, 38.9672944043936], [-77.0241114669031, 38.9672961477115], [-77.0242113954953, 38.9672959479563], [-77.0243167472169, 38.9672957454074], [-77.0244695245956, 38.9672954436793], [-77.0246082954424, 38.9672955994324], [-77.0255484290996, 38.9672966533854], [-77.0255678434895, 38.9672966708466], [-77.0258662153179, 38.9672969446368], [-77.0259657980587, 38.9672971017869], [-77.0275031487848, 38.9672960296743], [-77.0274853342944, 38.9674785407134], [-77.0274791287324, 38.9675428595894], [-77.0270248201505, 38.9723797631029], [-77.0270187268779, 38.972439579173], [-77.0270027449507, 38.9725935329677], [-77.0269871744519, 38.9727379303442], [-77.026967096207, 38.9729241434903], [-77.026935526713, 38.9732162308891], [-77.0269238566991, 38.9733242097078], [-77.0269024624223, 38.9735087032892], [-77.0268890038627, 38.9736244616409], [-77.0263858466923, 38.9736202371264], [-77.0256168205371, 38.9736188012524], [-77.0244647716094, 38.9736193194521], [-77.0227684909433, 38.9736168695269], [-77.0214184138011, 38.9736166732815], [-77.0214191890472, 38.972355609822], [-77.0180314202269, 38.972353389625], [-77.0180237351396, 38.9744934750105], [-77.0178882593133, 38.9743888222383], [-77.0178824876376, 38.9743840481485], [-77.0176438968948, 38.9741630233617], [-77.0174212359769, 38.9739578482961], [-77.0171903824236, 38.9737480807809], [-77.0171859959501, 38.973743937286], [-77.0171625642942, 38.9737217811426], [-77.0171352078988, 38.9736952105225], [-77.0171084282219, 38.9736683696186], [-77.0170819952947, 38.9736411697362], [-77.0170561381875, 38.9736136981726], [-77.0170308586971, 38.9735859563243], [-77.0170060409408, 38.9735579441909], [-77.0169816849185, 38.9735296624705], [-77.0169715267692, 38.9735174121298], [-77.0169579056146, 38.9735011090676], [-77.0169345871464, 38.9734722860771], [-77.0169153075038, 38.9734431020104], [-77.0168962605248, 38.9734138285384], [-77.0168775584989, 38.9733843734742], [-77.0168590873401, 38.9733549190963], [-77.0168409629309, 38.9733252859195], [-77.0168230684904, 38.9732955612417], [-77.0168055207997, 38.9732657457613], [-77.0167882039759, 38.9732358415734], [-77.0167712330036, 38.9732058465826], [-77.0167544928983, 38.9731757607887], [-77.016729555666, 38.973130814004], [-77.0167047343164, 38.9730859558859], [-77.0166797970841, 38.9730410991362], [-77.0166549757345, 38.9729961508691], [-77.0166300385022, 38.9729512933641], [-77.0166159538168, 38.9729260724412], [-77.0166051021682, 38.9729064358307], [-77.0165801649359, 38.9728615782688], [-77.0165552286019, 38.9728167206786], [-77.0165302913697, 38.9727718630599], [-77.016505239153, 38.9727270061113], [-77.0164791484839, 38.9726804366781], [-77.0164532877835, 38.9726336877275], [-77.0164276588485, 38.9725869394445], [-77.0164023748665, 38.9725400102468], [-77.0163772076655, 38.972493081018], [-77.0163523854175, 38.9724460616654], [-77.0163431498381, 38.9724285864514], [-77.0163276781539, 38.9723989507918], [-77.0163038970534, 38.9723530117934], [-77.0163033194367, 38.9723518412837], [-77.0162791906882, 38.9723045515583], [-77.0162625655672, 38.9722715831031], [-77.0162552919084, 38.9722572618013], [-77.0161688209774, 38.9720935045709], [-77.0160989751675, 38.9719610917995], [-77.0160878917535, 38.9719400141246], [-77.0159868753015, 38.9717486029879], [-77.0159761386372, 38.9717277955309], [-77.0158815855637, 38.9715425088136], [-77.0157959258114, 38.9713796515707], [-77.0157574815105, 38.9713065097352], [-77.0157088790604, 38.9712141826132], [-77.0156745921626, 38.9711491470137], [-77.0154791528928, 38.9708160495485], [-77.0154307840046, 38.9707375929239], [-77.0153827627645, 38.9706589574192], [-77.0153350864774, 38.9705801423353], [-77.0152879887054, 38.9705011462746], [-77.0152412358864, 38.970422059332], [-77.0151949456998, 38.9703427928085], [-77.0151490013646, 38.9702633460052], [-77.0151035178652, 38.9701838090171], [-77.0150584969981, 38.9701040924464], [-77.0150138219823, 38.9700241955943], [-77.0150060874877, 38.9700101434275], [-77.0149619900888, 38.969930065579]]]}, "properties": {"TrashRouteArea": "OR405", "CollectionDays": "Monday", "RunsPerWeek": 1, "TrashStatusUpdate": "Scheduled Other Day", "TStatus": "Scheduled Other Day", "ServiceArea": "Outer Ring"}}, {"type": "Feature", "geometry": {"type": "Polygon", "coordinates": [[[-77.0268890038627, 38.9736244616409], [-77.0269024624223, 38.9735087032892], [-77.0269238566991, 38.9733242097078], [-77.026935526713, 38.9732162308891], [-77.026967096207, 38.9729241434903], [-77.0269871744519, 38.9727379303442], [-77.0270027449507, 38.9725935329677], [-77.0270187268779, 38.972439579173], [-77.0270248201505, 38.9723797631029], [-77.0274791287324, 38.9675428595894], [-77.0276568972423, 38.9674398790964], [-77.0278001964964, 38.9673647789463], [-77.0278285230723, 38.9673506626935], [-77.0279072541187, 38.9674044114409], [-77.0279580637295, 38.9674270605663], [-77.0280233856237, 38.9674454575624], [-77.0281304342629, 38.9674610118906], [-77.0287322632824, 38.9675113011685], [-77.0291082845856, 38.9675394463021], [-77.0292360771213, 38.9675490114682], [-77.0295736074112, 38.9675772124622], [-77.0295858397704, 38.9675782000591], [-77.0296883061033, 38.9675761920386], [-77.0298066968712, 38.9675738201298], [-77.0298185815824, 38.967573547039], [-77.0300040154166, 38.9675729596494], [-77.0302362981896, 38.9675721780928], [-77.0302823961367, 38.9675720879939], [-77.030552469237, 38.9675715557811], [-77.0308077156435, 38.9675729303148], [-77.0312205858396, 38.9675735414515], [-77.0315352567005, 38.9675719252569], [-77.0318741614128, 38.9675730043497], [-77.0321854878459, 38.9675731894367], [-77.032513083667, 38.9675740897284], [-77.0327690792685, 38.9675747371841], [-77.032833872055, 38.9675749006195], [-77.0332625499052, 38.967574329294], [-77.0333133217867, 38.9675742245277], [-77.0334199437262, 38.9675741944947], [-77.0334196715366, 38.9674853728812], [-77.0334199455228, 38.9672158970725], [-77.0334202248988, 38.9669426262684], [-77.0334203003573, 38.9668581286591], [-77.0334203776124, 38.9667774151502], [-77.0334207827526, 38.9665015716509], [-77.0334211654349, 38.9662418746619], [-77.0334211636383, 38.9662384515336], [-77.0334211196209, 38.9661453061996], [-77.0335741251716, 38.9661442710877], [-77.0339063284519, 38.9661421030802], [-77.0346080097068, 38.9661426185408], [-77.0353176518319, 38.9661429468151], [-77.0357227390244, 38.9661440832031], [-77.0357812849264, 38.9661442473402], [-77.0363866479183, 38.9661494096285], [-77.036754214278, 38.9661642134012], [-77.0377152714948, 38.967798183767], [-77.0382183361388, 38.9696733990375], [-77.0383673801191, 38.9701650956511], [-77.0373198214287, 38.9703265022855], [-77.0363721257534, 38.9704970829073], [-77.0363722865518, 38.9707306123083], [-77.0363728282359, 38.9715147521858], [-77.0363733546487, 38.9722766227255], [-77.0363709193159, 38.973131874854], [-77.0363659642088, 38.9748714771445], [-77.036358756127, 38.9761233242756], [-77.0363583132576, 38.976200230867], [-77.0363555185987, 38.9770699012008], [-77.0363506497299, 38.9785848992261], [-77.0363507404597, 38.9786983776055], [-77.0363515597233, 38.9794021826556], [-77.0363527095668, 38.9803894240669], [-77.029682449986, 38.980388244612], [-77.0296839618506, 38.9808082201208], [-77.0296351348216, 38.9812599640175], [-77.0294794918172, 38.981348842377], [-77.029219220235, 38.9815962734384], [-77.0288276553824, 38.9819683202637], [-77.028816442611, 38.981978965846], [-77.0283916688391, 38.9823822642965], [-77.028040359291, 38.9827134911009], [-77.0280377056677, 38.9827160140322], [-77.0279616758553, 38.9827884583611], [-77.0278750144815, 38.9816497502097], [-77.0278236604916, 38.9786777593435], [-77.0278755453858, 38.9779916904974], [-77.0264352495413, 38.977987251155], [-77.0265015820402, 38.9772935119692], [-77.026544496358, 38.9768938285233], [-77.0265952727311, 38.9764209161804], [-77.0266098577781, 38.9762850734932], [-77.0266599460417, 38.975818558957], [-77.0267292950833, 38.9751542940685], [-77.0268345408037, 38.97414616454], [-77.0268890038627, 38.9736244616409]]]}, "properties": {"TrashRouteArea": "OR404", "CollectionDays": "Monday", "RunsPerWeek": 1, "TrashStatusUpdate": "Scheduled Other Day", "TStatus": "Scheduled Other Day", "ServiceArea": "Outer Ring"}}, {"type": "Feature", "geometry": {"type": "Polygon", "coordinates": [[[-77.0157430527704, 38.9761741409481], [-77.0157882524023, 38.976121198475], [-77.0160303690326, 38.9758010412768], [-77.0160601347095, 38.9757619414416], [-77.0161243921001, 38.9756597795067], [-77.0161677636603, 38.9755687905365], [-77.0162092837928, 38.9754581634513], [-77.016243064939, 38.9753166391102], [-77.0162718739102, 38.9751354800543], [-77.0162911831972, 38.9750242447116], [-77.0167981177834, 38.9750751026781], [-77.0168994315778, 38.9750583090218], [-77.0170237709895, 38.9750188533069], [-77.0171439260487, 38.9749777410389], [-77.017616377006, 38.9748160866072], [-77.0178031017193, 38.9747648192093], [-77.0178527507068, 38.9747587440795], [-77.0179855756047, 38.974749445268], [-77.0179858450992, 38.974674031617], [-77.0179859430156, 38.9746466735904], [-77.017998928163, 38.9745700753895], [-77.0180098813213, 38.974536255275], [-77.0180180443123, 38.9745110481856], [-77.0180237351396, 38.9744934750105], [-77.0180314202269, 38.972353389625], [-77.0214191890472, 38.972355609822], [-77.0214184138011, 38.9736166732815], [-77.0227684909433, 38.9736168695269], [-77.0244647716094, 38.9736193194521], [-77.0256168205371, 38.9736188012524], [-77.0263858466923, 38.9736202371264], [-77.0268890038627, 38.9736244616409], [-77.0268345408037, 38.97414616454], [-77.0267292950833, 38.9751542940685], [-77.0266599460417, 38.975818558957], [-77.0266098577781, 38.9762850734932], [-77.0265952727311, 38.9764209161804], [-77.026544496358, 38.9768938285233], [-77.0265015820402, 38.9772935119692], [-77.0264352495413, 38.977987251155], [-77.0278755453858, 38.9779916904974], [-77.0278236604916, 38.9786777593435], [-77.0278750144815, 38.9816497502097], [-77.0279616758553, 38.9827884583611], [-77.0268824389746, 38.9838304921233], [-77.0267914486195, 38.9839777050958], [-77.0266000966842, 38.9842872925128], [-77.0265815985758, 38.9838396033012], [-77.025693786394, 38.9838368143648], [-77.0243022861375, 38.9827627458525], [-77.0241425135777, 38.9826422051639], [-77.0241302767269, 38.9826327488751], [-77.0236891581083, 38.9822871032614], [-77.0233514831896, 38.9820239510078], [-77.0232398477526, 38.9819358730496], [-77.023159383856, 38.9818722913825], [-77.0230779955929, 38.9818080783936], [-77.0230732623697, 38.9818042963923], [-77.0228262148868, 38.9816130997611], [-77.0227787694667, 38.9815762467853], [-77.022557926739, 38.9814047019537], [-77.0224843870566, 38.9813386855143], [-77.022387642992, 38.9812518650528], [-77.0196955717486, 38.9793878285779], [-77.0196802150488, 38.9793617963978], [-77.0196641657479, 38.9793359457729], [-77.0196477705957, 38.9793102746085], [-77.0196309137094, 38.9792847843012], [-77.0196134792064, 38.9792594741531], [-77.0195955838676, 38.9792344342484], [-77.0195773426774, 38.9792095745034], [-77.0195514810787, 38.9791767894311], [-77.0195245819258, 38.9791445441511], [-77.0194980295227, 38.9791145509646], [-77.0194965284378, 38.9791128400607], [-77.01946755238, 38.9790817665466], [-77.0194403082741, 38.9790539353593], [-77.0194375378697, 38.9790512335254], [-77.0194065998914, 38.9790213310822], [-77.0193907841525, 38.9790068309765], [-77.0193746234605, 38.978992059916], [-77.0193417235616, 38.9789633292449], [-77.0193079010928, 38.9789354093231], [-77.0192731551559, 38.9789081213791], [-77.0192187855216, 38.9788641691637], [-77.0191642991064, 38.9788203077039], [-77.0191096995034, 38.9787764476137], [-77.0190550999005, 38.978732765571], [-77.0190003835165, 38.978689084898], [-77.0189454371638, 38.9786454935846], [-77.0188904908112, 38.9786019930277], [-77.0188355453568, 38.9785585818307], [-77.0187803681371, 38.9785151713055], [-77.0187251909174, 38.9784718508388], [-77.0187131867303, 38.9784632047594], [-77.0186166861092, 38.9783933161018], [-77.0185812835039, 38.9783676376123], [-77.0172623428677, 38.9773542450068], [-77.0169842756597, 38.977137907721], [-77.0157430527704, 38.9761741409481]]]}, "properties": {"TrashRouteArea": "OR403", "CollectionDays": "Monday", "RunsPerWeek": 1, "TrashStatusUpdate": "Scheduled Other Day", "TStatus": "Scheduled Other Day", "ServiceArea": "Outer Ring"}}, {"type": "Feature", "geometry": {"type": "Polygon", "coordinates": [[[-77.0266000966842, 38.9842872925128], [-77.0267914486195, 38.9839777050958], [-77.0268824389746, 38.9838304921233], [-77.0279616758553, 38.9827884583611], [-77.0280377056677, 38.9827160140322], [-77.028040359291, 38.9827134911009], [-77.0283916688391, 38.9823822642965], [-77.028816442611, 38.981978965846], [-77.0288276553824, 38.9819683202637], [-77.029219220235, 38.9815962734384], [-77.0294794918172, 38.981348842377], [-77.0296351348216, 38.9812599640175], [-77.0296839618506, 38.9808082201208], [-77.029682449986, 38.980388244612], [-77.0363527095668, 38.9803894240669], [-77.0363538396474, 38.980810007798], [-77.038515653345, 38.9810828151906], [-77.0387741444663, 38.9811068160569], [-77.038928132774, 38.981210954723], [-77.0389945856471, 38.9817844855733], [-77.0389884294925, 38.98257917718], [-77.0392668650098, 38.9827774504869], [-77.039160526938, 38.982871723335], [-77.0393349626982, 38.9829488656019], [-77.0395745550626, 38.983161801229], [-77.0398688287766, 38.9834306458671], [-77.0399741023447, 38.9834954991081], [-77.0392514076987, 38.9837373168555], [-77.0401377610165, 38.9847752699142], [-77.0398612038765, 38.9849093254981], [-77.0404139004399, 38.9856078255445], [-77.0404066860698, 38.9856171627311], [-77.0401182487102, 38.9857409662241], [-77.0400060859621, 38.9857873964932], [-77.0399514441383, 38.985811242147], [-77.0395813023087, 38.9859671031472], [-77.0393270781849, 38.9860538486986], [-77.0391987475584, 38.9860790432998], [-77.0391865008261, 38.9860810654591], [-77.0390812398344, 38.9860942800172], [-77.039033246442, 38.986100304598], [-77.0390308173975, 38.9861006097373], [-77.0390357716063, 38.9861496240261], [-77.0390307455323, 38.9862231066424], [-77.0390195138963, 38.9862896673576], [-77.0389823002873, 38.9864131826912], [-77.0389197443059, 38.9865376921244], [-77.0388506144532, 38.9866446472388], [-77.038806496393, 38.9866977598981], [-77.0387057871648, 38.9867974243184], [-77.0385950832807, 38.9868827290576], [-77.0384724300068, 38.9869573574406], [-77.0383848469615, 38.9870006252344], [-77.0382932214975, 38.987038580018], [-77.0379461798454, 38.987139883447], [-77.0378139253777, 38.9871777606502], [-77.0376816709099, 38.9872159080554], [-77.0375496473093, 38.9872544157358], [-77.0373518427753, 38.9873126719253], [-77.0372246341445, 38.9873444924423], [-77.0372061935284, 38.9873482985864], [-77.0370818684897, 38.9873712045725], [-77.0369565759654, 38.9873878982523], [-77.0368171502468, 38.9873989319429], [-77.0367306442816, 38.9874010727664], [-77.0366694106202, 38.9873988984271], [-77.0365983682543, 38.9873662526069], [-77.0363356721192, 38.9873870491846], [-77.0357689753121, 38.9873677287004], [-77.0354883982111, 38.9872703064582], [-77.0344063684683, 38.9868192670448], [-77.0334106308916, 38.9865971429186], [-77.0329922010222, 38.9868391853823], [-77.0326286249789, 38.987055972026], [-77.031069580837, 38.9880494613945], [-77.0310125090704, 38.9880047384105], [-77.0309727065167, 38.9879735480033], [-77.0309647402568, 38.9879672442856], [-77.0304953830973, 38.9876011836147], [-77.0301559259211, 38.9873365205565], [-77.0301320253446, 38.9873178808497], [-77.0300122915954, 38.9872240447413], [-77.0297461540143, 38.9870154826036], [-77.0297353014674, 38.987007017716], [-77.0296388915762, 38.9869320039508], [-77.0295148881344, 38.9868354671906], [-77.0295096922787, 38.9868314152343], [-77.0293703330355, 38.9867230813522], [-77.0291420702234, 38.9865450461446], [-77.0289109220227, 38.9863635876354], [-77.0288207644059, 38.9862931300157], [-77.0287353094695, 38.9862263458612], [-77.0285563506919, 38.9860873930856], [-77.0284979296557, 38.9860415558359], [-77.0284148004576, 38.9859762664197], [-77.0283165463251, 38.9858991798212], [-77.0282103259326, 38.9858157892294], [-77.0281740726227, 38.9857876024806], [-77.0280917519084, 38.985723573893], [-77.0270032219561, 38.9848797111218], [-77.0269569200915, 38.9848468462791], [-77.0267965968644, 38.9847690818248], [-77.0266199207059, 38.9846821238207], [-77.0266000966842, 38.9842872925128]]]}, "properties": {"TrashRouteArea": "OR402", "CollectionDays": "Monday", "RunsPerWeek": 1, "TrashStatusUpdate": "Scheduled Other Day", "TStatus": "Scheduled Other Day", "ServiceArea": "Outer Ring"}}, {"type": "Feature", "geometry": {"type": "Polygon", "coordinates": [[[-77.031069580837, 38.9880494613945], [-77.0326286249789, 38.987055972026], [-77.0329922010222, 38.9868391853823], [-77.0334106308916, 38.9865971429186], [-77.0344063684683, 38.9868192670448], [-77.0354883982111, 38.9872703064582], [-77.0357689753121, 38.9873677287004], [-77.0363356721192, 38.9873870491846], [-77.0365983682543, 38.9873662526069], [-77.0366694106202, 38.9873988984271], [-77.0367306442816, 38.9874010727664], [-77.0368171502468, 38.9873989319429], [-77.0369565759654, 38.9873878982523], [-77.0370818684897, 38.9873712045725], [-77.0372061935284, 38.9873482985864], [-77.0372246341445, 38.9873444924423], [-77.0373518427753, 38.9873126719253], [-77.0375496473093, 38.9872544157358], [-77.0376816709099, 38.9872159080554], [-77.0378139253777, 38.9871777606502], [-77.0379461798454, 38.987139883447], [-77.0382932214975, 38.987038580018], [-77.0383848469615, 38.9870006252344], [-77.0384724300068, 38.9869573574406], [-77.0385950832807, 38.9868827290576], [-77.0387057871648, 38.9867974243184], [-77.038806496393, 38.9866977598981], [-77.0388506144532, 38.9866446472388], [-77.0389197443059, 38.9865376921244], [-77.0389823002873, 38.9864131826912], [-77.0390195138963, 38.9862896673576], [-77.0390307455323, 38.9862231066424], [-77.0390357716063, 38.9861496240261], [-77.0390308173975, 38.9861006097373], [-77.039033246442, 38.986100304598], [-77.0390812398344, 38.9860942800172], [-77.0391865008261, 38.9860810654591], [-77.0391987475584, 38.9860790432998], [-77.0393270781849, 38.9860538486986], [-77.0395813023087, 38.9859671031472], [-77.0399514441383, 38.985811242147], [-77.0400060859621, 38.9857873964932], [-77.0401182487102, 38.9857409662241], [-77.0404066860698, 38.9856171627311], [-77.0404139004399, 38.9856078255445], [-77.0398612038765, 38.9849093254981], [-77.0401377610165, 38.9847752699142], [-77.040536329135, 38.9852419949711], [-77.0406204734293, 38.9853405274558], [-77.0407908272449, 38.985436715027], [-77.0409346690814, 38.9853816672239], [-77.0410492141616, 38.985441208367], [-77.0409905685466, 38.9855764336793], [-77.0410669352272, 38.9856222391101], [-77.0416543399983, 38.9860090539295], [-77.0419973904356, 38.9862643876439], [-77.0421306689827, 38.9864604930198], [-77.0424407539441, 38.9863719206295], [-77.0424687975506, 38.9863645232993], [-77.042650673158, 38.9863164434272], [-77.0426483581995, 38.9863052741059], [-77.0426430284949, 38.986271224982], [-77.0426393139612, 38.9862369949928], [-77.042637447262, 38.9862027649872], [-77.0426374454654, 38.9862006024814], [-77.0426373107181, 38.986168443493], [-77.0426382153216, 38.986136103641], [-77.0426395807608, 38.9861037637741], [-77.0426415238168, 38.9860714231943], [-77.0426439286068, 38.9860390832979], [-77.0426469101153, 38.986006832764], [-77.0426503533577, 38.9859745822154], [-77.0426543733186, 38.9859423309539], [-77.0426588559119, 38.9859101704517], [-77.0426639152236, 38.9858780993123], [-77.0426694362693, 38.9858460281583], [-77.0426967881731, 38.9856489183735], [-77.0427081653362, 38.98556711953], [-77.0427137968747, 38.985526850606], [-77.0427181608903, 38.9854894647964], [-77.0427573193519, 38.9851568677096], [-77.0427786884758, 38.984991828958], [-77.04278868403, 38.9849148956054], [-77.0427925899049, 38.984885076638], [-77.0434791561068, 38.9848361229216], [-77.0441196396331, 38.9848455160717], [-77.0444349240433, 38.9849261433523], [-77.0447102882206, 38.9851096095783], [-77.0448676398207, 38.9853465863158], [-77.0450446600339, 38.9855606291614], [-77.045280686985, 38.9857364491622], [-77.0456919204507, 38.9858999632702], [-77.0460576093315, 38.9860727994637], [-77.0463231396513, 38.9862027531168], [-77.0465690013581, 38.9863938598466], [-77.046696848691, 38.9865543901902], [-77.0468426560414, 38.986754746424], [-77.0470785671098, 38.9868535805426], [-77.0473360880506, 38.986967178337], [-77.0475932820046, 38.9870833524898], [-77.0477409147317, 38.9873049437242], [-77.047789970831, 38.9875036017956], [-77.0477589699706, 38.9878156811813], [-77.0478376462198, 38.9880220722271], [-77.0480230027989, 38.9882043811289], [-77.0482801958546, 38.988404276744], [-77.0484554203356, 38.988642324017], [-77.0485043623489, 38.9892239883751], [-77.0480587907815, 38.9892670690548], [-77.0472377440865, 38.9893215573491], [-77.047398974612, 38.9899206234888], [-77.0467994964836, 38.9901499672469], [-77.046999450686, 38.9909000804859], [-77.0473090164212, 38.9910050858881], [-77.0409778268426, 38.995921222922], [-77.0363060034603, 38.9922826081837], [-77.0360147615603, 38.9919386902579], [-77.0359398905746, 38.9918681907098], [-77.0354406572454, 38.9914747875173], [-77.0350420406179, 38.9911642149413], [-77.0350236799518, 38.9911499875297], [-77.0349361508054, 38.9910814610359], [-77.0348018553654, 38.9909765555911], [-77.0347057814441, 38.9909014559633], [-77.0343371936998, 38.9906144728517], [-77.0339584469081, 38.9903184843626], [-77.0336367458318, 38.9900674286038], [-77.0336171158462, 38.9900521201267], [-77.0335131924459, 38.9899714365428], [-77.031069580837, 38.9880494613945]]]}, "properties": {"TrashRouteArea": "OR401", "CollectionDays": "Monday", "RunsPerWeek": 1, "TrashStatusUpdate": "Scheduled Other Day", "TStatus": "Scheduled Other Day", "ServiceArea": "Outer Ring"}}, {"type": "Feature", "geometry": {"type": "Polygon", "coordinates": [[[-77.0542960058015, 38.9650645930332], [-77.0542757910127, 38.9650357763881], [-77.0542553453568, 38.9650069597312], [-77.0542346697322, 38.9649783225687], [-77.054213647358, 38.9649497761955], [-77.0541925099993, 38.9649213199132], [-77.0541711417737, 38.9648929537219], [-77.0541494276966, 38.9648646783201], [-77.0541275977369, 38.964836492311], [-77.0541055378085, 38.9648084871943], [-77.0539710950447, 38.9646338794596], [-77.053828802802, 38.9644538700055], [-77.0536668751839, 38.9642461236675], [-77.0535024062318, 38.9640335146234], [-77.0533694681461, 38.963860976666], [-77.0532621670804, 38.963716803565], [-77.0532485387392, 38.9636987031532], [-77.0532352553511, 38.9636805126327], [-77.0532222037283, 38.9636621418996], [-77.0532094970586, 38.9636436810577], [-77.053197021256, 38.9636250393045], [-77.0531850080857, 38.9636063975464], [-77.0531731090014, 38.9635874854711], [-77.0531616716512, 38.9635685733907], [-77.0531504651681, 38.9635494810971], [-77.0531396045363, 38.9635302986942], [-77.0531282794755, 38.963506791984], [-77.0531174143521, 38.9634831958602], [-77.0531071286421, 38.9634594181232], [-77.0530973037679, 38.9634355509724], [-77.0530879397293, 38.9634115029065], [-77.0530791524092, 38.963387364728], [-77.0530708268232, 38.963363136437], [-77.0530630761589, 38.9633388180333], [-77.0530557899236, 38.9633143187139], [-77.0530490795085, 38.9632898193861], [-77.053028364358, 38.9632067723641], [-77.0529989598038, 38.9630767967621], [-77.0529700088989, 38.9629358309177], [-77.0529353833362, 38.9627664914637], [-77.0529234348446, 38.9626808279826], [-77.052921142344, 38.9626650476909], [-77.0529192603735, 38.9626520948852], [-77.0529147391527, 38.9626234497859], [-77.0529098711822, 38.9625947152683], [-77.0529046582586, 38.9625661616481], [-77.0528990985853, 38.9625375179111], [-77.0528931930606, 38.962508964268], [-77.0528870566689, 38.9624805007189], [-77.0528804585431, 38.9624520378568], [-77.052873514566, 38.9624236650888], [-77.0528663397218, 38.9623952923094], [-77.0528581183403, 38.9623561103346], [-77.0528498969588, 38.962316837534], [-77.0528416755774, 38.9622776555158], [-77.0528334541959, 38.962238473476], [-77.0528252328144, 38.9621992914145], [-77.0528170123312, 38.9621601093313], [-77.0528087909498, 38.962120836422], [-77.0528005695683, 38.9620816542954], [-77.0527923481868, 38.9620424721472], [-77.0527841277036, 38.9620032899772], [-77.0527314567836, 38.9617709010915], [-77.0527308773702, 38.9617685590238], [-77.0526855870085, 38.9616105310954], [-77.0527990379407, 38.9615975829864], [-77.0528428272176, 38.9615845929649], [-77.0530421310397, 38.9615090374709], [-77.0531870787024, 38.9614547310368], [-77.0532273735328, 38.9614327778059], [-77.0532368992681, 38.9614275865354], [-77.0533863789314, 38.9613744577149], [-77.0534981140813, 38.9613378526532], [-77.053599280552, 38.9613083276065], [-77.053679312359, 38.9612882449237], [-77.0537537117291, 38.9612714200583], [-77.0537863583032, 38.9612632978526], [-77.0538342331179, 38.9612522852354], [-77.0538822238154, 38.9612415436362], [-77.0539302136145, 38.961230981551], [-77.0539783201946, 38.961220690484], [-77.054026541759, 38.9612105789312], [-77.0540748792061, 38.9612007376983], [-77.0541232157549, 38.9611911660869], [-77.0541716708814, 38.961181775387], [-77.0542202373989, 38.9611725642017], [-77.054268805713, 38.9611637134438], [-77.0543098766878, 38.9611570287494], [-77.0543509467643, 38.9611504334631], [-77.0543921336218, 38.9611441084977], [-77.0544333195809, 38.9611378736389], [-77.0544745055401, 38.961131818994], [-77.0545158073819, 38.961125944563], [-77.0545571092237, 38.9611202496475], [-77.0545984119638, 38.9611146455372], [-77.05463982879, 38.9611092209424], [-77.0546812465145, 38.9611039772602], [-77.0547283173371, 38.9610977389054], [-77.0547756190267, 38.9610917715703], [-77.0548228057319, 38.9610861646637], [-77.0548702224059, 38.9610807372727], [-77.0549300484072, 38.9610709952097], [-77.0549934766527, 38.9610647750131], [-77.0550761593881, 38.9610576614266], [-77.0551837613895, 38.961048767347], [-77.0553831101275, 38.9610362920241], [-77.0555552767432, 38.961027366509], [-77.0557534998921, 38.9610228506645], [-77.0559347332041, 38.9610209954312], [-77.0560378112897, 38.9610209465357], [-77.0560649952085, 38.9610209332641], [-77.0561416673163, 38.9597019178276], [-77.0560169272559, 38.9587991698754], [-77.0563582610128, 38.9582759855126], [-77.056983960066, 38.9577682098443], [-77.0572074294677, 38.9569814463416], [-77.057483443127, 38.9567437627514], [-77.0580683685478, 38.9567198716833], [-77.0580503743943, 38.9567245652335], [-77.0587041044777, 38.9573125684157], [-77.0588695193558, 38.9573969684374], [-77.0589928310949, 38.9574598861108], [-77.0590901958953, 38.9575095649776], [-77.0608982197962, 38.9578554300187], [-77.0621452341242, 38.9579340720523], [-77.0629884350707, 38.9579984631605], [-77.0639427881605, 38.9581918198484], [-77.0645500888185, 38.9583426269832], [-77.0648933629363, 38.9584353299272], [-77.0651258361521, 38.9584855962738], [-77.0649954501802, 38.9585393189161], [-77.0644297558929, 38.9598124095618], [-77.0637642479978, 38.9598092613391], [-77.0632468911577, 38.9598104432324], [-77.0632586033924, 38.9610229756972], [-77.0638914458488, 38.9610237754871], [-77.0639419464391, 38.9636073474806], [-77.0644148025367, 38.9630547602154], [-77.0663801762412, 38.9630967203815], [-77.0663865605679, 38.9640046584441], [-77.066382839746, 38.9647095217238], [-77.0663846759024, 38.9658217142824], [-77.0663848609554, 38.9658959422968], [-77.0663848726335, 38.9659086437629], [-77.0663843004067, 38.9666570498005], [-77.0663842483043, 38.9667245215286], [-77.0663841979987, 38.966794875694], [-77.0663841997953, 38.9667969472955], [-77.0663836302634, 38.9675475154051], [-77.0663835799578, 38.9676179595506], [-77.0663835323471, 38.9676907014961], [-77.0663848061582, 38.9685625639403], [-77.0663848843116, 38.9686467005227], [-77.0638797021731, 38.9686472851097], [-77.0638787805016, 38.9676182738493], [-77.0611743646095, 38.9676316105882], [-77.0608776744274, 38.9670690208252], [-77.060704092965, 38.9668932697141], [-77.0604292974213, 38.9666973923168], [-77.0591317591468, 38.9658880343495], [-77.0587016996877, 38.96559971636], [-77.0563239795049, 38.9639136104963], [-77.0542960058015, 38.9650645930332]]]}, "properties": {"TrashRouteArea": "OR302", "CollectionDays": "Monday", "RunsPerWeek": 1, "TrashStatusUpdate": "Scheduled Other Day", "TStatus": "Scheduled Other Day", "ServiceArea": "Outer Ring"}}, {"type": "Feature", "geometry": {"type": "Polygon", "coordinates": [[[-77.0297060927459, 38.9418732564294], [-77.0297065167507, 38.9417837136841], [-77.0297074716599, 38.9415848106825], [-77.0297054468572, 38.9413450101003], [-77.0297049249361, 38.9412836641726], [-77.0297054387724, 38.94118821176], [-77.0297067458212, 38.9409481045025], [-77.0297073440991, 38.9408125263776], [-77.0297272705288, 38.9362987682463], [-77.0304364473264, 38.936487215333], [-77.0313059320798, 38.9367169683051], [-77.0322615230481, 38.9369723371749], [-77.0331605731542, 38.9372091759079], [-77.0332511062668, 38.9372330281342], [-77.0337236596321, 38.9373527950333], [-77.0341352362543, 38.9374244717266], [-77.0348024958642, 38.9374332828261], [-77.0362012904409, 38.9374346174176], [-77.0364490107619, 38.9374348535913], [-77.0364477073065, 38.9379840833759], [-77.0364471027403, 38.9382385106844], [-77.0364470704009, 38.9383782923979], [-77.0364464954791, 38.9386053016289], [-77.0364462592222, 38.939113045496], [-77.0364459699647, 38.9397454277293], [-77.0364355036933, 38.9429429005023], [-77.0364285408515, 38.945069927594], [-77.0327279328352, 38.9450722632269], [-77.0327275887805, 38.9429358780217], [-77.0327294932089, 38.9425600516817], [-77.0327283029411, 38.9422314297734], [-77.0327296863467, 38.9419763139058], [-77.0327296782618, 38.9419598289118], [-77.0327295237516, 38.9418747907642], [-77.0325921425986, 38.941874289101], [-77.0325599586569, 38.941874117222], [-77.0324393041345, 38.9418743310227], [-77.0320322361567, 38.9418786776058], [-77.0314266503827, 38.9418770398642], [-77.0308916703933, 38.9418785336745], [-77.030782424475, 38.9418788334148], [-77.0304747263373, 38.9418746705886], [-77.0303256356446, 38.9418726464685], [-77.0302451672564, 38.9418726492632], [-77.029993197904, 38.9418726422763], [-77.0298314777967, 38.9418725933676], [-77.0298149820331, 38.9418726876915], [-77.0297060927459, 38.9418732564294]]]}, "properties": {"TrashRouteArea": "OR402", "CollectionDays": "Thursday", "RunsPerWeek": 1, "TrashStatusUpdate": "Scheduled Other Day", "TStatus": "Scheduled Other Day", "ServiceArea": "Outer Ring"}}, {"type": "Feature", "geometry": {"type": "Polygon", "coordinates": [[[-77.0364240932926, 38.9489952633481], [-77.0364240959875, 38.948993321869], [-77.0364254003413, 38.9478418910357], [-77.0364259339406, 38.9473703308284], [-77.0364285408515, 38.945069927594], [-77.0364355036933, 38.9429429005023], [-77.0364459699647, 38.9397454277293], [-77.0364946011609, 38.9397452865886], [-77.036582955859, 38.9397453487744], [-77.0367509003929, 38.9397454766394], [-77.0372067477889, 38.9397463234835], [-77.0376336451782, 38.9397471773147], [-77.0379221265553, 38.9397468139823], [-77.0379502707732, 38.939746804899], [-77.037958806565, 38.9397463514322], [-77.0379674564429, 38.9397461683685], [-77.0379759922347, 38.9397461655736], [-77.0379845289248, 38.939746433182], [-77.0379931788027, 38.9397467909247], [-77.0380017145945, 38.9397475085063], [-77.038010252183, 38.9397483169209], [-77.0380186720922, 38.93974939504], [-77.0380270928996, 38.9397506534278], [-77.0380355137071, 38.9397520920844], [-77.0380464740519, 38.9397541602843], [-77.0380576634671, 38.9397559580809], [-77.0380687369996, 38.9397575763074], [-77.0380799255164, 38.9397590142651], [-77.0380912308143, 38.939760181121], [-77.0381024202295, 38.9397612585412], [-77.0381137237307, 38.9397620655583], [-77.0381250290285, 38.9397626930053], [-77.0381364475141, 38.9397630493505], [-77.0381424455653, 38.9397631373887], [-77.038147752812, 38.9397632254269], [-77.0382754591094, 38.9395595158657], [-77.0384720383413, 38.9393360445154], [-77.0385789908607, 38.9392026572939], [-77.0387045322183, 38.9390636870254], [-77.0388305442931, 38.938904413649], [-77.0389723092247, 38.9387512649475], [-77.0390894001304, 38.9386423362711], [-77.0391700481817, 38.9385846248827], [-77.0392716647083, 38.938523150097], [-77.0394265082122, 38.9384767300688], [-77.0395829659886, 38.9384528922353], [-77.0398909408073, 38.9384166659241], [-77.0400295544489, 38.9384245070641], [-77.0401656483162, 38.9384597928823], [-77.0402802904144, 38.938516538031], [-77.0403734735571, 38.9385703093488], [-77.0404570492179, 38.9386285154477], [-77.0405080780176, 38.9386720845711], [-77.0405441831055, 38.938743581057], [-77.0405807687921, 38.9387823037483], [-77.0406155093391, 38.938818865261], [-77.0406489796682, 38.9388562379745], [-77.0406809525058, 38.9388944225864], [-77.0407114269535, 38.938933237427], [-77.0407405153008, 38.9389727733293], [-77.0407681052581, 38.9390129408556], [-77.0407941968255, 38.9390536491708], [-77.0408187891047, 38.9390949891079], [-77.0408417671114, 38.9391368698318], [-77.0408632458298, 38.9391792913418], [-77.0408807998088, 38.939218560894], [-77.0408966254291, 38.9392582817984], [-77.0409107208943, 38.939298363919], [-77.0409230853058, 38.9393388072553], [-77.0409336054761, 38.9393796111081], [-77.0409425104755, 38.9394205959056], [-77.0409494544527, 38.9394618510837], [-77.0409546700712, 38.9395031970713], [-77.0409581528396, 38.9395447247015], [-77.0409597931633, 38.939586342442], [-77.040961003194, 38.939685342999], [-77.0409619688829, 38.9397619132382], [-77.041057936803, 38.9397614290279], [-77.0410890813939, 38.9397612375797], [-77.0411777828417, 38.9397612969706], [-77.0412768643226, 38.9397612620348], [-77.0413627971627, 38.9397612312913], [-77.0414907163608, 38.9397612760091], [-77.0415984504145, 38.9397612375797], [-77.0415964444765, 38.939684758173], [-77.0415960887436, 38.9396689035877], [-77.0415960519127, 38.9396062957233], [-77.041595773435, 38.9389292323396], [-77.0415957321125, 38.9388585172154], [-77.0415956925866, 38.9387914060477], [-77.0415956386877, 38.9386998813156], [-77.0415943567918, 38.9386755593395], [-77.0415936489193, 38.9386512373551], [-77.0415936354446, 38.9386268245277], [-77.0415943136727, 38.9386025025266], [-77.0415955686191, 38.9385781791197], [-77.0415975152683, 38.9385538564031], [-77.041600152722, 38.9385296231154], [-77.041603369589, 38.9385053898194], [-77.0416046326203, 38.9384975787337], [-77.0416072772605, 38.9384812459525], [-77.0416118766348, 38.9384571922133], [-77.0416172871877, 38.9384382727277], [-77.0416235035295, 38.9384196236452], [-77.041630528355, 38.9384010639953], [-77.0416383625626, 38.9383827740501], [-77.0416471166451, 38.9383646643725], [-77.0416565660235, 38.9383468244], [-77.0416669352768, 38.9383292548317], [-77.0416779989279, 38.9383119549689], [-77.0416898701644, 38.9382950149481], [-77.041702431307, 38.938278345332], [-77.0417174161042, 38.9382601433953], [-77.041733322573, 38.9382423907379], [-77.0417499234394, 38.9382250894565], [-77.0417673300947, 38.9382083275915], [-77.0417855443354, 38.9381919255692], [-77.0418043361928, 38.9381761544979], [-77.0418239356357, 38.9381608334064], [-77.0418442276796, 38.9381461425678], [-77.0418652114264, 38.9381319925449], [-77.0418867736881, 38.9381183819404], [-77.0419119094481, 38.9381032390132], [-77.0419381995432, 38.9380892664597], [-77.0419654140047, 38.938076374843], [-77.0419934342551, 38.9380647444367], [-77.0420222638875, 38.938054284406], [-77.0420517879176, 38.9380450855868], [-77.0420820009556, 38.9380371472809], [-77.0421126802191, 38.9380305596253], [-77.0421437035375, 38.9380253240178], [-77.0421750745038, 38.9380213489246], [-77.0424425388965, 38.9379927861023], [-77.0427640971407, 38.9379593377217], [-77.0431239460738, 38.9379238930418], [-77.0434181694822, 38.9378953183017], [-77.0435024619986, 38.9378607204564], [-77.043600852675, 38.9378393922721], [-77.0436363379254, 38.9378419014294], [-77.0436734356517, 38.9378356288852], [-77.0438621519299, 38.9378243373259], [-77.0439331224306, 38.9378393922721], [-77.0440508691065, 38.9378644845407], [-77.0441428080825, 38.9379046317327], [-77.0442863615599, 38.9379673619805], [-77.0444057207117, 38.9380664758965], [-77.0443750737875, 38.9382170281941], [-77.0443976556371, 38.9382985770762], [-77.0444041073374, 38.938344997221], [-77.0443976556371, 38.9384152544908], [-77.0443766871617, 38.9384993122791], [-77.0443395885371, 38.9385871340137], [-77.0442960391105, 38.9386536277001], [-77.0442218427596, 38.9387289029162], [-77.0441266779333, 38.9387979055932], [-77.0440299006311, 38.9388744355659], [-77.043966995205, 38.9389384198645], [-77.0439024764047, 38.9390074216389], [-77.0438476360532, 38.9390914787252], [-77.0437766655525, 38.9392257192946], [-77.0437005486036, 38.9392432145764], [-77.0436870711793, 38.9392741183087], [-77.0436747498869, 38.939305291035], [-77.0436635802347, 38.9393368242872], [-77.0436535649176, 38.9393685377952], [-77.0436448180216, 38.9394004301612], [-77.0436373404452, 38.9394325922185], [-77.043630900423, 38.939464844396], [-77.0436267618844, 38.9394871866311], [-77.0436232000643, 38.9395095288591], [-77.0436199831973, 38.9395319605161], [-77.0436174589314, 38.939554392166], [-77.0436152814151, 38.9395769139433], [-77.0436137956016, 38.9395994350148], [-77.0436126565379, 38.9396219560792], [-77.0436120932942, 38.9396445672709], [-77.0436121085655, 38.9396670876222], [-77.0436125810794, 38.9396872665664], [-77.043612582876, 38.9396896086651], [-77.0436133212911, 38.9397665387384], [-77.0437043305109, 38.9397668650387], [-77.0441161173388, 38.9397684224768], [-77.0444766894158, 38.9397673848835], [-77.0448355313375, 38.9397674275052], [-77.045266233092, 38.9397664507002], [-77.0452887260084, 38.9397660817781], [-77.0453111030422, 38.939765712856], [-77.0453335950603, 38.939765343934], [-77.0453559729923, 38.9397650651463], [-77.0453784641121, 38.9397649659286], [-77.0454008411458, 38.9397650476784], [-77.0454204513684, 38.93976540053], [-77.0454400606928, 38.9397659329516], [-77.0454596700171, 38.9397665562063], [-77.0454792784431, 38.9397672688966], [-77.0454988877675, 38.9397679822857], [-77.0455184970918, 38.9397686048416], [-77.0455409909065, 38.9397693168332], [-77.0455635997056, 38.9397698485561], [-77.045586206708, 38.9397704704133], [-77.0456086996244, 38.9397710922706], [-77.0456313084235, 38.9397720746652], [-77.0456538004416, 38.9397732366299], [-77.0456741032653, 38.9397745802607], [-77.0456944051907, 38.9397761935957], [-77.0457148229988, 38.9397778970651], [-77.0457350099399, 38.9397797808032], [-77.045755310967, 38.9397817546756], [-77.0457756128924, 38.9397839088166], [-77.0457941873576, 38.9397859735219], [-77.0458126432451, 38.9397882184958], [-77.0458312150152, 38.9397904634697], [-77.0458496718011, 38.9397928880135], [-77.0458681294852, 38.9397954935244], [-77.0458865862711, 38.9397982786054], [-77.045906428259, 38.9398014235247], [-77.0459261543644, 38.9398047494113], [-77.0459459963524, 38.9398082548676], [-77.0459657242543, 38.9398119398936], [-77.0459853353753, 38.9398158058867], [-77.0460048297153, 38.9398198521483], [-77.0460313641521, 38.9398256969032], [-77.046057781808, 38.9398319021948], [-77.0460840844795, 38.9398383778886], [-77.046110273065, 38.9398453042532], [-77.0461362298851, 38.9398525904554], [-77.0461619576349, 38.9398603273281], [-77.0461819173022, 38.9398666255458], [-77.0462017601885, 38.9398731934668], [-77.0462214889887, 38.9398800317899], [-77.0462411028047, 38.9398870510795], [-77.0462606007379, 38.9398943400723], [-77.0462799845851, 38.9399017191985], [-77.0463023670087, 38.9399104482406], [-77.0463246353463, 38.9399194476841], [-77.0463466719185, 38.939928717529], [-77.0463685944048, 38.9399382577751], [-77.0463901701412, 38.9399480677237], [-77.0464116317917, 38.9399582389061], [-77.0464332084265, 38.939969040327], [-77.0464545550926, 38.9399802924168], [-77.0464755559073, 38.9399918142084], [-77.0464964408393, 38.9400036070989], [-77.04651697992, 38.940015669691], [-77.0465374040163, 38.9400278231138], [-77.0465558670903, 38.940039075893], [-77.0465740992973, 38.9400505990724], [-77.0465922174183, 38.9400623032166], [-77.0466101037739, 38.9400740967942], [-77.0466279892312, 38.9400860706378], [-77.0466456465165, 38.9400980444793], [-77.0466611092174, 38.9401083078702], [-77.0466766869028, 38.9401185712597], [-77.0466922663848, 38.9401288339489], [-77.0467074982187, 38.9401393677371], [-77.0467220401465, 38.9401503521931], [-77.0467356577079, 38.9401619675844], [-77.0467432763199, 38.9401691713061], [-77.0467508940335, 38.940176554596], [-77.0467581649974, 38.9401840287177], [-77.0467652068909, 38.9401916831062], [-77.046771902933, 38.9401995177616], [-77.0467781363428, 38.9402075326837], [-77.0467840230028, 38.9402159975752], [-77.0467895656081, 38.9402245532981], [-77.0467947632604, 38.9402333794213], [-77.0467996123663, 38.9402422956772], [-77.0468038874487, 38.9402513020658], [-77.0468078157814, 38.9402603992856], [-77.0468118582002, 38.9402713879151], [-77.0468153274939, 38.9402825568103], [-77.0468182182724, 38.9402938158375], [-77.0468205323326, 38.9403051656953], [-77.04682215469, 38.9403166049862], [-77.046823200329, 38.940327955539], [-77.0468235533669, 38.9403388554219], [-77.0468229847333, 38.940349755303], [-77.0468218366864, 38.9403606558812], [-77.0468204604674, 38.9403716465913], [-77.0468190842484, 38.9403826372997], [-77.0468179379981, 38.9403935378728], [-77.0467635809402, 38.9406404552135], [-77.0467963874144, 38.9407172515009], [-77.0468118716749, 38.9407573977765], [-77.0469058103008, 38.9407734561407], [-77.0469577275344, 38.9405514083916], [-77.0475550272482, 38.9406415801324], [-77.0475345546429, 38.9408327119829], [-77.0476558370877, 38.9408611269332], [-77.0474920212108, 38.941239452451], [-77.0473508868966, 38.9415472081379], [-77.04695520776, 38.9421019481032], [-77.0465192041486, 38.9420882264699], [-77.0464361890366, 38.9422752062905], [-77.0465141637016, 38.9423822568962], [-77.0465393659369, 38.9425037890697], [-77.0465620483978, 38.9425547542254], [-77.046556168026, 38.9426192312712], [-77.0457412523328, 38.9439967356047], [-77.0443089425112, 38.9453264128844], [-77.0440443158965, 38.945608913895], [-77.0438828625888, 38.9457865482816], [-77.043552079545, 38.9461755054674], [-77.0432449239898, 38.9465522097072], [-77.0429889607277, 38.9468186579241], [-77.0427763142285, 38.9470851051395], [-77.0426699914282, 38.9472045465973], [-77.0425876105267, 38.9473041422394], [-77.0424810918936, 38.9474189478478], [-77.0423532265943, 38.9475491498855], [-77.0422650183217, 38.947643232088], [-77.0421717687036, 38.9477235943216], [-77.0419978710343, 38.9478764784216], [-77.0418718589595, 38.9479842806845], [-77.0416929208431, 38.9481195237234], [-77.0416072323447, 38.9481979250531], [-77.0412802743274, 38.9484833537574], [-77.0410739133404, 38.9486646263841], [-77.039935615823, 38.9496408039493], [-77.0383787896216, 38.9509576034559], [-77.0379100226552, 38.951390753056], [-77.0372421557842, 38.9519395366124], [-77.0364642111548, 38.9524962512103], [-77.0364124502282, 38.9525457665938], [-77.0364133521367, 38.9522722142586], [-77.0364146511006, 38.95187813628], [-77.0364164504261, 38.9513323869755], [-77.0364178580862, 38.9509054196843], [-77.0364216795194, 38.949746029123], [-77.0364240932926, 38.9489952633481]]]}, "properties": {"TrashRouteArea": "OR401", "CollectionDays": "Thursday", "RunsPerWeek": 1, "TrashStatusUpdate": "Scheduled Other Day", "TStatus": "Scheduled Other Day", "ServiceArea": "Outer Ring"}}, {"type": "Feature", "geometry": {"type": "Polygon", "coordinates": [[[-77.0216240390679, 38.9419897064759], [-77.0216198556136, 38.9418896247615], [-77.0216089356931, 38.9416329810097], [-77.0215872611419, 38.9412126502561], [-77.0215759827935, 38.9409939387963], [-77.0215720373928, 38.9409165579927], [-77.0215679770077, 38.9408381870391], [-77.02156612019, 38.9408023343566], [-77.021558917498, 38.9406326192095], [-77.0215446432682, 38.9403481398848], [-77.0215386631833, 38.9402882443172], [-77.0215350528542, 38.9402144324611], [-77.0215422052405, 38.9401368859108], [-77.0216129116365, 38.9399482319215], [-77.0225046602359, 38.9387483184198], [-77.0225876915176, 38.9386389712013], [-77.0227058693848, 38.9384794117896], [-77.0229027917732, 38.9382155203319], [-77.0229297708761, 38.9381790311762], [-77.0230780494919, 38.9379777025405], [-77.0233181251498, 38.937651725774], [-77.0238866482319, 38.9368917419511], [-77.0241113474272, 38.936591449642], [-77.024148586189, 38.9365417155861], [-77.0242371268383, 38.9364215266702], [-77.0242998436182, 38.9363362953143], [-77.0244401838218, 38.9362941984199], [-77.0245319081005, 38.9362666844252], [-77.0246595479226, 38.9362283970794], [-77.0248260722201, 38.9361784461559], [-77.0250126891355, 38.9361224677634], [-77.0250393125056, 38.9361066340429], [-77.0252273828952, 38.9359947819132], [-77.0253783932877, 38.935904971109], [-77.0254301326548, 38.9358741993705], [-77.0254442694424, 38.9358561540364], [-77.0254529741175, 38.9358450424406], [-77.0254663877613, 38.9358279201542], [-77.0255814367964, 38.9356810606027], [-77.0258524279749, 38.935335139764], [-77.0259384272903, 38.9353565204098], [-77.0262625331566, 38.9354370964156], [-77.0267520125785, 38.9355587858347], [-77.0270433020892, 38.9356312029271], [-77.0271452087716, 38.9356565377468], [-77.027236387773, 38.9356792061035], [-77.0280074153746, 38.9358708914671], [-77.0280747396136, 38.9358876287295], [-77.0284509720208, 38.9359811632122], [-77.0286048794802, 38.9360194262351], [-77.0291314772896, 38.9361503430687], [-77.0292205713012, 38.9361724913965], [-77.0296118522861, 38.9362697680111], [-77.0297091910354, 38.936293965736], [-77.0297272705288, 38.9362987682463], [-77.0297073440991, 38.9408125263776], [-77.0297067458212, 38.9409481045025], [-77.0297054387724, 38.94118821176], [-77.0297049249361, 38.9412836641726], [-77.0297054468572, 38.9413450101003], [-77.0297074716599, 38.9415848106825], [-77.0297065167507, 38.9417837136841], [-77.0297060927459, 38.9418732564294], [-77.0295835921856, 38.9418739180938], [-77.0290880509322, 38.9418765647514], [-77.0285416398808, 38.9418766989009], [-77.0281404423934, 38.9418773368097], [-77.0275977341977, 38.9418781871217], [-77.0271393337897, 38.941875772431], [-77.026624528165, 38.9418760707739], [-77.0261457108472, 38.9418738363465], [-77.0261015317015, 38.9418739362599], [-77.0259407341639, 38.9418743324201], [-77.0258106203816, 38.9418746314617], [-77.0257889341523, 38.9418747264842], [-77.025671855823, 38.9418771844941], [-77.0255165963992, 38.9418803712429], [-77.0255410844738, 38.9419760344281], [-77.025576546368, 38.9421143939207], [-77.0255876351719, 38.942157540988], [-77.0256242531978, 38.9423006749812], [-77.0256694186936, 38.9424774072649], [-77.0257152776889, 38.9426567521995], [-77.0257581327178, 38.942821594757], [-77.0257868949766, 38.9429321197961], [-77.0259766533006, 38.942916547507], [-77.0260198874186, 38.9429159529261], [-77.026072060672, 38.9429153646333], [-77.0261033669596, 38.9429170959747], [-77.0261272109422, 38.942918838495], [-77.0261503174079, 38.9429223284263], [-77.0261741730686, 38.9429258183574], [-77.0261943034158, 38.942929885402], [-77.0262174107799, 38.942936285355], [-77.0262382804406, 38.9429426762245], [-77.0262591501013, 38.9429502387875], [-77.0262859845754, 38.9429612947725], [-77.0263172989479, 38.9429816649174], [-77.0264268952092, 38.9430788392662], [-77.0266048101445, 38.9432543972223], [-77.0267099804064, 38.9433581849084], [-77.0269461933086, 38.9435882027748], [-77.0271599052097, 38.9437968753369], [-77.027266184891, 38.9438999048649], [-77.0273286142099, 38.9439605163178], [-77.0274092757359, 38.9440388698467], [-77.0274309709483, 38.9440598538161], [-77.027469859017, 38.9440975891734], [-77.0274992617746, 38.9441261565233], [-77.0276300295305, 38.9442532149963], [-77.0278700000856, 38.9444895710834], [-77.0278819431873, 38.9445013331831], [-77.0281591300463, 38.9447709750286], [-77.0283646564985, 38.944972260621], [-77.0283700805262, 38.9449774838382], [-77.0284655157453, 38.9450706961241], [-77.0283120942746, 38.9450714541743], [-77.0282890219448, 38.9450715498912], [-77.0278520571361, 38.945067510916], [-77.0275904767085, 38.9450685107039], [-77.0273750660933, 38.9450693351271], [-77.026955451346, 38.9450681278361], [-77.0268529688434, 38.945067835096], [-77.026512325891, 38.9450668318148], [-77.0265019440613, 38.9450669240384], [-77.0263389483463, 38.9450681320281], [-77.0235045938433, 38.9451576482681], [-77.0234951812957, 38.9449486576267], [-77.0234943683204, 38.944930731279], [-77.0234806833853, 38.9447102112604], [-77.0234651065983, 38.9443481714184], [-77.0234562761591, 38.9441544953957], [-77.0234537204521, 38.9440984639125], [-77.0234527906958, 38.9440790065561], [-77.023343782831, 38.9440824517152], [-77.0229157679375, 38.9440957502652], [-77.022862303805, 38.9440974103131], [-77.0228132791467, 38.944098591071], [-77.0224000864553, 38.9441088503895], [-77.0218521635394, 38.944124808783], [-77.0218277087024, 38.9441256241344], [-77.0217272375278, 38.9441292460556], [-77.0217256124754, 38.9440987978783], [-77.0217231753461, 38.9440497034837], [-77.0217080522082, 38.9437493080407], [-77.0217050706998, 38.943690095858], [-77.0216941507792, 38.943436696306], [-77.0216926407112, 38.9434016526118], [-77.0216795244098, 38.9431360006267], [-77.0216756939934, 38.9430570892491], [-77.0216717485927, 38.9429786277365], [-77.0216571240198, 38.9426811769144], [-77.0216282207256, 38.9420858243628], [-77.0216276404139, 38.9420740234342], [-77.0216240390679, 38.9419897064759]], [[-77.0240534312442, 38.9382366932848], [-77.0240358997231, 38.9380263050391], [-77.0239983330762, 38.938047733086], [-77.0236201567147, 38.9380555260543], [-77.0236251657207, 38.9383983815727], [-77.023807992644, 38.9383905893409], [-77.0238054890393, 38.9382366939836], [-77.0240534312442, 38.9382366932848]], [[-77.0290943247661, 38.9369413541801], [-77.0288450036472, 38.9369331285669], [-77.0288583606972, 38.9370363336709], [-77.0287616543619, 38.9370752599298], [-77.0273294478465, 38.9371544253195], [-77.0273529280114, 38.9373370573149], [-77.0288712685895, 38.9372853114094], [-77.0290982378275, 38.9370235382893], [-77.0290943247661, 38.9369413541801]], [[-77.0292827859228, 38.9368009701107], [-77.029257741791, 38.9365555109625], [-77.0273117609169, 38.9366256428333], [-77.0273242825336, 38.9368107106187], [-77.0291525535628, 38.9367172030838], [-77.0291625715748, 38.9368204511255], [-77.0292827859228, 38.9368009701107]]]}, "properties": {"TrashRouteArea": "OR403", "CollectionDays": "Thursday", "RunsPerWeek": 1, "TrashStatusUpdate": "Scheduled Other Day", "TStatus": "Scheduled Other Day", "ServiceArea": "Outer Ring"}}, {"type": "Feature", "geometry": {"type": "Polygon", "coordinates": [[[-77.0886984924884, 38.9164026313952], [-77.091117380664, 38.9164512172253], [-77.0917720593684, 38.9164164726253], [-77.0925307674742, 38.9163108373344], [-77.0933282854952, 38.9160810308451], [-77.0943916994504, 38.9156781343213], [-77.0946754727571, 38.9156365381986], [-77.0954756560796, 38.9158232788212], [-77.095646049421, 38.9158776397844], [-77.0956514509908, 38.9158643030921], [-77.0956603083795, 38.9158479007955], [-77.0956721643446, 38.9158327573072], [-77.095813441491, 38.9157054906504], [-77.0955350131603, 38.9154246640355], [-77.0969606709572, 38.914429726295], [-77.097370542577, 38.9147438673119], [-77.0974176071114, 38.9147585112744], [-77.0974862285176, 38.9148534925105], [-77.097494934091, 38.9148953735694], [-77.0975389030309, 38.9150067703974], [-77.0976833835696, 38.9152606846157], [-77.0973323767538, 38.9154547352056], [-77.0978799044111, 38.9160736981669], [-77.0980571447116, 38.9162680184244], [-77.0981538214025, 38.916418459729], [-77.098165906438, 38.9164968143323], [-77.0983824210827, 38.9165604777333], [-77.0986656536036, 38.916722083335], [-77.0986546402582, 38.9169487523], [-77.0989367948007, 38.9170759726941], [-77.0989847235144, 38.917578876798], [-77.09908017131, 38.9177237399339], [-77.0991037044755, 38.9177726533579], [-77.099128394671, 38.9178239619888], [-77.0993729951431, 38.9182560279753], [-77.0996584060786, 38.9187622694606], [-77.1000532848162, 38.9194548078672], [-77.1000630099775, 38.9194824101566], [-77.1000534842422, 38.9195149383921], [-77.1000226127392, 38.9195380263643], [-77.0999652103925, 38.9195549212421], [-77.0995329653323, 38.9196845593994], [-77.0987000959099, 38.9199650651304], [-77.0985086325835, 38.9199935667196], [-77.098510645708, 38.9201906131704], [-77.0985098614788, 38.9202571310934], [-77.0985203825474, 38.9205103919195], [-77.0985238734006, 38.9208507595934], [-77.0985269339608, 38.9208791245409], [-77.0985269959445, 38.9209240310835], [-77.0985270318771, 38.9209500288226], [-77.0985301077087, 38.9209807539195], [-77.0985362072694, 38.9210138447822], [-77.0985383829891, 38.9210444629197], [-77.0985481135402, 38.9210760734822], [-77.09855957245, 38.9211074128574], [-77.098572530648, 38.9211383007297], [-77.0985869872358, 38.9211687364007], [-77.0986022505108, 38.9211984514939], [-77.098618896293, 38.9212276242292], [-77.0986369254808, 38.9212563454642], [-77.0986562221914, 38.9212845250416], [-77.0927765941466, 38.9303651868836], [-77.0911268192627, 38.931358989951], [-77.0910674262494, 38.9313592478078], [-77.0846267419192, 38.9313870355391], [-77.0845734628397, 38.9312933880809], [-77.0845264243564, 38.9312108157864], [-77.0843400059687, 38.9308836786485], [-77.0841552072434, 38.9305595120269], [-77.0840495779424, 38.930375908704], [-77.0839973418069, 38.9302851424999], [-77.0839417540572, 38.9301884327975], [-77.0839188712719, 38.9301487228856], [-77.0838877841732, 38.9300951457411], [-77.0838568129571, 38.9300416587029], [-77.0838257258584, 38.9299880814775], [-77.0837948696267, 38.9299345042117], [-77.0837926741442, 38.9299308123831], [-77.0837638984107, 38.9298809269054], [-77.0837565016826, 38.9298679604211], [-77.083733042179, 38.9298273495586], [-77.0837023009316, 38.9297736820244], [-77.0836866998901, 38.9297465778007], [-77.0836715605826, 38.9297201045966], [-77.0836408202336, 38.9296664369811], [-77.0836357348708, 38.9296576123379], [-77.0836101948689, 38.9296127693251], [-77.0835890458322, 38.9295759403111], [-77.0835763337726, 38.9295536990771], [-77.0835663948123, 38.9295363202037], [-77.083542588559, 38.9294947189273], [-77.0835283736179, 38.9294697760396], [-77.0835089583297, 38.9294355577348], [-77.0834753281004, 38.9293764873392], [-77.0834418128554, 38.9293173267468], [-77.0834084134932, 38.9292582562528], [-77.0833750141309, 38.929199005414], [-77.0833417306513, 38.9291398439748], [-77.0833085621561, 38.9290805930371], [-77.0832753927625, 38.9290213420499], [-77.0832563251223, 38.9289877545652], [-77.0832079023352, 38.9289025701813], [-77.0831591336968, 38.9288165757582], [-77.0830983464981, 38.9287096905604], [-77.082941758466, 38.928436579455], [-77.0829349052187, 38.9284245763902], [-77.0828065494393, 38.928199756151], [-77.0826817447003, 38.9279834651446], [-77.082675273237, 38.927972028756], [-77.0826191087688, 38.9278722564082], [-77.082659562601, 38.9278497973027], [-77.0827000164332, 38.9278273381902], [-77.0827219137665, 38.9278150708632], [-77.082740469367, 38.9278046987715], [-77.0827808082149, 38.9277820586466], [-77.0828211461644, 38.9277593297627], [-77.0828613682312, 38.9277366001725], [-77.082901476212, 38.9277137804254], [-77.0829415832945, 38.9276908712201], [-77.0829816894787, 38.9276678711588], [-77.0830216815768, 38.9276448717889], [-77.0830377012333, 38.9276356716195], [-77.0830540676395, 38.927626922198], [-77.0830708957797, 38.9276186221267], [-77.0830879547869, 38.9276106826537], [-77.0831054755282, 38.92760328338], [-77.0831232280349, 38.9275963348546], [-77.0831413263929, 38.9275898356801], [-77.0831596565163, 38.9275838774042], [-77.0831782175067, 38.9275783691782], [-77.0831970102624, 38.9275734011521], [-77.0832275637619, 38.9275668034396], [-77.0832583490267, 38.9275609255279], [-77.0832893660568, 38.9275556786649], [-77.0833203830869, 38.9275509727009], [-77.0833517477651, 38.9275469865381], [-77.0833831124432, 38.9275436307255], [-77.083414593004, 38.9275409059621], [-77.0834461903458, 38.9275388115492], [-77.0834777876876, 38.9275373474867], [-77.0835095018104, 38.9275365144736], [-77.0836980608835, 38.927536469748], [-77.0837264305785, 38.9275364494818], [-77.0838120022958, 38.9275358470847], [-77.0839196016022, 38.9275352293132], [-77.0840454214376, 38.9275345088127], [-77.0840823359075, 38.9271963123517], [-77.0840823359075, 38.9270347299063], [-77.0840823359075, 38.9268437677247], [-77.0840949239996, 38.9264520516694], [-77.0846173311683, 38.9262757777255], [-77.0852719119562, 38.926182744098], [-77.0862134146459, 38.9261743844555], [-77.0862139859745, 38.9258835958934], [-77.086213810803, 38.9258340500076], [-77.0862135197488, 38.925784414634], [-77.086213229593, 38.9257348686789], [-77.0862128235545, 38.9256852332358], [-77.0862123025316, 38.925635597758], [-77.0862121264618, 38.9255856917883], [-77.0862117868986, 38.9254957888324], [-77.0862115775912, 38.9254176866695], [-77.0862115748962, 38.9254157054087], [-77.0862114176911, 38.9253807527454], [-77.08621229804, 38.9253458000649], [-77.0862139859745, 38.9253109368209], [-77.0862165955804, 38.9252759820094], [-77.0862201286544, 38.9252412074863], [-77.0862245842982, 38.9252064322473], [-77.0862299625118, 38.9251716562924], [-77.0862362632952, 38.9251370592286], [-77.0862434866484, 38.925102552301], [-77.086251517587, 38.9250682249638], [-77.0862602393301, 38.9250323650075], [-77.0862696518777, 38.9249965951861], [-77.0862797570263, 38.924960914801], [-77.086290554776, 38.9249254140057], [-77.0863019292441, 38.9248900026469], [-77.0863141103994, 38.9248547715771], [-77.0863268682731, 38.9248196292454], [-77.0863403187478, 38.9247846672032], [-77.0863544618236, 38.9247498847517], [-77.0863691807196, 38.9247151917379], [-77.0863843640445, 38.9246826602955], [-77.0863994314868, 38.9246501295369], [-77.0864141530776, 38.9246174177574], [-77.0864286438015, 38.9245847073605], [-77.086443019541, 38.9245519060959], [-77.0864570485308, 38.9245190153613], [-77.0864709625362, 38.9244861246115], [-77.0864846465729, 38.9244532345452], [-77.0864980988443, 38.9244201634572], [-77.0865113202487, 38.9243870937514], [-77.0865154605838, 38.924377721937], [-77.086545477789, 38.9243099569028], [-77.0866833709818, 38.9240001486047], [-77.0868348359218, 38.9236614132348], [-77.0869623427932, 38.9233467476997], [-77.0870138719546, 38.9231425807412], [-77.0870295834889, 38.9229764554189], [-77.0870340301496, 38.9228408764827], [-77.0870016872061, 38.9226076749907], [-77.086956979851, 38.9224485309927], [-77.0868983638804, 38.9223253409327], [-77.0868048375812, 38.9221710165417], [-77.0867519618453, 38.9220837566549], [-77.0866393499396, 38.9219566689428], [-77.0865372806621, 38.9218414740597], [-77.0863573427208, 38.92160588675], [-77.0862349867892, 38.9214114867584], [-77.0861136917679, 38.9211397048188], [-77.0860684346439, 38.9210001994422], [-77.0860135637497, 38.9206340513], [-77.0889245966488, 38.9205970820371], [-77.0888225327611, 38.9203582770201], [-77.0888102716558, 38.9203276578877], [-77.0887990481046, 38.9202968577248], [-77.0887890920763, 38.9202657863723], [-77.0887801736022, 38.9202345346878], [-77.0887725235492, 38.9202031012733], [-77.0887660269331, 38.9201714868273], [-77.0887605678711, 38.9201397815091], [-77.088756376332, 38.9201078951591], [-77.088753339128, 38.9200760080958], [-77.0887515694469, 38.9200439400004], [-77.0887431378597, 38.9197554998205], [-77.0887431585209, 38.9197078996242], [-77.0875000806105, 38.9197177347363], [-77.087300741754, 38.9199338042276], [-77.0870171570936, 38.9200180467659], [-77.0866510747507, 38.9200240643857], [-77.0863030386635, 38.9197733409748], [-77.0860058067972, 38.9191746174282], [-77.0863501391305, 38.9191806693666], [-77.0886665205491, 38.919159206265], [-77.0887292445155, 38.9191115916903], [-77.0887109314601, 38.9189168654579], [-77.0886954633692, 38.9188145691469], [-77.0886696826189, 38.9180924730577], [-77.088654214528, 38.9176852874155], [-77.0886808199318, 38.9171928108297], [-77.088654214528, 38.9169350977909], [-77.0886748380503, 38.9168528568565], [-77.0886335901074, 38.916557993684], [-77.0886258556128, 38.9165018292644], [-77.0886129656868, 38.9164055466998], [-77.0886984924884, 38.9164026313952]]]}, "properties": {"TrashRouteArea": "OR310", "CollectionDays": "Thursday", "RunsPerWeek": 1, "TrashStatusUpdate": "Scheduled Other Day", "TStatus": "Scheduled Other Day", "ServiceArea": "Outer Ring"}}, {"type": "Feature", "geometry": {"type": "Polygon", "coordinates": [[[-77.0959678277524, 38.9359286141479], [-77.0956898602574, 38.9358928596036], [-77.0943942803102, 38.9353069601778], [-77.0939593295244, 38.9345781197417], [-77.0934548141013, 38.9336048457242], [-77.0942908851194, 38.9333553414614], [-77.0940308839301, 38.933067645098], [-77.0936546658958, 38.9328089583141], [-77.0932525108044, 38.9326106737203], [-77.0934466439238, 38.9325768007338], [-77.0934737425026, 38.9325729951404], [-77.0934953056627, 38.9325700050312], [-77.0937210909212, 38.9325393764946], [-77.0941787708803, 38.9324764905071], [-77.0945764945825, 38.932427164453], [-77.0946421084292, 38.9324190040023], [-77.0947057621519, 38.9324103040859], [-77.0947696458433, 38.9324021450308], [-77.0948335313314, 38.9323946162822], [-77.0948976476865, 38.9323876276965], [-77.0949618808225, 38.9323812701164], [-77.0950261139586, 38.9323753625556], [-77.0950904638756, 38.9323701754458], [-77.0951548137927, 38.9323654383557], [-77.0952192804908, 38.9323613322717], [-77.0952838630715, 38.9323577663514], [-77.0953516768923, 38.9323556392376], [-77.0954196065958, 38.9323542325752], [-77.0954875380959, 38.9323534562206], [-77.095555469596, 38.9323533108725], [-77.0956234019944, 38.9323537958321], [-77.0956913352911, 38.9323550012432], [-77.0957592694862, 38.9323568376608], [-77.0958270895952, 38.932359304386], [-77.0958949106025, 38.9323624915626], [-77.0959627325081, 38.9323662196017], [-77.0960627401521, 38.9323760459711], [-77.0961716303376, 38.932386676645], [-77.096270254576, 38.9323963241217], [-77.0963058988281, 38.932400799164], [-77.0963542317837, 38.9324069750574], [-77.0964378658349, 38.9324188873046], [-77.0965212699175, 38.932431970719], [-77.0966043299453, 38.9324462252999], [-77.0966870459183, 38.9324617411904], [-77.0967694178366, 38.9324784282458], [-77.0968513289192, 38.9324961970207], [-77.0969327809626, 38.9325152271025], [-77.0969365889211, 38.9325162144892], [-77.0970138889513, 38.9325354283466], [-77.0970944220182, 38.9325568014509], [-77.0971154937998, 38.9325381717853], [-77.0983089146379, 38.9314830762555], [-77.0983818686188, 38.9315294980664], [-77.0984632299324, 38.9315323498577], [-77.1027852394616, 38.9315331793299], [-77.1028080557715, 38.9302857833082], [-77.1069398093101, 38.9303214721959], [-77.1069413984299, 38.9303214861722], [-77.1069252071952, 38.9302681355724], [-77.1069083269527, 38.9301939582911], [-77.1069008242234, 38.9301590582964], [-77.1068933259858, 38.9301270583503], [-77.1068839637439, 38.9300906915177], [-77.1068748332673, 38.9300468292115], [-77.1068745889256, 38.9300456041944], [-77.1068652141073, 38.9300077872848], [-77.1068502562595, 38.9299699836324], [-77.106822258467, 38.9299263637398], [-77.1067761802828, 38.9298702301675], [-77.1067701678586, 38.9298601462875], [-77.1067509798442, 38.9298314271379], [-77.1067304093225, 38.9298033404036], [-77.1067083404109, 38.9297759748346], [-77.1066848880938, 38.9297493318295], [-77.106659938285, 38.9297235008374], [-77.1066337209535, 38.9296984818592], [-77.1066062360991, 38.9296742741969], [-77.106585681747, 38.9296568170857], [-77.1065293825316, 38.9296138538876], [-77.1064939484852, 38.9295876985954], [-77.106052013298, 38.9291904916877], [-77.1057636504985, 38.9289226019417], [-77.1057191892819, 38.9288823119966], [-77.1056604771915, 38.9288290986816], [-77.105257928638, 38.9284655891827], [-77.1050623510276, 38.9282909946367], [-77.104964250507, 38.9282028191227], [-77.1048423616993, 38.9280932795388], [-77.104627452344, 38.9278993431784], [-77.1043768619056, 38.9276732780468], [-77.1041081452614, 38.927432905594], [-77.1040372187782, 38.9273665404557], [-77.1044001426445, 38.9272537940045], [-77.1047129171618, 38.9271818079286], [-77.1050446910474, 38.9271689884062], [-77.1052932360219, 38.9271248154058], [-77.105294042709, 38.9271256232656], [-77.1053070700773, 38.9271229991192], [-77.1053283987771, 38.9271185656743], [-77.1053494966098, 38.9271138624766], [-77.1053704785599, 38.9271087986768], [-77.1053904220576, 38.9271036461239], [-77.1054017192706, 38.9271005726221], [-77.1054103655552, 38.9270982231192], [-77.1054300781858, 38.9270926198131], [-77.1054497899181, 38.927086746754], [-77.1054692707833, 38.9270806039418], [-77.1054886366642, 38.9270741899786], [-77.105507079077, 38.9270676872621], [-77.1055254056071, 38.9270608246418], [-77.1055435012702, 38.9270537817197], [-77.1055614810506, 38.9270464690443], [-77.1055793458466, 38.9270390662174], [-77.1055972097444, 38.9270314830888], [-77.1056154194935, 38.9270236288087], [-77.1056336292426, 38.9270156850761], [-77.1056516081247, 38.9270075617403], [-77.1056695870068, 38.9269992574035], [-77.1056872191392, 38.9269906840116], [-77.1057046204046, 38.9269818401668], [-77.1057193698432, 38.9269738992249], [-77.1057337734305, 38.9269657786796], [-77.1057480611351, 38.9269573883803], [-77.105762349738, 38.9269489973812], [-77.1057765224582, 38.9269406070799], [-77.1057908101628, 38.9269322160788], [-77.1058465748807, 38.9268969433938], [-77.1060333418148, 38.9267786746301], [-77.1062279456515, 38.9266572461902], [-77.1062945413567, 38.9266156572023], [-77.1063534178387, 38.9265789398453], [-77.1065229029834, 38.9264732078677], [-77.1065669168391, 38.9264462330673], [-77.1067024151233, 38.9263635027813], [-77.1068208597901, 38.9262911475087], [-77.1068352624791, 38.926282126069], [-77.1070434569276, 38.9261513154152], [-77.1070816281407, 38.9261272546987], [-77.1073538464179, 38.9259556398937], [-77.1074450999794, 38.9259005151178], [-77.1074873854764, 38.9258749825321], [-77.1074946456606, 38.925871732866], [-77.1075023693754, 38.9258693840213], [-77.1075105548242, 38.9258678451471], [-77.1075187420697, 38.9258672063955], [-77.1075270451979, 38.9258675593163], [-77.1075352351384, 38.9258687229064], [-77.1075431960084, 38.925870697166], [-77.1075505810583, 38.9258736630978], [-77.1075575052725, 38.9258772600936], [-77.1075636245963, 38.9258816691562], [-77.1075894906865, 38.9259038954679], [-77.1077775979071, 38.9260656020892], [-77.1080450254688, 38.9262881305783], [-77.1083538051781, 38.926552329184], [-77.1086215821845, 38.9267748561464], [-77.1087442237803, 38.9268838331012], [-77.1088094711144, 38.926941786027], [-77.1088164007185, 38.9269481755426], [-77.1088200963875, 38.9269516851287], [-77.1088304907937, 38.9269616750784], [-77.1088406552311, 38.9269718446292], [-77.1088504738172, 38.9269821951785], [-77.1088601774189, 38.926992635877], [-77.1088694192865, 38.9270032568751], [-77.1088740402204, 38.9270086575241], [-77.1088785461698, 38.9270140588715], [-77.1088873281, 38.9270249503182], [-77.1088958791632, 38.9270359326124], [-77.1089040834767, 38.9270470952061], [-77.1090412732886, 38.9272415468446], [-77.1091719098904, 38.9274494275093], [-77.1093397843558, 38.9277235738953], [-77.1095176238326, 38.9280276180429], [-77.1096522238015, 38.9282611679061], [-77.109680438088, 38.9283096058506], [-77.10971177402, 38.9283629963589], [-77.1098673002435, 38.9286290461137], [-77.1100682596607, 38.9289649568841], [-77.1103149801569, 38.9293585682357], [-77.11048794268, 38.9296358609994], [-77.1106184750773, 38.9298451811921], [-77.1106604443674, 38.9299124336005], [-77.1107020669078, 38.9299791457632], [-77.1107038006563, 38.9299817565265], [-77.1110804516785, 38.9305619851039], [-77.111337735464, 38.9309921573341], [-77.1113947506368, 38.9310918253651], [-77.1114031921056, 38.9311065910391], [-77.1114223944931, 38.9311427861447], [-77.1114311863048, 38.9311601632269], [-77.1114409042795, 38.9311792516675], [-77.1114587232615, 38.9312158988597], [-77.1114737664492, 38.9312483141006], [-77.1114758496424, 38.9312528164686], [-77.1114921693361, 38.9312899150473], [-77.1115077982254, 38.9313271945956], [-77.1115226195293, 38.9313646551132], [-77.1115367482321, 38.9314022965998], [-77.1115501861304, 38.9314401183563], [-77.1115628173416, 38.9314781217801], [-77.1117441961807, 38.9319677305953], [-77.1118675438523, 38.9322976767591], [-77.111878777285, 38.9323271230486], [-77.1119033381231, 38.932397004043], [-77.1119293973512, 38.9324666138389], [-77.1119568408832, 38.9325358615947], [-77.1119747847309, 38.9325788048545], [-77.1119856669223, 38.9326048374549], [-77.1120158772653, 38.9326733618323], [-77.1120475859982, 38.9327415241727], [-77.1120805631523, 38.932809325176], [-77.1121149237119, 38.9328766747001], [-77.1121506676771, 38.9329435720475], [-77.1121877950477, 38.9330101073624], [-77.1122190195887, 38.9330635872707], [-77.1122324305376, 38.9330837527207], [-77.1122464173066, 38.9331037378795], [-77.1122607499269, 38.9331235420481], [-77.1122755442813, 38.9331431666244], [-77.1122906835888, 38.9331626095122], [-77.1123061687477, 38.9331817826653], [-77.1123221147423, 38.9332008649717], [-77.1123385224709, 38.9332196761461], [-77.1123552751527, 38.9332383077289], [-77.1123723745841, 38.9332567583228], [-77.1126084024335, 38.9335084032886], [-77.1126713644534, 38.9335736530226], [-77.1127459937922, 38.9336508720366], [-77.1127983269458, 38.933705051635], [-77.1129576368732, 38.9338699303764], [-77.1130309950959, 38.9339455293111], [-77.1130810177825, 38.933997098069], [-77.1136795895108, 38.9346307927896], [-77.113838214922, 38.9347975623333], [-77.1138758785869, 38.9348369824502], [-77.1138893964353, 38.9348518325938], [-77.1139025693307, 38.9348668637143], [-77.1139151655076, 38.9348821652533], [-77.1139275317158, 38.934897647769], [-77.1139393212056, 38.9349133105622], [-77.113950764844, 38.9349291543319], [-77.1139617476466, 38.934945178379], [-77.1139722696136, 38.9349613827034], [-77.1139824457291, 38.9349777680038], [-77.1139920451262, 38.93499433428], [-77.1142447726567, 38.9355111640986], [-77.1142521783679, 38.9355262908092], [-77.1143000657591, 38.9356116426262], [-77.1142044859111, 38.9356344374721], [-77.1141735865603, 38.9356418540758], [-77.1141500659712, 38.9356472820174], [-77.1141184740193, 38.9356539795992], [-77.1140867652864, 38.9356600455045], [-77.1140548247882, 38.9356653916902], [-77.1140227675089, 38.9356701977368], [-77.1139904793627, 38.9356742826665], [-77.1139581894198, 38.9356777373178], [-77.1139256686099, 38.9356805616907], [-77.1138931460033, 38.9356827550867], [-77.1138605075141, 38.9356843189032], [-77.1138270623378, 38.9356866031373], [-77.1137935021771, 38.9356886176515], [-77.1137598252354, 38.9356901821666], [-77.1137261473954, 38.9356912959839], [-77.1136925854381, 38.9356920492431], [-77.1136589066997, 38.9356923518045], [-77.1136252270631, 38.9356922945065], [-77.1135915474265, 38.9356917872096], [-77.1135693779036, 38.9356912142295], [-77.1135578659932, 38.9356909186556], [-77.1135243004426, 38.9356896001027], [-77.1130337484323, 38.9356822387058], [-77.1129932640574, 38.9356816468592], [-77.1129560082276, 38.9356810522176], [-77.1128805757949, 38.9356810354475], [-77.1127549706569, 38.9356808859136], [-77.1124415924717, 38.9356806476378], [-77.1122433136273, 38.9356816936759], [-77.1120224511366, 38.935682851515], [-77.1117907343023, 38.9356831638591], [-77.1116894654237, 38.9356832602874], [-77.111589179302, 38.9356986161533], [-77.111588962808, 38.9356983142907], [-77.1115671535095, 38.9357016550435], [-77.1115092714625, 38.9357131509776], [-77.111505466199, 38.9357138748888], [-77.111360298449, 38.9357427949944], [-77.1113301985988, 38.9357450310125], [-77.111116475918, 38.9357463153254], [-77.1104374681408, 38.9357453370675], [-77.1101811491459, 38.935745804535], [-77.1097159044737, 38.9357466472343], [-77.1090497003843, 38.9357459198297], [-77.1082535001918, 38.9357470560063], [-77.1081404786543, 38.9357472146239], [-77.1075553600957, 38.9357475744831], [-77.1074084747669, 38.9357477093429], [-77.1073477711116, 38.9357475493278], [-77.1073074942475, 38.9357474417195], [-77.1069790055009, 38.9357467520476], [-77.1064828506982, 38.9357483766545], [-77.1062682818043, 38.9357467702153], [-77.1060280291782, 38.935746988227], [-77.1060062297612, 38.9357470077922], [-77.1059110748164, 38.9357469141589], [-77.1058070382284, 38.9357469183515], [-77.1057009256338, 38.935746833802], [-77.1053568672867, 38.9357473250273], [-77.1049174222295, 38.9357472698256], [-77.1045130402145, 38.935746731085], [-77.1041117753535, 38.9357480803821], [-77.1038080846003, 38.9357477198242], [-77.1037249248595, 38.9357476136134], [-77.1036906694028, 38.9357479140782], [-77.1036657555267, 38.9357481167174], [-77.1036065870922, 38.9357484388438], [-77.103561719837, 38.9357486589517], [-77.1035474177594, 38.9357486715294], [-77.1034882493249, 38.9357488140755], [-77.1026410993844, 38.9356741002911], [-77.1014933902179, 38.9353998602543], [-77.1010381878123, 38.9351700121761], [-77.1005541818254, 38.9356298529291], [-77.1003124290127, 38.9357080996706], [-77.1001200314385, 38.9357031028661], [-77.0999474614791, 38.9356877567838], [-77.0997669935318, 38.9357152961584], [-77.0994728833111, 38.9358022968099], [-77.0991210509436, 38.935935468224], [-77.0989618056949, 38.9359644294657], [-77.0966541496126, 38.9359579198779], [-77.0960484201081, 38.9359389801604], [-77.0959638571989, 38.9359128600421], [-77.0959678277524, 38.9359286141479]]]}, "properties": {"TrashRouteArea": "OR307", "CollectionDays": "Thursday", "RunsPerWeek": 1, "TrashStatusUpdate": "Scheduled Other Day", "TStatus": "Scheduled Other Day", "ServiceArea": "Outer Ring"}}, {"type": "Feature", "geometry": {"type": "Polygon", "coordinates": [[[-77.0906126496452, 38.9471053637138], [-77.0906138462012, 38.9462860581145], [-77.0906148891452, 38.9455720610495], [-77.0906149286711, 38.945545124254], [-77.0906161656512, 38.9446980761069], [-77.0906160515652, 38.9418863178375], [-77.0906369975827, 38.9418123707007], [-77.0906572312362, 38.9417409639475], [-77.0906647815761, 38.9417274455651], [-77.0906879051098, 38.9416948101334], [-77.09069212809, 38.9416888509463], [-77.0907003153355, 38.9416799271866], [-77.0907090631297, 38.9416703920657], [-77.0907140945936, 38.9416649079907], [-77.0907385772784, 38.9416426474907], [-77.0908210435198, 38.9415758610579], [-77.0908637970391, 38.9415412370605], [-77.0918751365556, 38.942277375727], [-77.0919053334239, 38.9422579842465], [-77.0919278811375, 38.9422476589832], [-77.091930478167, 38.9422464698101], [-77.0919392268596, 38.9422424635124], [-77.0919491388704, 38.9422394507541], [-77.0919615490961, 38.9422356792164], [-77.0919757784102, 38.9422313543147], [-77.0920140664042, 38.9422249284465], [-77.0920283406341, 38.942224356218], [-77.0920504885974, 38.9422234688794], [-77.0926191922409, 38.9422233696651], [-77.0967640719624, 38.9422217235472], [-77.0966528245976, 38.9393775359101], [-77.0966668967065, 38.9393775240318], [-77.096765632336, 38.9393774422816], [-77.0967655847253, 38.9393714018482], [-77.0967581233186, 38.9384339189465], [-77.0965900898514, 38.9378054798588], [-77.0964062235774, 38.9372511492807], [-77.0961860779423, 38.936794561219], [-77.0959678277524, 38.9359286141479], [-77.0959638571989, 38.9359128600421], [-77.0960484201081, 38.9359389801604], [-77.0966541496126, 38.9359579198779], [-77.0989618056949, 38.9359644294657], [-77.0991210509436, 38.935935468224], [-77.0994728833111, 38.9358022968099], [-77.0997669935318, 38.9357152961584], [-77.0999474614791, 38.9356877567838], [-77.1001200314385, 38.9357031028661], [-77.1003124290127, 38.9357080996706], [-77.1005541818254, 38.9356298529291], [-77.1010381878123, 38.9351700121761], [-77.1014933902179, 38.9353998602543], [-77.1026410993844, 38.9356741002911], [-77.1034882493249, 38.9357488140755], [-77.1035474177594, 38.9357486715294], [-77.103561719837, 38.9357486589517], [-77.1036065870922, 38.9357484388438], [-77.1036657555267, 38.9357481167174], [-77.1036906694028, 38.9357479140782], [-77.1037249248595, 38.9357476136134], [-77.1038080846003, 38.9357477198242], [-77.1041117753535, 38.9357480803821], [-77.1045130402145, 38.935746731085], [-77.1049174222295, 38.9357472698256], [-77.1053568672867, 38.9357473250273], [-77.1057009256338, 38.935746833802], [-77.1058070382284, 38.9357469183515], [-77.1059110748164, 38.9357469141589], [-77.1060062297612, 38.9357470077922], [-77.1060280291782, 38.935746988227], [-77.1062682818043, 38.9357467702153], [-77.1064828506982, 38.9357483766545], [-77.1069790055009, 38.9357467520476], [-77.1073074942475, 38.9357474417195], [-77.1073477711116, 38.9357475493278], [-77.1074084747669, 38.9357477093429], [-77.1075553600957, 38.9357475744831], [-77.1062364625787, 38.9361045999755], [-77.1061859377338, 38.936124311071], [-77.1059188982443, 38.9362771810545], [-77.1058661330011, 38.9363105596548], [-77.1058142687682, 38.9363448382291], [-77.1057634672422, 38.9363799266373], [-77.1057135667265, 38.9364160044568], [-77.1056646130351, 38.9364528026679], [-77.1056167903226, 38.9364904107091], [-77.1055700195374, 38.9365289187177], [-77.105522556151, 38.936567688037], [-77.105455949666, 38.9366245632692], [-77.1053734546785, 38.9367004066238], [-77.1053195611513, 38.9367509015025], [-77.1052711931615, 38.936802022421], [-77.1052237486397, 38.9368536827336], [-77.1052200637505, 38.9368579199215], [-77.1051772275861, 38.9369058824391], [-77.1051315141179, 38.9369585320972], [-77.1050868400005, 38.9370116317067], [-77.1050430893513, 38.9370652700071], [-77.1050001462874, 38.9371193589555], [-77.1049488012807, 38.9371857960227], [-77.1048983806404, 38.9372526830167], [-77.1048488816717, 38.9373200192376], [-77.1048004220537, 38.9373877152454], [-77.1047527709194, 38.9374558604775], [-77.1047061573393, 38.9375243654943], [-77.1046604681257, 38.9375933197332], [-77.1046158164662, 38.9376626337543], [-77.1045719732904, 38.9377323068581], [-77.1045292835515, 38.937802429879], [-77.104495114333, 38.9378621857033], [-77.1044616377156, 38.9379222104898], [-77.1044289677854, 38.9379824154989], [-77.1043969913545, 38.9380429796056], [-77.1043658216108, 38.9381037232347], [-77.1043353453665, 38.9381646470847], [-77.1043056758093, 38.9382258398938], [-77.1042766988531, 38.9382873023602], [-77.1042485303808, 38.9383488542107], [-77.1042210536112, 38.9384107658534], [-77.1041951938091, 38.9384741168233], [-77.1041702565768, 38.9385377381444], [-77.1041462428126, 38.9386016284185], [-77.1041232675009, 38.9386656975091], [-77.1041012156573, 38.9387299461145], [-77.1040802013679, 38.9387944643697], [-77.1040706729377, 38.9388252816557], [-77.1040601105466, 38.9388591621386], [-77.1040420885453, 38.9389109851528], [-77.1040400349966, 38.9389183371311], [-77.1040239587463, 38.9389760412606], [-77.1040144384009, 38.9390124426658], [-77.1040068673997, 38.9390411860467], [-77.1039968925068, 38.9390824533238], [-77.1039873793479, 38.9391237198783], [-77.1039780970561, 38.9391650758451], [-77.1039692756, 38.9392064317878], [-77.1039606850109, 38.9392478778414], [-77.1039524402732, 38.9392893231721], [-77.1039446572696, 38.9393307684786], [-77.103937105133, 38.9393723031969], [-77.1039298988478, 38.9394139280258], [-77.103923038414, 38.9394554626954], [-77.1039151646805, 38.9395133927726], [-77.1039079817515, 38.9395713228025], [-77.1039016073062, 38.9396292513877], [-77.1038960395481, 38.93968727006], [-77.1038911643911, 38.9397453781204], [-77.1038870968195, 38.9398034847359], [-77.1038838368333, 38.939861681438], [-77.1038812685499, 38.9399197872594], [-77.103879507852, 38.9399779824686], [-77.1038786571474, 38.9400275289554], [-77.1038785538411, 38.9400361769313], [-77.1038649829921, 38.9404594890643], [-77.1038555372069, 38.9407846067904], [-77.1038437935312, 38.9411163928423], [-77.1038333074969, 38.9414407906906], [-77.1038143817905, 38.9419895031559], [-77.1037989424457, 38.9425560488952], [-77.1037854659198, 38.9429654875783], [-77.1037701801869, 38.943400151148], [-77.1037426010094, 38.9440590873711], [-77.1037412688078, 38.9440948517712], [-77.1037379028205, 38.9441599841689], [-77.1037336142633, 38.944225117904], [-77.103728171371, 38.944290162848], [-77.1037216909245, 38.944355208431], [-77.1037141720256, 38.9444201652233], [-77.1037054996898, 38.9444850325263], [-77.1036959047843, 38.9445498103403], [-77.103685270528, 38.9446144993643], [-77.1036735978192, 38.9446790087717], [-77.1036607725718, 38.9447435195177], [-77.1036478314419, 38.9448083907169], [-77.1036340836248, 38.9448732625553], [-77.1036194123395, 38.9449379554761], [-77.1036038175862, 38.9450025589089], [-77.1035874161457, 38.9450670728538], [-77.1035702062215, 38.945131317056], [-77.1035520728292, 38.9451955618987], [-77.1035331327498, 38.9452595376984], [-77.1035132683039, 38.9453234240116], [-77.1035053442647, 38.9453476633613], [-77.1034925971709, 38.9453871307115], [-77.1034737594994, 38.9454424583242], [-77.1034649389416, 38.945469446161], [-77.1034428808098, 38.945531712793], [-77.1034328843573, 38.9455587467073], [-77.1034200159909, 38.9455938906407], [-77.1033963417899, 38.9456557980533], [-77.1033717459174, 38.9457175272542], [-77.1033464565455, 38.9457789860211], [-77.1033203595882, 38.9458403553068], [-77.1032934541471, 38.9459014555569], [-77.1032657420189, 38.9459623755014], [-77.103237221407, 38.9460230271103], [-77.1031760254749, 38.9461432514519], [-77.1031347272263, 38.9462225611195], [-77.1030920437756, 38.9463014207667], [-77.103047976021, 38.9463798317924], [-77.1030025221659, 38.9464577934993], [-77.102955684007, 38.9465352164619], [-77.1029074606459, 38.9466121894102], [-77.102857967067, 38.9466886229188], [-77.1028072041687, 38.9467645176882], [-77.1027550551698, 38.9468398730214], [-77.1027015218671, 38.9469145987947], [-77.1026662926366, 38.9469635444899], [-77.102630370805, 38.9470121303493], [-77.1025938713567, 38.9470603570723], [-77.1025566802056, 38.9471084042111], [-77.1025187955551, 38.9471560908174], [-77.1024803341862, 38.9472034182893], [-77.1024411802163, 38.9472504760537], [-77.1024014486295, 38.9472971732876], [-77.1023610244418, 38.9473435113892], [-77.1023199076529, 38.947389579785], [-77.1012745669029, 38.9485947537356], [-77.1011316709923, 38.948546800522], [-77.1011045517522, 38.9485405177467], [-77.1010304793688, 38.9485326546706], [-77.1009558428434, 38.9485338004231], [-77.1008978242525, 38.9485392553231], [-77.1008408513005, 38.948549843752], [-77.1007858456591, 38.9485653854613], [-77.1007335008274, 38.9485856093797], [-77.1007272755025, 38.9485887678819], [-77.1006843926258, 38.9486104246814], [-77.1006392118586, 38.9486394701706], [-77.1006148989554, 38.9486590387545], [-77.1005985361425, 38.9486722952269], [-77.1005629403994, 38.94870844923], [-77.1005327713789, 38.9487475709843], [-77.1005084890185, 38.9487891197477], [-77.1004991770822, 38.9488121891097], [-77.100486876451, 38.9488429182063], [-77.1004754193379, 38.9488985987224], [-77.1004754256261, 38.9489032837084], [-77.1004746908042, 38.9489549917929], [-77.1004843449985, 38.9490109244246], [-77.1005043783277, 38.9490650475751], [-77.1005344449403, 38.9491163685039], [-77.1005386050383, 38.9491214097736], [-77.1005736195715, 38.9491637184202], [-77.1005961430306, 38.9491836976498], [-77.100493347016, 38.9492590951231], [-77.1003443380699, 38.9493682233626], [-77.099964522283, 38.9496657320578], [-77.0998598883153, 38.9497476163823], [-77.0997579609716, 38.9497033826928], [-77.0967594591134, 38.9497014894377], [-77.0943403104263, 38.9497019351561], [-77.0943408583986, 38.9488086729205], [-77.0943408664835, 38.9487278689871], [-77.094341073096, 38.9485348211211], [-77.0943409617049, 38.9483722582074], [-77.0943407020918, 38.947993063225], [-77.0943407173631, 38.947917394033], [-77.0943406149552, 38.9478401926505], [-77.0943405457849, 38.9477877648554], [-77.0943428050478, 38.9474899758085], [-77.0943449672927, 38.9472064566865], [-77.0943448190707, 38.9471815039593], [-77.0943444902873, 38.9471072759016], [-77.0906126496452, 38.9471053637138]]]}, "properties": {"TrashRouteArea": "OR306", "CollectionDays": "Thursday", "RunsPerWeek": 1, "TrashStatusUpdate": "Scheduled Other Day", "TStatus": "Scheduled Other Day", "ServiceArea": "Outer Ring"}}, {"type": "Feature", "geometry": {"type": "Polygon", "coordinates": [[[-77.0796761021339, 38.9479170482083], [-77.0788909691857, 38.9465111892091], [-77.0789931426678, 38.9464314152619], [-77.0790918423646, 38.9462860448401], [-77.07909713434, 38.9462727990999], [-77.0791027685734, 38.9462564897679], [-77.0791077111041, 38.9462400015772], [-77.0791118451511, 38.9462234232566], [-77.0791152874953, 38.9462067555045], [-77.0791167760037, 38.9461967556897], [-77.0791178063713, 38.9461899990196], [-77.0791196335446, 38.9461731517058], [-77.0791192616421, 38.9461500912662], [-77.0791185447865, 38.9461271202467], [-77.0791175961655, 38.9461040597921], [-77.0791164166776, 38.9460810894564], [-77.0791150072209, 38.9460580289868], [-77.0791133668972, 38.9460350593348], [-77.0791113798238, 38.9460120896754], [-77.0791111471601, 38.9460097470868], [-77.079109277766, 38.9459891200084], [-77.0791069457395, 38.9459661503341], [-77.0791042669634, 38.9459431806523], [-77.0791046002383, 38.9459315599202], [-77.0790857967028, 38.9459310324354], [-77.0790669931673, 38.9459307746317], [-77.0790481896317, 38.9459306970809], [-77.0790293869945, 38.9459308899097], [-77.0790105843573, 38.9459312629917], [-77.0789917817201, 38.9459318163267], [-77.0789729799812, 38.9459326400412], [-77.0789660584619, 38.9459330047393], [-77.0789542932267, 38.9459336433102], [-77.0789354914878, 38.9459348268321], [-77.0789168056315, 38.9459362807337], [-77.0789008901797, 38.9459398047505], [-77.0788850906104, 38.9459435090202], [-77.0788692910412, 38.9459473935428], [-77.0788536064564, 38.9459514576195], [-77.0788380386525, 38.9459557019489], [-77.0788224699503, 38.9459601265311], [-77.0788070171308, 38.9459647313659], [-77.0787916801939, 38.9459695157548], [-77.0787763432571, 38.945974481095], [-77.0787612371873, 38.9459796259891], [-77.0786281203369, 38.9460405263041], [-77.0781460753723, 38.9451773624363], [-77.078102857424, 38.9450994174865], [-77.0780791823247, 38.9450575787109], [-77.0780789397795, 38.945057146238], [-77.0779304105338, 38.9447911783708], [-77.077909266887, 38.9447525707478], [-77.0778860256739, 38.9447101337083], [-77.0778797841793, 38.9446986972223], [-77.0775632097884, 38.9441297637722], [-77.0775330434628, 38.9440751037657], [-77.0775019518725, 38.944018912922], [-77.0774664693171, 38.9439547068375], [-77.0774206992551, 38.9438717713014], [-77.0772593501519, 38.9435798291141], [-77.0772281444756, 38.9435238181371], [-77.0771430794081, 38.9433710937305], [-77.0770877189321, 38.943271858672], [-77.077030970559, 38.9431700124982], [-77.0772264915755, 38.9431695234204], [-77.0772428714564, 38.9431694221115], [-77.0778924180855, 38.9431697120647], [-77.0780368384371, 38.9431697959066], [-77.0781630328699, 38.943169801496], [-77.0801190542139, 38.9431705490863], [-77.080210528761, 38.943170666465], [-77.0803294567215, 38.9431707649792], [-77.0804329273709, 38.9431708739737], [-77.0804381178366, 38.9431708704803], [-77.0807738470043, 38.943168756267], [-77.0808872943432, 38.9431680380214], [-77.0812533057192, 38.9431681449199], [-77.0812844512084, 38.9431680331306], [-77.0814222958922, 38.9431673966309], [-77.0814824291173, 38.9430970895725], [-77.0815253973339, 38.9430468835771], [-77.0816715819768, 38.942875083336], [-77.0818335491208, 38.942685795936], [-77.0818743281431, 38.9426380238775], [-77.0819702861818, 38.9425258033608], [-77.0820509234533, 38.942431610262], [-77.0820890533438, 38.9423869919198], [-77.0823011294127, 38.942141006429], [-77.0825251800243, 38.9418771761098], [-77.0827311502443, 38.9416395718241], [-77.0829953986683, 38.9413282377935], [-77.083005766125, 38.9413160692223], [-77.0830373284324, 38.9412792029661], [-77.0830643048404, 38.9412465561489], [-77.0831393887268, 38.9411597703901], [-77.0832848744804, 38.9409896801957], [-77.0833821763987, 38.9408756474239], [-77.0835396753225, 38.9406910534901], [-77.0837899809949, 38.9403973842704], [-77.0839503832738, 38.940211932471], [-77.0839608082226, 38.9401998901749], [-77.0841628456182, 38.9399612049475], [-77.0844099236439, 38.9396736618502], [-77.0844558940302, 38.9396199304973], [-77.0846680554391, 38.9393719678113], [-77.0847025884752, 38.939331504231], [-77.084897964863, 38.9391026331331], [-77.0851338624566, 38.9388264471295], [-77.085346031052, 38.9385789246621], [-77.0853570884148, 38.9385660345319], [-77.085474921329, 38.9384289321163], [-77.0856359497335, 38.9382336943309], [-77.0856464411577, 38.9382393617388], [-77.0856737921632, 38.9382516831615], [-77.0857022948089, 38.9382622919927], [-77.0857249107944, 38.9382689418138], [-77.085731833212, 38.9382710086595], [-77.0857620615213, 38.9382778324637], [-77.0857929797368, 38.9382827648035], [-77.0858203181658, 38.9382840958854], [-77.0858475398139, 38.9382845263034], [-77.085874875548, 38.9382841454952], [-77.0859020953994, 38.9382827745858], [-77.0859061324283, 38.9382824112458], [-77.0859291984698, 38.9382805023137], [-77.0859561856576, 38.9382774202126], [-77.085983055166, 38.9382733466126], [-77.0860095788231, 38.9382684624845], [-77.0860358698166, 38.9382626776921], [-77.0860618140603, 38.9382560823714], [-77.0860939836289, 38.9382465998936], [-77.086122000286, 38.9382363103801], [-77.0861252279328, 38.9382351365119], [-77.0861550861362, 38.9382217823616], [-77.0861835582391, 38.938206627578], [-77.0862104124763, 38.9381897622964], [-77.0862284012398, 38.9381765248257], [-77.0862357656285, 38.9381710600449], [-77.0862584642591, 38.9381513516146], [-77.0862794309379, 38.9381300759226], [-77.086298204829, 38.9381075418073], [-77.08631018027, 38.9380903271357], [-77.0863146700498, 38.9380838373076], [-77.0863313634427, 38.9380573406636], [-77.0863454014157, 38.9380298553023], [-77.086356901648, 38.9380016509336], [-77.0863657482569, 38.9379729078301], [-77.0863718262581, 38.9379437161277], [-77.0863751590078, 38.937914256798], [-77.086375347654, 38.9378991229107], [-77.086375561453, 38.9378847094156], [-77.0863733336311, 38.9378551634183], [-77.0863682231155, 38.9378258906141], [-77.0863604598748, 38.937796889606], [-77.0863455478411, 38.9377696053796], [-77.086328329832, 38.9377431337726], [-77.0863108854475, 38.9377203556754], [-77.0863088058476, 38.9377176543612], [-77.0862869767862, 38.9376933481192], [-77.0862630726165, 38.937670214349], [-77.086252796788, 38.9376615744694], [-77.0862372092212, 38.9376484333258], [-77.0862095024829, 38.9376281853252], [-77.086180067386, 38.9376093795126], [-77.086174654138, 38.937606402193], [-77.0865457517752, 38.9371731977132], [-77.0867382158248, 38.936949648968], [-77.0868118129994, 38.936861943992], [-77.0869626913396, 38.9366822958177], [-77.0869970608824, 38.9366426426464], [-77.0871356897953, 38.9364827230798], [-77.0872543222101, 38.9363449786778], [-77.0873321818907, 38.9362545764753], [-77.0876105599157, 38.935928628123], [-77.0876574358039, 38.9358739121824], [-77.0877305721428, 38.9357883685234], [-77.0876328183719, 38.9357393466351], [-77.087618276444, 38.9357319705695], [-77.0874725059246, 38.9356531669453], [-77.08745149972, 38.9356414718559], [-77.0874307243824, 38.9356295964853], [-77.0874101790135, 38.9356174506938], [-77.0873898636134, 38.9356051246209], [-77.0873696640959, 38.9355925281268], [-77.0873496945471, 38.9355798414908], [-77.0873300708498, 38.9355667942937], [-77.0873105621367, 38.9355536562558], [-77.0872912842907, 38.9355403386347], [-77.0872722373118, 38.9355267505918], [-77.0872491488123, 38.9355105526854], [-77.0872262920782, 38.9354941744957], [-77.0872035494302, 38.9354776160225], [-77.0871810385475, 38.9354608772659], [-77.0871587567352, 38.9354439582255], [-77.0871367066882, 38.9354269490413], [-77.0871147707273, 38.9354097595731], [-77.0870931815161, 38.9353923898209], [-77.0870717063909, 38.9353748397846], [-77.0870632092266, 38.9353677564613], [-77.087050463031, 38.9353571087652], [-77.0870284093908, 38.9353378474578], [-77.0870064716333, 38.9353184058651], [-77.0869848788288, 38.9352987839869], [-77.0869635168913, 38.9352789818232], [-77.0869423858209, 38.9352590888151], [-77.0869214847192, 38.9352389260798], [-77.0869009294689, 38.9352186724999], [-77.0868804901012, 38.935198328774], [-77.0868603956866, 38.9351777153204], [-77.0868404171547, 38.9351570110219], [-77.0868223987467, 38.9351364849015], [-77.0868046121041, 38.9351158693337], [-77.0867870554302, 38.9350950734793], [-77.086769728725, 38.9350740966393], [-77.0867527487695, 38.9350530296528], [-77.0867359987827, 38.9350318725197], [-77.0867194796629, 38.9350106252398], [-77.0867031905119, 38.9349891976727], [-77.0866871322279, 38.9349676799586], [-77.0866714197952, 38.9349459812583], [-77.0866545494342, 38.9349206804241], [-77.0866379099402, 38.934895379581], [-77.0866216162975, 38.9348698984476], [-77.086605553522, 38.9348443264657], [-77.0865898356994, 38.9348185741933], [-77.0865743496423, 38.9347928219115], [-77.0865590935538, 38.9347668893389], [-77.0865441833167, 38.9347408666161], [-77.0865297348137, 38.9347152037481], [-77.0865151695297, 38.9346886401613], [-77.0864741389791, 38.9346180361049], [-77.0867664669422, 38.9346278139474], [-77.0885571219171, 38.9346877080074], [-77.0894205035165, 38.9347087101172], [-77.0905526170314, 38.9346825518124], [-77.0914149062794, 38.9345014034526], [-77.0926233649153, 38.9341195201754], [-77.0934548141013, 38.9336048457242], [-77.0939593295244, 38.9345781197417], [-77.0943942803102, 38.9353069601778], [-77.0956898602574, 38.9358928596036], [-77.0959678277524, 38.9359286141479], [-77.0961860779423, 38.936794561219], [-77.0964062235774, 38.9372511492807], [-77.0965900898514, 38.9378054798588], [-77.0967581233186, 38.9384339189465], [-77.0967655847253, 38.9393714018482], [-77.096765632336, 38.9393774422816], [-77.0966668967065, 38.9393775240318], [-77.0966528245976, 38.9393775359101], [-77.0967640719624, 38.9422217235472], [-77.0926191922409, 38.9422233696651], [-77.0920504885974, 38.9422234688794], [-77.0920283406341, 38.942224356218], [-77.0920140664042, 38.9422249284465], [-77.0919757784102, 38.9422313543147], [-77.0919615490961, 38.9422356792164], [-77.0919491388704, 38.9422394507541], [-77.0919392268596, 38.9422424635124], [-77.091930478167, 38.9422464698101], [-77.0919278811375, 38.9422476589832], [-77.0919053334239, 38.9422579842465], [-77.0918751365556, 38.942277375727], [-77.0908637970391, 38.9415412370605], [-77.0908210435198, 38.9415758610579], [-77.0907385772784, 38.9416426474907], [-77.0907140945936, 38.9416649079907], [-77.0907090631297, 38.9416703920657], [-77.0907003153355, 38.9416799271866], [-77.09069212809, 38.9416888509463], [-77.0906879051098, 38.9416948101334], [-77.0906647815761, 38.9417274455651], [-77.0906572312362, 38.9417409639475], [-77.0906369975827, 38.9418123707007], [-77.0906160515652, 38.9418863178375], [-77.0906161656512, 38.9446980761069], [-77.0906149286711, 38.945545124254], [-77.0906147040923, 38.9455451263499], [-77.0906148891452, 38.9455720610495], [-77.0906138462012, 38.9462860581145], [-77.0906126496452, 38.9471053637138], [-77.0886317207133, 38.94710643194], [-77.0864859644015, 38.9471035884601], [-77.0860644847516, 38.9471030295451], [-77.084947504256, 38.9471015491191], [-77.0839551721925, 38.9471002335729], [-77.0837255151952, 38.9471005598395], [-77.0836624992764, 38.9471011508922], [-77.0834667312231, 38.9471061427015], [-77.0834284755684, 38.9471097784432], [-77.0832988594527, 38.947131634808], [-77.0832680283738, 38.9471391969242], [-77.0830744584981, 38.9472078022723], [-77.0828766458793, 38.947330095378], [-77.082695431432, 38.9475410177232], [-77.0826171836791, 38.94790960145], [-77.0822603836281, 38.9479134991389], [-77.081875709752, 38.9479177014327], [-77.0796761021339, 38.9479170482083]]]}, "properties": {"TrashRouteArea": "OR304", "CollectionDays": "Thursday", "RunsPerWeek": 1, "TrashStatusUpdate": "Scheduled Other Day", "TStatus": "Scheduled Other Day", "ServiceArea": "Outer Ring"}}, {"type": "Feature", "geometry": {"type": "Polygon", "coordinates": [[[-77.0819561224447, 38.9533608481687], [-77.0820601608293, 38.9532823240104], [-77.0820660241332, 38.953274879213], [-77.0820704088101, 38.9532651472541], [-77.0820743272614, 38.9532414436307], [-77.0820718344364, 38.9530807378713], [-77.082070380064, 38.9529194009239], [-77.0820717338251, 38.9527930139576], [-77.082071824555, 38.9527710335927], [-77.0820714715171, 38.9527653582647], [-77.0820710034948, 38.9527596836348], [-77.0820701896212, 38.9527540090045], [-77.0820691448805, 38.9527484244916], [-77.0820678692728, 38.952742750559], [-77.0820662478137, 38.9527371660452], [-77.082064510472, 38.9527316723474], [-77.0820624272788, 38.9527261786493], [-77.0820602291013, 38.9527207750685], [-77.0820576850724, 38.9527154623039], [-77.0820550224659, 38.9527073565821], [-77.0820524748438, 38.9526992508595], [-77.0820502739713, 38.952691055018], [-77.0820484180519, 38.9526828591755], [-77.0820466789135, 38.9526746626335], [-77.0820452847282, 38.9526663759725], [-77.08204412141, 38.9526580893106], [-77.082043303943, 38.9526497118312], [-77.0820418639436, 38.952641344131], [-77.0820424828829, 38.9526380921985], [-77.0820422466259, 38.952633047686], [-77.0820385231091, 38.9522046162937], [-77.0820377397782, 38.9521249835825], [-77.0820378457794, 38.9521169665147], [-77.082038098206, 38.9520360720424], [-77.0820390198774, 38.9517342042641], [-77.0820414192776, 38.9514129671818], [-77.0820396495965, 38.9512786546779], [-77.0820377460663, 38.9511285786195], [-77.0820376176073, 38.9511168679189], [-77.0820378727288, 38.9510422555578], [-77.0820365162728, 38.9510422527634], [-77.081282350049, 38.9510378340872], [-77.081059708894, 38.9510383398772], [-77.0809210296754, 38.951039183792], [-77.080769235952, 38.9510615391462], [-77.0806942562701, 38.9508646699701], [-77.0806289577321, 38.9506586058591], [-77.0804008323624, 38.9496925345502], [-77.080249300947, 38.9490238643542], [-77.0801829684481, 38.9488195114176], [-77.0801779953747, 38.9488078946501], [-77.0801646958169, 38.948778446122], [-77.0801506470642, 38.9487499449206], [-77.0801352131093, 38.9487204530535], [-77.0801191458421, 38.9486918176922], [-77.0801022718878, 38.9486635435102], [-77.0799946375471, 38.9484659578653], [-77.0799281801824, 38.9483439587472], [-77.0797642825588, 38.9480604898493], [-77.0797413988752, 38.9480231212888], [-77.0796761021339, 38.9479170482083], [-77.081875709752, 38.9479177014327], [-77.0822603836281, 38.9479134991389], [-77.0826171836791, 38.94790960145], [-77.082695431432, 38.9475410177232], [-77.0828766458793, 38.947330095378], [-77.0830744584981, 38.9472078022723], [-77.0832680283738, 38.9471391969242], [-77.0832988594527, 38.947131634808], [-77.0834284755684, 38.9471097784432], [-77.0834667312231, 38.9471061427015], [-77.0836624992764, 38.9471011508922], [-77.0837255151952, 38.9471005598395], [-77.0839551721925, 38.9471002335729], [-77.084947504256, 38.9471015491191], [-77.0860644847516, 38.9471030295451], [-77.0864859644015, 38.9471035884601], [-77.0886317207133, 38.94710643194], [-77.0886374483715, 38.9479092458444], [-77.0886359122524, 38.9488075530216], [-77.0886343680484, 38.949699734509], [-77.0886365895821, 38.950373011261], [-77.0886359302187, 38.9510489027831], [-77.0886340275869, 38.9521165655216], [-77.088634606102, 38.9533234942784], [-77.0886261601417, 38.9580318902116], [-77.0886526200184, 38.9581602006807], [-77.0886705369167, 38.9581871222043], [-77.0888689558984, 38.9583501110647], [-77.0887959965276, 38.95840962115], [-77.0887668363152, 38.9584333349197], [-77.0887125493259, 38.9584776965803], [-77.0887088608434, 38.9584806723248], [-77.0886550346899, 38.9585245834032], [-77.0876996063166, 38.959279475702], [-77.0875857232948, 38.9593693735498], [-77.0874723011087, 38.9594590009555], [-77.0869502361982, 38.9598546727094], [-77.0866441792825, 38.9600802866891], [-77.0866359956303, 38.9600866885862], [-77.0865577272162, 38.9601480028746], [-77.0864796896692, 38.9602092263031], [-77.0862335881123, 38.9604020949847], [-77.0860727016415, 38.9605349861902], [-77.0858804397128, 38.9606840700039], [-77.0857349791121, 38.9607900059292], [-77.0857124879924, 38.960747584778], [-77.0856620574706, 38.9606439364103], [-77.0856546544544, 38.9606287179658], [-77.08538287725, 38.9600995915678], [-77.0852687328184, 38.959877440901], [-77.0850603281641, 38.95946528416], [-77.0849077870423, 38.9591655100713], [-77.084848459606, 38.9590488060357], [-77.0847945678755, 38.9589429080216], [-77.0847226343808, 38.9588014400928], [-77.084330367944, 38.958034760496], [-77.0842912804494, 38.9579577678193], [-77.083869876258, 38.95712976085], [-77.0838600468922, 38.9571105802018], [-77.0838196891797, 38.9570316969544], [-77.0837792146863, 38.9569528129207], [-77.0833824611646, 38.9561786562561], [-77.0833115742072, 38.9560394384449], [-77.0832720267752, 38.9559619057119], [-77.0832310905477, 38.9558817609887], [-77.0829433880099, 38.9553175976649], [-77.082680778113, 38.9547990875617], [-77.0826745339235, 38.9547870204994], [-77.0826340630233, 38.9547081367613], [-77.0825883881827, 38.9546192571031], [-77.0825680377482, 38.9545798158502], [-77.0822220668879, 38.9539009254783], [-77.0822125851701, 38.9538822853532], [-77.0821828671039, 38.9538233023849], [-77.0821469048481, 38.9537514410796], [-77.0821063171669, 38.9536707559507], [-77.0819736881018, 38.9534089783595], [-77.08197253197, 38.9534067268311], [-77.0819561224447, 38.9533608481687]]]}, "properties": {"TrashRouteArea": "OR303", "CollectionDays": "Thursday", "RunsPerWeek": 1, "TrashStatusUpdate": "Scheduled Other Day", "TStatus": "Scheduled Other Day", "ServiceArea": "Outer Ring"}}, {"type": "Feature", "geometry": {"type": "Polygon", "coordinates": [[[-77.0723195332692, 38.9170172009388], [-77.0723210900496, 38.9169743782614], [-77.072379052945, 38.9169604602566], [-77.0724347916117, 38.9169470664547], [-77.0726525890507, 38.9169140687515], [-77.0726656676229, 38.9167919706158], [-77.07267535236, 38.9165307138685], [-77.0726570186433, 38.9165306348877], [-77.0726386840284, 38.9165302861142], [-77.0726203494134, 38.9165295766851], [-77.0726020139002, 38.9165285974633], [-77.0725837942696, 38.9165273477497], [-77.0725655737407, 38.9165257373804], [-77.0725473532118, 38.9165238572184], [-77.0725154073236, 38.9165191924593], [-77.0724836923025, 38.9165138972515], [-77.0724522072502, 38.9165079715947], [-77.0724208362838, 38.9165013246259], [-77.0723898111688, 38.9164941373719], [-77.0723589001399, 38.9164862288054], [-77.0723283349624, 38.9164777799533], [-77.0722981147379, 38.9164686104873], [-77.0722681244821, 38.9164589000362], [-77.0722384800778, 38.9164485584358], [-77.0722156395133, 38.9164394742374], [-77.0721925689802, 38.9164306605299], [-77.0721693834627, 38.9164222969426], [-77.0721458529922, 38.9164142940104], [-77.0721222066389, 38.9164065615696], [-77.072098330317, 38.9163992792492], [-77.0720742240264, 38.9163923575844], [-77.0720500027514, 38.9163857965752], [-77.072025666492, 38.9163796863859], [-77.0720010993656, 38.9163738459893], [-77.0719721502573, 38.9163672877743], [-77.0719430861646, 38.9163611796802], [-77.0719137930014, 38.9163557027344], [-77.0718842689713, 38.916350766074], [-77.0718546299568, 38.9163463703981], [-77.0718248768563, 38.9163425150077], [-77.0717951237558, 38.9163392900671], [-77.0717651406866, 38.9163366061113], [-77.0717351585156, 38.9163343729761], [-77.0717050613603, 38.9163328597561], [-77.071676579376, 38.9163320664514], [-77.0716479824072, 38.9163317239675], [-77.0716195013211, 38.9163318309063], [-77.0715910211334, 38.9163323893649], [-77.0715625409456, 38.9163333972463], [-77.0715340607578, 38.9163348559484], [-77.071505697351, 38.9163367654712], [-77.0714773339443, 38.9163391251157], [-77.0714490864201, 38.9163419348818], [-77.071420838896, 38.9163451947696], [-77.0713936307227, 38.9163498958854], [-77.0713666534164, 38.9163550471224], [-77.0713396770084, 38.9163605590156], [-77.0713129314675, 38.9163664308658], [-77.0712861859265, 38.9163727528371], [-77.0712597871353, 38.9163794347652], [-77.071233388344, 38.916386477349], [-77.0712072213181, 38.9163939707524], [-77.0711812842609, 38.9164017332494], [-77.0711554630864, 38.9164099465657], [-77.0710506791001, 38.9164416297863], [-77.070851714841, 38.9165003048649], [-77.070817709116, 38.9165099642873], [-77.0707833557429, 38.91651899326], [-77.0707487715027, 38.9165273917832], [-77.0707138405129, 38.916535160556], [-77.0706787936404, 38.916542208017], [-77.0706435159009, 38.916548625728], [-77.070608006396, 38.9165543221276], [-77.0705723810085, 38.9165593880786], [-77.0705366397383, 38.9165637341163], [-77.0705006667027, 38.9165674490068], [-77.0704890218417, 38.9165683569357], [-77.070477261098, 38.9165692648647], [-77.0704655003543, 38.9165700826298], [-77.0704537396106, 38.9165707200673], [-77.0704419779686, 38.9165713582036], [-77.0704302172249, 38.9165718153133], [-77.0704184564812, 38.916572273122], [-77.0704066948392, 38.9165726400679], [-77.0703949340955, 38.916572827385], [-77.0703831724535, 38.9165730147021], [-77.0703204466904, 38.9165750346518], [-77.0702383496566, 38.9165777863962], [-77.070162017112, 38.9165802648533], [-77.0700364506016, 38.916584393518], [-77.0699687661382, 38.9165868572969], [-77.0695149273752, 38.9166033523824], [-77.0694315134111, 38.9166069239872], [-77.0694027170164, 38.9163523568767], [-77.0693821932071, 38.9158796115261], [-77.0693669128641, 38.9154876336369], [-77.069489982058, 38.9154811501281], [-77.0695668787447, 38.9154770989833], [-77.0697255760211, 38.9154687380793], [-77.0697270582413, 38.9145741673942], [-77.0697282134747, 38.9138760769593], [-77.0697285835807, 38.9136529077251], [-77.0692869906516, 38.9136664992591], [-77.0692833336101, 38.9135832640907], [-77.0692746064771, 38.9133824737509], [-77.0692612620036, 38.913056289589], [-77.0692516635047, 38.9127911795827], [-77.069250835258, 38.912767488291], [-77.0692477540366, 38.9126826311271], [-77.0693772291169, 38.9126720149751], [-77.0694170056193, 38.9126687479288], [-77.0700630263609, 38.9126498956566], [-77.0708098174162, 38.9126267439329], [-77.070969738198, 38.9126235845279], [-77.0710691269027, 38.9126215420983], [-77.0729369103297, 38.9125988433068], [-77.0739166129786, 38.9125889939274], [-77.0747417802457, 38.9125951170248], [-77.075540099564, 38.912628376059], [-77.0755906423751, 38.9144067701632], [-77.0755931873023, 38.9144146957366], [-77.0755995455779, 38.9144301862143], [-77.0756023204738, 38.9144369403188], [-77.0756048636044, 38.914443604955], [-77.0756072926489, 38.9144504499237], [-77.0756094908264, 38.9144572948917], [-77.0756115731213, 38.9144641398591], [-77.0756134254474, 38.9144709848258], [-77.0756150469064, 38.9144779199584], [-77.0756156272181, 38.9144808926571], [-77.0756165533812, 38.9144848557892], [-77.0756177140045, 38.9144918810869], [-77.0756188746279, 38.9144988169164], [-77.0756316657392, 38.9148179740766], [-77.0756336698806, 38.9148702661854], [-77.0756460145292, 38.9151922615421], [-77.0756480285521, 38.915242346766], [-77.0756482666057, 38.9152497333497], [-77.0756508735166, 38.9153161231024], [-77.0756537157862, 38.9153862962431], [-77.0756553749745, 38.9154285439392], [-77.0756709382868, 38.9157522037648], [-77.0756748028391, 38.9158510223135], [-77.0756855170455, 38.9161249590999], [-77.0756933036424, 38.9162905993183], [-77.0756974322995, 38.9163783562908], [-77.0757092199926, 38.9166206729168], [-77.0757184376058, 38.9167979780251], [-77.0752609346147, 38.9167958951771], [-77.0752749546213, 38.9167400252008], [-77.0752707954216, 38.9164922264554], [-77.0747309241055, 38.9164958700572], [-77.0734274129327, 38.9164915526722], [-77.073338210225, 38.9164912577172], [-77.0733430108219, 38.9169997211427], [-77.0738107878448, 38.9177472087084], [-77.0740887463567, 38.9182375811678], [-77.0744288287603, 38.9181210858298], [-77.0746623341403, 38.9183747645499], [-77.074864018498, 38.9187303657174], [-77.0758979488473, 38.9187574713544], [-77.078257573367, 38.9187785795247], [-77.0787735512932, 38.9187797914568], [-77.0787763818847, 38.9191812459747], [-77.0781497180408, 38.9191814989833], [-77.0773088625955, 38.9191818386578], [-77.0760260306405, 38.9191818512384], [-77.0759566330899, 38.9191818519373], [-77.0742196039441, 38.9191771244503], [-77.073837753473, 38.9191780749799], [-77.0738134261968, 38.9187362317801], [-77.0729521646215, 38.9187421775196], [-77.0729961623075, 38.9195736165209], [-77.0722959794425, 38.9183492061912], [-77.0722996086362, 38.9183479718861], [-77.0724440388693, 38.9182988505783], [-77.0724440029366, 38.918298284447], [-77.0724202775317, 38.9179155115632], [-77.072369462531, 38.9170957121424], [-77.0723195332692, 38.9170172009388]]]}, "properties": {"TrashRouteArea": "OR311", "CollectionDays": "Thursday", "RunsPerWeek": 1, "TrashStatusUpdate": "Scheduled Other Day", "TStatus": "Scheduled Other Day", "ServiceArea": "Outer Ring"}}, {"type": "Feature", "geometry": {"type": "Polygon", "coordinates": [[[-77.0388417310133, 38.9325395651671], [-77.0388435923226, 38.9323067819872], [-77.038845647668, 38.9320497010475], [-77.0388479653214, 38.9317597779189], [-77.0388530515825, 38.9311235006322], [-77.0388573940386, 38.9305803783931], [-77.0413039575116, 38.9305792693872], [-77.0433245659279, 38.9305837627131], [-77.0433950145074, 38.9305533786], [-77.0426698791387, 38.9297018194007], [-77.0439495813633, 38.9297045881063], [-77.0440702233093, 38.9297164246366], [-77.0441713565423, 38.9297521312812], [-77.0467631551388, 38.9326683110075], [-77.04677180322, 38.9326649750032], [-77.0467798745828, 38.932661007995], [-77.0467874833133, 38.9326563205381], [-77.046794400341, 38.9326510929193], [-77.0468005088849, 38.9326452349949], [-77.0475710603794, 38.9351172892178], [-77.0467554619667, 38.9353577439376], [-77.0467100269762, 38.9353714542957], [-77.0466648237511, 38.9353856153509], [-77.0466198504947, 38.9354003172428], [-77.0465752248864, 38.9354155592722], [-77.0465308292467, 38.935431251299], [-77.0464867803568, 38.9354474834627], [-77.0464429623339, 38.9354641663218], [-77.0463994901623, 38.9354812991774], [-77.0463563647405, 38.9354989728675], [-77.0463134701856, 38.9355170965534], [-77.0461637991812, 38.9355772414149], [-77.0458477610845, 38.9357084364709], [-77.045592560492, 38.9358172662385], [-77.0455639644216, 38.935830069524], [-77.0455350216015, 38.9358423319712], [-77.0455057329299, 38.9358540542789], [-77.0454760975087, 38.9358653258881], [-77.0454461162361, 38.9358760573583], [-77.0454159040965, 38.9358863388292], [-77.0453853452071, 38.9358959893236], [-77.0453545545525, 38.935905189819], [-77.0453235339291, 38.9359137600372], [-77.0452922815403, 38.9359217894188], [-77.0452598766131, 38.9359308103311], [-77.0452273567015, 38.9359392002678], [-77.0451944891419, 38.9359469606263], [-77.0451613916135, 38.9359540893108], [-77.0451281773042, 38.9359605884177], [-77.0450947321279, 38.9359664565495], [-77.0450610569828, 38.9359717845445], [-77.0450272650568, 38.9359763921244], [-77.0449933572481, 38.9359803687297], [-77.044959334455, 38.9359837150593], [-77.0449341915085, 38.9359860663641], [-77.044909048562, 38.9359882380893], [-77.0448839056155, 38.9359900492577], [-77.044858762669, 38.9359915907073], [-77.0448335038399, 38.9359927716002], [-77.0448082450107, 38.9359937722148], [-77.0447829861816, 38.9359944122727], [-77.0447577264541, 38.9359947826119], [-77.0447324667266, 38.9359947916957], [-77.0447072069991, 38.9359945310608], [-77.044270414667, 38.9359960487527], [-77.0438844867428, 38.9359952934005], [-77.0438286618378, 38.9359953143631], [-77.0437728369328, 38.9359954254649], [-77.0437168970434, 38.9359957168449], [-77.0436610730367, 38.9359961878046], [-77.04360524903, 38.9359968397413], [-77.0435494250233, 38.9359977613967], [-77.043493485134, 38.9359987724926], [-77.0434376611272, 38.9359999645654], [-77.0433818380189, 38.9360013369166], [-77.0433260140122, 38.9360028888472], [-77.0432803409682, 38.9360056083943], [-77.0432346679242, 38.9360087779382], [-77.0431891107629, 38.9360123080385], [-77.0431435536015, 38.9360163782747], [-77.0430981123229, 38.9360208992063], [-77.0430527869269, 38.9360257806941], [-77.0430074615309, 38.9360312023175], [-77.0429622520176, 38.936036984497], [-77.0429171574887, 38.9360433068117], [-77.0428721788424, 38.9360499896824], [-77.04282178066, 38.9360597365823], [-77.0427711525089, 38.9360692137625], [-77.0427205234595, 38.936078331084], [-77.0426697785274, 38.9360871772884], [-77.0426190344937, 38.9360957537733], [-77.0425681736789, 38.9361040598401], [-77.0425171987781, 38.9361120961877], [-77.042466222979, 38.9361197719784], [-77.0424150154145, 38.9361271773513], [-77.0423639246311, 38.9361343123064], [-77.042324710474, 38.9361377494664], [-77.0422856121996, 38.9361409169082], [-77.0422463980424, 38.9361436329562], [-77.0422070680027, 38.9361460799847], [-77.0421677388612, 38.9361481657585], [-77.0421284088215, 38.9361499818141], [-77.0420890778834, 38.9361514373137], [-77.0420497478436, 38.9361525322575], [-77.0420104169055, 38.9361533574832], [-77.0419709709831, 38.9361538221531], [-77.0417751193865, 38.9361483069063], [-77.0417287528431, 38.9361476927036], [-77.0416823862997, 38.9361480700295], [-77.0416360197564, 38.9361492572086], [-77.0415897699939, 38.9361514359163], [-77.0415436352159, 38.9361544251757], [-77.0414975013362, 38.9361583151259], [-77.0414515983235, 38.9361631057665], [-77.0414058120917, 38.9361687970975], [-77.0413601408444, 38.9361753891186], [-77.0413148163467, 38.9361827923894], [-77.0411577432243, 38.9362194223225], [-77.041194770882, 38.9351930671032], [-77.0411964947491, 38.9351452816113], [-77.0412166879783, 38.9345855574188], [-77.0412199299982, 38.9344956798445], [-77.0412234028851, 38.9343994258903], [-77.0412267832455, 38.9343057362909], [-77.0412325279718, 38.9341464983468], [-77.0412753479664, 38.9329595539174], [-77.0412963829171, 38.9323764750275], [-77.041237309704, 38.9323747699827], [-77.0410311634143, 38.9323688183978], [-77.0407217971052, 38.9323886660965], [-77.0406065306778, 38.9323968866465], [-77.0401710166483, 38.9324286927031], [-77.039916702693, 38.9324899163169], [-77.0396405147606, 38.9325564059374], [-77.0393958693728, 38.9326153017833], [-77.0393010710592, 38.9326023455818], [-77.0391495881528, 38.9325816412303], [-77.0390750648151, 38.9325714557129], [-77.0388417310133, 38.9325395651671]]]}, "properties": {"TrashRouteArea": "OR101", "CollectionDays": "Thursday", "RunsPerWeek": 1, "TrashStatusUpdate": "Scheduled Other Day", "TStatus": "Scheduled Other Day", "ServiceArea": "Outer Ring"}}, {"type": "Feature", "geometry": {"type": "MultiPolygon", "coordinates": [[[[-77.049660309965, 38.9238125733806], [-77.0496685295498, 38.9234284185118], [-77.0513052770655, 38.9235435947442], [-77.0515157325736, 38.9235372859915], [-77.0515501048113, 38.9235961047622], [-77.0526822928864, 38.9255435500758], [-77.0541659054939, 38.9280960993219], [-77.0527099079965, 38.9278000312598], [-77.0520204941351, 38.9276547659006], [-77.0516558194523, 38.9274791749137], [-77.0512643821605, 38.9271316263058], [-77.0501487778839, 38.9252461288521], [-77.0498683993106, 38.9247101634089], [-77.0497365266269, 38.924293675366], [-77.049660309965, 38.9238125733806]]], [[[-77.0433245659279, 38.9305837627131], [-77.0413039575116, 38.9305792693872], [-77.0388573940386, 38.9305803783931], [-77.0388715739454, 38.9288067272322], [-77.037638268807, 38.9287492244753], [-77.0375537876444, 38.9287452858999], [-77.0374939275071, 38.9287424947943], [-77.0373503542669, 38.9287358007528], [-77.0373177876429, 38.9286537321293], [-77.0372987334774, 38.9286060840932], [-77.0371383788093, 38.928203455058], [-77.0371154681763, 38.9281459077858], [-77.0370411002472, 38.9279572072217], [-77.0370084186388, 38.9278741607287], [-77.0369764314282, 38.9277930960316], [-77.0369000988835, 38.9275993517293], [-77.0368773167096, 38.9275443267666], [-77.0367353245042, 38.9272014159791], [-77.0367097054506, 38.9271257092229], [-77.0368169193798, 38.9270952726131], [-77.0368630442764, 38.9270848983197], [-77.0371076222906, 38.9270301406142], [-77.037136104275, 38.927024275936], [-77.0371647030404, 38.9270190423113], [-77.0371935308761, 38.9270143488908], [-77.0372224754929, 38.9270103759759], [-77.0372516509767, 38.9270070334159], [-77.0373968214216, 38.9270019241838], [-77.0374293413332, 38.9269988688474], [-77.0374636003831, 38.9269907238456], [-77.0375724591276, 38.9269541415592], [-77.0384511282565, 38.9271732087017], [-77.0394760089776, 38.9271851134418], [-77.0406290586285, 38.9271938901726], [-77.041649823269, 38.9272016598742], [-77.0425988951633, 38.9275639654657], [-77.0427019642657, 38.9276234999998], [-77.0427200778951, 38.9276354738491], [-77.0427378456731, 38.9276477188445], [-77.0427853836197, 38.9276867977108], [-77.0428316513484, 38.927724885608], [-77.0428428443568, 38.9277337999424], [-77.0428543823183, 38.9277424438268], [-77.0428661511469, 38.9277509074108], [-77.0428781499441, 38.927759100545], [-77.0428903778117, 38.9277671133789], [-77.0429029533274, 38.9277748557632], [-77.0429157597101, 38.9277823283966], [-77.0429286810772, 38.9277896200313], [-77.0429419482956, 38.9277966419152], [-77.0429553296001, 38.9278033926509], [-77.0429677883347, 38.9278093341365], [-77.043080025643, 38.9278694408091], [-77.0432416038165, 38.9279343854491], [-77.043370381804, 38.9279766494346], [-77.0434499905045, 38.9280701712891], [-77.0434908288156, 38.9281290079653], [-77.0435285499727, 38.928200113952], [-77.0435505640871, 38.928251597437], [-77.043645018346, 38.9286117236187], [-77.0436513748249, 38.9286353229664], [-77.0436580798502, 38.9286589223063], [-77.0436651289302, 38.9286823413414], [-77.0436725238616, 38.9287057603687], [-77.0436802646444, 38.92872908924], [-77.0436883530753, 38.9287524174047], [-77.0436969005452, 38.928775565964], [-77.0437056806788, 38.9287987138168], [-77.0437149207498, 38.9288216813655], [-77.0437353628124, 38.9288700483461], [-77.0437571900772, 38.9289180547011], [-77.0437802848648, 38.9289656997324], [-77.0438047639563, 38.9290128939915], [-77.0438306264533, 38.9290596374794], [-77.0438577573715, 38.9291059301968], [-77.0438861549143, 38.9291517721448], [-77.0439158235732, 38.9291971626253], [-77.0439468747393, 38.9292419220426], [-77.0439790793422, 38.9292862313919], [-77.0439920069975, 38.9293044230532], [-77.0440051646215, 38.9293226147098], [-77.0440186707918, 38.9293406267654], [-77.0440325210168, 38.9293584578223], [-77.0440466012106, 38.9293761987272], [-77.0440609131697, 38.9293937593325], [-77.0440755709802, 38.9294112304849], [-77.0440905755404, 38.929428520639], [-77.0441058091709, 38.929445630494], [-77.0441212736686, 38.9294626501974], [-77.0441266976963, 38.9294685034929], [-77.0442121167, 38.9295705629185], [-77.0442279342355, 38.9296362726019], [-77.0442121984467, 38.9297019941045], [-77.0441713565423, 38.9297521312812], [-77.0440702233093, 38.9297164246366], [-77.0439495813633, 38.9297045881063], [-77.0426698791387, 38.9297018194007], [-77.0433950145074, 38.9305533786], [-77.0433245659279, 38.9305837627131]]]]}, "properties": {"TrashRouteArea": "OR102", "CollectionDays": "Thursday", "RunsPerWeek": 1, "TrashStatusUpdate": "Scheduled Other Day", "TStatus": "Scheduled Other Day", "ServiceArea": "Outer Ring"}}, {"type": "Feature", "geometry": {"type": "MultiPolygon", "coordinates": [[[[-77.0906147040923, 38.9455451263499], [-77.0906149286711, 38.945545124254], [-77.0906148891452, 38.9455720610495], [-77.0906147040923, 38.9455451263499]]], [[[-77.0886365895821, 38.950373011261], [-77.0886343680484, 38.949699734509], [-77.0886359122524, 38.9488075530216], [-77.0886374483715, 38.9479092458444], [-77.0886317207133, 38.94710643194], [-77.0906126496452, 38.9471053637138], [-77.0943444902873, 38.9471072759016], [-77.0943448190707, 38.9471815039593], [-77.0943449672927, 38.9472064566865], [-77.0943428050478, 38.9474899758085], [-77.0943405457849, 38.9477877648554], [-77.0943406149552, 38.9478401926505], [-77.0943407173631, 38.947917394033], [-77.0943407020918, 38.947993063225], [-77.0943409617049, 38.9483722582074], [-77.094341073096, 38.9485348211211], [-77.0943408664835, 38.9487278689871], [-77.0943408583986, 38.9488086729205], [-77.0943403104263, 38.9497019351561], [-77.0967594591134, 38.9497014894377], [-77.0997579609716, 38.9497033826928], [-77.0998598883153, 38.9497476163823], [-77.0997485331527, 38.9499326974238], [-77.0987763655724, 38.9506648185858], [-77.0968566424541, 38.9521768877174], [-77.0964665140077, 38.9523997108184], [-77.0964000171171, 38.9524517432928], [-77.0963388220833, 38.9524997183152], [-77.0962958359003, 38.9525334441623], [-77.0957901355993, 38.9529278817622], [-77.0955531887735, 38.9531131955111], [-77.0954751664978, 38.9531742454816], [-77.095407401186, 38.9532272693757], [-77.0953939165753, 38.9532378200795], [-77.0953126675511, 38.9533013045031], [-77.0952263466388, 38.9533687568156], [-77.0951219318601, 38.9534503665111], [-77.0951158233161, 38.9534550560863], [-77.0946049271595, 38.9538557079899], [-77.0945418860879, 38.9539052147393], [-77.0945249438616, 38.9539183808127], [-77.0943939048145, 38.9540209101201], [-77.0942920232848, 38.9541004456948], [-77.0940971346823, 38.954252842408], [-77.0938357455958, 38.9544573599111], [-77.0937599098195, 38.9545166958285], [-77.0937045888694, 38.9545599792528], [-77.0937012471366, 38.9545625946997], [-77.093610312477, 38.9546334722953], [-77.0888689558984, 38.9583501110647], [-77.0886705369167, 38.9581871222043], [-77.0886526200184, 38.9581602006807], [-77.0886261601417, 38.9580318902116], [-77.088634606102, 38.9533234942784], [-77.0886340275869, 38.9521165655216], [-77.0886359302187, 38.9510489027831], [-77.0886365895821, 38.950373011261]]]]}, "properties": {"TrashRouteArea": "OR302", "CollectionDays": "Thursday", "RunsPerWeek": 1, "TrashStatusUpdate": "Scheduled Other Day", "TStatus": "Scheduled Other Day", "ServiceArea": "Outer Ring"}}, {"type": "Feature", "geometry": {"type": "Polygon", "coordinates": [[[-77.0886984924884, 38.9164026313952], [-77.0886902585305, 38.9163643521987], [-77.0886888661418, 38.9163579568373], [-77.0886779722723, 38.9163135541417], [-77.0886658099817, 38.9162693324457], [-77.0886522642855, 38.916225381914], [-77.0886375660508, 38.9161816130816], [-77.0886214835123, 38.9161381147154], [-77.0886041343492, 38.9160949776792], [-77.0885856317493, 38.9160521125083], [-77.0885658607283, 38.9160096079697], [-77.0885448176927, 38.9159631410553], [-77.088522275369, 38.9159171256328], [-77.0884984655223, 38.9158715610041], [-77.0884731572859, 38.915826448568], [-77.0884465806282, 38.9157817876264], [-77.0884187373459, 38.9157376676461], [-77.0883895097599, 38.9156939991622], [-77.0883589005649, 38.9156509625055], [-77.0883271379331, 38.9156083773469], [-77.088293992794, 38.9155665134838], [-77.0882638525196, 38.9155300525167], [-77.0882327905737, 38.9154940423569], [-77.088201036925, 38.9154584837041], [-77.0881684774876, 38.9154232856947], [-77.0881349954803, 38.9153886286599], [-77.0881008217703, 38.9153544224351], [-77.0880778832895, 38.9153322074967], [-77.0880659581541, 38.91532066772], [-77.0880302869525, 38.9152873638162], [-77.087993809962, 38.9152546008899], [-77.0879782268868, 38.9152410998256], [-77.0879566412688, 38.9152223789419], [-77.0879200510907, 38.9151916876974], [-77.0878825392411, 38.9151616282982], [-77.0878442216026, 38.9151322902116], [-77.0878049822927, 38.9151036727395], [-77.0877648213113, 38.9150757772809], [-77.0877239695254, 38.9150486031375], [-77.0876821960681, 38.9150222397771], [-77.0876491820831, 38.9150023019463], [-77.0876397318063, 38.9149965977336], [-77.0875964617557, 38.9149717671739], [-77.087552385018, 38.9149477480985], [-77.0875236550985, 38.9149324555396], [-77.0874946943121, 38.9149173433093], [-77.0874655035569, 38.9149025008747], [-77.0874361978174, 38.9148879296339], [-77.0874065471248, 38.9148735387221], [-77.0873767805496, 38.9148594176065], [-77.0873468998883, 38.9148455669862], [-77.0873166724773, 38.9148319868614], [-77.0872863309802, 38.9148186772321], [-77.0872558744989, 38.9148055479326], [-77.0872107629019, 38.9147835110577], [-77.0871659962581, 38.9147612036775], [-77.0871213454969, 38.9147387166568], [-77.0870769247044, 38.9147158682653], [-77.0870327347789, 38.9146929297003], [-77.0869886598378, 38.9146696311617], [-77.0869448148654, 38.9146461522829], [-77.0869012007601, 38.9146224923647], [-77.0868578166234, 38.9145984724722], [-77.0868146624555, 38.9145742722389], [-77.0867708147882, 38.9145481805994], [-77.0867273120739, 38.9145215479517], [-77.086684386078, 38.914494555327], [-77.0866418050353, 38.9144671111605], [-77.0865996848282, 38.9144393063172], [-77.0865580245586, 38.914411051329], [-77.0865167110387, 38.914382435663], [-77.0864759733389, 38.9143533684532], [-77.0864356955765, 38.9143239412637], [-77.0863958795481, 38.9142940625293], [-77.0863537539512, 38.9142620239735], [-77.0863120900883, 38.914229624736], [-77.0862708861629, 38.9141968648162], [-77.0862302589558, 38.9141637442137], [-77.0858718608019, 38.9143874759073], [-77.0856180849375, 38.9145316528839], [-77.0854247315557, 38.9146382183479], [-77.0850581659192, 38.9148106021261], [-77.0847077133639, 38.9149547789421], [-77.0844337963726, 38.9150582082387], [-77.0840954279545, 38.9151459674342], [-77.0838094259276, 38.9151083564636], [-77.0835637061546, 38.9149547782431], [-77.0833622966814, 38.9147291115124], [-77.0832172816451, 38.9145034447631], [-77.0830601815733, 38.9142527025453], [-77.0828628010441, 38.9139580788008], [-77.0824112440019, 38.9137122889748], [-77.0818897558098, 38.9133540442968], [-77.0815702852504, 38.9129775194879], [-77.081546795204, 38.912849573893], [-77.081538218988, 38.9127331724606], [-77.0815579244321, 38.9126919660422], [-77.0815964280218, 38.9126690030575], [-77.0815914324905, 38.9126561962905], [-77.0815788291271, 38.9126248566777], [-77.0815701576896, 38.9126040528317], [-77.0815657640296, 38.912593606521], [-77.0815523530807, 38.9125623570495], [-77.0815384812961, 38.9125313780713], [-77.0815242636601, 38.9125003990794], [-77.0815095851883, 38.9124696011112], [-77.0814945608652, 38.9124388925996], [-77.0814790757063, 38.912408275642], [-77.0814632437978, 38.9123778383105], [-77.0814404652171, 38.9123214615857], [-77.0814189541593, 38.9122647241391], [-77.0813989423897, 38.9122077154398], [-77.0813946843753, 38.9121945304372], [-77.0813804281117, 38.9121504354874], [-77.0813631831532, 38.9120928835823], [-77.0813475515689, 38.912034970952], [-77.0813333024919, 38.9119769674057], [-77.0813204377187, 38.9119186926039], [-77.0813091872181, 38.9118602360165], [-77.081299320123, 38.9118015983422], [-77.0812969755201, 38.9117678188706], [-77.081294276981, 38.9117272829243], [-77.0812923069756, 38.9116982502757], [-77.0812826653577, 38.91155488956], [-77.0812614210995, 38.9112243597216], [-77.08077397726, 38.9112245009191], [-77.0807441981084, 38.9107079471059], [-77.0807420241854, 38.9106921839037], [-77.0807369388226, 38.9106612257783], [-77.0807304242401, 38.9106302592513], [-77.0807231838189, 38.9105995820981], [-77.0807141440722, 38.9105690412374], [-77.0807043784868, 38.9105386443584], [-77.0806931720036, 38.9105085375532], [-77.0806794466444, 38.9104736397578], [-77.0806639111799, 38.9104388782513], [-77.0806476606564, 38.910404549412], [-77.0806299584554, 38.9103704917704], [-77.0806108270348, 38.9103370121902], [-77.0805906131443, 38.910303947804], [-77.0805693149872, 38.910271163005], [-77.08054694514, 38.9102389464836], [-77.0805231236153, 38.9102074338477], [-77.0804982295021, 38.9101762008008], [-77.0804744223504, 38.9101468047328], [-77.0804495192541, 38.910117968558], [-77.080423545366, 38.9100896908792], [-77.0803964997878, 38.9100619821822], [-77.0803687166927, 38.9100348319824], [-77.0803395052762, 38.9100085296704], [-77.0803095680211, 38.9099829396393], [-77.0802785590758, 38.9099578997196], [-77.0802464676606, 38.9099335720821], [-77.0802136504066, 38.9099100916366], [-77.0801873324637, 38.909893498532], [-77.080161371152, 38.9098763462153], [-77.0801357664715, 38.909858770294], [-77.0801112451592, 38.9098406267715], [-77.0800867238469, 38.9098220680318], [-77.0800632850045, 38.9098029416902], [-77.080040561221, 38.9097833910436], [-77.0800178365393, 38.9097634167905], [-77.0799961961241, 38.9097431629272], [-77.0799752806494, 38.9097223407613], [-77.0799500236168, 38.9096960446246], [-77.0799258508509, 38.9096694506989], [-77.0799024030253, 38.9096423066401], [-77.0798800394663, 38.9096145942734], [-77.0798583891696, 38.9095865932033], [-77.0798378114614, 38.9095580329114], [-77.0798183287995, 38.9095290573937], [-77.0797995594, 38.9094997924722], [-77.079781874267, 38.909470104635], [-77.0797652617225, 38.9094401357815], [-77.0797490165889, 38.9094100229181], [-77.0797342132513, 38.9093794857397], [-77.0797204807055, 38.9093483893356], [-77.0797082016339, 38.9093172922189], [-77.0796969942524, 38.9092857700866], [-77.0796872277687, 38.9092539683337], [-77.0796789021826, 38.9092218771736], [-77.0796720291724, 38.9091896503896], [-77.0796662278523, 38.9091572781953], [-77.0796618683282, 38.9091247703768], [-77.079656782067, 38.9090926861485], [-77.0796535059112, 38.9090603118129], [-77.0796513023438, 38.9090279374626], [-77.0796505513522, 38.9089955623985], [-77.0796512304786, 38.9089631943099], [-77.0796533612825, 38.9089306731211], [-77.0796569222042, 38.9088984385157], [-77.0796619366001, 38.9088662031966], [-77.0796680226862, 38.9088342467722], [-77.0796774927259, 38.908796108191], [-77.0796809359684, 38.908782439531], [-77.0796842040394, 38.9087661502372], [-77.0796878476062, 38.9087460953104], [-77.0796905227891, 38.9087259061658], [-77.0796920292639, 38.9087120592417], [-77.0796860392975, 38.9086961816557], [-77.0796722528529, 38.9086777596252], [-77.0796568099148, 38.9086635009675], [-77.0796581627776, 38.9084883152501], [-77.0797521247597, 38.9083164914146], [-77.0798648785993, 38.9080971409652], [-77.079930652346, 38.9078521997379], [-77.0801405625768, 38.9073684557718], [-77.0802604202936, 38.9070651731263], [-77.0803506111481, 38.9068600449783], [-77.0806938098074, 38.9067530959461], [-77.081092905237, 38.9068708060019], [-77.0808580218414, 38.9065684502585], [-77.0808366383444, 38.9065409268315], [-77.0808152548473, 38.9065134026948], [-77.0807909967414, 38.9064821785083], [-77.0807240830325, 38.9064026000063], [-77.0805815284818, 38.9062538536296], [-77.0805502572284, 38.9062294625076], [-77.0805180643036, 38.9062058829702], [-77.0804849497073, 38.9061831143194], [-77.0804509134395, 38.906161157255], [-77.0804159563985, 38.9061401019547], [-77.080380077686, 38.9061198575432], [-77.0803435081692, 38.9061006050745], [-77.0803061328634, 38.9060821634962], [-77.0802680676516, 38.9060648040393], [-77.0802471890077, 38.9060557199099], [-77.0802260812935, 38.9060471761437], [-77.0802046277279, 38.9060390832626], [-77.0801829441936, 38.9060313510894], [-77.0801610306905, 38.9060241592798], [-77.0801387722344, 38.9060174183558], [-77.080116398794, 38.9060112177956], [-77.0800937944865, 38.9060054681212], [-77.0800709611086, 38.9060001686337], [-77.0800478968637, 38.9059953200322], [-77.0799210637287, 38.905973553051], [-77.0797974555456, 38.9059598453998], [-77.0796973859179, 38.9059522474354], [-77.0796149816603, 38.9059477099075], [-77.0795325809959, 38.9059462251271], [-77.0794802289778, 38.9059478553098], [-77.0794308863158, 38.9059503215551], [-77.0793816604349, 38.9059528772787], [-77.0793323186713, 38.9059556133568], [-77.079283091892, 38.9059584389131], [-77.0791733150693, 38.9059620180442], [-77.0792377512247, 38.9058993028343], [-77.0792658577133, 38.9058773037391], [-77.0792954643884, 38.9058565643252], [-77.0793265721484, 38.9058370852929], [-77.0793588333452, 38.9058189561216], [-77.0793632117339, 38.9058167911624], [-77.0793923647598, 38.9058021782105], [-77.0794166758663, 38.9057889193168], [-77.0794416804723, 38.9057764706205], [-77.0794672617966, 38.9057647426436], [-77.0794934207377, 38.905753824865], [-77.0795200423111, 38.905743717285], [-77.079547240603, 38.9057344199039], [-77.0795747856445, 38.9057259334212], [-77.0796029083028, 38.9057184374933], [-77.0796312627265, 38.9057116615877], [-77.0796599630015, 38.9057058769365], [-77.0800402018949, 38.9056103081388], [-77.0804295443155, 38.9055123002151], [-77.0811244001709, 38.9053071501037], [-77.0811859482426, 38.9052918834298], [-77.0812483047981, 38.9052784175204], [-77.0813111248842, 38.9052668432534], [-77.0813746384697, 38.9052571599311], [-77.0814385006016, 38.9052494584312], [-77.0815027112798, 38.9052436478773], [-77.0815671546216, 38.905239819846], [-77.0816317147445, 38.9052378827615], [-77.0816963925466, 38.9052379275011], [-77.081760957161, 38.9052398645857], [-77.0818323247171, 38.9052420666124], [-77.0819036922731, 38.9052447188312], [-77.0819750607275, 38.9052477317628], [-77.0820464300802, 38.9052511948864], [-77.0821176835502, 38.9052550187227], [-77.0821889379186, 38.9052593822299], [-77.0822601931852, 38.9052640169706], [-77.0823313334675, 38.905269191382], [-77.0824024737498, 38.9052747265059], [-77.0824734999461, 38.9052807118213], [-77.0825030167897, 38.9052832137417], [-77.0825324204455, 38.9052865258674], [-77.0825615932344, 38.9052906488976], [-77.0825906519372, 38.9052956730102], [-77.0826193665853, 38.9053014178487], [-77.0826478503663, 38.9053080644682], [-77.0826759900926, 38.9053154311142], [-77.0827037848658, 38.9053236093626], [-77.0827311188032, 38.9053325978151], [-77.082758108686, 38.9053423978693], [-77.0830808167737, 38.9054499991471], [-77.0834444817501, 38.9055807214357], [-77.0839390609079, 38.9057598136352], [-77.0844584344658, 38.905943479961], [-77.0847958093472, 38.906066650225], [-77.085121418095, 38.906184332758], [-77.0853184222301, 38.9062558053664], [-77.0853467964166, 38.9062661442578], [-77.0854798997923, 38.9063125301401], [-77.0855785114543, 38.9063437166528], [-77.0858945252965, 38.9064376221358], [-77.0861619896892, 38.9065210229685], [-77.0864139985674, 38.9065996597272], [-77.0865941556976, 38.9066572699126], [-77.0866939207965, 38.9066872839807], [-77.0867278295035, 38.9066975284386], [-77.0868087937617, 38.9067216104234], [-77.0885406854424, 38.9072481999518], [-77.0882637456201, 38.9076174817185], [-77.0882694400407, 38.9076536909046], [-77.0882604910238, 38.9076894610802], [-77.0882356283517, 38.9077220003134], [-77.0881906209593, 38.9077808587565], [-77.0882727593156, 38.9078201631675], [-77.088385122388, 38.9078739479683], [-77.0886566830984, 38.9080001297948], [-77.0887301679836, 38.9080338551372], [-77.0888253408947, 38.908077473111], [-77.088852680222, 38.9080894334822], [-77.0888795605103, 38.9081021145492], [-77.0889057490958, 38.9081155170106], [-77.0889314777438, 38.908129640866], [-77.0889565146891, 38.9081443952414], [-77.0889808608299, 38.9081597815346], [-77.089004632049, 38.9081757983469], [-77.0890275965809, 38.908192445678], [-77.0890498703084, 38.9082097249255], [-77.0890713373487, 38.9082275452155], [-77.0896565655018, 38.9086777854891], [-77.090035689586, 38.9089759402295], [-77.0900414630583, 38.908982512409], [-77.0900461989765, 38.9089896249297], [-77.0900497823562, 38.9089970995416], [-77.0900522131973, 38.9090048446731], [-77.0900536199591, 38.9090138249703], [-77.0900537322485, 38.9090206977243], [-77.0900525895914, 38.9090286259962], [-77.0900504084819, 38.9090363753183], [-77.0900469589512, 38.9090439449918], [-77.0900424718664, 38.9090510651955], [-77.0898301101332, 38.9092457185394], [-77.0896763661673, 38.9093874482232], [-77.0896169417129, 38.9094422642814], [-77.0895561356497, 38.909498252544], [-77.089496710297, 38.9095529790428], [-77.0891358911833, 38.909878996863], [-77.0890631752561, 38.909945569887], [-77.0889000304207, 38.9100949264517], [-77.0888893180109, 38.9101032222818], [-77.0888088011137, 38.9101652606334], [-77.0888481814591, 38.9102160379269], [-77.0888577673815, 38.9102293630984], [-77.0888856025789, 38.9102676274297], [-77.0889211794574, 38.9103200291401], [-77.0889549129929, 38.9103732423573], [-77.0889868031855, 38.9104270881342], [-77.0890167332542, 38.9104816559419], [-77.0890445891128, 38.9105367661348], [-77.0890706016285, 38.9105925976563], [-77.0890822797272, 38.9106188934609], [-77.0890936119745, 38.910645278728], [-77.0891048283391, 38.9106716646844], [-77.0891155847663, 38.9106982316725], [-77.0891262253109, 38.9107247979518], [-77.0891365200041, 38.9107514543923], [-77.0891464697441, 38.9107782016929], [-77.0891563036015, 38.9108049489836], [-77.0891656766232, 38.9108317871343], [-77.0891749337622, 38.9108587147469], [-77.0891868490161, 38.9108898747974], [-77.0891994550745, 38.9109208537931], [-77.0892129837027, 38.9109516517344], [-77.089227319018, 38.9109822693204], [-77.0892424610204, 38.9110126156816], [-77.0892584106083, 38.9110426915171], [-77.0892750510007, 38.9110724968273], [-77.0892924980801, 38.9111020309137], [-77.0893107518467, 38.9111312937765], [-77.0893298131987, 38.9111602861151], [-77.0893485269027, 38.9111883781331], [-77.0893679323094, 38.9112162890996], [-77.0893879135363, 38.9112438393727], [-77.0894084714816, 38.9112712085949], [-77.0894297202313, 38.9112982178234], [-77.0894514307151, 38.9113250460017], [-77.0894738320033, 38.9113514233174], [-77.08949681001, 38.9113776195834], [-77.0895203629384, 38.9114034558571], [-77.0895444934836, 38.9114289307409], [-77.089567929631, 38.9114532354981], [-77.0895917116299, 38.9114771795656], [-77.0896160694488, 38.911500762245], [-77.0896410039861, 38.9115241652749], [-77.0896662834765, 38.9115472069173], [-77.089692024701, 38.9115698885703], [-77.0897183408473, 38.9115922088365], [-77.0897450028449, 38.9116142585852], [-77.0897721265766, 38.9116360378167], [-77.0897997102457, 38.9116573668901], [-77.0902493718426, 38.9120129402067], [-77.0905282187883, 38.9122324379247], [-77.0908369589717, 38.9124741619877], [-77.0910715504149, 38.9126619838702], [-77.0911001204341, 38.9126875449762], [-77.091128979711, 38.9127136470854], [-77.0911354439878, 38.9127194975689], [-77.0911577231051, 38.9127397484861], [-77.0911863515149, 38.9127660309134], [-77.0912005511846, 38.912779171774], [-77.091214749956, 38.9127923126322], [-77.0912430334127, 38.9128187753773], [-77.0912713159711, 38.9128452381125], [-77.0912993685608, 38.9128718804761], [-77.0913271911818, 38.9128985235286], [-77.0913550129044, 38.912925346908], [-77.0913746392968, 38.91294451924], [-77.0913939198377, 38.9129638719035], [-77.0914129695116, 38.9129833154292], [-77.0914319042012, 38.9130029385874], [-77.0914504939377, 38.9130227420768], [-77.0914687369245, 38.9130427265963], [-77.0914868658252, 38.9130628012785], [-77.0915046479763, 38.9130829654243], [-77.0915222001586, 38.9131033105999], [-77.0915395223722, 38.913123836106], [-77.0917781948618, 38.9133889448698], [-77.0919661799113, 38.9135989616462], [-77.0921745989387, 38.9138276095893], [-77.0923876478831, 38.914068774636], [-77.0927054179317, 38.9144156141776], [-77.0928936365433, 38.9146240978844], [-77.0930686768697, 38.9148317722801], [-77.0932456845065, 38.915132671843], [-77.0941130779819, 38.915412630811], [-77.0942383246921, 38.9154566349668], [-77.094292348475, 38.9154757702692], [-77.0943660184131, 38.91550255563], [-77.0944617949921, 38.9155389075743], [-77.0945281140162, 38.9155695364616], [-77.0946754727571, 38.9156365381986], [-77.0943916994504, 38.9156781343213], [-77.0933282854952, 38.9160810308451], [-77.0925307674742, 38.9163108373344], [-77.0917720593684, 38.9164164726253], [-77.091117380664, 38.9164512172253], [-77.0886984924884, 38.9164026313952]]]}, "properties": {"TrashRouteArea": "OR312", "CollectionDays": "Thursday", "RunsPerWeek": 1, "TrashStatusUpdate": "Scheduled Other Day", "TStatus": "Scheduled Other Day", "ServiceArea": "Outer Ring"}}, {"type": "Feature", "geometry": {"type": "MultiPolygon", "coordinates": [[[[-77.0576397481897, 38.9261806202933], [-77.0576391579966, 38.9234241917036], [-77.0577200620677, 38.9232203289804], [-77.0575060671974, 38.923209516622], [-77.0571356531782, 38.9232290663656], [-77.0565975380685, 38.9232589476279], [-77.0560808289137, 38.9232916984721], [-77.0560896036574, 38.9231585424553], [-77.0560968144342, 38.923089985823], [-77.0560965593126, 38.9230582762178], [-77.0560942281845, 38.9230267483075], [-77.0560897060653, 38.9229952217809], [-77.0560832229239, 38.9229639657076], [-77.0560745496898, 38.9229330716412], [-77.0560638013475, 38.9229025381846], [-77.0560510928811, 38.9228724568918], [-77.0560363084082, 38.9228430066774], [-77.056019679694, 38.9228140973863], [-77.0560010917541, 38.9227860008846], [-77.0559818121115, 38.9227594356258], [-77.0559616116957, 38.9227335007503], [-77.0559401419604, 38.9227080180433], [-77.0559176355693, 38.9226831657208], [-77.0558942066083, 38.9226588543263], [-77.0558696251089, 38.9226351740164], [-77.055844121938, 38.922612214948], [-77.0558175812129, 38.9225898869654], [-77.0557902338007, 38.9225681900696], [-77.0557618488344, 38.9225473045733], [-77.0557475431635, 38.9225386628514], [-77.0557330057272, 38.9225302021399], [-77.0557184691893, 38.9225218315838], [-77.0557037026827, 38.9225136406403], [-77.0556888202934, 38.9225056307074], [-77.055673707037, 38.922497710231], [-77.055658594679, 38.9224899707652], [-77.0556433664383, 38.9224824109125], [-77.0556279082289, 38.9224749412152], [-77.0556124491212, 38.9224676518298], [-77.0555901843769, 38.9224564920101], [-77.0554807102864, 38.9224090704441], [-77.0553441349222, 38.922358868672], [-77.0551031627456, 38.9222645754031], [-77.0549831424337, 38.9222087530636], [-77.0549048479685, 38.9221723514204], [-77.0548133815063, 38.9221313161196], [-77.0546491119802, 38.9220575971886], [-77.0545861194175, 38.9220192511535], [-77.0544843519739, 38.9219444390396], [-77.0543994126705, 38.921857998675], [-77.0543571693943, 38.9218094633726], [-77.0543075204068, 38.921727420982], [-77.0542177876931, 38.9215538721736], [-77.05410471585, 38.9213217797955], [-77.0540513559221, 38.9212107318464], [-77.0540400389462, 38.9211901981956], [-77.0540382953162, 38.9211720925148], [-77.0540416262693, 38.9211541643499], [-77.0540499159227, 38.9211373145824], [-77.0540627052374, 38.9211221750186], [-77.0540794156983, 38.9211096458424], [-77.0540992433133, 38.9211002680038], [-77.0541962011768, 38.9210701349272], [-77.0542605331276, 38.9210515476734], [-77.0545211990702, 38.9209684602481], [-77.0546195852551, 38.9209364883055], [-77.0547199549201, 38.9209038670688], [-77.0547658579328, 38.9208842349129], [-77.0548669336736, 38.9208410106034], [-77.0548935498572, 38.9208276923166], [-77.0550073340643, 38.9207707694719], [-77.0551758481301, 38.9206712379028], [-77.0552925994727, 38.9205890271579], [-77.0553838745937, 38.9205188088407], [-77.0554571591546, 38.9204479684275], [-77.0555219097203, 38.9203744301622], [-77.0556060162854, 38.9202806130081], [-77.0556973722549, 38.9201675156259], [-77.0557386201978, 38.9201233550399], [-77.0557468029517, 38.9201175855414], [-77.0557570617122, 38.9201117251841], [-77.0557719333218, 38.9201063128275], [-77.0557883060161, 38.9201041434117], [-77.0558081417159, 38.9201065658328], [-77.0558328238267, 38.9201121396375], [-77.0558684653839, 38.9201249143071], [-77.0559129948725, 38.9201472339795], [-77.0559730993515, 38.9201806257618], [-77.0561186821231, 38.9202508206507], [-77.0562315051329, 38.9203083295972], [-77.0563142121228, 38.9203415305019], [-77.0563651915152, 38.9203546580784], [-77.0563942538112, 38.9203586977622], [-77.0564098225134, 38.9203599516018], [-77.0564266587385, 38.9203605743281], [-77.0564994231748, 38.9203604492238], [-77.0565981282616, 38.920355897241], [-77.0566856466282, 38.9203485580155], [-77.0567155102215, 38.9203447601529], [-77.0568125938492, 38.9203295784856], [-77.0568334635099, 38.9203267758664], [-77.0568507578757, 38.9203235245484], [-77.0568539055725, 38.9203227215036], [-77.0568697806002, 38.9203186510657], [-77.056882462117, 38.9203145911112], [-77.0569090917753, 38.9203044884002], [-77.0569300710305, 38.9202944793414], [-77.0569430930088, 38.9202829424685], [-77.0569520788566, 38.9202725783613], [-77.0569567078753, 38.9202646576357], [-77.0569600244553, 38.9202589720176], [-77.0569624337369, 38.920243476522], [-77.0569606910052, 38.9202264511122], [-77.0569545573085, 38.9201990692685], [-77.0569482026261, 38.9201835779532], [-77.0569018378794, 38.9201156956898], [-77.0568767389504, 38.9200789358298], [-77.0568063325916, 38.9199978049147], [-77.056732587195, 38.9199225314845], [-77.0566893000764, 38.9198674215905], [-77.0566873839699, 38.9198648999157], [-77.0566463588092, 38.9198109599567], [-77.056632266039, 38.9197806984315], [-77.0566216003417, 38.919723320453], [-77.056617686382, 38.9197021440702], [-77.0565316897615, 38.9196069764231], [-77.0565249847362, 38.9195856301691], [-77.0565233650738, 38.919579054778], [-77.0565220867711, 38.9195663540951], [-77.0565227703891, 38.9195551833353], [-77.0565270266069, 38.9195430201141], [-77.056533936448, 38.9195312154343], [-77.0565491467224, 38.9195168848719], [-77.0565624004661, 38.9195077800988], [-77.0565786518879, 38.9194983132863], [-77.0566226864049, 38.9194791944446], [-77.05675365718, 38.9194472414007], [-77.0568728806862, 38.919433490922], [-77.0570316543194, 38.9194180993846], [-77.0571743975164, 38.9193994725587], [-77.0573022619173, 38.9193769793198], [-77.0574455674596, 38.9193408753604], [-77.0576423515075, 38.9192722248788], [-77.0576588346946, 38.9192636952839], [-77.0577891991069, 38.9191962126209], [-77.05781235498, 38.9191837152548], [-77.0578631969302, 38.9191562687082], [-77.0578977533225, 38.9191374964384], [-77.0579148347876, 38.9191282273706], [-77.0579614501644, 38.9190931255355], [-77.0580168241151, 38.9190514258775], [-77.0582120316196, 38.9188889085952], [-77.0583802725976, 38.9187479338505], [-77.0585479377555, 38.9186090318356], [-77.0587321947966, 38.9184547168348], [-77.0588901356916, 38.9183273947723], [-77.0589191701399, 38.9183119848229], [-77.0589550039366, 38.9183063633497], [-77.0589860694757, 38.9183063479733], [-77.0590195236352, 38.9183100690629], [-77.0638263009227, 38.9184539368334], [-77.0645557338317, 38.9192882482695], [-77.0647456709205, 38.9191657201902], [-77.0648186078333, 38.9191679679136], [-77.0648650875644, 38.9191643565992], [-77.0648874331572, 38.9191621640903], [-77.0649611120784, 38.9191430528463], [-77.0651421468627, 38.9190978383509], [-77.065213831524, 38.9190795021915], [-77.065250230361, 38.919073139924], [-77.0652678813581, 38.9190700402143], [-77.0652812186451, 38.9190777709671], [-77.0653302343202, 38.9190856981155], [-77.0653605084436, 38.9190905367369], [-77.0654178218571, 38.9191068278547], [-77.0654805305521, 38.9191205930742], [-77.0655486623765, 38.9191387069665], [-77.0655839760487, 38.9191446051458], [-77.0656185710686, 38.9191457122338], [-77.0656394802551, 38.9191482318374], [-77.0656596653996, 38.9191549764069], [-77.0656773280747, 38.9191639749895], [-77.0657040053437, 38.9191816974762], [-77.0657155451018, 38.9191910504073], [-77.065874948454, 38.9193224917375], [-77.0659481593531, 38.9193829774243], [-77.0660415616847, 38.9194685038264], [-77.0661862012252, 38.9196076271125], [-77.0662846556821, 38.9196945559638], [-77.0663142291195, 38.9197263565332], [-77.0663478018567, 38.919781648953], [-77.0664152877924, 38.919896745838], [-77.0664640160066, 38.9199801895651], [-77.0664806087882, 38.9199914406328], [-77.0665018656228, 38.9199963560726], [-77.0665330443497, 38.919993806446], [-77.0665544763558, 38.919988443703], [-77.0665840129623, 38.9199813909931], [-77.0666207693288, 38.9199746143522], [-77.0666423881844, 38.919971646776], [-77.0666647229973, 38.9199702202985], [-77.0666915808277, 38.9199717544083], [-77.0667187925943, 38.9199814497016], [-77.0667512352507, 38.91999818652], [-77.0667674687062, 38.9200081676641], [-77.0668619409314, 38.9200762436285], [-77.0668846620199, 38.920093535359], [-77.0668922357161, 38.9201031069285], [-77.06690323918, 38.9201177393015], [-77.0669135275849, 38.9201326512352], [-77.0669229050982, 38.9201480586925], [-77.0669340990049, 38.9201689518841], [-77.0669413214598, 38.9201848562577], [-77.0669476438028, 38.9202004104745], [-77.0669539688407, 38.9202194774026], [-77.0669601106223, 38.920238616313], [-77.0669657206012, 38.9202577559173], [-77.0669711356458, 38.9202770304057], [-77.0669749319262, 38.920291532047], [-77.0670096589984, 38.9204325463583], [-77.0670331822824, 38.9205302191735], [-77.0670595370563, 38.9206459249878], [-77.0670787933427, 38.9206445628231], [-77.0670980505274, 38.9206436507528], [-77.0671174226965, 38.9206432796346], [-77.0671366807796, 38.9206432684521], [-77.067156053847, 38.9206437975228], [-77.0671753128284, 38.9206447773868], [-77.067193880107, 38.9206461633142], [-77.0672137158068, 38.9206480887958], [-77.0672328607021, 38.9206504196419], [-77.0672518897148, 38.9206532012811], [-77.0672812996589, 38.9206580488814], [-77.0673105955169, 38.9206634367343], [-77.0673396605079, 38.9206693655386], [-77.0673686105146, 38.9206758352941], [-77.0673973305525, 38.920682845302], [-77.0674258206218, 38.9206903955619], [-77.0674540807223, 38.920698396614], [-77.0674821099558, 38.9207070287753], [-77.0675099101189, 38.9207161110296], [-77.0675373644306, 38.9207256440755], [-77.0675689707556, 38.9207366154636], [-77.0676003471118, 38.9207478580245], [-77.067631609382, 38.9207594605188], [-77.0676626398869, 38.9207712433282], [-77.067693440423, 38.9207833867697], [-77.0677241268731, 38.9207958006845], [-77.0677545815579, 38.9208084850725], [-77.0677849221566, 38.9208214392346], [-77.067814916904, 38.9208346638697], [-77.0678447966669, 38.920848249136], [-77.0678671781922, 38.9208592260964], [-77.0678893297488, 38.9208702939123], [-77.0679114804071, 38.9208816315027], [-77.067933401995, 38.920893149408], [-77.0679550927158, 38.9209048476281], [-77.0679767825384, 38.9209166360046], [-77.0679982432905, 38.9209286046958], [-77.0680194731756, 38.9209407530026], [-77.0680407021624, 38.9209530823228], [-77.0680617020788, 38.9209655919574], [-77.0680775106312, 38.92097621246], [-77.0680933191835, 38.920986832961], [-77.0681090118532, 38.9209975436186], [-77.0681247054213, 38.9210082542747], [-77.0681402831066, 38.9210191452455], [-77.0681558616903, 38.9210300362146], [-77.0681713243912, 38.921040927881], [-77.0681866721079, 38.9210519991631], [-77.0682019039418, 38.9210630704434], [-77.0682171366741, 38.9210741417221], [-77.0682332901795, 38.921084401576], [-77.068249674552, 38.9210943909541], [-77.0682662897915, 38.9211042007136], [-77.0682830200153, 38.9211137399975], [-77.0682998652236, 38.9211230982651], [-77.0683170553848, 38.9211322769142], [-77.0683343614288, 38.9211412752461], [-77.0683518983398, 38.9211500031027], [-77.0683695493368, 38.9211585506423], [-77.0683873162165, 38.9211668277068], [-77.0684032352616, 38.9211718632759], [-77.0684194983615, 38.9211762677386], [-77.0684358773441, 38.9211801319521], [-77.0684526012797, 38.9211834552174], [-77.0684694401997, 38.9211861473767], [-77.0684863932058, 38.9211882098278], [-77.0685034620945, 38.921189731331], [-77.0685205291866, 38.9211907118864], [-77.0685377121613, 38.9211909718768], [-77.0685548942378, 38.9211906916183], [-77.0686699774088, 38.9211883719724], [-77.0686893495779, 38.9211875500671], [-77.0687086067627, 38.9211865478458], [-77.0687278630491, 38.9211854554666], [-77.0687471193355, 38.9211841827713], [-77.0687662606376, 38.921182640301], [-77.068785516924, 38.9211810076727], [-77.0688046573278, 38.9211792848863], [-77.0688237986299, 38.9211772916259], [-77.0688429390336, 38.9211752082075], [-77.0688620794374, 38.9211728550139], [-77.0689711564724, 38.921161170117], [-77.0689868383624, 38.92115980936], [-77.0690025202523, 38.9211581788279], [-77.0690180862595, 38.9211563679796], [-77.0690337672511, 38.9211542866573], [-77.0690492173757, 38.9211520250188], [-77.0690647824846, 38.9211495837631], [-77.0690801167265, 38.9211468720332], [-77.0690955659528, 38.921143890528], [-77.0691107852103, 38.9211408188647], [-77.0691260035695, 38.9211374767271], [-77.0692154721786, 38.9211204878746], [-77.0692354183712, 38.921116692849], [-77.069255248681, 38.921112627349], [-77.0692750789909, 38.9211085618487], [-77.0692949093009, 38.921104225874], [-77.0693146237281, 38.9210997997409], [-77.0693343390536, 38.9210951939902], [-77.0693539375981, 38.921090407923], [-77.069373537041, 38.9210855316974], [-77.0693930206012, 38.9210804758541], [-77.0694125032631, 38.9210752389953], [-77.0695423170082, 38.9210414709267], [-77.0695737903825, 38.9210334349683], [-77.0696052637568, 38.92102539831], [-77.0696367371311, 38.9210173623497], [-77.0696682105054, 38.9210092362303], [-77.0696996838797, 38.9210012002682], [-77.0697311572539, 38.9209931636063], [-77.0697625147456, 38.9209850374842], [-77.0697939881199, 38.9209769113611], [-77.0698254614942, 38.9209687852371], [-77.0698569348684, 38.9209607485716], [-77.0700268664758, 38.9209160559162], [-77.0701611771872, 38.9208832753204], [-77.0703135853583, 38.9208431862868], [-77.0704310616413, 38.9208126673067], [-77.0704526203098, 38.9208068894774], [-77.0705688272732, 38.9207755604529], [-77.0707808350702, 38.9207175982966], [-77.0709927296794, 38.920662519073], [-77.0711564323686, 38.9206168372797], [-77.0711694821947, 38.9206135146867], [-77.071473814345, 38.9205359292315], [-77.0715367601952, 38.9205199459602], [-77.0716529393109, 38.9204904143952], [-77.0721383394831, 38.9212751633008], [-77.0722805176398, 38.9215096886881], [-77.0726911501326, 38.9221870350845], [-77.0727929193728, 38.9223567503439], [-77.0729101522123, 38.9225522533825], [-77.0729101674837, 38.9225522792413], [-77.0731257290159, 38.9229220237157], [-77.0731761945719, 38.9232456269994], [-77.0731919312591, 38.9275367653559], [-77.0663863970745, 38.9275347037881], [-77.0632421516463, 38.9275277992828], [-77.0606544098416, 38.9275082898585], [-77.0602757403049, 38.927393609948], [-77.0594354499, 38.9267813001869], [-77.0584569500953, 38.9263310496668], [-77.0576397481897, 38.9261806202933]]], [[[-77.0576397481897, 38.9261806202933], [-77.0576574467975, 38.9288150041032], [-77.0576541167427, 38.9288143276417], [-77.0563141932582, 38.9285422553955], [-77.0562984035704, 38.9285390505765], [-77.0554910040813, 38.9283750958724], [-77.0554333304434, 38.9283635023107], [-77.0553412845678, 38.9283451692447], [-77.0541659054939, 38.9280960993219], [-77.0526822928864, 38.9255435500758], [-77.0553322241599, 38.9258833799479], [-77.0552924234029, 38.9258782231128], [-77.0576397481897, 38.9261806202933]]]]}, "properties": {"TrashRouteArea": "OR317", "CollectionDays": "Thursday", "RunsPerWeek": 1, "TrashStatusUpdate": "Scheduled Other Day", "TStatus": "Scheduled Other Day", "ServiceArea": "Outer Ring"}}, {"type": "Feature", "geometry": {"type": "Polygon", "coordinates": [[[-77.0724174487369, 38.9334917423302], [-77.0722565541813, 38.9334911211167], [-77.0720443352802, 38.9334903517623], [-77.0716471173296, 38.9334903259075], [-77.0711001960351, 38.9334926416573], [-77.0709841678364, 38.9334929819621], [-77.0708862478772, 38.9334932216429], [-77.070851070749, 38.933493243305], [-77.070790749776, 38.9334931000556], [-77.0703999898139, 38.9334922545344], [-77.0698874380622, 38.9334940937177], [-77.069522283679, 38.9334942208952], [-77.0690864300863, 38.933496822445], [-77.0687396148096, 38.9334959454789], [-77.0686371960875, 38.9334957358455], [-77.0685476942408, 38.9334955178269], [-77.0685366225049, 38.9334955241159], [-77.0680940773616, 38.9334951523661], [-77.0677038977112, 38.9334979013579], [-77.0672184499283, 38.9335000731593], [-77.066953636464, 38.9334981536167], [-77.0668972366372, 38.9334981850617], [-77.0665310446999, 38.9334985749797], [-77.0664895236691, 38.9334985980394], [-77.0663918345769, 38.933498744084], [-77.0663902526437, 38.9337074127982], [-77.0663889042725, 38.933980771239], [-77.0613947608746, 38.9339878756641], [-77.0612918462824, 38.9341926535802], [-77.0609871566026, 38.9342601464361], [-77.0606542176021, 38.9342381722037], [-77.0603575858105, 38.9339893507738], [-77.057594278165, 38.9339932820703], [-77.0574270271305, 38.9337064135489], [-77.0567980438365, 38.9338564118909], [-77.0552983343175, 38.9338583922172], [-77.0552921278572, 38.9335147013716], [-77.0565936402785, 38.9335166279015], [-77.057316740963, 38.9335176893446], [-77.0573094646092, 38.933505261584], [-77.0572625734497, 38.9334250208933], [-77.0572526416759, 38.9334081803293], [-77.0569605580546, 38.9329088124637], [-77.056873472676, 38.932755262988], [-77.0567725514454, 38.9325773436912], [-77.0567331441505, 38.9325078730627], [-77.0565074747747, 38.9321226968283], [-77.0564777935394, 38.9320719044629], [-77.0563079068478, 38.9317801170408], [-77.0562630970848, 38.9317032076528], [-77.0562092808128, 38.9316129707385], [-77.0561861833302, 38.9315743356747], [-77.0559538215055, 38.9311760099313], [-77.0557558696479, 38.9308284738457], [-77.055625831324, 38.9306044990942], [-77.0555864500802, 38.9305368650945], [-77.0555497260531, 38.930473554553], [-77.0555066491403, 38.9303994361863], [-77.055483783423, 38.9303599003959], [-77.0552965826027, 38.9300390234834], [-77.0550829398719, 38.929674557916], [-77.0550533763159, 38.929624034938], [-77.0548234489256, 38.9292266961568], [-77.054750002668, 38.929100254372], [-77.0547209008461, 38.9290499112808], [-77.0546831383665, 38.9289848886952], [-77.054578396601, 38.9288040507361], [-77.0543297698798, 38.9283781637285], [-77.0542784976366, 38.92828999601], [-77.0542092096805, 38.9281706680456], [-77.0541659054939, 38.9280960993219], [-77.0553412845678, 38.9283451692447], [-77.0554333304434, 38.9283635023107], [-77.0554910040813, 38.9283750958724], [-77.0562984035704, 38.9285390505765], [-77.0563141932582, 38.9285422553955], [-77.0576541167427, 38.9288143276417], [-77.0576574467975, 38.9288150041032], [-77.0576397481897, 38.9261806202933], [-77.0584569500953, 38.9263310496668], [-77.0594354499, 38.9267813001869], [-77.0602757403049, 38.927393609948], [-77.0606544098416, 38.9275082898585], [-77.0632421516463, 38.9275277992828], [-77.0663863970745, 38.9275347037881], [-77.0731919312591, 38.9275367653559], [-77.0770484472828, 38.927535187383], [-77.0770544444357, 38.9297760020884], [-77.077054627692, 38.929838609547], [-77.077055174766, 38.9300250814864], [-77.0770536287654, 38.9303019076353], [-77.077052071985, 38.9305690053159], [-77.0770459930855, 38.9308134949784], [-77.0770405663628, 38.93102095987], [-77.0770324276264, 38.9311741965436], [-77.0770255501245, 38.931213567662], [-77.0770109300433, 38.9314200383911], [-77.0792834655912, 38.9330854172191], [-77.0797670709294, 38.9334395736531], [-77.0796570919858, 38.9334853212603], [-77.0795745215399, 38.9334947456774], [-77.0792131652337, 38.9334978559374], [-77.0770498145187, 38.9334958972632], [-77.0770419147341, 38.9342866333187], [-77.0752235772753, 38.9342893131016], [-77.0749417506179, 38.9342461465722], [-77.0748145779197, 38.9341750808863], [-77.0741067908158, 38.9350277623975], [-77.0737127241551, 38.9348507774595], [-77.0741210048585, 38.934348911868], [-77.0743831108005, 38.9344743785988], [-77.0746452176409, 38.9341528690453], [-77.0739004657613, 38.9339606878004], [-77.0739805972813, 38.9334892323202], [-77.0738904046301, 38.9334893790635], [-77.0738674526746, 38.9334893937378], [-77.0735988339468, 38.9334888424021], [-77.0735020216103, 38.9334894167975], [-77.0732400252627, 38.933490959699], [-77.0731986084366, 38.933490940832], [-77.0729108564915, 38.9334908052691], [-77.0725773057383, 38.9334922741002], [-77.0725616202551, 38.9334923740254], [-77.0724174487369, 38.9334917423302]]]}, "properties": {"TrashRouteArea": "OR316", "CollectionDays": "Thursday", "RunsPerWeek": 1, "TrashStatusUpdate": "Scheduled Other Day", "TStatus": "Scheduled Other Day", "ServiceArea": "Outer Ring"}}, {"type": "Feature", "geometry": {"type": "Polygon", "coordinates": [[[-77.0726911501326, 38.9221870350845], [-77.0731527135087, 38.922021073162], [-77.0730663512739, 38.920741036727], [-77.0730628837769, 38.9206896882711], [-77.0730481882372, 38.920467348399], [-77.0730294951944, 38.9201977944589], [-77.0730155515446, 38.9199467319908], [-77.0729962593256, 38.9195754658498], [-77.0729961623075, 38.9195736165209], [-77.0729521646215, 38.9187421775196], [-77.0738134261968, 38.9187362317801], [-77.073837753473, 38.9191780749799], [-77.0742196039441, 38.9191771244503], [-77.0759566330899, 38.9191818519373], [-77.0760260306405, 38.9191818512384], [-77.0773088625955, 38.9191818386578], [-77.0781497180408, 38.9191814989833], [-77.0787763818847, 38.9191812459747], [-77.0788792407813, 38.9191814465644], [-77.0789220221484, 38.9191815080693], [-77.0792330215947, 38.91918201828], [-77.0793073410148, 38.9191821028491], [-77.079581152005, 38.9191824124702], [-77.0796848193854, 38.9191827919831], [-77.0797673835432, 38.9191829156917], [-77.0797673898314, 38.9191887258036], [-77.0797666648909, 38.9192624148661], [-77.0797646167321, 38.9196991401391], [-77.0797601107826, 38.9201040679295], [-77.0797625362339, 38.9206227653889], [-77.0797642322531, 38.9206957316934], [-77.0798540646799, 38.9206973825044], [-77.079916220911, 38.9206984210756], [-77.0802379480384, 38.9206951376251], [-77.0802595111985, 38.9206949426309], [-77.0802811911396, 38.9206951977308], [-77.0803027560963, 38.9206959937824], [-77.080324321053, 38.920697239928], [-77.0803457719237, 38.9206989368667], [-77.0803672227943, 38.9207010838994], [-77.080388559579, 38.9207037718835], [-77.0804097804809, 38.9207069106605], [-77.0804308872968, 38.9207104988326], [-77.080451764144, 38.9207145384962], [-77.0804776032849, 38.9207215471024], [-77.0805028666056, 38.9207296376106], [-77.0805275541063, 38.9207388086227], [-77.0805514358181, 38.9207490615361], [-77.0805747426081, 38.9207602160332], [-77.0805971268284, 38.9207723615733], [-77.0806187061581, 38.9207854988546], [-77.0806392479337, 38.9207994475599], [-77.0806588680378, 38.9208142978468], [-77.0806652397882, 38.9208196717098], [-77.0806774523844, 38.9208299595566], [-77.0806963834807, 38.9208476033502], [-77.0807138170855, 38.920866057866], [-77.080729868183, 38.9208852350417], [-77.0807445358749, 38.9209052229384], [-77.0807575892943, 38.9209257531771], [-77.0807690302378, 38.9209469145179], [-77.0807788560104, 38.9209685280415], [-77.0807870684087, 38.9209905923496], [-77.0807935515501, 38.9210130186815], [-77.0807983054346, 38.9210356267204], [-77.0807992351909, 38.9210423822929], [-77.0808000499628, 38.9210490477066], [-77.0808007497505, 38.9210557131197], [-77.080801449538, 38.9210624693892], [-77.080802033443, 38.921069134801], [-77.0808026173479, 38.9210758910692], [-77.0808029712842, 38.9210825564797], [-77.0808033243221, 38.9210893127467], [-77.0808036782583, 38.9210960690129], [-77.0808038013275, 38.9211027344216], [-77.0808024924821, 38.9212710111465], [-77.0808007093263, 38.9215290110601], [-77.0808022849713, 38.9215969325074], [-77.0808024089388, 38.92160422967], [-77.0808025329063, 38.921611526133], [-77.0808024251084, 38.9216188225953], [-77.0808023182089, 38.9216261197557], [-77.0808019804424, 38.9216334169153], [-77.0808015276915, 38.9216407140742], [-77.0808010749406, 38.9216480105335], [-77.0808003913227, 38.9216553076909], [-77.0807995918221, 38.921662515389], [-77.0807987932198, 38.921669812545], [-77.0807960515615, 38.9216926957389], [-77.0807858871241, 38.9217802636197], [-77.0807721213407, 38.9219453958222], [-77.0807548117035, 38.9221389969177], [-77.0807270259134, 38.9224493528834], [-77.0807262291077, 38.9224588123134], [-77.0807239554718, 38.9224874603658], [-77.0807202023105, 38.9225337657588], [-77.0807187200903, 38.9225488106719], [-77.0807170079014, 38.9225638555818], [-77.0807162506216, 38.9225638534851], [-77.0807150576589, 38.9225730906543], [-77.0807129987202, 38.922588135559], [-77.0807105939302, 38.9226031811595], [-77.0807080741559, 38.9226181366006], [-77.0807053235145, 38.9226330927374], [-77.080702342006, 38.9226480481722], [-77.0806991296306, 38.9226629141466], [-77.0806956872864, 38.9226777808168], [-77.0806421476955, 38.922955994264], [-77.0806058171304, 38.9232301789809], [-77.0807114643977, 38.9232893215869], [-77.0806585392545, 38.9234795112936], [-77.0806333361208, 38.9235795078687], [-77.0806106545582, 38.9236932294982], [-77.080502283599, 38.9241461531645], [-77.0803403056752, 38.9245476129624], [-77.0803267851318, 38.9246245531715], [-77.0803120024555, 38.9247085210777], [-77.080192760983, 38.9247092339194], [-77.0799969426241, 38.9247080164976], [-77.0798129703489, 38.924708602146], [-77.0796394454804, 38.9247091619363], [-77.0792143698745, 38.9247095407208], [-77.0790250104025, 38.9247087677768], [-77.0789917969914, 38.9247087006858], [-77.0789886834307, 38.9247087027824], [-77.0789585844788, 38.9247083624355], [-77.0789253710678, 38.9247077544235], [-77.0787595312866, 38.9247015603881], [-77.0788815162139, 38.9250123915518], [-77.0788809799197, 38.9251317157436], [-77.0788806232885, 38.9252267536802], [-77.0788791069323, 38.9254196232033], [-77.0788959296827, 38.9254692294802], [-77.078903629143, 38.9254858811413], [-77.0789183210894, 38.9255176343883], [-77.0789454052952, 38.9255643424411], [-77.0789652481815, 38.9255919752], [-77.0789775263549, 38.9256090824861], [-77.0790014628639, 38.9256367941982], [-77.0790143384169, 38.9256517035743], [-77.0790174205366, 38.9256547009636], [-77.0790554605957, 38.9256916543131], [-77.0790848723364, 38.9257156774392], [-77.0791009162473, 38.9257287830556], [-77.0791090307293, 38.9257347589588], [-77.0791301285621, 38.9257502930898], [-77.0791611384057, 38.9257702614457], [-77.0791935999268, 38.9257889585811], [-77.0792271322397, 38.925806250317], [-77.0792972053234, 38.9258398036666], [-77.0793440515672, 38.9258621662678], [-77.0795603155819, 38.9258800002957], [-77.0797440426171, 38.9258947384017], [-77.0800072355206, 38.9259158185912], [-77.0799296120969, 38.9259582375269], [-77.0798994098388, 38.925969608548], [-77.0798689767136, 38.9259807098105], [-77.0798384277057, 38.9259913603118], [-77.0798077637135, 38.9260017410549], [-77.0798048810197, 38.9260027341231], [-77.0797767529716, 38.9260118513409], [-77.0797456254487, 38.9260215115651], [-77.0797143838397, 38.9260309013325], [-77.0796829104654, 38.9260399311903], [-77.0796513212084, 38.9260486011386], [-77.0793796005979, 38.9261367073486], [-77.0793560827038, 38.9261448307842], [-77.0793321039739, 38.926152323856], [-77.0793078934787, 38.9261592767158], [-77.0792834521164, 38.9261655090607], [-77.0792586631062, 38.9261711110423], [-77.0792336432289, 38.9261759925092], [-77.0792085074689, 38.9261803330659], [-77.0791831399436, 38.9261839538071], [-77.0791575415513, 38.9261868540339], [-77.0791319422606, 38.9261891231992], [-77.0790936542666, 38.9261894195115], [-77.0789817906575, 38.9261903958046], [-77.0789785028236, 38.9262409345064], [-77.0789770179084, 38.9262544481538], [-77.0789749553765, 38.92626589041], [-77.0789744963374, 38.9262679624974], [-77.0789710512983, 38.9262813873858], [-77.0789665678067, 38.926294542516], [-77.0789611626436, 38.9263075180397], [-77.0789547181298, 38.9263202238055], [-77.0789476394054, 38.9263322551803], [-77.0789392913614, 38.9263446471588], [-77.0789301941225, 38.9263562738964], [-77.0789231683987, 38.9263642058224], [-77.0789202883999, 38.9263675407254], [-77.0788864147272, 38.9263960299588], [-77.0787802994376, 38.9264856445477], [-77.0784918926207, 38.9267136590476], [-77.0784255798847, 38.9267654469099], [-77.0781760566449, 38.9269603381933], [-77.0778826929242, 38.9271937594896], [-77.0777882413603, 38.9272686632069], [-77.0776199186356, 38.9274021616273], [-77.0775268729351, 38.9274759567689], [-77.0775136209881, 38.9274853337647], [-77.0774995605572, 38.9274939909573], [-77.0774849225097, 38.9275019283468], [-77.0774694759784, 38.9275090550848], [-77.0774535686113, 38.9275153711715], [-77.0774371977136, 38.9275208773058], [-77.0774202500974, 38.9275254826394], [-77.0774030698176, 38.9275291878711], [-77.0773855436864, 38.9275319916034], [-77.0773679007743, 38.9275338952342], [-77.0771473976097, 38.9275348519415], [-77.0770484472828, 38.927535187383], [-77.0731919312591, 38.9275367653559], [-77.0731761945719, 38.9232456269994], [-77.0731257290159, 38.9229220237157], [-77.0729101674837, 38.9225522792413], [-77.0729101522123, 38.9225522533825], [-77.0727929193728, 38.9223567503439], [-77.0726911501326, 38.9221870350845]]]}, "properties": {"TrashRouteArea": "OR315", "CollectionDays": "Thursday", "RunsPerWeek": 1, "TrashStatusUpdate": "Scheduled Other Day", "TStatus": "Scheduled Other Day", "ServiceArea": "Outer Ring"}}, {"type": "Feature", "geometry": {"type": "MultiPolygon", "coordinates": [[[[-77.1052932360219, 38.9271248154058], [-77.1053283987771, 38.9271185656743], [-77.1053070700773, 38.9271229991192], [-77.105294042709, 38.9271256232656], [-77.1052932360219, 38.9271248154058]]], [[[-77.1052932360219, 38.9271248154058], [-77.1050446910474, 38.9271689884062], [-77.1047129171618, 38.9271818079286], [-77.1044001426445, 38.9272537940045], [-77.1040372187782, 38.9273665404557], [-77.1041081452614, 38.927432905594], [-77.1043768619056, 38.9276732780468], [-77.104627452344, 38.9278993431784], [-77.1048423616993, 38.9280932795388], [-77.104964250507, 38.9282028191227], [-77.1050623510276, 38.9282909946367], [-77.105257928638, 38.9284655891827], [-77.1056604771915, 38.9288290986816], [-77.1057191892819, 38.9288823119966], [-77.1057636504985, 38.9289226019417], [-77.106052013298, 38.9291904916877], [-77.1064939484852, 38.9295876985954], [-77.1065293825316, 38.9296138538876], [-77.106585681747, 38.9296568170857], [-77.1066062360991, 38.9296742741969], [-77.1066337209535, 38.9296984818592], [-77.106659938285, 38.9297235008374], [-77.1066848880938, 38.9297493318295], [-77.1067083404109, 38.9297759748346], [-77.1067304093225, 38.9298033404036], [-77.1067509798442, 38.9298314271379], [-77.1067701678586, 38.9298601462875], [-77.1067761802828, 38.9298702301675], [-77.106822258467, 38.9299263637398], [-77.1068502562595, 38.9299699836324], [-77.1068652141073, 38.9300077872848], [-77.1068745889256, 38.9300456041944], [-77.1068748332673, 38.9300468292115], [-77.1068839637439, 38.9300906915177], [-77.1068933259858, 38.9301270583503], [-77.1069008242234, 38.9301590582964], [-77.1069083269527, 38.9301939582911], [-77.1069252071952, 38.9302681355724], [-77.1069413984299, 38.9303214861722], [-77.1069398093101, 38.9303214721959], [-77.1028080557715, 38.9302857833082], [-77.1027852394616, 38.9315331793299], [-77.0984632299324, 38.9315323498577], [-77.0983818686188, 38.9315294980664], [-77.0983089146379, 38.9314830762555], [-77.0971154937998, 38.9325381717853], [-77.0970944220182, 38.9325568014509], [-77.0970138889513, 38.9325354283466], [-77.0969365889211, 38.9325162144892], [-77.0969327809626, 38.9325152271025], [-77.0968513289192, 38.9324961970207], [-77.0967694178366, 38.9324784282458], [-77.0966870459183, 38.9324617411904], [-77.0966043299453, 38.9324462252999], [-77.0965212699175, 38.932431970719], [-77.0964378658349, 38.9324188873046], [-77.0963542317837, 38.9324069750574], [-77.0963058988281, 38.932400799164], [-77.096270254576, 38.9323963241217], [-77.0961716303376, 38.932386676645], [-77.0960627401521, 38.9323760459711], [-77.0959627325081, 38.9323662196017], [-77.0958949106025, 38.9323624915626], [-77.0958270895952, 38.932359304386], [-77.0957592694862, 38.9323568376608], [-77.0956913352911, 38.9323550012432], [-77.0956234019944, 38.9323537958321], [-77.095555469596, 38.9323533108725], [-77.0954875380959, 38.9323534562206], [-77.0954196065958, 38.9323542325752], [-77.0953516768923, 38.9323556392376], [-77.0952838630715, 38.9323577663514], [-77.0952192804908, 38.9323613322717], [-77.0951548137927, 38.9323654383557], [-77.0950904638756, 38.9323701754458], [-77.0950261139586, 38.9323753625556], [-77.0949618808225, 38.9323812701164], [-77.0948976476865, 38.9323876276965], [-77.0948335313314, 38.9323946162822], [-77.0947696458433, 38.9324021450308], [-77.0947057621519, 38.9324103040859], [-77.0946421084292, 38.9324190040023], [-77.0945764945825, 38.932427164453], [-77.0941787708803, 38.9324764905071], [-77.0937210909212, 38.9325393764946], [-77.0934953056627, 38.9325700050312], [-77.0934737425026, 38.9325729951404], [-77.0934466439238, 38.9325768007338], [-77.0932525108044, 38.9326106737203], [-77.0936546658958, 38.9328089583141], [-77.0940308839301, 38.933067645098], [-77.0942908851194, 38.9333553414614], [-77.0934548141013, 38.9336048457242], [-77.0926233649153, 38.9341195201754], [-77.0914149062794, 38.9345014034526], [-77.0905526170314, 38.9346825518124], [-77.0894205035165, 38.9347087101172], [-77.0885571219171, 38.9346877080074], [-77.0867664669422, 38.9346278139474], [-77.0864741389791, 38.9346180361049], [-77.0856566109851, 38.9331882617616], [-77.0850835271563, 38.9321859583801], [-77.0846267419192, 38.9313870355391], [-77.0910674262494, 38.9313592478078], [-77.0911268192627, 38.931358989951], [-77.0927765941466, 38.9303651868836], [-77.0986562221914, 38.9212845250416], [-77.0986769023076, 38.9213121636608], [-77.0986988490483, 38.9213390796092], [-77.0987220642102, 38.9213654546009], [-77.0987464319106, 38.921391107622], [-77.0988454918319, 38.9214934127987], [-77.0991159152751, 38.9213298143235], [-77.0994046562653, 38.9214321070083], [-77.0996237894991, 38.9211051707866], [-77.1002391669097, 38.9204487162572], [-77.1006431824121, 38.9206476806356], [-77.1006587349447, 38.9206372173373], [-77.1006676094014, 38.9206332461619], [-77.1006869743839, 38.9206280945365], [-77.1007073832089, 38.9206267260814], [-77.1007372539887, 38.9206294028859], [-77.1007662075886, 38.9206360438767], [-77.1007932064545, 38.9206464701332], [-77.1008180197193, 38.9206614923827], [-77.1008483818776, 38.9206850685157], [-77.100875171436, 38.9207110789227], [-77.1010590934056, 38.9209509926077], [-77.1011551125296, 38.9210857637322], [-77.1011728794093, 38.9211729493653], [-77.1011473915098, 38.9212521548694], [-77.1015860936602, 38.9216582374564], [-77.1022973213117, 38.9221430204255], [-77.1026895670873, 38.9225173286616], [-77.1029916812971, 38.9228463892699], [-77.1031246121962, 38.9229654780873], [-77.1032857394155, 38.9231190382721], [-77.1031773513882, 38.9232206008443], [-77.1034423274476, 38.9234361571764], [-77.1027947831632, 38.9237426804345], [-77.1030886804831, 38.9241959616062], [-77.1033421347507, 38.9245668820922], [-77.1034491330842, 38.9247333670998], [-77.1031281362871, 38.9249243335646], [-77.1030716654934, 38.9249513697446], [-77.1030386658814, 38.9249898777286], [-77.1034000051196, 38.9253248986136], [-77.1038454913471, 38.9250604759944], [-77.1040583336789, 38.9252363301483], [-77.1044750639359, 38.9256441272858], [-77.1049722931237, 38.9260554359028], [-77.1052429375525, 38.9263100534625], [-77.1055639343496, 38.9265891527794], [-77.1056898152704, 38.9267409426355], [-77.1052800173125, 38.9269797639072], [-77.1052037242937, 38.9270350807247], [-77.1052091519147, 38.927040570823], [-77.1052932360219, 38.9271248154058]]]]}, "properties": {"TrashRouteArea": "OR308", "CollectionDays": "Thursday", "RunsPerWeek": 1, "TrashStatusUpdate": "Scheduled Other Day", "TStatus": "Scheduled Other Day", "ServiceArea": "Outer Ring"}}, {"type": "Feature", "geometry": {"type": "Polygon", "coordinates": [[[-76.9836474936321, 38.8898087072132], [-76.9807663180382, 38.8898078178205], [-76.9806505916734, 38.8898078884405], [-76.9803709569053, 38.8898078422928], [-76.9797235114356, 38.8898079115144], [-76.9791265503866, 38.8898082569232], [-76.9791023452812, 38.8898081625301], [-76.9789946875843, 38.8898080527544], [-76.9788834563892, 38.8898078527809], [-76.9786092393606, 38.8898075325437], [-76.9784897804957, 38.889807651409], [-76.9781482922287, 38.8898079877281], [-76.9776966067274, 38.8898073066994], [-76.9772593472713, 38.8898061229402], [-76.9772598431413, 38.889755389783], [-76.9772609175264, 38.8896406229944], [-76.9772629378375, 38.8894479345247], [-76.9772626162406, 38.8892975402445], [-76.9772614331594, 38.8887444696392], [-76.9772612238519, 38.8886784382085], [-76.9772611304272, 38.8886099748298], [-76.9772603884187, 38.8882650942937], [-76.9772595242394, 38.8878622790354], [-76.9772593194235, 38.8877820140003], [-76.9772578803225, 38.8875967113485], [-76.9772582378519, 38.8875589662137], [-76.977258266598, 38.8874691528363], [-76.9772584444644, 38.8872743013425], [-76.9772590050132, 38.8872061862274], [-76.9772602428916, 38.8870560291365], [-76.9772626988856, 38.8869436046235], [-76.9772641020541, 38.8868799160601], [-76.977264224225, 38.8868583858544], [-76.9772647012304, 38.8868073981672], [-76.9772649392839, 38.8867810040412], [-76.977267341379, 38.8865112767259], [-76.9772679288772, 38.8864452620989], [-76.9772698368989, 38.8862446460337], [-76.9772706723321, 38.8861524899256], [-76.9772711646089, 38.8860581723319], [-76.9772691640607, 38.8858241346584], [-76.9772690176353, 38.8858072002862], [-76.9772659409055, 38.885449655296], [-76.9772651638628, 38.8853554276719], [-76.9772632244001, 38.8852941696849], [-76.977263113009, 38.8852828194178], [-76.9772602150439, 38.8849713989021], [-76.9772600776016, 38.8846798877114], [-76.9772616083309, 38.8845780930787], [-76.9855134004785, 38.8879304466626], [-76.9855134004785, 38.8879310605835], [-76.9855131363738, 38.8887070194855], [-76.9855127986072, 38.8896960877821], [-76.9855127833358, 38.8897407560454], [-76.9855078785344, 38.8898103937029], [-76.9853933038098, 38.8898107398109], [-76.9853795874337, 38.8898107384125], [-76.9850317166366, 38.8898094329911], [-76.9845703958056, 38.8898089554321], [-76.9844341806658, 38.889808814192], [-76.9839182512487, 38.8898087442712], [-76.983865114103, 38.8898087372791], [-76.9837793573327, 38.8898086351948], [-76.9837327895667, 38.889808538704], [-76.9836474936321, 38.8898087072132]], [[-76.984224552506, 38.8886232746892], [-76.984220457985, 38.8883502554375], [-76.9845255626864, 38.8883605773578], [-76.9846258991137, 38.8883712279111], [-76.9846708939297, 38.8883314113914], [-76.9846933113876, 38.8882659781118], [-76.9848633076736, 38.8883023293197], [-76.9849847329506, 38.8883386812082], [-76.9851024230326, 38.8883372268254], [-76.9853116487471, 38.8883415892746], [-76.9853583512604, 38.8883372268254], [-76.9853676919427, 38.8884710019533], [-76.9854872496222, 38.888466639512], [-76.9854797774357, 38.8882368967126], [-76.9854760413424, 38.8882179946008], [-76.9852219807121, 38.8882194475876], [-76.9850800055747, 38.8882078153015], [-76.9845737537081, 38.8879882502979], [-76.9844822171773, 38.887956260703], [-76.9842038714916, 38.8879533533201], [-76.9842108693676, 38.8877109304471], [-76.9840010741212, 38.8877180311141], [-76.9840329993481, 38.8886374744417], [-76.984224552506, 38.8886232746892]]]}, "properties": {"TrashRouteArea": "OR602", "CollectionDays": "Tuesday", "RunsPerWeek": 1, "TrashStatusUpdate": "Scheduled Other Day", "TStatus": "Scheduled Other Day", "ServiceArea": "Outer Ring"}}, {"type": "Feature", "geometry": {"type": "Polygon", "coordinates": [[[-76.9803191384864, 38.9080131030718], [-76.9833290749999, 38.9033659821698], [-76.9816989615426, 38.90268552908], [-76.9817645259819, 38.9025974510766], [-76.9819454906976, 38.902320925801], [-76.9822759467547, 38.9018108870323], [-76.9823231532228, 38.9017432926982], [-76.9823560288673, 38.9016801179543], [-76.9823860631405, 38.9016347657981], [-76.9828051927976, 38.9009788554365], [-76.9828490476514, 38.9009189112465], [-76.9828687827399, 38.9008915072726], [-76.9829136598765, 38.9008292154326], [-76.9829915815409, 38.9007048231423], [-76.9830106114519, 38.9006728595486], [-76.9830321153232, 38.9006371676325], [-76.9830455568148, 38.900616172215], [-76.9830805030759, 38.9005573854321], [-76.9831208239575, 38.9004943976917], [-76.9831503911067, 38.9004545082702], [-76.9831826496086, 38.9003957199553], [-76.9832122185545, 38.9003516295611], [-76.9832337224257, 38.9003201377039], [-76.9832444743614, 38.9003054404272], [-76.983255226297, 38.9002865443235], [-76.9832713555479, 38.9002634493895], [-76.9832874812056, 38.9002487541984], [-76.9833036077616, 38.9002298587788], [-76.9834446998551, 38.9001385401677], [-76.9835295852595, 38.9001043888142], [-76.9836964823578, 38.9001049033567], [-76.9837884042659, 38.9001157569871], [-76.9838204759182, 38.9001195440473], [-76.9838540881812, 38.9001231570298], [-76.9839268948383, 38.9001309828276], [-76.9839412840525, 38.9001325299501], [-76.9840212224347, 38.9001416574828], [-76.984041301578, 38.9001429683072], [-76.9840505757849, 38.9001435744323], [-76.9840753638969, 38.9001451921643], [-76.9841349886756, 38.9001510143212], [-76.9841847382743, 38.9001840177203], [-76.9842441717119, 38.9002263828263], [-76.9843270691446, 38.9002820714502], [-76.9843584041783, 38.9002978586362], [-76.9843712411037, 38.9003043239569], [-76.9843923883438, 38.9003149790111], [-76.9844036873535, 38.9003206711207], [-76.9844118485478, 38.9003247825545], [-76.9845492180227, 38.9003826935526], [-76.9847285864322, 38.9004595208402], [-76.9848597952609, 38.9005162432541], [-76.9850897522955, 38.9006157912045], [-76.9851796547908, 38.9006559776534], [-76.9852217291838, 38.9006737292303], [-76.9852265711032, 38.9006758027641], [-76.9852293379142, 38.9006769730593], [-76.98542622437, 38.9007601450625], [-76.985438270778, 38.9007652296183], [-76.9854673456505, 38.9007775456651], [-76.9854966756445, 38.900789947], [-76.9855692649093, 38.9008073846476], [-76.9855953043745, 38.9008134842927], [-76.9856664599281, 38.9008308904751], [-76.9891865236403, 38.9023302089482], [-76.9895448310644, 38.9024828231845], [-76.9896991849864, 38.902548567042], [-76.9898140669349, 38.9025974986142], [-76.9900746277746, 38.9027084785164], [-76.9901808068445, 38.9027537034531], [-76.9901813395455, 38.9027539299552], [-76.9889227486285, 38.9045670995722], [-76.9888738551242, 38.904636819862], [-76.9886243112231, 38.9049929868942], [-76.9886027705209, 38.9050240663316], [-76.9884244675134, 38.905281323495], [-76.988330023136, 38.9054086927301], [-76.9882790536251, 38.9054773307572], [-76.9875565754731, 38.9065152887144], [-76.986029077469, 38.9058659742373], [-76.9857632246539, 38.9058178376409], [-76.9854967834423, 38.9058355508776], [-76.985305847427, 38.9058999368724], [-76.9849961226901, 38.9061445646722], [-76.9843952782241, 38.905887747543], [-76.9822162986198, 38.909007928046], [-76.9803191384864, 38.9080131030718]]]}, "properties": {"TrashRouteArea": "OR506", "CollectionDays": "Tuesday", "RunsPerWeek": 1, "TrashStatusUpdate": "Scheduled Other Day", "TStatus": "Scheduled Other Day", "ServiceArea": "Outer Ring"}}, {"type": "Feature", "geometry": {"type": "Polygon", "coordinates": [[[-76.9762199713348, 38.8947853677587], [-76.9743641876034, 38.8947711923075], [-76.9744106547581, 38.8947381423456], [-76.9744615038947, 38.8947013092143], [-76.9745100479544, 38.8946624932455], [-76.9745696619533, 38.8946132303963], [-76.974626164188, 38.8945616253228], [-76.9746421928276, 38.8945458641288], [-76.9746749418096, 38.8945131706346], [-76.9747068841045, 38.8944798464811], [-76.9747379047279, 38.8944460720513], [-76.9747678877971, 38.8944118466456], [-76.9747970641792, 38.8943769905783], [-76.9748253179915, 38.8943417737256], [-76.974852535148, 38.8943061065939], [-76.9748788297347, 38.8942699884835], [-76.9749014349405, 38.8942376535336], [-76.9749232325609, 38.8942049578], [-76.9749442243924, 38.8941719914744], [-76.9749682156987, 38.8941286662979], [-76.9749903636621, 38.8940847104474], [-76.9750081287451, 38.8940480503705], [-76.975024739493, 38.8940110295046], [-76.9750403153817, 38.8939738282344], [-76.975054852818, 38.8939362661743], [-76.9750716989245, 38.8938895163299], [-76.9750869316568, 38.8938424056839], [-76.9751005501165, 38.893795114621], [-76.9751076737567, 38.8937671073117], [-76.9751126701863, 38.8937474634546], [-76.9751230609992, 38.8936996311711], [-76.9751319543205, 38.8936515282766], [-76.9751386539559, 38.8936096402775], [-76.9751413093759, 38.8935974796018], [-76.9751438498115, 38.8935852287309], [-76.9751460443957, 38.8935729778579], [-76.9751478931286, 38.8935607269827], [-76.9751495109944, 38.8935483859125], [-76.9751508988915, 38.89353604484], [-76.9751519409373, 38.8935237037654], [-76.975152752116, 38.8935113619895], [-76.9751532174433, 38.8934990209106], [-76.9751534519036, 38.8934866798295], [-76.9751534537002, 38.8934825358379], [-76.9751539522652, 38.8933749758538], [-76.9751542496075, 38.8933030246296], [-76.9751548326142, 38.8931618375583], [-76.9751552117032, 38.8930684214195], [-76.9751552134998, 38.8930631964774], [-76.9751582075847, 38.8928222005867], [-76.9751605485943, 38.8926336780735], [-76.9751621619686, 38.8923064945306], [-76.9751590349331, 38.8920183156962], [-76.9755950978332, 38.8920175969327], [-76.9756869963851, 38.8920173011769], [-76.9760677015042, 38.8920160734057], [-76.9761236072576, 38.8920159049018], [-76.9762253899725, 38.8920155650973], [-76.9763295936472, 38.8920152259919], [-76.9765942517029, 38.892014378578], [-76.9766980610172, 38.8920140695377], [-76.9769341804947, 38.8920133647579], [-76.9771474279667, 38.8920125061571], [-76.9772591244891, 38.8920120775558], [-76.9773637881012, 38.8920126383033], [-76.978001686276, 38.8920160929829], [-76.9788645899716, 38.8920172438436], [-76.9795857125659, 38.8920189932077], [-76.9797694512792, 38.8920189351753], [-76.979865586286, 38.8920188617607], [-76.9799767051917, 38.8920187904437], [-76.9802437833088, 38.8920186561999], [-76.9806548335182, 38.8920177339732], [-76.9807641081826, 38.8920173913719], [-76.9807663180382, 38.8898078178205], [-76.9836474936321, 38.8898087072132], [-76.983647000457, 38.8909362824069], [-76.9836469654227, 38.8910154664166], [-76.9836467902513, 38.8914153432685], [-76.9836465620792, 38.8919364451293], [-76.9836465270449, 38.8920169299089], [-76.9836462800082, 38.8920889964033], [-76.9836463931959, 38.8920964734937], [-76.9836472627651, 38.8923275385511], [-76.983647698448, 38.8924345582553], [-76.9836479203319, 38.8924929007903], [-76.9836481332326, 38.8925509461256], [-76.9836483560148, 38.8925856282939], [-76.9836481080798, 38.8926594973965], [-76.9836474541063, 38.8928649385514], [-76.9836467417422, 38.8930882954932], [-76.9836493208054, 38.893406021223], [-76.9836502182224, 38.8935115997078], [-76.9836502092392, 38.8935509742443], [-76.9836499253716, 38.8947905177641], [-76.9835971322807, 38.8947904814078], [-76.9804970794728, 38.8947883300956], [-76.9763071285786, 38.8947854285855], [-76.9762199713348, 38.8947853677587]]]}, "properties": {"TrashRouteArea": "OR601", "CollectionDays": "Tuesday", "RunsPerWeek": 1, "TrashStatusUpdate": "Scheduled Other Day", "TStatus": "Scheduled Other Day", "ServiceArea": "Outer Ring"}}, {"type": "Feature", "geometry": {"type": "MultiPolygon", "coordinates": [[[[-76.9776327598669, 38.9025189657803], [-76.9776816416931, 38.902516542759], [-76.9775895266473, 38.9025218404092], [-76.9776327598669, 38.9025189657803]]], [[[-76.9741781725592, 38.9025602200493], [-76.9741770245122, 38.9023922498984], [-76.9741757893287, 38.9022115182364], [-76.9741789855345, 38.9016624596082], [-76.9741777934701, 38.9011330385537], [-76.9741765097776, 38.9008580127355], [-76.974173949579, 38.9002876929528], [-76.9741739504773, 38.9002839995816], [-76.974175593496, 38.900200154481], [-76.9741771233269, 38.9001194175091], [-76.9741779452854, 38.9000773487606], [-76.974174131937, 38.8997841259203], [-76.974175590801, 38.8995761229604], [-76.9741757120736, 38.8995596379001], [-76.9741748101651, 38.8995014437892], [-76.9741735668967, 38.8994335200715], [-76.9741715349075, 38.8993152397915], [-76.9741687627066, 38.8990118374514], [-76.9741683180405, 38.8989654447017], [-76.974169023218, 38.8989299518753], [-76.9741706635417, 38.8988565339343], [-76.974174180446, 38.8986939340556], [-76.9741740699533, 38.8986804214519], [-76.9741761513498, 38.898514066184], [-76.9694946468236, 38.8977018673412], [-76.9695075268682, 38.8976397314058], [-76.9695799589278, 38.8975506571727], [-76.9698381895377, 38.8972598443032], [-76.970469629724, 38.896546362579], [-76.9710297670329, 38.8959555539094], [-76.9714041543006, 38.8957342209342], [-76.971455461578, 38.8957097304147], [-76.9715089580498, 38.8956880336909], [-76.9716175634694, 38.8956470718691], [-76.9717293938407, 38.8956118759215], [-76.9718439892266, 38.8955826269369], [-76.9721000504051, 38.8955141911874], [-76.9722662845467, 38.8954697628683], [-76.9727429935185, 38.895342677139], [-76.9728167766444, 38.8953227855181], [-76.9729807137939, 38.8952784123124], [-76.9729880925556, 38.8952764323077], [-76.9730935790245, 38.8952479900092], [-76.9735240562002, 38.8951317002454], [-76.9736052171895, 38.8951102788123], [-76.9736854565073, 38.8950867850743], [-76.9737645441849, 38.8950611288379], [-76.9738425943084, 38.8950333108001], [-76.9739031218939, 38.8950103525907], [-76.9739622660739, 38.8949853227715], [-76.9740113805637, 38.8949645242435], [-76.9740591125464, 38.8949420141718], [-76.9741331310308, 38.8949062669385], [-76.9741961972553, 38.8948740308595], [-76.9742570742855, 38.8948393623936], [-76.9743155312543, 38.8948023510292], [-76.9743641876034, 38.8947711923075], [-76.9762199713348, 38.8947853677587], [-76.9762201581843, 38.8948833953836], [-76.9762217796434, 38.8957320444811], [-76.9762225234485, 38.8961212195207], [-76.9754750290124, 38.8987393754802], [-76.9756957325012, 38.8987785905155], [-76.976121577065, 38.8988525881067], [-76.9761250921728, 38.8988531991367], [-76.9764586114849, 38.8989108799268], [-76.9765720130098, 38.8989283355139], [-76.976699647442, 38.8989516343254], [-76.9769080089772, 38.8989877465593], [-76.9773718540741, 38.8990681345604], [-76.977431416869, 38.8990814443464], [-76.9775256699053, 38.8990934824369], [-76.9776292115216, 38.8991163652199], [-76.978084006092, 38.8991989566878], [-76.9786301692083, 38.8992974312467], [-76.9791215153294, 38.8993800253005], [-76.9792979076203, 38.8994184010458], [-76.9792360846641, 38.8995963196009], [-76.9791701914414, 38.899833227883], [-76.9791091401381, 38.9000649123459], [-76.9790912501892, 38.900136254789], [-76.9790704748516, 38.9002186779843], [-76.979044622236, 38.9003214583124], [-76.9790431211512, 38.9003274936817], [-76.9790344640868, 38.9003656878471], [-76.9790266137095, 38.9004040623607], [-76.9790196850037, 38.9004424361544], [-76.9790136788678, 38.9004809909951], [-76.9790084803172, 38.9005195458149], [-76.9790043184225, 38.9005582809821], [-76.9790008482306, 38.9005970161281], [-76.9789984164911, 38.9006357519521], [-76.9789967905404, 38.900674487755], [-76.9789960880579, 38.9007133137208], [-76.978996196754, 38.9007352039583], [-76.9789961895675, 38.9007605176829], [-76.9789962973653, 38.9007859208833], [-76.9789962892805, 38.9008113247737], [-76.978996282094, 38.9008366377722], [-76.9789962758058, 38.9008589788906], [-76.9789960242775, 38.9009291537404], [-76.9789957871222, 38.9009520352328], [-76.9789951897426, 38.901021669588], [-76.978996097041, 38.9010735579953], [-76.9789951035043, 38.9013161526794], [-76.9789951097925, 38.9014028578537], [-76.9789951277588, 38.9016257698866], [-76.9789957772408, 38.9017667506778], [-76.9789967662859, 38.9019343063507], [-76.978868437456, 38.9019877929056], [-76.9786431426777, 38.9020817992261], [-76.9783062367169, 38.9022183042633], [-76.9781164532401, 38.9022954700192], [-76.9780243283128, 38.9023329276889], [-76.9779120263258, 38.902378668789], [-76.9776196247008, 38.9024970732964], [-76.9775465233963, 38.9025266969379], [-76.9775468369083, 38.9025266619837], [-76.9741725257493, 38.9038982422729], [-76.9741728051253, 38.9037674413867], [-76.9741728150068, 38.9037406865508], [-76.974171960709, 38.9035516009071], [-76.9741739298161, 38.9032067614654], [-76.9741734519123, 38.9029359703102], [-76.9741764684551, 38.9028828214258], [-76.9741799494268, 38.902821565272], [-76.9741798425273, 38.9027973330601], [-76.9741791831639, 38.9027079695853], [-76.9741781725592, 38.9025602200493]]]]}, "properties": {"TrashRouteArea": "OR508", "CollectionDays": "Tuesday", "RunsPerWeek": 1, "TrashStatusUpdate": "Scheduled Other Day", "TStatus": "Scheduled Other Day", "ServiceArea": "Outer Ring"}}, {"type": "Feature", "geometry": {"type": "Polygon", "coordinates": [[[-76.9789974058864, 38.9212992682957], [-76.9790791651537, 38.9212993731304], [-76.9791203331465, 38.9212992899615], [-76.9794690492583, 38.9212990816899], [-76.9797942420861, 38.9212967061357], [-76.980159794423, 38.9212992913593], [-76.9805988639844, 38.9213000908985], [-76.9806313623365, 38.9213000964898], [-76.9806679255651, 38.921291639824], [-76.9807004284088, 38.9212789520278], [-76.9807315774912, 38.9212620324002], [-76.9807803335533, 38.9212324207707], [-76.980864407779, 38.9211867148827], [-76.9807055317379, 38.9210775076252], [-76.9805305147677, 38.9209571275639], [-76.9802576146692, 38.9207689879677], [-76.9799215342602, 38.9205382272327], [-76.9795783086514, 38.9203033205253], [-76.9795026767927, 38.9202507885009], [-76.9794753527367, 38.9202318662553], [-76.979313945243, 38.9201196843669], [-76.9791991153969, 38.9200398499771], [-76.9791421622079, 38.9199987617235], [-76.9790132683377, 38.9199056828224], [-76.979008573742, 38.9199022784235], [-76.9790687312216, 38.919856371091], [-76.9790979300616, 38.9198333615006], [-76.9791552551532, 38.9197840056873], [-76.9792125802447, 38.9197346505387], [-76.9792697903519, 38.9196851150359], [-76.9793268854747, 38.9196355787997], [-76.9793837497305, 38.9195859530678], [-76.979440613088, 38.9195362371411], [-76.9794972464768, 38.9194864310194], [-76.9795538798655, 38.9194365347025], [-76.9796102823873, 38.9193865488893], [-76.9796462662026, 38.9193651152044], [-76.9796830567051, 38.9193446725777], [-76.9797207697774, 38.91932522101], [-76.9797591745524, 38.9193066703418], [-76.9797983860145, 38.919289111433], [-76.9798382891795, 38.9192725428865], [-76.9798788831488, 38.9192570555625], [-76.9799201697193, 38.9192425593011], [-76.9799619153288, 38.9192291435646], [-76.9800042403518, 38.9192168097513], [-76.9800496762405, 38.9192082598811], [-76.9800954570824, 38.9192009708591], [-76.9801415837756, 38.9191948525251], [-76.9801878254531, 38.9191899062773], [-76.9802344129821, 38.9191861307182], [-76.980281000511, 38.9191837061689], [-76.9803277030243, 38.9191824530075], [-76.9803744046393, 38.9191823705351], [-76.9804212212387, 38.9191835496111], [-76.980467806971, 38.9191858993761], [-76.9806873633113, 38.9191840444456], [-76.9807355642145, 38.91918360203], [-76.9807988693909, 38.9191831617112], [-76.9809116474849, 38.9191824592978], [-76.9810908425194, 38.919181407425], [-76.9811821293186, 38.919182224461], [-76.9816345433536, 38.9191862691041], [-76.9819499238835, 38.9191867681321], [-76.9820523219445, 38.9191869645283], [-76.9820533469222, 38.9189879974519], [-76.9832231815942, 38.9189966794447], [-76.9835804541591, 38.9189780112718], [-76.9836741295786, 38.9189712163632], [-76.9837307710522, 38.9189627153878], [-76.9837852359079, 38.918950809268], [-76.9838549505639, 38.9189320991478], [-76.9856980330154, 38.9184251913995], [-76.9857085271346, 38.9184229331686], [-76.9857191604926, 38.9184211222506], [-76.9857299043434, 38.9184197642367], [-76.9857407263476, 38.9184188640196], [-76.9857515959626, 38.9184184222982], [-76.9857624790522, 38.9184184411692], [-76.9857733441756, 38.9184189220305], [-76.9857841616882, 38.9184198613875], [-76.9857948983525, 38.9184212585412], [-76.9858055218291, 38.9184231072013], [-76.9858160006768, 38.9184254031741], [-76.9858263043532, 38.9184281401693], [-76.9858364041119, 38.918431308402], [-76.9858462694104, 38.9184349008826], [-76.9858558706041, 38.9184389050305], [-76.9858651798454, 38.9184433096629], [-76.9858741683881, 38.9184481028979], [-76.9858828128761, 38.9184532686601], [-76.9858910863599, 38.9184587936699], [-76.9858989636866, 38.9184646597551], [-76.9859064223984, 38.9184708515392], [-76.9859134400374, 38.9184773501513], [-76.985919997739, 38.9184841360211], [-76.9859260739436, 38.9184911902778], [-76.9859316515832, 38.9184984919534], [-76.9859367144881, 38.9185060179833], [-76.9859412482853, 38.9185137473997], [-76.9859452386018, 38.9185216571381], [-76.9859486764544, 38.9185297248326], [-76.9859515465718, 38.9185379267198], [-76.9859538453606, 38.9185462369396], [-76.9859555638377, 38.918554633126], [-76.9859566966133, 38.9185630894191], [-76.985957240094, 38.9185715813563], [-76.9859659366843, 38.9186617789462], [-76.9859676291103, 38.9186706937205], [-76.985969901848, 38.9186795281175], [-76.9859727495074, 38.9186882618684], [-76.9859761631055, 38.9186968698119], [-76.9859801381506, 38.9187053295826], [-76.9859846602698, 38.9187136202129], [-76.9859897186831, 38.9187217193371], [-76.9859952990177, 38.9187296066867], [-76.9860013877987, 38.9187372605951], [-76.9860079706531, 38.9187446607935], [-76.9860150296146, 38.9187517891102], [-76.9860225440219, 38.9187586259751], [-76.9860304959088, 38.9187651546145], [-76.9860388655123, 38.9187713568562], [-76.9860476294762, 38.9187772173242], [-76.986056763546, 38.9187827199432], [-76.9860662470605, 38.918787850735], [-76.9860760530701, 38.9187925964199], [-76.9860861573205, 38.9187969444176], [-76.9860965337603, 38.9188008835453], [-76.9861071527453, 38.9188044033193], [-76.9861179891225, 38.9188074939548], [-76.9861290123494, 38.9188101498602], [-76.9861401954764, 38.918812360552], [-76.9861515070624, 38.9188141218366], [-76.9861629228531, 38.9188154309183], [-76.9861744060173, 38.9188162815069], [-76.9861859296058, 38.9188166729034], [-76.9862599992942, 38.9188132782372], [-76.9863645667866, 38.9188030795601], [-76.9867719446831, 38.9187673869742], [-76.9869135470196, 38.9187605955401], [-76.987207639274, 38.9187623302669], [-76.9873949856214, 38.9187708599221], [-76.9874040091985, 38.918772138252], [-76.9874129186894, 38.9187738352366], [-76.9874216853483, 38.9187759452847], [-76.9874302714458, 38.918778460009], [-76.9874386518291, 38.9187813717212], [-76.9874467950571, 38.9187846685398], [-76.9874546705872, 38.9187883399808], [-76.9874622514699, 38.9187923720658], [-76.987469511654, 38.9187967508161], [-76.9874764232918, 38.9188014601565], [-76.9874829621288, 38.9188064833128], [-76.987489105707, 38.9188118028119], [-76.9874948324669, 38.9188173997827], [-76.9875001199507, 38.9188232539566], [-76.9875049510903, 38.9188293436668], [-76.9875093079194, 38.9188356486445], [-76.9875131760651, 38.9188421458253], [-76.9875165384591, 38.9188488107467], [-76.9875193870169, 38.9188556217423], [-76.9875217091619, 38.9188625529517], [-76.987523495911, 38.9188695806117], [-76.9875752505495, 38.9191079580077], [-76.9878764394946, 38.9191548331284], [-76.9879014620668, 38.919158619173], [-76.987926484639, 38.9191620452741], [-76.9879516221957, 38.9191652001945], [-76.9879767597523, 38.9191679958703], [-76.9880020131915, 38.919170430205], [-76.9880272657325, 38.9191725947569], [-76.9880525191717, 38.9191744895261], [-76.9880778875954, 38.9191760236531], [-76.9881032569173, 38.9191771971378], [-76.9881286253409, 38.9191781008399], [-76.9882802618592, 38.919177935895], [-76.9884701818799, 38.9191777744448], [-76.988643728308, 38.9191776108978], [-76.9887111863959, 38.9191775277265], [-76.9890327940474, 38.9191790898101], [-76.9903584325223, 38.919174792158], [-76.9910935517671, 38.9191768323022], [-76.9911156925439, 38.9191764737568], [-76.9911377165397, 38.91917737676], [-76.9911596264495, 38.9191794497533], [-76.9911813045939, 38.919182784994], [-76.991202636887, 38.919187380385], [-76.991223507446, 38.9191931478624], [-76.9912438021849, 38.9191999951686], [-76.99126328844, 38.9192080145607], [-76.9912779327758, 38.919214591384], [-76.9912917695261, 38.9192218894906], [-76.991305029558, 38.9192300878033], [-76.9913832054456, 38.9192787387937], [-76.9937375568546, 38.9211744058712], [-76.993718411061, 38.9212395138924], [-76.9937044485465, 38.9213136460231], [-76.9937100234912, 38.9214074024051], [-76.9937155975375, 38.9214837156153], [-76.9937295492722, 38.921531685035], [-76.9937741982367, 38.9216276237772], [-76.9938774523921, 38.9218347639913], [-76.9938886130612, 38.9218849137174], [-76.9938858184024, 38.9219328814681], [-76.9938643944812, 38.9219980586824], [-76.9937883970081, 38.9220223765934], [-76.99371240223, 38.922046605038], [-76.9936338688129, 38.9220714638735], [-76.9935554503802, 38.9220962325435], [-76.9934768019788, 38.9221208208912], [-76.9933982676634, 38.9221454092304], [-76.9933195033793, 38.9221699074043], [-76.9932408549778, 38.9221942252563], [-76.9931620897954, 38.9222184529434], [-76.9930832105269, 38.9222425911645], [-76.9930092890605, 38.9222651072573], [-76.9929484228101, 38.9222838856885], [-76.9925122413324, 38.9224184578941], [-76.9924170998623, 38.9224438764075], [-76.9921976468283, 38.9225148532075], [-76.9921511545208, 38.9225294773953], [-76.9921130551729, 38.9225410768028], [-76.9916570505718, 38.9226852134519], [-76.9911978156289, 38.9228252746219], [-76.9907467302022, 38.9229632109155], [-76.9905211865905, 38.9230332409112], [-76.9903608597702, 38.9230841704396], [-76.9902793385565, 38.9231053905414], [-76.990233142693, 38.9231202452379], [-76.9901975613229, 38.9231312295344], [-76.9901146558053, 38.9231592511193], [-76.9900114833967, 38.9231911039496], [-76.9899387018923, 38.9232123393948], [-76.9898311555865, 38.9232454194324], [-76.9897004255598, 38.9232881866084], [-76.9893718299138, 38.9233888942115], [-76.9889337017868, 38.9235296102369], [-76.9885803710293, 38.9236482534231], [-76.9883365718545, 38.9237213675731], [-76.9880137811217, 38.9238240223206], [-76.9878923199122, 38.9238547049394], [-76.9876934544678, 38.9239058435397], [-76.9874552634753, 38.9239722391715], [-76.9874134972045, 38.9239859936628], [-76.987125849464, 38.9240807270289], [-76.9869891366575, 38.9241215822915], [-76.9867628222914, 38.9241892119249], [-76.9865095979926, 38.924267950013], [-76.9864411553511, 38.9242881927427], [-76.9863616984659, 38.9243116935905], [-76.9862817555921, 38.9243361176353], [-76.9862586158887, 38.924343188083], [-76.9857924980541, 38.9245059186066], [-76.9857140652483, 38.9245321652274], [-76.9855975357897, 38.9245741607789], [-76.9790991212277, 38.9276584208094], [-76.9790157755356, 38.9275233588748], [-76.9790135881379, 38.927517371941], [-76.9790002634273, 38.9245167713018], [-76.9789996561662, 38.923445592014], [-76.9789974058864, 38.9212992682957]]]}, "properties": {"TrashRouteArea": "OR503", "CollectionDays": "Tuesday", "RunsPerWeek": 1, "TrashStatusUpdate": "Scheduled Other Day", "TStatus": "Scheduled Other Day", "ServiceArea": "Outer Ring"}}, {"type": "Feature", "geometry": {"type": "Polygon", "coordinates": [[[-76.9517908010195, 38.8956181899532], [-76.9518624578331, 38.8956294819378], [-76.9518729465623, 38.8955409575129], [-76.9519380555558, 38.895479743966], [-76.952144756106, 38.8952893016382], [-76.9521782057739, 38.8952589569458], [-76.9522121162776, 38.8952288828133], [-76.9522463726326, 38.8951990792411], [-76.9522810898234, 38.8951696357213], [-76.9523161528656, 38.8951403732706], [-76.9523515617592, 38.8951114708731], [-76.9523874305901, 38.8950828390372], [-76.9524236461708, 38.8950544770642], [-76.9524602067046, 38.8950264758447], [-76.9524972280741, 38.8949987451879], [-76.9528569458532, 38.8947280996176], [-76.9528639814585, 38.8947226070194], [-76.9534774086267, 38.894256896634], [-76.953880381185, 38.8939085001334], [-76.9543269175431, 38.893460124579], [-76.9543882814601, 38.893398080719], [-76.9544494154085, 38.8933359466114], [-76.9545104334741, 38.8932737229552], [-76.9545711056884, 38.8932113181583], [-76.9546315470357, 38.8931487336186], [-76.9547029460328, 38.8930759739178], [-76.9547744600142, 38.8930032141425], [-76.9548458590114, 38.8929304535935], [-76.9549173720945, 38.892857783863], [-76.9549887710916, 38.8927850238642], [-76.9550602841747, 38.892712353985], [-76.9551317972578, 38.8926396833322], [-76.9552034253254, 38.8925669238092], [-76.9552749384085, 38.8924942530076], [-76.9553464514916, 38.8924215828309], [-76.9554235008919, 38.8923428793291], [-76.9555004344094, 38.8922641757402], [-76.9555773688253, 38.8921854713648], [-76.9556544173272, 38.8921067676014], [-76.9557313508448, 38.8920280637508], [-76.9558083993467, 38.891949359813], [-76.9558853319659, 38.891870655788], [-76.9559623804679, 38.8917919516758], [-76.9560394280715, 38.8917132474763], [-76.9561163606907, 38.8916345431897], [-76.9561583470488, 38.8915884357847], [-76.9562003334068, 38.8915422388534], [-76.9563447465719, 38.8913828448063], [-76.9564886980029, 38.8912231798134], [-76.9566321885982, 38.891063334069], [-76.9566823604051, 38.89100718234], [-76.9567753324438, 38.8909031285776], [-76.9568247020552, 38.8908456734171], [-76.956913403503, 38.8907440015887], [-76.9570047558792, 38.8906436818672], [-76.9570986424028, 38.8905448946522], [-76.9571949480894, 38.8904474588568], [-76.9572737177634, 38.890376772321], [-76.9573557132876, 38.8903084287445], [-76.9574409337637, 38.8902425183314], [-76.9575291501212, 38.8901791312859], [-76.9576203623602, 38.8901183578121], [-76.9577144536997, 38.8900601979169], [-76.9578610075501, 38.8899740410554], [-76.9580059480263, 38.8898861710316], [-76.9581501024765, 38.8897992818881], [-76.9581573150499, 38.8897949328134], [-76.9583190207842, 38.889794971969], [-76.9584326711424, 38.8897950300033], [-76.9586686441945, 38.8897939965736], [-76.9588559384396, 38.8897931771017], [-76.9597752518435, 38.8898035023083], [-76.959795881654, 38.8898035037067], [-76.9621202850281, 38.8898035477569], [-76.9620798042465, 38.8900587463661], [-76.9620758292013, 38.8900818292362], [-76.9620707743812, 38.8901046303192], [-76.962065360235, 38.8901274306956], [-76.9620588645172, 38.8901500905246], [-76.9620520076766, 38.890172609107], [-76.9620440710611, 38.8901949864431], [-76.9620354139967, 38.8902172239312], [-76.9620260373818, 38.8902391782349], [-76.9620159394196, 38.8902609919919], [-76.962005121907, 38.8902825246624], [-76.9619964675376, 38.8903009605555], [-76.9619863722704, 38.890318973426], [-76.9619744767794, 38.8903362828939], [-76.9619615006151, 38.8903530288001], [-76.9619470835531, 38.8903689293666], [-76.9619312264917, 38.8903841258327], [-76.961913926736, 38.8903984776593], [-76.961895911023, 38.8904118429088], [-76.9618764535139, 38.8904242229803], [-76.9618559144332, 38.8904356185733], [-76.9618335778237, 38.8904434936835], [-76.9618112403159, 38.8904506639975], [-76.9617885434819, 38.8904571316132], [-76.9617651279957, 38.8904627538936], [-76.9617417107129, 38.8904676734758], [-76.9617179359006, 38.8904718875635], [-76.9616941610882, 38.8904752577148], [-76.9616700242549, 38.8904777846289], [-76.9616458901165, 38.8904796053494], [-76.9616217550797, 38.8904805835322], [-76.9615907766771, 38.8904812757416], [-76.9615601576007, 38.8904823923663], [-76.9615291791981, 38.8904837900699], [-76.9614985619183, 38.8904854688525], [-76.9614675826174, 38.8904875699526], [-76.9614369644393, 38.8904899528308], [-76.9614063444645, 38.8904924762484], [-76.9613757262863, 38.8904954233818], [-76.9613451072099, 38.8904987900359], [-76.9612339344053, 38.8905050877413], [-76.9612311541195, 38.8908103744056], [-76.9612379660443, 38.8912154830841], [-76.9612373758511, 38.8916643706318], [-76.9612372393072, 38.8919165147982], [-76.9612368898626, 38.8919222802965], [-76.961234677312, 38.8919642580874], [-76.9612317721604, 38.8920063267478], [-76.9612285211574, 38.8920501964864], [-76.9612245784516, 38.892093976003], [-76.9612213319401, 38.8921287471909], [-76.9612175087103, 38.8921636078575], [-76.9612069849468, 38.8922265729224], [-76.9611940411218, 38.8922892673473], [-76.9611786763372, 38.8923516897348], [-76.9611608905929, 38.8924136617939], [-76.9611135664454, 38.8925307544732], [-76.9610600178713, 38.8926462241625], [-76.9610005916203, 38.8927598904814], [-76.9609352876924, 38.8928715723516], [-76.9608807186322, 38.8929554219101], [-76.9608213094492, 38.8930371081183], [-76.9607570601434, 38.8931166302844], [-76.9606882015819, 38.8931936283409], [-76.9606148478508, 38.8932681931884], [-76.9605371157309, 38.8933398738679], [-76.9604505091544, 38.8934082180234], [-76.9603649392337, 38.8934773731526], [-76.9602804059688, 38.8935474294462], [-76.9602485759634, 38.8935739035602], [-76.960217207692, 38.8936008279304], [-76.9601630599416, 38.8936471570643], [-76.960126904548, 38.8936817820646], [-76.9600919573885, 38.8937167230726], [-76.9600559717766, 38.8937540950748], [-76.9600207928517, 38.893792008214], [-76.9599866505827, 38.8938303722966], [-76.9599534308835, 38.8938693670081], [-76.9599211319575, 38.8939087224688], [-76.9598899864682, 38.8939487092556], [-76.9598597626505, 38.8939890560909], [-76.9598305754886, 38.8940299440582], [-76.9598024258809, 38.8940711927716], [-76.9597749643826, 38.8941178467107], [-76.9597547720517, 38.8941525225206], [-76.9597360781106, 38.8941876485757], [-76.9597079213164, 38.8942409682722], [-76.9596820704974, 38.8942949192736], [-76.9596534465792, 38.8943593192294], [-76.9596270118553, 38.8944242602788], [-76.9596029980912, 38.8944898333112], [-76.959581289404, 38.8945558572421], [-76.9595618857939, 38.8946223320703], [-76.9595449022451, 38.894689168302], [-76.9595376231964, 38.894719163658], [-76.9595312667174, 38.8947492491928], [-76.9595258310116, 38.8947795157972], [-76.9595132249533, 38.8948533798214], [-76.959511363644, 38.8948829269477], [-76.9595090334142, 38.894926797007], [-76.9595073939887, 38.8949707572305], [-76.9595065621488, 38.8950146272355], [-76.9595064220116, 38.8950585881038], [-76.9595070885616, 38.8951024594528], [-76.9595085626969, 38.8951463307749], [-76.9595107276368, 38.8951902020697], [-76.9595137001621, 38.8952340740367], [-76.9595173643901, 38.8952778557857], [-76.9595218353053, 38.8953216382068], [-76.9595310250706, 38.8953782137076], [-76.9595421740616, 38.8954346101803], [-76.9595551690905, 38.8954906465449], [-76.9595700074624, 38.8955465038825], [-76.9595865759895, 38.8956020011133], [-76.9596051037422, 38.8956571382383], [-76.9596254766345, 38.8957119166566], [-76.9596475787838, 38.8957662447804], [-76.95967141019, 38.8958200324205], [-76.9596972017201, 38.8958734613569], [-76.9597339338321, 38.8959442794554], [-76.9597567950577, 38.8959882740064], [-76.959770782725, 38.8960151883723], [-76.959807745704, 38.8960860063295], [-76.9598447095813, 38.8961568249152], [-76.9598816734586, 38.8962275532405], [-76.9599187523203, 38.8962983716851], [-76.9599558311819, 38.8963691005686], [-76.9599930259263, 38.896439918872], [-76.9600302206706, 38.8965106476146], [-76.9600675303993, 38.8965812853983], [-76.9600821558705, 38.8966069648563], [-76.9600963205059, 38.8966326429068], [-76.9601100243055, 38.8966585922144], [-76.9601233822538, 38.8966846310026], [-76.960136278468, 38.8967107592712], [-76.9601487138465, 38.8967370679082], [-76.9601606874909, 38.8967634667245], [-76.9601709345734, 38.8967866215244], [-76.9601807199218, 38.8968099566947], [-76.9601902744031, 38.8968332918573], [-76.960264054834, 38.8969271218278], [-76.9601919021504, 38.8969183511415], [-76.9601254879048, 38.8969103432137], [-76.9600514101316, 38.8969023324885], [-76.9599875497963, 38.8968963212979], [-76.9599262469647, 38.8968843226859], [-76.9598496143828, 38.8968783079981], [-76.9591676089275, 38.8967742663327], [-76.9583757700557, 38.8966542107001], [-76.9576605547827, 38.8965611277514], [-76.9575890300214, 38.8965571090855], [-76.957497073079, 38.8965450985308], [-76.9572228659318, 38.8965033548633], [-76.9567980822784, 38.8964281404129], [-76.9561996399074, 38.896320313622], [-76.9548048194776, 38.89610326685], [-76.9517908010195, 38.8956181899532]]]}, "properties": {"TrashRouteArea": "OR708", "CollectionDays": "Tuesday", "RunsPerWeek": 1, "TrashStatusUpdate": "Scheduled Other Day", "TStatus": "Scheduled Other Day", "ServiceArea": "Outer Ring"}}, {"type": "Feature", "geometry": {"type": "Polygon", "coordinates": [[[-76.9391966758577, 38.8955628877982], [-76.9392011341964, 38.8934413867643], [-76.9367835925953, 38.893131069655], [-76.936783594392, 38.893130989949], [-76.9367977132133, 38.8918950385581], [-76.9377636644518, 38.8918976290477], [-76.9378088047948, 38.8908920483977], [-76.938077820578, 38.8906462626137], [-76.9375526690562, 38.8897951048186], [-76.9375512640911, 38.8897928281967], [-76.9375433939509, 38.8897794313664], [-76.9375452058528, 38.8897794110893], [-76.9375459200134, 38.8897794264719], [-76.9376542451586, 38.8897814996246], [-76.9377107105624, 38.8897833357456], [-76.9377997210307, 38.8897833832918], [-76.9379314931031, 38.8897834532126], [-76.9380431950154, 38.8897835126453], [-76.938228575849, 38.8897840769064], [-76.9383433616777, 38.8897841363391], [-76.9384777451526, 38.8897842069591], [-76.9387773072487, 38.889784364281], [-76.9391776576248, 38.8897845733443], [-76.9393388486244, 38.8897846572493], [-76.9394156276317, 38.8897846971041], [-76.9398579724507, 38.8897849257452], [-76.9400134528601, 38.889785005455], [-76.9400455496652, 38.889785022236], [-76.9402894880789, 38.8897854592411], [-76.940408580431, 38.8897855200723], [-76.9407853024202, 38.8897857116553], [-76.9408698168204, 38.8897857543071], [-76.9412762568758, 38.8897859591751], [-76.9417793628422, 38.88978621089], [-76.9423262176613, 38.8897864821828], [-76.9426081610998, 38.8897868681458], [-76.9428210420592, 38.8897871583172], [-76.9432701368191, 38.8897873778686], [-76.943768910211, 38.8897876183963], [-76.9441842229264, 38.8897878176706], [-76.944564271377, 38.8897882190162], [-76.944747145911, 38.8897884119976], [-76.9452959958883, 38.8897886707047], [-76.9458474563699, 38.8897891426703], [-76.9462974566317, 38.8897905305986], [-76.9467550108267, 38.8897907396618], [-76.9469800118559, 38.8897920234081], [-76.9472458071788, 38.8897914262843], [-76.9474270261177, 38.8897910200443], [-76.9479278827027, 38.8897950817448], [-76.9481193864533, 38.8897977254508], [-76.948266636498, 38.8897958473777], [-76.9483372854018, 38.8897983883001], [-76.9484111502744, 38.8897984211629], [-76.9484914363046, 38.8897959466653], [-76.9486349763072, 38.889796009594], [-76.9486455827158, 38.8897960144885], [-76.9489024981921, 38.889796127061], [-76.9492461235512, 38.8897962766915], [-76.9497695889353, 38.889796503235], [-76.9502063426399, 38.8897966899235], [-76.9507137506382, 38.8897969052796], [-76.9510894853788, 38.8897970633007], [-76.9519554280751, 38.8897998992889], [-76.9523658746166, 38.8898000670989], [-76.952557999103, 38.8898001454102], [-76.9526594476447, 38.8897943398849], [-76.9530693435189, 38.8897947216525], [-76.9559475438926, 38.8897973289998], [-76.9581501024765, 38.8897992818881], [-76.9580059480263, 38.8898861710316], [-76.9578610075501, 38.8899740410554], [-76.9577144536997, 38.8900601979169], [-76.9576203623602, 38.8901183578121], [-76.9575291501212, 38.8901791312859], [-76.9574409337637, 38.8902425183314], [-76.9573557132876, 38.8903084287445], [-76.9572737177634, 38.890376772321], [-76.9571949480894, 38.8904474588568], [-76.9570986424028, 38.8905448946522], [-76.9570047558792, 38.8906436818672], [-76.956913403503, 38.8907440015887], [-76.9568247020552, 38.8908456734171], [-76.9567753324438, 38.8909031285776], [-76.9566823604051, 38.89100718234], [-76.9566321885982, 38.891063334069], [-76.9564886980029, 38.8912231798134], [-76.9563447465719, 38.8913828448063], [-76.9562003334068, 38.8915422388534], [-76.9561583470488, 38.8915884357847], [-76.9561163606907, 38.8916345431897], [-76.9560394280715, 38.8917132474763], [-76.9559623804679, 38.8917919516758], [-76.9558853319659, 38.891870655788], [-76.9558083993467, 38.891949359813], [-76.9557313508448, 38.8920280637508], [-76.9556544173272, 38.8921067676014], [-76.9555773688253, 38.8921854713648], [-76.9555004344094, 38.8922641757402], [-76.9554235008919, 38.8923428793291], [-76.9553464514916, 38.8924215828309], [-76.9552749384085, 38.8924942530076], [-76.9552034253254, 38.8925669238092], [-76.9551317972578, 38.8926396833322], [-76.9550602841747, 38.892712353985], [-76.9549887710916, 38.8927850238642], [-76.9549173720945, 38.892857783863], [-76.9548458590114, 38.8929304535935], [-76.9547744600142, 38.8930032141425], [-76.9547029460328, 38.8930759739178], [-76.9546315470357, 38.8931487336186], [-76.9545711056884, 38.8932113181583], [-76.9545104334741, 38.8932737229552], [-76.9544494154085, 38.8933359466114], [-76.9543882814601, 38.893398080719], [-76.9543269175431, 38.893460124579], [-76.953880381185, 38.8939085001334], [-76.9534774086267, 38.894256896634], [-76.9528639814585, 38.8947226070194], [-76.9528569458532, 38.8947280996176], [-76.9524972280741, 38.8949987451879], [-76.9524602067046, 38.8950264758447], [-76.9524236461708, 38.8950544770642], [-76.9523874305901, 38.8950828390372], [-76.9523515617592, 38.8951114708731], [-76.9523161528656, 38.8951403732706], [-76.9522810898234, 38.8951696357213], [-76.9522463726326, 38.8951990792411], [-76.9522121162776, 38.8952288828133], [-76.9521782057739, 38.8952589569458], [-76.952144756106, 38.8952893016382], [-76.9519380555558, 38.895479743966], [-76.9518729465623, 38.8955409575129], [-76.9518624578331, 38.8956294819378], [-76.9517908010195, 38.8956181899532], [-76.9517453534526, 38.8956099162015], [-76.9493938407199, 38.8952385863806], [-76.9493563540231, 38.8952288031097], [-76.9491626125691, 38.8951408375099], [-76.9490235470749, 38.8950657607485], [-76.9485979064287, 38.8948739050111], [-76.9481164920814, 38.8946569055564], [-76.9480268375211, 38.8946184901824], [-76.9480191165013, 38.8946152439792], [-76.9479277335823, 38.8945761972402], [-76.9479132132141, 38.894569974706], [-76.9478523721165, 38.8945441777515], [-76.947322161283, 38.8943193669328], [-76.9469769135665, 38.8941730052638], [-76.9467418325415, 38.8940734454847], [-76.946723624589, 38.8940656903343], [-76.9466413478921, 38.89402943926], [-76.9465147052, 38.8939736191834], [-76.946495230623, 38.8939649620966], [-76.9463421954278, 38.8939027340973], [-76.9461866224919, 38.8938444689296], [-76.9460285100188, 38.8937903455905], [-76.9458683197424, 38.8937404549814], [-76.9457764688012, 38.8937136579131], [-76.9456840402433, 38.8936883011246], [-76.9455910340687, 38.8936642056298], [-76.94549756616, 38.893641460924], [-76.9454416693898, 38.8936284626475], [-76.9453856567368, 38.8936160048274], [-76.9453294132169, 38.8936039972711], [-76.9452729388299, 38.8935925301719], [-76.945216464443, 38.8935815140359], [-76.9447332067527, 38.8934838153224], [-76.9446469972315, 38.8934662087744], [-76.9445418862585, 38.8934448085134], [-76.9443624370007, 38.893408329891], [-76.9441206365773, 38.8933591186099], [-76.9435827559279, 38.8932448142047], [-76.9434962041486, 38.8932235124606], [-76.9434101141033, 38.8932014003666], [-76.9433243708078, 38.8931783870295], [-76.9433027582404, 38.8931723349715], [-76.9432389742619, 38.8931544738464], [-76.9431539235675, 38.893129749612], [-76.9430694504897, 38.8931042143251], [-76.9429852091773, 38.8930777791899], [-76.942901543685, 38.8930505330004], [-76.9428183408251, 38.8930223862614], [-76.9427355996992, 38.8929934284661], [-76.9427143967636, 38.8929854005189], [-76.9426132204114, 38.8929467954629], [-76.9426100493585, 38.8938789798693], [-76.9426026957496, 38.8959987360445], [-76.9391966758577, 38.8955632597468], [-76.9391966758577, 38.8955628877982]]]}, "properties": {"TrashRouteArea": "OR707", "CollectionDays": "Tuesday", "RunsPerWeek": 1, "TrashStatusUpdate": "Scheduled Other Day", "TStatus": "Scheduled Other Day", "ServiceArea": "Outer Ring"}}, {"type": "Feature", "geometry": {"type": "Polygon", "coordinates": [[[-76.9349214964025, 38.8957445033283], [-76.9348742593916, 38.8950104287988], [-76.9292147518291, 38.8943856294368], [-76.9292200186516, 38.8943685362979], [-76.9292286864957, 38.8943462910203], [-76.9292403493231, 38.8943260292628], [-76.9292532796733, 38.8943063086523], [-76.929267476648, 38.894287038997], [-76.929282942044, 38.8942684013809], [-76.9292995590801, 38.8942503944061], [-76.9293173286547, 38.8942331089646], [-76.9293362489712, 38.8942165450567], [-76.9293562068419, 38.894200702683], [-76.9293772013684, 38.8941857615295], [-76.9293991175664, 38.8941716314043], [-76.9297762788317, 38.8939484512629], [-76.9297970415928, 38.8939339603201], [-76.9298168835809, 38.8939188380261], [-76.9298358038973, 38.8939030850795], [-76.9298539175267, 38.8938866105881], [-76.9298711094847, 38.8938695949369], [-76.9298872647867, 38.8938520381254], [-76.9299024984173, 38.8938338506596], [-76.9299165804077, 38.8938152115262], [-76.9299297398283, 38.8937961214241], [-76.9299417476087, 38.8937765803528], [-76.9299493680173, 38.8937637932502], [-76.9299561817387, 38.8937507355667], [-76.92996241964, 38.8937374967959], [-76.9299679658386, 38.8937240776369], [-76.9299729362171, 38.8937104780897], [-76.9299770990101, 38.8936966974549], [-76.9299805709987, 38.8936824211059], [-76.9299832363001, 38.8936688655983], [-76.9299853248831, 38.8936548136774], [-76.9299866058807, 38.8936407610545], [-76.9299870748013, 38.8936331946329], [-76.9299905944006, 38.8935710390567], [-76.9299944643428, 38.8935037487096], [-76.9299948182791, 38.8934952810409], [-76.9300106349163, 38.8931176594707], [-76.9300372663712, 38.8925715006471], [-76.9300472197045, 38.8923673738064], [-76.9300493487117, 38.892311973332], [-76.9300503440451, 38.8922864880924], [-76.9300523023724, 38.8922363622003], [-76.9300630237653, 38.8922377528775], [-76.930119958988, 38.8922458039824], [-76.9301582227276, 38.8922515925269], [-76.9301766633437, 38.8922543962547], [-76.9305809725952, 38.8923112098237], [-76.930950593402, 38.8923618754322], [-76.9311771844493, 38.8923920976071], [-76.9311952801124, 38.8923940895783], [-76.9312131440101, 38.8923963528323], [-76.9312310088062, 38.8923988852715], [-76.9312488727039, 38.8924017784889], [-76.9312666216173, 38.8924048520951], [-76.9312842528514, 38.8924082857802], [-76.931301771796, 38.8924119893496], [-76.9313192889441, 38.8924158733078], [-76.9313369785687, 38.8924202075392], [-76.9313538615061, 38.8924246312658], [-76.9313763346596, 38.8924293290714], [-76.931398807813, 38.8924340268768], [-76.9314212809665, 38.8924385442929], [-76.9314253144021, 38.8924392672472], [-76.9329113506642, 38.89263071285], [-76.9330267006349, 38.8904139405151], [-76.9327392810665, 38.889772275668], [-76.9327382183595, 38.8897699025546], [-76.9301528858365, 38.8897705255493], [-76.9301518536722, 38.8897679105098], [-76.9300700279296, 38.8895606382545], [-76.9299780593091, 38.8894706498081], [-76.9303576388392, 38.886703945192], [-76.9303634410576, 38.8866616552287], [-76.9306533633324, 38.8853130921538], [-76.9359180990568, 38.8859890253627], [-76.9361638888983, 38.8865618157135], [-76.9366027051348, 38.8875844237818], [-76.9375429169455, 38.8897740915121], [-76.9375452058528, 38.8897794110893], [-76.9375433939509, 38.8897794313664], [-76.9375512640911, 38.8897928281967], [-76.9375526690562, 38.8897951048186], [-76.938077820578, 38.8906462626137], [-76.9378088047948, 38.8908920483977], [-76.9377636644518, 38.8918976290477], [-76.9367977132133, 38.8918950385581], [-76.936783594392, 38.893130989949], [-76.9367835925953, 38.893131069655], [-76.9392011341964, 38.8934413867643], [-76.9391966758577, 38.8955628877982], [-76.9377590021955, 38.8953788848947], [-76.9377486032977, 38.8960802984993], [-76.9349214964025, 38.8957445033283]]]}, "properties": {"TrashRouteArea": "OR710", "CollectionDays": "Tuesday", "RunsPerWeek": 1, "TrashStatusUpdate": "Scheduled Other Day", "TStatus": "Scheduled Other Day", "ServiceArea": "Outer Ring"}}, {"type": "Feature", "geometry": {"type": "Polygon", "coordinates": [[[-76.9242281318217, 38.895004327956], [-76.9225993397862, 38.8947889159908], [-76.9218872165144, 38.8946367263885], [-76.9218867215427, 38.8943525121757], [-76.9184931109781, 38.8935556642846], [-76.9186011360859, 38.8929052356616], [-76.9177801729343, 38.8929105165495], [-76.9177826190468, 38.8897681524359], [-76.9193976830281, 38.8897656688475], [-76.9193978779626, 38.8897579656674], [-76.9194164991401, 38.8897582390579], [-76.9197517980148, 38.8897584697967], [-76.9200933060448, 38.8897587040316], [-76.9203313290524, 38.889758866248], [-76.9204596524924, 38.889758953649], [-76.9205734879035, 38.8897590312612], [-76.9207038855535, 38.8897575027913], [-76.9228836925062, 38.8897386402399], [-76.9271549544085, 38.889770517858], [-76.9301518536722, 38.8897679105098], [-76.9301528858365, 38.8897705255493], [-76.9327382183595, 38.8897699025546], [-76.9327392810665, 38.889772275668], [-76.9330267006349, 38.8904139405151], [-76.9329113506642, 38.89263071285], [-76.9314253144021, 38.8924392672472], [-76.9314212809665, 38.8924385442929], [-76.931398807813, 38.8924340268768], [-76.9313763346596, 38.8924293290714], [-76.9313538615061, 38.8924246312658], [-76.9313369785687, 38.8924202075392], [-76.9313192889441, 38.8924158733078], [-76.931301771796, 38.8924119893496], [-76.9312842528514, 38.8924082857802], [-76.9312666216173, 38.8924048520951], [-76.9312488727039, 38.8924017784889], [-76.9312310088062, 38.8923988852715], [-76.9312131440101, 38.8923963528323], [-76.9311952801124, 38.8923940895783], [-76.9311771844493, 38.8923920976071], [-76.930950593402, 38.8923618754322], [-76.9305809725952, 38.8923112098237], [-76.9301766633437, 38.8922543962547], [-76.9301582227276, 38.8922515925269], [-76.930119958988, 38.8922458039824], [-76.9300630237653, 38.8922377528775], [-76.9300523023724, 38.8922363622003], [-76.9300503440451, 38.8922864880924], [-76.9300493487117, 38.892311973332], [-76.9300472197045, 38.8923673738064], [-76.9300372663712, 38.8925715006471], [-76.9300106349163, 38.8931176594707], [-76.9299948182791, 38.8934952810409], [-76.9299944643428, 38.8935037487096], [-76.9299905944006, 38.8935710390567], [-76.9298830355184, 38.8935814238429], [-76.9297955360164, 38.8935899292565], [-76.9295013350659, 38.8936177681356], [-76.9293281821, 38.8936327975041], [-76.9291200990425, 38.8936509584529], [-76.9290434368162, 38.8936573083166], [-76.9288991044995, 38.8936692913929], [-76.9288309735734, 38.8936749253049], [-76.9287986926136, 38.8936791399014], [-76.9287830134187, 38.8936814723323], [-76.9287665275366, 38.8936839844498], [-76.9287344765456, 38.8936896400348], [-76.9287027705076, 38.8936960171627], [-76.92867129354, 38.8937032046276], [-76.9286401624239, 38.8937110227428], [-76.9286092612764, 38.8937196518939], [-76.9285788200664, 38.8937290018876], [-76.9285486088251, 38.8937389825308], [-76.928533732724, 38.8937443787196], [-76.9285188575212, 38.8937496847153], [-76.928484606556, 38.8937655181003], [-76.9284518512858, 38.8937833350241], [-76.9284209384603, 38.893803043894], [-76.9283920989464, 38.8938244664204], [-76.9283652177598, 38.8938475117101], [-76.928340754838, 38.8938719993758], [-76.9283185969932, 38.8938979294164], [-76.9282990882802, 38.8939250326506], [-76.9282821155112, 38.8939533090771], [-76.928268022741, 38.8939823972252], [-76.9282111575869, 38.8941322614069], [-76.9281142940465, 38.8943962371368], [-76.9280310786101, 38.8946130178514], [-76.9280155907563, 38.8946533657077], [-76.9280081859434, 38.8946808364118], [-76.9280051774855, 38.8946918251099], [-76.9280006652478, 38.8947083078044], [-76.9279932604349, 38.8947357784873], [-76.9279858547237, 38.8947632491595], [-76.9279819210011, 38.8947776602289], [-76.9279784499109, 38.8947906303287], [-76.9279710441997, 38.8948181009797], [-76.9279632935354, 38.8948455723193], [-76.9279551970197, 38.8948729527576], [-76.9279470996058, 38.8949003331854], [-76.9279394639259, 38.8949277136026], [-76.927932634933, 38.8949552750911], [-76.9279270743614, 38.8949829274593], [-76.9279264940498, 38.8949868007895], [-76.9279027767296, 38.8950717350388], [-76.9278790594095, 38.8951565789954], [-76.9278554579721, 38.8952414235499], [-76.9278317406519, 38.8953263574946], [-76.9278133458499, 38.895392468042], [-76.9278081392145, 38.8954112018462], [-76.9277845368787, 38.8954960460964], [-76.9277608195586, 38.8955809804358], [-76.9277372181211, 38.8956658244832], [-76.9277136157853, 38.8957506691284], [-76.9276900134496, 38.8958356031633], [-76.9276822663785, 38.8958588400661], [-76.9276745193075, 38.8958821671515], [-76.9276668881192, 38.8959054040391], [-76.9276591410482, 38.8959286409192], [-76.9276510481258, 38.8959518770924], [-76.927642609352, 38.8959750237672], [-76.9276327853761, 38.8960001504191], [-76.9276227305331, 38.8960252777612], [-76.927612330737, 38.8960504050944], [-76.9276015850896, 38.8960753513399], [-76.9275906085752, 38.8961002073867], [-76.9275792862093, 38.8961250634248], [-76.9275669244927, 38.8961513603933], [-76.927554217823, 38.8961776573521], [-76.9275411653019, 38.8962037732226], [-76.9275277669295, 38.8962297988938], [-76.92751413769, 38.8962557350649], [-76.9275000476147, 38.8962815803378], [-76.9274893073572, 38.8963013919878], [-76.9274786811857, 38.8963212938217], [-76.9274678250455, 38.8963411054606], [-76.9274565080695, 38.8963607367149], [-76.9274443844065, 38.8963800966961], [-76.9274313381736, 38.8963990064239], [-76.927421295907, 38.8964126928493], [-76.9274109077891, 38.8964263792719], [-76.9274000579371, 38.8964398853132], [-76.9273887472493, 38.896453029895], [-76.9273768607415, 38.8964658144162], [-76.9273641675466, 38.8964781479881], [-76.9273503227114, 38.8964903011792], [-76.9273355553064, 38.8965020929117], [-76.9273202111831, 38.896513523885], [-76.9273042921379, 38.8965244137206], [-76.927287912257, 38.896534763817], [-76.9272711874231, 38.8965445720771], [-76.9272533100506, 38.8965542901465], [-76.9272407165686, 38.8965606138824], [-76.9272348559597, 38.8965635572683], [-76.9272159419314, 38.8965722832535], [-76.9271965670673, 38.8965803793111], [-76.9271767322659, 38.8965876636648], [-76.9271566674957, 38.8965940468247], [-76.9271394863176, 38.8965987205837], [-76.9271219601864, 38.8966028532073], [-76.9271040891021, 38.8966064453945], [-76.9270861021352, 38.8966094971454], [-76.9270681169649, 38.8966120084602], [-76.9270500159119, 38.8966141590181], [-76.927030302383, 38.89661594812], [-76.9270103579871, 38.8966171072958], [-76.9269904144894, 38.8966178155257], [-76.9269703560074, 38.8966178029411], [-76.9269504143065, 38.8966173401097], [-76.9269305875898, 38.896616156464], [-76.9269147961054, 38.8966148854256], [-76.9268988896367, 38.8966131634412], [-76.9268830990506, 38.8966110820982], [-76.9268673084646, 38.8966086399984], [-76.9268516337612, 38.8966058371417], [-76.9268361899248, 38.8966027651155], [-76.9268207460885, 38.8965992421431], [-76.9268055340174, 38.8965951787343], [-76.9267904378291, 38.8965908454568], [-76.9267753407424, 38.8965862416114], [-76.9267603595384, 38.8965817279548], [-76.9267451474674, 38.8965773939773], [-76.9267044681581, 38.8965644871266], [-76.9266637888488, 38.8965515795743], [-76.9266232254221, 38.8965384916411], [-76.9265827769798, 38.8965253142154], [-76.9263407807237, 38.8964439060831], [-76.9263740812713, 38.8963456456999], [-76.9263803254609, 38.8963271827109], [-76.9264910715657, 38.8960245709237], [-76.9265318793341, 38.8959121724909], [-76.9265649418281, 38.8958212985792], [-76.9267364517755, 38.8952949661845], [-76.9252811477775, 38.8951355784616], [-76.9252610794141, 38.8951332502734], [-76.9250312643132, 38.8951065914643], [-76.9248153847774, 38.8950793376633], [-76.9247533749717, 38.8950715504616], [-76.9246934402742, 38.8950641247228], [-76.9245942024865, 38.8950518992745], [-76.9244391793196, 38.8950327018347], [-76.9242281318217, 38.895004327956]]]}, "properties": {"TrashRouteArea": "OR705", "CollectionDays": "Tuesday", "RunsPerWeek": 1, "TrashStatusUpdate": "Scheduled Other Day", "TStatus": "Scheduled Other Day", "ServiceArea": "Outer Ring"}}, {"type": "Feature", "geometry": {"type": "Polygon", "coordinates": [[[-76.9177826190468, 38.8897681524359], [-76.9133883562226, 38.8897577146515], [-76.9137913108147, 38.889439461478], [-76.9141311740294, 38.8891710350063], [-76.9141663619374, 38.8891444865328], [-76.9142014339627, 38.8891178471515], [-76.9142363910037, 38.8890912084594], [-76.9142713489429, 38.8890643886605], [-76.9142985759809, 38.8890434191885], [-76.9143258039172, 38.8890224497103], [-76.9143530318534, 38.8890012998282], [-76.914380143907, 38.8889802401386], [-76.9144100254666, 38.8889569303644], [-76.9144397911436, 38.8889335303836], [-76.9144694427345, 38.8889101303951], [-76.914499093427, 38.8888866401999], [-76.9145131691292, 38.8888755701936], [-76.914906931261, 38.8885687621011], [-76.9151043135868, 38.8884154166422], [-76.9152728842465, 38.8882844529856], [-76.9155481585922, 38.8880679109695], [-76.9158366938683, 38.8878447109497], [-76.9162178688062, 38.8875478890082], [-76.9165770053754, 38.8872688857828], [-76.9168894178716, 38.8870248012883], [-76.9169105300774, 38.8870083307955], [-76.9170224341107, 38.8869212996831], [-76.9171327229731, 38.8868354375888], [-76.9173813344229, 38.8866419331894], [-76.9174529759651, 38.8865860422778], [-76.9175245016246, 38.886530150623], [-76.9175961431669, 38.8864743491263], [-76.9176677838108, 38.8864184573837], [-76.9176897027037, 38.8864013574328], [-76.917711622495, 38.8863842567786], [-76.917751768205, 38.8863530258383], [-76.9177919148134, 38.8863217046819], [-76.9178366760673, 38.8862867838103], [-76.9178814373213, 38.886251953124], [-76.917938426443, 38.8862075812437], [-76.9179954155646, 38.886163210035], [-76.9180525205689, 38.8861188387986], [-76.9181095096905, 38.8860745577371], [-76.9183954919545, 38.885851800371], [-76.9184565190033, 38.8858043690333], [-76.9185681885763, 38.8857175154535], [-76.9208282941356, 38.8839577492737], [-76.9202199029229, 38.8844318071358], [-76.9206909264573, 38.8845637407755], [-76.9213037158216, 38.8846978397733], [-76.9219594904706, 38.8848622100475], [-76.9225127835153, 38.885104926539], [-76.9235971111487, 38.8857682074418], [-76.9303634410576, 38.8866616552287], [-76.9303576388392, 38.886703945192], [-76.9299780593091, 38.8894706498081], [-76.9300700279296, 38.8895606382545], [-76.9301518536722, 38.8897679105098], [-76.9271549544085, 38.889770517858], [-76.9228836925062, 38.8897386402399], [-76.9207038855535, 38.8897575027913], [-76.9205734879035, 38.8897590312612], [-76.9204596524924, 38.889758953649], [-76.9203313290524, 38.889758866248], [-76.9200933060448, 38.8897587040316], [-76.9197517980148, 38.8897584697967], [-76.9194164991401, 38.8897582390579], [-76.9193978779626, 38.8897579656674], [-76.9193976830281, 38.8897656688475], [-76.9177826190468, 38.8897681524359]]]}, "properties": {"TrashRouteArea": "OR709", "CollectionDays": "Tuesday", "RunsPerWeek": 1, "TrashStatusUpdate": "Scheduled Other Day", "TStatus": "Scheduled Other Day", "ServiceArea": "Outer Ring"}}, {"type": "Feature", "geometry": {"type": "Polygon", "coordinates": [[[-76.9236010421763, 38.9040062127502], [-76.9251275107111, 38.8998712300592], [-76.9251695824091, 38.8997544969399], [-76.9295901514981, 38.8997141512828], [-76.9295907632508, 38.8997141456899], [-76.92959055574, 38.9000415090336], [-76.930453822355, 38.9000056322358], [-76.9311228480527, 38.899884367714], [-76.9316988055921, 38.8997402546669], [-76.9316758922641, 38.9007365063824], [-76.9316683410258, 38.9010648318642], [-76.9316696929903, 38.901338596414], [-76.9316694001395, 38.9014036366443], [-76.9316689707448, 38.9014913777676], [-76.931668549435, 38.9015697502478], [-76.9316684245691, 38.9015797500627], [-76.9316687281997, 38.9018641436799], [-76.9316685817743, 38.9019045741033], [-76.9316676322551, 38.9021660133198], [-76.9316696570577, 38.9025901953027], [-76.9316704170325, 38.9027492160546], [-76.931670806003, 38.9029446074283], [-76.9316709335637, 38.9030526178052], [-76.931644126039, 38.9077754671295], [-76.9316405597273, 38.9084036899398], [-76.9325461046529, 38.9092406038342], [-76.9326387344334, 38.9093134448349], [-76.9326817089383, 38.9093472506391], [-76.9329746935699, 38.9095763212018], [-76.9318583311152, 38.9104759695401], [-76.9317357452149, 38.9103802296167], [-76.9316663871901, 38.9103260489803], [-76.9315072802819, 38.9102003794666], [-76.9314102721127, 38.9101239317957], [-76.931329394991, 38.9100599249997], [-76.9313092323045, 38.9100440582004], [-76.9310279105002, 38.9098279970429], [-76.9309726964496, 38.9097855908323], [-76.9308725819061, 38.9097040958471], [-76.9305334032077, 38.9094378779637], [-76.9305206165879, 38.9094278715664], [-76.9304452694951, 38.9093691822526], [-76.9303769490245, 38.9093159018761], [-76.930070954991, 38.9090773587751], [-76.9297213028346, 38.9088005924112], [-76.929613814021, 38.9087170202002], [-76.9295143893836, 38.9086395790186], [-76.9293671546103, 38.90852508391], [-76.9293251044718, 38.9084924478807], [-76.9289778750718, 38.9082186542943], [-76.928884443994, 38.9081453592004], [-76.9287571428368, 38.9080458294963], [-76.9287148618313, 38.9080128332467], [-76.9286420533776, 38.9079550452099], [-76.9285675165652, 38.9078959052021], [-76.9285391765146, 38.9078734565501], [-76.9285195923431, 38.9078579506607], [-76.9283907954909, 38.9077558068755], [-76.9282747861568, 38.907663760465], [-76.9279087774757, 38.907385357741], [-76.9278910366472, 38.9073714735065], [-76.9277515264869, 38.9072619360147], [-76.9276962702155, 38.907221375825], [-76.9275620196912, 38.9071130907772], [-76.9274092620755, 38.9069930945671], [-76.9271203396256, 38.9067651837659], [-76.926806535639, 38.906517978634], [-76.9264904292703, 38.9062691494565], [-76.9264655459369, 38.9062494957759], [-76.9263299578212, 38.9061423011573], [-76.9262992004042, 38.9061180491074], [-76.9262760454294, 38.9060997473431], [-76.9262604111502, 38.9060881620253], [-76.9261957486194, 38.9060402415855], [-76.9261406836891, 38.9059969669909], [-76.9260472588996, 38.9059234899474], [-76.9260423055891, 38.9059196130194], [-76.9257470554064, 38.9056862895098], [-76.9252844230351, 38.9053271018428], [-76.9251846642244, 38.9052476744402], [-76.9251125528633, 38.9051901546874], [-76.9250418222128, 38.9051351584842], [-76.92501060396, 38.9051108159119], [-76.9247237709915, 38.9048841615695], [-76.924663639563, 38.9048369191043], [-76.924506399354, 38.9047134027685], [-76.9236010421763, 38.9040062127502]]]}, "properties": {"TrashRouteArea": "OR702", "CollectionDays": "Tuesday", "RunsPerWeek": 1, "TrashStatusUpdate": "Scheduled Other Day", "TStatus": "Scheduled Other Day", "ServiceArea": "Outer Ring"}}, {"type": "Feature", "geometry": {"type": "MultiPolygon", "coordinates": [[[[-76.9495579350745, 38.8976622783755], [-76.9497208984502, 38.8975327272355], [-76.9499603470842, 38.8976965029139], [-76.9500516006457, 38.8977640144083], [-76.9501244189809, 38.897817825704], [-76.9504599253665, 38.89808290424], [-76.9505835542108, 38.8981774547561], [-76.9506614417392, 38.8982371230086], [-76.9507349508789, 38.8982934563871], [-76.9508790891595, 38.8984036893615], [-76.9512166769416, 38.8986688565962], [-76.9513087353936, 38.8987411421567], [-76.9513928446537, 38.8988072984635], [-76.9514920483054, 38.898885171939], [-76.9521199976385, 38.8993726035078], [-76.9524168063982, 38.8996059512619], [-76.9524366241317, 38.8996215435461], [-76.952511864325, 38.8996793180921], [-76.9525879112054, 38.8997376330034], [-76.9529861226927, 38.9000432672884], [-76.9530574462313, 38.9000978864226], [-76.9533575886391, 38.9002719435163], [-76.9535477718662, 38.9003925662979], [-76.9540824787677, 38.9005253791267], [-76.9542572837355, 38.9005736661229], [-76.9519626810727, 38.9022965626893], [-76.9522657403102, 38.9028069999401], [-76.9523530053518, 38.9030400931287], [-76.9520441465908, 38.9035060793725], [-76.9518177531729, 38.9036908239043], [-76.9513290040814, 38.9040040428422], [-76.9501993806964, 38.903088968436], [-76.9497339958871, 38.9026901912529], [-76.9496642893159, 38.9026315166421], [-76.9494821684685, 38.9024782092348], [-76.9492872987306, 38.9023141691454], [-76.9492139054735, 38.90225233995], [-76.9491437380667, 38.902193304948], [-76.9491375172334, 38.9021879869997], [-76.9489216062565, 38.9020007889531], [-76.9484495667275, 38.9016079073921], [-76.9483699382641, 38.9015399884858], [-76.9481396425646, 38.9013435550913], [-76.9480640637065, 38.9012790216499], [-76.9480362976794, 38.9012553174277], [-76.9479968948761, 38.9012213385889], [-76.9475647387491, 38.9008490999184], [-76.9475362819175, 38.900824584597], [-76.9474575930919, 38.9007567159757], [-76.9473845483812, 38.9006962374852], [-76.9469723195821, 38.9003544539422], [-76.9468484670573, 38.9002517925098], [-76.9468453543948, 38.9002494484099], [-76.9467747288472, 38.9001947357121], [-76.9465878514203, 38.8999719093716], [-76.9466089025407, 38.8999544973858], [-76.9466180150509, 38.8999470246183], [-76.9468262274658, 38.899774339081], [-76.9469728343168, 38.8996610803844], [-76.9474162292663, 38.899318602532], [-76.9478042511634, 38.899021500652], [-76.9481728829251, 38.8987524951672], [-76.9485188025814, 38.8984823071461], [-76.9488562987353, 38.8982195910471], [-76.9491861825656, 38.8979592132578], [-76.9494924200425, 38.8977143181524], [-76.9495579350745, 38.8976622783755]]], [[[-76.9353736382479, 38.9112852046051], [-76.935303222906, 38.911248861666], [-76.9352358196153, 38.9113237738286], [-76.935037532686, 38.9115442781323], [-76.9349034178074, 38.9116932014525], [-76.9348031900762, 38.9118076942469], [-76.9345748122798, 38.9120685762482], [-76.934543762012, 38.9121051326581], [-76.9345124817755, 38.9121416890492], [-76.9344808556876, 38.9121784250613], [-76.9344491137171, 38.912215071584], [-76.9344171417778, 38.9122516272195], [-76.9343850539558, 38.9122880926668], [-76.9343610464799, 38.9123151944736], [-76.9343369231212, 38.9123422061008], [-76.9343128006609, 38.9123692177177], [-76.9342388199057, 38.912322422692], [-76.9341717741445, 38.9122799340934], [-76.9341234573586, 38.9122493841699], [-76.9340756903417, 38.9122124587689], [-76.9340083661027, 38.9121604128425], [-76.9339451103336, 38.9121113718293], [-76.9321441759369, 38.9106991823157], [-76.9350686970399, 38.9087221608069], [-76.9361693398754, 38.909593784652], [-76.9361705364314, 38.9095924103919], [-76.9362556715675, 38.9094947399976], [-76.9362769077408, 38.9094704289777], [-76.936286025641, 38.90945989413], [-76.9363999374089, 38.9093328481186], [-76.93658702055, 38.9091224251719], [-76.9367189381494, 38.9089721473505], [-76.936859740087, 38.9088141268557], [-76.9370843332811, 38.9085563393531], [-76.9373482574133, 38.9082802846636], [-76.9373820744921, 38.9082403059468], [-76.9375251833034, 38.9080710630224], [-76.9375422701584, 38.90805085621], [-76.9376389872735, 38.907936411181], [-76.9377432017279, 38.9078183673575], [-76.9378835383383, 38.9076592649884], [-76.9381360035607, 38.9073785526349], [-76.9382364486841, 38.907266867715], [-76.938357050206, 38.9071278425678], [-76.9385077740359, 38.9069539707495], [-76.938706966467, 38.9067248127326], [-76.9390081652936, 38.9063921122383], [-76.9393872696148, 38.9059575664999], [-76.9396795769167, 38.9056341374356], [-76.9397598925913, 38.9055476086965], [-76.9398417066558, 38.9054618914536], [-76.9399250173136, 38.9053771653669], [-76.9400098272596, 38.9052932514817], [-76.9401049040509, 38.9052005140065], [-76.9402019400679, 38.9051089487296], [-76.9403008194279, 38.9050185556552], [-76.9404014271464, 38.9049295144463], [-76.9408848159907, 38.9045383464166], [-76.9414160751582, 38.9041099068691], [-76.9419803042932, 38.9036758952335], [-76.9425685310227, 38.9032121653238], [-76.9433377727735, 38.9025740290247], [-76.9434245284704, 38.9024980401284], [-76.943529165133, 38.9024062958959], [-76.9435728888328, 38.9023680315216], [-76.9436030048527, 38.9023416075245], [-76.9437240124131, 38.9023942751451], [-76.9438419513284, 38.9024456088751], [-76.9442292033693, 38.9026141591378], [-76.9446066556887, 38.9028144395499], [-76.9447074852912, 38.9028819287014], [-76.944751841405, 38.9029116185948], [-76.9447814498767, 38.9029373964309], [-76.9448090982246, 38.9029645248774], [-76.9448347855501, 38.9029927333895], [-76.9448665751314, 38.9030301326678], [-76.9448940986134, 38.9030695124129], [-76.9449172392151, 38.9031106013798], [-76.9449403780202, 38.9031553835449], [-76.9449583263596, 38.9032016952604], [-76.9449992814517, 38.9033151293699], [-76.9451043151696, 38.9036055182704], [-76.9451048891931, 38.9036089416269], [-76.9451084429283, 38.9036347975059], [-76.9451156869428, 38.9036601143912], [-76.9451261595024, 38.903684711923], [-76.9451400905758, 38.9037082307794], [-76.9451534494224, 38.903727514656], [-76.945169230127, 38.9037457191619], [-76.9451872018226, 38.9037624828786], [-76.9451916951956, 38.9037666290666], [-76.9455343755271, 38.9041619859619], [-76.945771316963, 38.9044339678407], [-76.9458548288434, 38.9045303057931], [-76.9459174917244, 38.9046025818912], [-76.945998123606, 38.9046954956118], [-76.9460326799983, 38.9047353281239], [-76.9462988867496, 38.9050379517242], [-76.9463114407057, 38.9050547130386], [-76.9463223821859, 38.9050694016426], [-76.9463404571877, 38.9051030109356], [-76.9463527677004, 38.9051380588723], [-76.9463591960445, 38.9051741854363], [-76.9463590783652, 38.9051780589097], [-76.9463568945608, 38.9054757844502], [-76.9463570643424, 38.9055564090754], [-76.9463572368189, 38.9056337005279], [-76.9463574119904, 38.9057067584404], [-76.9463576572305, 38.9058408930195], [-76.9463570221215, 38.906113231971], [-76.9463568065259, 38.9062059109321], [-76.9463583695945, 38.9064272469191], [-76.9463563771312, 38.9064700361149], [-76.9463537037449, 38.9064989513654], [-76.9463486219753, 38.906510840001], [-76.9463420382226, 38.9065264216813], [-76.9463223049308, 38.9065510049383], [-76.9462955423218, 38.9065710814564], [-76.9462633646683, 38.906585480343], [-76.9462316541388, 38.9065925819192], [-76.9462277329926, 38.9065934808882], [-76.9458514152453, 38.9065967307381], [-76.9454798253314, 38.9065992598748], [-76.9450191189481, 38.9065953508277], [-76.9444566055953, 38.9065958052055], [-76.9443106464296, 38.9065947454566], [-76.9442294782538, 38.9065971389791], [-76.9441485400467, 38.9066011535815], [-76.9440677150273, 38.9066067906618], [-76.9439871199766, 38.9066142284753], [-76.9439621342353, 38.9066178739823], [-76.9438868033122, 38.9066288643285], [-76.9437879823428, 38.9066490855265], [-76.9436911161074, 38.9066745327568], [-76.9435968972071, 38.9067052954913], [-76.9435678349111, 38.9067165416731], [-76.9434994452701, 38.9067432639306], [-76.9434333580113, 38.9067732297285], [-76.9433956440407, 38.9067907777532], [-76.943359080812, 38.9068095875419], [-76.9433235542392, 38.9068298387471], [-76.9432544612174, 38.9068705228906], [-76.9431925160904, 38.9069126519258], [-76.9431332191968, 38.9069571241154], [-76.9430765732316, 38.9070036703252], [-76.9430229231479, 38.907052198977], [-76.9429721539613, 38.9071027107659], [-76.9429244956405, 38.907155026035], [-76.9428881426176, 38.9071976176637], [-76.9428518973925, 38.907252821281], [-76.9428273096049, 38.9072910047306], [-76.9428046810429, 38.9073299095644], [-76.9427722383864, 38.9073861958839], [-76.9427427925097, 38.9074434747877], [-76.9427161125458, 38.9075015652236], [-76.9425547688325, 38.9078464159601], [-76.9424539500099, 38.9080533783046], [-76.9424130676813, 38.9081372260148], [-76.9422580786504, 38.9084600984362], [-76.9422415649205, 38.9084947728347], [-76.9421952531743, 38.9085917693487], [-76.9421555242826, 38.9086721045349], [-76.942138549717, 38.9087064181345], [-76.9421201881526, 38.9087429825671], [-76.9421027482597, 38.9087797280275], [-76.9420862291399, 38.9088168341637], [-76.9420706352849, 38.9088542115004], [-76.9420558472187, 38.908891678292], [-76.9420420958083, 38.9089295071561], [-76.9420292669677, 38.9089674254745], [-76.942017360697, 38.9090056149921], [-76.9420063760977, 38.9090438953615], [-76.9419964299508, 38.9090824462304], [-76.9419902711012, 38.9091078101043], [-76.9419876372408, 38.9091186553683], [-76.9419794221476, 38.909154954661], [-76.9419720137414, 38.9091913448074], [-76.9419654120224, 38.9092278251083], [-76.9419593870218, 38.9092643962625], [-76.9419540528256, 38.909300967398], [-76.9419495271132, 38.9093376293866], [-76.9419455763226, 38.9093743815294], [-76.9419424340157, 38.909411133653], [-76.9419399825133, 38.9094479766296], [-76.9419397920705, 38.9095404925609], [-76.9419394929315, 38.909624630003], [-76.941939186606, 38.9097174609584], [-76.941937844523, 38.9099501008684], [-76.941937363026, 38.9099754141035], [-76.9419364197949, 38.9100007266307], [-76.9419351307125, 38.9100259496757], [-76.9419333807943, 38.9100511720127], [-76.9419311691421, 38.9100763943408], [-76.9419286107401, 38.9101016166599], [-76.9419257091818, 38.910126838271], [-76.9419222300067, 38.9101519704002], [-76.9419185199646, 38.9101770116495], [-76.941914233204, 38.9102021423629], [-76.9419092547407, 38.9102280839155], [-76.941903468692, 38.9102539352868], [-76.9418967600734, 38.9102796957778], [-76.9418891297834, 38.9103053653887], [-76.9418806919079, 38.910330765174], [-76.9418714482437, 38.9103559839077], [-76.9418613960956, 38.9103811117616], [-76.9418504222761, 38.9104059697908], [-76.9418419915872, 38.9104238922831], [-76.9418330991642, 38.9104416344277], [-76.9418237450071, 38.9104593758689], [-76.9418037673735, 38.9104976512603], [-76.9416994891387, 38.9106972244101], [-76.9414553647737, 38.9111622929379], [-76.941445663867, 38.9111816565724], [-76.9414356171089, 38.9112009293319], [-76.9414221055487, 38.9112262358301], [-76.9414082490354, 38.911251361978], [-76.9413939316864, 38.9112763077759], [-76.941379037619, 38.911301073224], [-76.9413650670197, 38.9113241275207], [-76.9413505206003, 38.9113470014689], [-76.9413357433139, 38.9113696950689], [-76.9413205051917, 38.9113922984912], [-76.9413031892663, 38.911417333012], [-76.9412855283878, 38.9114421871832], [-76.9412672898926, 38.9114667708347], [-76.9412295489726, 38.911513504913], [-76.9411906546157, 38.9115596084679], [-76.9411503768533, 38.9116050801029], [-76.9411090624351, 38.9116499212171], [-76.941066477799, 38.9116940402436], [-76.9410226292334, 38.9117374385818], [-76.9409777422153, 38.9117802057039], [-76.9409317017603, 38.9118220711015], [-76.9408845096652, 38.9118633052856], [-76.9408361650315, 38.911903638447], [-76.9407792837078, 38.9119494621526], [-76.9407206740254, 38.9119939332837], [-76.9406604500704, 38.9120370525418], [-76.9405987295222, 38.9120788199294], [-76.9405353955997, 38.9121191452795], [-76.9404706782717, 38.9121581187639], [-76.9404044643504, 38.9121954691776], [-76.9403369829063, 38.9122314684293], [-76.9402681189549, 38.9122658446151], [-76.9401981033633, 38.9122985991354], [-76.9401286608969, 38.9123351379521], [-76.9400588725791, 38.9123712252052], [-76.9399887393083, 38.9124066826539], [-76.939918029319, 38.9124417787096], [-76.9398469743766, 38.9124762435646], [-76.9397961054771, 38.9125007206124], [-76.9397447757417, 38.9125247461077], [-76.9397056729757, 38.9125431028333], [-76.9396663393427, 38.9125610995773], [-76.9395929793234, 38.9125943921787], [-76.9395191575699, 38.9126271444503], [-76.9394449908634, 38.912659355694], [-76.9393704783056, 38.9126910266093], [-76.9392847799258, 38.9127252138473], [-76.9392496908325, 38.9127389900903], [-76.9391986198119, 38.912759040394], [-76.9391122297294, 38.9127922364431], [-76.9390254946937, 38.912824891465], [-76.9389384138067, 38.9128570054606], [-76.9389001204228, 38.9128711290716], [-76.9388617129528, 38.9128848913066], [-76.9388173074317, 38.9129009028589], [-76.9387727878245, 38.9129165544325], [-76.9386849002504, 38.9129472263904], [-76.9385966677232, 38.9129774481919], [-76.938508204329, 38.913007039501], [-76.9384193959817, 38.9130360890887], [-76.9383358939827, 38.9130624399063], [-76.9382520470307, 38.9130880693679], [-76.9381677383447, 38.9131129774745], [-76.9381195293567, 38.9131270954427], [-76.9380712053843, 38.9131406723988], [-76.9380544050918, 38.9131014771787], [-76.9380364522609, 38.9130626419112], [-76.9380179209149, 38.9130250668825], [-76.937998236132, 38.912987762339], [-76.9379773988107, 38.9129509072202], [-76.9379556380213, 38.9129144113582], [-76.9379326088106, 38.9128782761517], [-76.9379086570302, 38.9128425903716], [-76.937883551813, 38.9128074441874], [-76.9378575231276, 38.9127726579616], [-76.9378303419038, 38.912738412032], [-76.937801314642, 38.9127053361827], [-76.9377709030764, 38.9126731599091], [-76.9377389913242, 38.9126418839112], [-76.9377085761653, 38.9126137617133], [-76.9376770066713, 38.9125865397954], [-76.9376442846388, 38.9125600378205], [-76.9376105232554, 38.9125344361276], [-76.937575838404, 38.9125096445484], [-76.9375400010141, 38.9124857532531], [-76.9375189624701, 38.9124725550214], [-76.9375033551403, 38.9124627622423], [-76.9374656708142, 38.912440672216], [-76.9371534900833, 38.9122443025335], [-76.9370134768665, 38.9121556751018], [-76.9368870569565, 38.9120807477404], [-76.9367914025484, 38.9120293482825], [-76.9367019707703, 38.9119812857645], [-76.9366126584682, 38.91192970939], [-76.936504330628, 38.9118671329597], [-76.9364836756647, 38.9118558232866], [-76.9362770685392, 38.9117426943034], [-76.9360943062947, 38.9116488992893], [-76.9360600562279, 38.9116313224089], [-76.9357940623773, 38.9114974930477], [-76.9354789737998, 38.9113394928537], [-76.9353736382479, 38.9112852046051]]]]}, "properties": {"TrashRouteArea": "OR701", "CollectionDays": "Tuesday", "RunsPerWeek": 1, "TrashStatusUpdate": "Scheduled Other Day", "TStatus": "Scheduled Other Day", "ServiceArea": "Outer Ring"}}, {"type": "Feature", "geometry": {"type": "Polygon", "coordinates": [[[-76.9208282941356, 38.8839577492737], [-76.9208432906109, 38.8839460484609], [-76.9209228858367, 38.8838838550388], [-76.9209686819498, 38.883847942108], [-76.9210940741871, 38.8837499258252], [-76.9212193496434, 38.8836518185022], [-76.9213447409823, 38.8835538019489], [-76.9214867421708, 38.8834427340731], [-76.9214953938453, 38.8834359833134], [-76.9215865234393, 38.883364698217], [-76.9216460467084, 38.8833181644826], [-76.92167823065, 38.8832929627179], [-76.9217966986731, 38.8832003461557], [-76.9219472356534, 38.8830825269341], [-76.9220978867199, 38.8829647075172], [-76.9222485368879, 38.8828468879049], [-76.9222601880372, 38.882837797309], [-76.9223310139091, 38.8827825327541], [-76.9224394450555, 38.8826980159637], [-76.9227759243165, 38.8824358246787], [-76.9231164397081, 38.8821700318169], [-76.92346871764, 38.8818955968851], [-76.9238512157965, 38.8815955074854], [-76.9238729011274, 38.8815789462249], [-76.9238851271984, 38.8815694051245], [-76.9238944705757, 38.8815621143356], [-76.9239160409223, 38.8815453726506], [-76.9239377262533, 38.8815288113784], [-76.9239597565373, 38.8815125207275], [-76.9239745194507, 38.8815021705399], [-76.9239824776258, 38.8814966804155], [-76.924001046701, 38.881484351235], [-76.924019845745, 38.8814722017699], [-76.9240388747576, 38.8814602334189], [-76.9240581346373, 38.881448534992], [-76.9240776244857, 38.8814370169801], [-76.9240824682017, 38.8814342275104], [-76.9240972293185, 38.8814257688925], [-76.924117525854, 38.8814143417846], [-76.9241378223895, 38.8814031846012], [-76.9241584638782, 38.8813921176245], [-76.9241793353355, 38.881381410781], [-76.9242003226754, 38.8813710647701], [-76.9242216549685, 38.8813609893833], [-76.9242479450636, 38.8813492958351], [-76.9242746950961, 38.8813380526286], [-76.9243016750974, 38.8813273499727], [-76.9243291159344, 38.8813170081496], [-76.9243566717557, 38.8813072970862], [-76.9243845725301, 38.8812980363654], [-76.924413625843, 38.881289136478], [-76.9244429082263, 38.8812807778414], [-76.924472536461, 38.8812729597567], [-76.9245023937661, 38.8812655920152], [-76.9245324819383, 38.8812587655251], [-76.9245625692121, 38.8812522984706], [-76.9245904663932, 38.8812468216135], [-76.9246185926448, 38.8812417951001], [-76.924646834779, 38.8812372189308], [-76.9246751909993, 38.8812329133872], [-76.9247035472195, 38.8812287875617], [-76.9247319034397, 38.8812248421533], [-76.9247615271829, 38.8812208974441], [-76.924791150926, 38.8812174037783], [-76.9248208887552, 38.8812140898306], [-76.9248506274826, 38.8812108653922], [-76.9248804802962, 38.8812077318617], [-76.9249101040393, 38.8812044179135], [-76.9255856757605, 38.8811255761108], [-76.925706014076, 38.8811109692666], [-76.9259486481359, 38.8810816660595], [-76.9259532591882, 38.8810810380935], [-76.9259572935222, 38.8810805905454], [-76.9259732134657, 38.8809544832591], [-76.9259819289205, 38.8808860250242], [-76.9260586225879, 38.8802796280284], [-76.9260618753876, 38.880254407004], [-76.9260650141012, 38.8802290950614], [-76.9260680360338, 38.8802037838091], [-76.9260701273118, 38.8801877501978], [-76.9260712897318, 38.8801785620585], [-76.9260750033671, 38.8801533409984], [-76.9260789442763, 38.8801308227365], [-76.9260794096036, 38.8801282101393], [-76.9260835813798, 38.8801056016593], [-76.9260879831247, 38.8800829938714], [-76.9260887952017, 38.8800788504965], [-76.9260926175332, 38.880060385377], [-76.9260979427462, 38.880037867785], [-76.926104073748, 38.8800156208167], [-76.9261111273197, 38.8799935549613], [-76.9261200260309, 38.8799701387413], [-76.9261298455152, 38.8799469029344], [-76.9261405875694, 38.8799238482399], [-76.9261522512951, 38.8799010648685], [-76.9261647217078, 38.8798785514218], [-76.9261778829251, 38.8798564890204], [-76.9261931201489, 38.8798328972294], [-76.9262092799425, 38.8798095753628], [-76.9262263605094, 38.8797867045415], [-76.9262443627477, 38.8797641952544], [-76.9262631707748, 38.879742136314], [-76.9262829004733, 38.8797207088412], [-76.9263038976948, 38.8796999128368], [-76.9263262765251, 38.8796798385118], [-76.9263494620426, 38.8796603047461], [-76.9263732233802, 38.8796409513966], [-76.9263968688351, 38.8796216882526], [-76.926420169337, 38.8796021551703], [-76.9269140594869, 38.8792178966988], [-76.9279810604151, 38.8783878955887], [-76.9280693989435, 38.8783213293419], [-76.9281514133323, 38.8782553966184], [-76.928194780401, 38.878221641748], [-76.9285495556494, 38.8779453012917], [-76.9290363877361, 38.8775659844077], [-76.9294344087806, 38.8772550755473], [-76.9294607797241, 38.877234577436], [-76.9298273498522, 38.8769496572016], [-76.9299342628458, 38.8768665741043], [-76.9299965412478, 38.8768181458093], [-76.9300686256594, 38.876762066741], [-76.9305893493852, 38.8763554678704], [-76.9308924382672, 38.8761203485231], [-76.9309582910657, 38.8760693097706], [-76.9310025780092, 38.8760350139686], [-76.9310739599383, 38.8761058343619], [-76.9311291775822, 38.8761744321751], [-76.931151996587, 38.8762084425783], [-76.9311674431183, 38.8762424473705], [-76.931180668116, 38.876288551448], [-76.9311853357622, 38.8763391445631], [-76.9311865197417, 38.8764857317984], [-76.9311878456551, 38.8769158744369], [-76.9312649785986, 38.8775985766067], [-76.931581682347, 38.8786718429004], [-76.9320537452322, 38.8796307016368], [-76.9320821598429, 38.8796848588418], [-76.9321093096257, 38.8797365824166], [-76.9322373527914, 38.8799781723553], [-76.9322626619262, 38.8800264719227], [-76.9323049968306, 38.8801074820865], [-76.9327612520617, 38.8807628970976], [-76.9348344092272, 38.883740833247], [-76.9348534032056, 38.883766787964], [-76.9348721654187, 38.8837929230825], [-76.9348851721256, 38.8838121899905], [-76.9348946107243, 38.8838261949099], [-76.9351150123793, 38.8841752890804], [-76.9351333038751, 38.8842077244101], [-76.9351624155785, 38.8842614305984], [-76.9351907196965, 38.8843153164566], [-76.9351954421399, 38.8843246565], [-76.9353385716125, 38.884635160325], [-76.9354402070037, 38.8848724429698], [-76.9356608080847, 38.8853874827692], [-76.9357578800343, 38.8856149992837], [-76.9358494336331, 38.8858281881947], [-76.9358549546788, 38.8858412536279], [-76.9359180990568, 38.8859890253627], [-76.9306533633324, 38.8853130921538], [-76.9303634410576, 38.8866616552287], [-76.9235971111487, 38.8857682074418], [-76.9225127835153, 38.885104926539], [-76.9219594904706, 38.8848622100475], [-76.9213037158216, 38.8846978397733], [-76.9206909264573, 38.8845637407755], [-76.9202199029229, 38.8844318071358], [-76.9208282941356, 38.8839577492737]]]}, "properties": {"TrashRouteArea": "OR711", "CollectionDays": "Tuesday", "RunsPerWeek": 1, "TrashStatusUpdate": "Scheduled Other Day", "TStatus": "Scheduled Other Day", "ServiceArea": "Outer Ring"}}, {"type": "Feature", "geometry": {"type": "Polygon", "coordinates": [[[-76.9651641877408, 38.9251762100628], [-76.96796281355, 38.9227920741805], [-76.9702573299746, 38.9200400526611], [-76.9741697993624, 38.9213018143809], [-76.9789974058864, 38.9212992682957], [-76.9789996561662, 38.923445592014], [-76.9790002634273, 38.9245167713018], [-76.9790135881379, 38.927517371941], [-76.9790157755356, 38.9275233588748], [-76.9790991212277, 38.9276584208094], [-76.9789843192293, 38.9277089361026], [-76.9789300466131, 38.9277366407049], [-76.9788716022207, 38.9277627135184], [-76.9787881074083, 38.9278018244677], [-76.9787087852704, 38.927842565774], [-76.9786002445296, 38.9278898229765], [-76.9785355352864, 38.9279207847676], [-76.978449951891, 38.9279647860584], [-76.9783205325063, 38.9280340472941], [-76.9782537364767, 38.9280666400946], [-76.9781869368539, 38.928105752274], [-76.9781341967636, 38.9281317571652], [-76.9780282943747, 38.9281839744716], [-76.977769457402, 38.928307823138], [-76.9772935272696, 38.9285424853094], [-76.976934494905, 38.9287054382104], [-76.9766255552956, 38.9288553590771], [-76.976508661121, 38.9289075031732], [-76.9764428658146, 38.9289385644518], [-76.9762239077523, 38.929040561047], [-76.9761133071746, 38.9290940698048], [-76.9760345186359, 38.9291340472566], [-76.9756988900795, 38.929298570443], [-76.9751893611587, 38.9295514719484], [-76.9750087279214, 38.9296329210811], [-76.9749604830008, 38.9296556919926], [-76.9749156040675, 38.929676712364], [-76.9748392724211, 38.9297138732628], [-76.9747069164438, 38.9297783074772], [-76.9746474533619, 38.9298063334247], [-76.974596070626, 38.9298321601937], [-76.9743698721425, 38.9299408815779], [-76.9742819055166, 38.9299833896511], [-76.9741657955712, 38.9300361345951], [-76.9740902661204, 38.9300704455521], [-76.9739625032291, 38.9301358445004], [-76.9738933859528, 38.9301701777712], [-76.9737656257565, 38.9302306681865], [-76.9736642562666, 38.9302777868313], [-76.9735792199452, 38.9303173149806], [-76.9735059776051, 38.9303522442473], [-76.9723522308615, 38.9309152988032], [-76.9722705326797, 38.9309526260669], [-76.9721589421585, 38.931008619721], [-76.9720689875609, 38.9310466282675], [-76.9720279785698, 38.9310682345215], [-76.9716865873208, 38.9312306756888], [-76.9715532144506, 38.9312940128077], [-76.9674951640878, 38.9274069668362], [-76.9672861611555, 38.927206755814], [-76.9651641877408, 38.9251762100628]]]}, "properties": {"TrashRouteArea": "OR502", "CollectionDays": "Tuesday", "RunsPerWeek": 1, "TrashStatusUpdate": "Scheduled Other Day", "TStatus": "Scheduled Other Day", "ServiceArea": "Outer Ring"}}, {"type": "Feature", "geometry": {"type": "MultiPolygon", "coordinates": [[[[-76.9651641877408, 38.9251762100628], [-76.9650107096762, 38.9250633783637], [-76.9647436369489, 38.9248888215691], [-76.964693895435, 38.9248548701167], [-76.964312389917, 38.9245944747054], [-76.9640365702939, 38.9244079388707], [-76.9637826408176, 38.9242350933914], [-76.9636569350683, 38.9241622537278], [-76.9635406068323, 38.9240876793929], [-76.9634266061311, 38.9240131063774], [-76.9630427200776, 38.9237766470954], [-76.9629868852911, 38.9237361781115], [-76.9627681958251, 38.9235861241228], [-76.9626725818412, 38.9235133669592], [-76.9625704981906, 38.9234429097247], [-76.9625134596617, 38.9234057490353], [-76.9624012870321, 38.9233254829418], [-76.9618080944157, 38.9229211724775], [-76.9611974295671, 38.9225088511744], [-76.9610960726535, 38.922437531215], [-76.9610569932438, 38.9224114795077], [-76.960958516329, 38.9223458323218], [-76.9606573444519, 38.9221352669433], [-76.960570540246, 38.9220718936911], [-76.9606598821926, 38.9219734912589], [-76.9606710743028, 38.9219618742864], [-76.9608384798475, 38.9218168066403], [-76.9611504898985, 38.9215350991403], [-76.9612939760022, 38.9214055482316], [-76.9613038987928, 38.921395282134], [-76.9613128990137, 38.9213845652463], [-76.9613257080913, 38.9213683543257], [-76.9613372487478, 38.9213516024548], [-76.961347520983, 38.921334310332], [-76.9613564098128, 38.921316566717], [-76.961363915237, 38.9212984624663], [-76.9613703840053, 38.9212790065419], [-76.9613753534855, 38.9212591899806], [-76.9613788236774, 38.921239282557], [-76.9613805637141, 38.9212191948119], [-76.9613802376257, 38.9211822600999], [-76.9613781553309, 38.9209817344777], [-76.9613753498922, 38.920626354963], [-76.9613738757569, 38.9205809527084], [-76.9613744605601, 38.9205645577921], [-76.9613775256119, 38.9205480734121], [-76.9613827807563, 38.9205324004576], [-76.9613902843838, 38.9205170888339], [-76.9613999790024, 38.9205024984777], [-76.9614117487292, 38.920488899866], [-76.9614254776817, 38.9204763831583], [-76.9614408209068, 38.9204652174341], [-76.9614468360259, 38.9204617438703], [-76.9614576616234, 38.9204554942506], [-76.9614758866439, 38.9204472122108], [-76.9614879968322, 38.9204427119526], [-76.9615003378876, 38.9204386624888], [-76.9615129089117, 38.9204350631206], [-76.9615257108028, 38.9204320948647], [-76.9615387426626, 38.9204295767045], [-76.9615518895068, 38.9204275994979], [-76.9615615760405, 38.920426611943], [-76.9615651513354, 38.920426252705], [-76.9615785281483, 38.9204253560078], [-76.9615919040628, 38.9204250904234], [-76.9616053967584, 38.9204253650936], [-76.9622540441739, 38.9204250359086], [-76.9625201925347, 38.9204218782487], [-76.9635937736223, 38.9204241993175], [-76.9636908689281, 38.9204244096884], [-76.963706205865, 38.9204244145807], [-76.9637056920287, 38.9203008205322], [-76.9637043688102, 38.9199549903261], [-76.9637008096851, 38.9196969001205], [-76.9637018616123, 38.9196697857565], [-76.9637026826724, 38.9196425805233], [-76.9637033887483, 38.9196154661386], [-76.963703863957, 38.9195882608846], [-76.9637042232832, 38.9195610556201], [-76.9637043526406, 38.9195339412042], [-76.9637042511309, 38.9195067359189], [-76.9637040328403, 38.9194820530106], [-76.9637038145497, 38.9194573700936], [-76.963703251306, 38.9194326871682], [-76.9637026853674, 38.9194080042341], [-76.9636986348638, 38.9192130621503], [-76.9636977347519, 38.9189428122123], [-76.9637015795413, 38.9188648013837], [-76.9637063558836, 38.918769854871], [-76.963802062394, 38.9187742084615], [-76.9641925016575, 38.9187920750237], [-76.9648766343234, 38.9188230911077], [-76.9654085573458, 38.9188485633283], [-76.9655859045459, 38.9188569937262], [-76.96630728316, 38.9188899940206], [-76.9669886499132, 38.9189221681746], [-76.9676263154243, 38.9189513537275], [-76.9682255815504, 38.9189797138429], [-76.9686574196738, 38.9189986580889], [-76.9688151638376, 38.9190057269718], [-76.9689888216568, 38.9190134297748], [-76.9690520118488, 38.9190150680444], [-76.9691146244241, 38.9190217511216], [-76.969175964985, 38.9190336579284], [-76.9692354595079, 38.9190504292175], [-76.9692922995092, 38.9190719741256], [-76.9693460241531, 38.9190981123274], [-76.9693958258541, 38.919128483874], [-76.9694413596593, 38.9191627274191], [-76.9694820488501, 38.9192005724754], [-76.9695174325908, 38.9192414794725], [-76.9696057118304, 38.9193605932112], [-76.9696210388858, 38.9193836581693], [-76.9696367117925, 38.9194064533381], [-76.9696529614177, 38.9194291583394], [-76.9696695568943, 38.919451683712], [-76.9696866132066, 38.9194739385969], [-76.9697040162686, 38.9194960138536], [-76.9697218810646, 38.9195179087831], [-76.9697402066964, 38.9195396233858], [-76.9697588781796, 38.9195610682006], [-76.9697780113968, 38.9195823326888], [-76.9698078642104, 38.9196135993378], [-76.9698392163121, 38.9196439650725], [-76.9698718377333, 38.9196735207529], [-76.9699058434584, 38.9197020860603], [-76.9699411176046, 38.9197297511558], [-76.9699776610704, 38.9197563350217], [-76.9700154729574, 38.9197819285182], [-76.9700543241951, 38.9198063506278], [-76.9700943279713, 38.91982978237], [-76.9701353702, 38.9198520434266], [-76.9701486284353, 38.9198603346218], [-76.9701614240382, 38.919868895596], [-76.9701739896724, 38.9198779073675], [-76.970191742179, 38.919891784962], [-76.9702009642837, 38.9198998042759], [-76.970205113602, 38.9199046700994], [-76.9702090320533, 38.9199097155428], [-76.9702127196375, 38.919914941305], [-76.9702161772531, 38.9199201670668], [-76.9702194040016, 38.9199255731474], [-76.9702222840004, 38.9199309785287], [-76.9702250499131, 38.9199365649276], [-76.9702273531935, 38.9199421506272], [-76.9702295423879, 38.9199478264859], [-76.9702313848325, 38.9199535918047], [-76.9702328805275, 38.9199608891364], [-76.9702347229721, 38.9199682766269], [-76.9702379461274, 38.9199807990155], [-76.9702414001496, 38.9199934115614], [-76.9702452009216, 38.9200058437861], [-76.9702493466466, 38.9200182767075], [-76.9702537232387, 38.9200306187684], [-76.9702573299746, 38.9200400526611], [-76.96796281355, 38.9227920741805], [-76.9651641877408, 38.9251762100628]]], [[[-76.9651641877408, 38.9251762100628], [-76.9672861611555, 38.927206755814], [-76.9674951640878, 38.9274069668362], [-76.9715532144506, 38.9312940128077], [-76.9708377817853, 38.9316397129714], [-76.9639288245621, 38.9349777030188], [-76.963815550598, 38.9350324245422], [-76.9637354370443, 38.9350711262009], [-76.9634487774507, 38.9352096067762], [-76.9631072712173, 38.9349422778115], [-76.9626342588129, 38.9345719999387], [-76.9613976155349, 38.9336039226401], [-76.9613621069283, 38.9335760756826], [-76.9612746038331, 38.93350749348], [-76.9612224943601, 38.933466668779], [-76.9607297612403, 38.9330799576363], [-76.9602542075019, 38.9327109068907], [-76.9599312972932, 38.9324578433508], [-76.9595893670551, 38.9321904488091], [-76.9595389886356, 38.9321507952226], [-76.9594880334977, 38.9321106000504], [-76.9594354649856, 38.9320692336804], [-76.9592447885834, 38.9319190890048], [-76.9591361930454, 38.931833742527], [-76.9589801026799, 38.9317107245953], [-76.9588399214781, 38.9316002330773], [-76.9586984700586, 38.9314893815063], [-76.9583430632945, 38.9312108982448], [-76.9578839047084, 38.9308540947942], [-76.9578715699412, 38.9308445414463], [-76.9577581351787, 38.9307566695926], [-76.9578341371433, 38.9306787500196], [-76.9578828976969, 38.9306456636648], [-76.9582132091252, 38.9304254793699], [-76.9579070668697, 38.9301216858911], [-76.9579798645436, 38.9300778347851], [-76.9572453202207, 38.9294818711714], [-76.9575065359323, 38.9293943694009], [-76.9576725050709, 38.9293008332194], [-76.9577124639313, 38.9292732487261], [-76.9578003470139, 38.9293598212173], [-76.9581672225692, 38.9291180428612], [-76.958734280499, 38.9295421637097], [-76.9588062822657, 38.92961286087], [-76.9590614702817, 38.9298553866677], [-76.9599703820929, 38.9292465300597], [-76.960302228742, 38.9290190002977], [-76.96077580978, 38.9287146284575], [-76.9607873845725, 38.928707188767], [-76.960918419128, 38.9286143539994], [-76.9614369410831, 38.9282272739741], [-76.9615315363774, 38.9281515312747], [-76.9617383159794, 38.9279859620717], [-76.9618102324061, 38.9279237107802], [-76.9618716888497, 38.9278716658941], [-76.962243322781, 38.9275660906267], [-76.9626370858111, 38.927244025628], [-76.9627227204105, 38.9271765344816], [-76.9627996063173, 38.9271169974759], [-76.9628674138499, 38.9270595394728], [-76.9631812564641, 38.9268024926269], [-76.9636752615984, 38.9264002908334], [-76.9642144852291, 38.9259591523242], [-76.9643712223816, 38.9258276624882], [-76.9644629152193, 38.9257560935787], [-76.9645546098536, 38.9256820268901], [-76.9646697603983, 38.9255888198665], [-76.9647559465633, 38.9255328456953], [-76.9648141636819, 38.9254771454317], [-76.9648874042253, 38.9254082534917], [-76.9650207312815, 38.9252983238225], [-76.9651641877408, 38.9251762100628]]], [[[-76.9587840525557, 38.9296792958847], [-76.9586273171998, 38.9295127616871], [-76.9581953425325, 38.929768510797], [-76.9583788360057, 38.9299261226493], [-76.9587840525557, 38.9296792958847]]]]}, "properties": {"TrashRouteArea": "OR501", "CollectionDays": "Tuesday", "RunsPerWeek": 1, "TrashStatusUpdate": "Scheduled Other Day", "TStatus": "Scheduled Other Day", "ServiceArea": "Outer Ring"}}, {"type": "Feature", "geometry": {"type": "MultiPolygon", "coordinates": [[[[-76.9775468369083, 38.9025266619837], [-76.9775465233963, 38.9025266969379], [-76.9776196247008, 38.9024970732964], [-76.9775468369083, 38.9025266619837]]], [[[-76.9775468369083, 38.9025266619837], [-76.9775895266473, 38.9025218404092], [-76.9776816416931, 38.902516542759], [-76.9777306385037, 38.902516282001], [-76.9777796344159, 38.9025181835065], [-76.9780769579103, 38.9025177892238], [-76.9781893614069, 38.9025176298329], [-76.9782215264839, 38.902517545943], [-76.978528821278, 38.902517520776], [-76.9785581611535, 38.9025175179796], [-76.9788591740288, 38.9025146000074], [-76.9789949813334, 38.9025133633297], [-76.9791247941802, 38.9025121252537], [-76.9791425475852, 38.9025119483857], [-76.9795040844527, 38.9025146251744], [-76.9798994006699, 38.9025113604569], [-76.9799782565822, 38.9025114639212], [-76.9800591867045, 38.9025115680845], [-76.9801391951552, 38.9025116715489], [-76.9802570181879, 38.902511782004], [-76.9803676924275, 38.9025118903618], [-76.9804784825498, 38.9025119092371], [-76.9805891567895, 38.9025120175949], [-76.9806998310291, 38.9025121259528], [-76.9807865256405, 38.9025149327709], [-76.9808728735023, 38.9025205324251], [-76.9809588746143, 38.9025288340341], [-76.9810444139923, 38.9025400179601], [-76.9811668417891, 38.9025611176712], [-76.9812890396172, 38.9025832079757], [-76.9814108906956, 38.9026061986909], [-76.9815325118053, 38.9026302701793], [-76.9815485359533, 38.9026337858616], [-76.9816989615426, 38.90268552908], [-76.9833290749999, 38.9033659821698], [-76.9803191384864, 38.9080131030718], [-76.9796034821406, 38.9076013256726], [-76.9793866539838, 38.9073763276063], [-76.9790894634401, 38.9067499202018], [-76.9784834743225, 38.9068228315651], [-76.9779312251201, 38.907023739725], [-76.9776074776816, 38.9067921485723], [-76.9771792849216, 38.9066547030297], [-76.976735564782, 38.9064404931108], [-76.9762103719376, 38.9062897622225], [-76.9753914919791, 38.9059626346053], [-76.9753911658907, 38.905628259105], [-76.9753723111512, 38.9056281954913], [-76.9752878030392, 38.9056279067827], [-76.9751974145553, 38.905627617375], [-76.9748355147683, 38.905631413928], [-76.9746382519184, 38.9056306505629], [-76.9745401397198, 38.9056303590581], [-76.9743169362194, 38.9056310308474], [-76.9742803882621, 38.90563093298], [-76.9741844068672, 38.9056308295203], [-76.974175012286, 38.9056308197336], [-76.9741745837896, 38.9056180529408], [-76.9741723892054, 38.9055526264994], [-76.9741721610333, 38.905544969072], [-76.9741700949081, 38.9052591564349], [-76.974169635869, 38.9051957149834], [-76.9741707857126, 38.9045676525309], [-76.9741722311019, 38.9040788598876], [-76.9741723613576, 38.904036700509], [-76.9741725257493, 38.9038982422729], [-76.9775468369083, 38.9025266619837]]], [[[-76.9729838668805, 38.9155677436435], [-76.9729458151434, 38.9155675549258], [-76.972907879289, 38.9155680868301], [-76.9725047647968, 38.9155696140455], [-76.972299518619, 38.9155693854874], [-76.9721672614563, 38.9155691737043], [-76.972165918475, 38.9154649469452], [-76.972164687783, 38.915366575191], [-76.9721646473589, 38.9153467227297], [-76.9721644946452, 38.9152709068676], [-76.9721637849762, 38.9150214660286], [-76.9721632127493, 38.9147154523825], [-76.9721645521374, 38.9145339350034], [-76.9721643302535, 38.9145112340275], [-76.9721640032668, 38.9144616878888], [-76.9705439814834, 38.9144500060807], [-76.9713208912535, 38.9130117932614], [-76.9712858479743, 38.9125788670501], [-76.9760582566173, 38.9126062923752], [-76.9762345312289, 38.912635128238], [-76.9761988330778, 38.9126879916262], [-76.9761674234839, 38.9127311740701], [-76.9761506824803, 38.9127569161875], [-76.9761292208298, 38.9127919750239], [-76.9761042431733, 38.9128298318656], [-76.9760777931781, 38.912873425224], [-76.9760410628628, 38.9129216059646], [-76.9758206863606, 38.9132061016322], [-76.9757736712336, 38.913269195523], [-76.975728127547, 38.9133208163576], [-76.9757046204327, 38.9133506416805], [-76.9756587290981, 38.9134156751001], [-76.9755814191864, 38.9135009486755], [-76.9755591104246, 38.9135283205223], [-76.9755288336063, 38.9135668906238], [-76.9754810306568, 38.9136228784289], [-76.9754156997794, 38.9137049937965], [-76.9753567415507, 38.9137771557077], [-76.9753041550723, 38.9138493196425], [-76.9752483822695, 38.9139227276716], [-76.9751989803188, 38.913991157561], [-76.975141620193, 38.9140521209943], [-76.9750699732609, 38.9141359616186], [-76.9750013904822, 38.9142325282474], [-76.974924902529, 38.9143270852157], [-76.9746954386694, 38.9146107567628], [-76.9745807085363, 38.9147476151489], [-76.974421492932, 38.9149474000162], [-76.974312994412, 38.9150835427178], [-76.9741485973251, 38.9152803539744], [-76.9740216420192, 38.9154307477468], [-76.973973176113, 38.9154897773324], [-76.9738027477373, 38.9156973555353], [-76.9737335603924, 38.915782101456], [-76.9735966688212, 38.9157157107413], [-76.9735428309896, 38.9156886731388], [-76.9735187354788, 38.9156769572839], [-76.9734942950148, 38.9156657810191], [-76.9734693928169, 38.9156551457426], [-76.9734440288848, 38.9156450507557], [-76.973418318203, 38.9156355862236], [-76.9733923775526, 38.9156267521467], [-76.9733659751681, 38.91561845836], [-76.9733393419165, 38.9156108851939], [-76.9733124786963, 38.9156038523185], [-76.9732852687263, 38.915597450598], [-76.973248142254, 38.915591046081], [-76.9732107840162, 38.9155853621853], [-76.9731733116925, 38.9155804890762], [-76.9731356076034, 38.9155764267538], [-76.9730977876316, 38.915573085053], [-76.9730598526755, 38.9155705541392], [-76.9730219177193, 38.9155687431484], [-76.9729838668805, 38.9155677436435]]]]}, "properties": {"TrashRouteArea": "OR507", "CollectionDays": "Tuesday", "RunsPerWeek": 1, "TrashStatusUpdate": "Scheduled Other Day", "TStatus": "Scheduled Other Day", "ServiceArea": "Outer Ring"}}, {"type": "Feature", "geometry": {"type": "Polygon", "coordinates": [[[-76.9772616083309, 38.8845780930787], [-76.9772618436895, 38.8845634995309], [-76.9772632567394, 38.8844704433915], [-76.9772646679927, 38.8843802694861], [-76.977264720095, 38.8842187489924], [-76.9772648458592, 38.8841830760782], [-76.977264985098, 38.8841096575773], [-76.9772652393213, 38.884034167778], [-76.9772652420162, 38.8840268709486], [-76.9772633519608, 38.8838076965002], [-76.9772632522478, 38.8837595015962], [-76.9772630456353, 38.8836839212192], [-76.9773584889393, 38.8836487165465], [-76.9773699002384, 38.8836445754772], [-76.9778572623312, 38.8834471143047], [-76.9782977063149, 38.8832684707057], [-76.978864138119, 38.8830363384566], [-76.9788903042466, 38.8830256234695], [-76.9790007808569, 38.882981068462], [-76.9793398490626, 38.8828431936267], [-76.9796435793416, 38.8827199222432], [-76.9796871503278, 38.8827021829614], [-76.9800542765131, 38.88255234711], [-76.9803329896098, 38.8824434825002], [-76.9806211565765, 38.8823229089515], [-76.9806353346866, 38.8823172356787], [-76.9807620115147, 38.8822664496221], [-76.9808916851226, 38.8822143118156], [-76.9809826296637, 38.8821778428101], [-76.9814285354044, 38.8819964932836], [-76.9814416166716, 38.8819911731237], [-76.981801386553, 38.8818450454874], [-76.9818409995621, 38.8818289563035], [-76.9818701714526, 38.8818171082899], [-76.9821185655101, 38.8817159822703], [-76.9822212663033, 38.8816741991189], [-76.9823351466302, 38.8816278230158], [-76.9823519756687, 38.8816209790783], [-76.9828335948319, 38.881420203938], [-76.982925066684, 38.881382071611], [-76.9831644686055, 38.8812823834158], [-76.9832500942218, 38.8812484915235], [-76.9832775404487, 38.8812376273175], [-76.983658365942, 38.8810868813934], [-76.983653955214, 38.8813504664487], [-76.9836544474907, 38.8814314716067], [-76.9836549487507, 38.8815139465792], [-76.983655627877, 38.8816255936838], [-76.9836558829986, 38.8816675740631], [-76.983656095001, 38.8817653911246], [-76.983656095001, 38.8817655589535], [-76.9836562270533, 38.8818734036441], [-76.9836565306839, 38.8820580757847], [-76.9836566016508, 38.8821099542716], [-76.9836566241087, 38.8821300530843], [-76.9836565971592, 38.882147851948], [-76.9836560985942, 38.8824965564745], [-76.9836560204408, 38.8825503450728], [-76.9836558084384, 38.8826971306778], [-76.983655448214, 38.8827595586973], [-76.9836551122441, 38.8828365141363], [-76.983655083498, 38.8828428866442], [-76.9836604410503, 38.884108835942], [-76.9855218832697, 38.8841097960316], [-76.9855186107071, 38.8859615995449], [-76.9855157136403, 38.8876009095241], [-76.9855140427739, 38.8877776417275], [-76.9855134310212, 38.8878423153967], [-76.985513407665, 38.8879116619394], [-76.9855134004785, 38.8879304466626], [-76.9772616083309, 38.8845780930787]], [[-76.9849360316858, 38.8873097797163], [-76.9854422763658, 38.8873239797313], [-76.9854422763658, 38.8871358286025], [-76.9849223485474, 38.8871642280001], [-76.9849360316858, 38.8873097797163]]]}, "properties": {"TrashRouteArea": "OR603", "CollectionDays": "Tuesday", "RunsPerWeek": 1, "TrashStatusUpdate": "Scheduled Other Day", "TStatus": "Scheduled Other Day", "ServiceArea": "Outer Ring"}}, {"type": "Feature", "geometry": {"type": "MultiPolygon", "coordinates": [[[[-76.9349214964025, 38.8957445033283], [-76.9348746321924, 38.8957389359997], [-76.9348742593916, 38.8950104287988], [-76.9349214964025, 38.8957445033283]]], [[[-76.9349214964025, 38.8957445033283], [-76.9377486032977, 38.8960802984993], [-76.9377590021955, 38.8953788848947], [-76.9391966758577, 38.8955628877982], [-76.9391966758577, 38.8955632597468], [-76.9426026957496, 38.8959987360445], [-76.9426054401028, 38.8968904457396], [-76.9470481832062, 38.897392267981], [-76.9470227896297, 38.8974360372133], [-76.9469982027404, 38.8974800769829], [-76.9469744225382, 38.8975243872893], [-76.9469425601934, 38.8975862604522], [-76.9469121953402, 38.8976486746884], [-76.9468985705923, 38.8976783059457], [-76.946831690121, 38.8978120550913], [-76.9467694440584, 38.8979408366809], [-76.9467044922701, 38.8980717280014], [-76.9466584688831, 38.8981857351999], [-76.9466313846773, 38.8982680767644], [-76.9465853567988, 38.8983884184068], [-76.9465474281308, 38.8985193221856], [-76.9465203582981, 38.8985826584423], [-76.9464959923943, 38.8986438846952], [-76.9464635165002, 38.8987093307864], [-76.9464310415043, 38.8987726640772], [-76.9464125667522, 38.8988066370965], [-76.9463931568538, 38.8988423306318], [-76.9463444672671, 38.8989077695489], [-76.9463039038405, 38.8989478723711], [-76.9462444057243, 38.8990111935642], [-76.9462017186803, 38.8990478888314], [-76.9461957170359, 38.8990568948572], [-76.9461920258584, 38.8990596857322], [-76.9461312350665, 38.8991097438881], [-76.9460268418473, 38.8991958155614], [-76.9458904946551, 38.8993081766378], [-76.9455743173195, 38.8995604446754], [-76.9453604545015, 38.8997315933892], [-76.9452855907024, 38.8997915539619], [-76.9452129187925, 38.8998497142779], [-76.945187194636, 38.8998707819304], [-76.9450694183158, 38.899967115588], [-76.9446407647201, 38.9003100419342], [-76.9444012882384, 38.9005015362305], [-76.944294931302, 38.9005866141911], [-76.9442707333832, 38.9005722798035], [-76.942490044318, 38.9020386983888], [-76.942484852954, 38.9020428397838], [-76.9422087970739, 38.9022625074493], [-76.9420785754937, 38.9023681286943], [-76.941985802881, 38.9024433746037], [-76.9418963980524, 38.9025153067803], [-76.9415567728912, 38.9027871901052], [-76.9415221652949, 38.902813567098], [-76.9414852535199, 38.9028382320348], [-76.9414464993002, 38.902860823493], [-76.9414057858549, 38.9028814316561], [-76.9413507766202, 38.902902304065], [-76.941293464105, 38.9029190302305], [-76.9412343136368, 38.9029313424083], [-76.9411740124268, 38.9029391490214], [-76.9411129072245, 38.9029423612883], [-76.9410744009399, 38.9029429722832], [-76.9410358973501, 38.9029407009763], [-76.9410285176901, 38.9029400669119], [-76.9410233739368, 38.9030281661617], [-76.9410225564698, 38.9030411375509], [-76.941021619527, 38.903058433432], [-76.9410167632346, 38.9030752763066], [-76.9410078735065, 38.9030911264876], [-76.9409954102803, 38.9031053534079], [-76.9409798370865, 38.9031175970439], [-76.94096149798, 38.9031274064919], [-76.9408149899437, 38.9032398473334], [-76.9406704402347, 38.9033538196693], [-76.940527848853, 38.9034692340112], [-76.9403871008143, 38.9035861812312], [-76.9403679882583, 38.9035915193479], [-76.9403639224833, 38.9035926553405], [-76.9402902157143, 38.903663731388], [-76.9401906823808, 38.9037415205424], [-76.9399651908714, 38.903910676618], [-76.9391672470489, 38.9045403345518], [-76.9390742453659, 38.9049155423491], [-76.9388234159756, 38.9051129151812], [-76.9373666809614, 38.9061894113331], [-76.9373576591811, 38.906206719729], [-76.9373485430775, 38.906216569295], [-76.9373435942586, 38.9062219135053], [-76.9372163227458, 38.9063251597951], [-76.9370717487823, 38.9064359982558], [-76.9369322215541, 38.9065447268309], [-76.9367584451573, 38.9066759574044], [-76.9365900748219, 38.9068045167007], [-76.9364004296856, 38.9069533325266], [-76.9362720766012, 38.9070537620266], [-76.9362580152721, 38.9070655778694], [-76.9361050034331, 38.9071864875982], [-76.9359753459949, 38.9072889432736], [-76.9359522682752, 38.9073093390425], [-76.9359273903318, 38.907328328346], [-76.9359007130628, 38.907345908389], [-76.9358729569171, 38.9073622210769], [-76.9357536372912, 38.9074301400058], [-76.9357165081239, 38.9074520771048], [-76.9356815376082, 38.9074761273772], [-76.9356494479896, 38.9075024306275], [-76.9356202383698, 38.9075304255294], [-76.9352856859951, 38.9072946767662], [-76.9352146930365, 38.9072446502452], [-76.9352063180431, 38.9072454471467], [-76.9351980319829, 38.9072466886352], [-76.9351898734835, 38.9072483691186], [-76.9351818802741, 38.9072504802084], [-76.935174090084, 38.9072530114188], [-76.935166539744, 38.9072559522645], [-76.9351592624919, 38.9072592887645], [-76.9351522924636, 38.9072630048411], [-76.9351456637951, 38.9072670830182], [-76.9350672777017, 38.907323516185], [-76.9350583691091, 38.9073299312345], [-76.9350537347005, 38.907332183527], [-76.9350488397805, 38.9073340702238], [-76.9350437328581, 38.9073355745482], [-76.9350384615441, 38.9073366811213], [-76.9350330770422, 38.9073373801568], [-76.935027631455, 38.9073376646642], [-76.9350221759862, 38.9073375318475], [-76.9350167636367, 38.9073369831047], [-76.9350114456102, 38.9073360219309], [-76.9350062731108, 38.9073346616078], [-76.9350012955458, 38.9073329112229], [-76.9350001214477, 38.9073323841502], [-76.9349965614242, 38.907330788252], [-76.9349933786932, 38.9073332747214], [-76.9349376795523, 38.9073767812801], [-76.9348759536142, 38.9074247616337], [-76.9348709922189, 38.9074286321882], [-76.9346366630838, 38.9076111002486], [-76.9343222608192, 38.9078556809092], [-76.9340843527959, 38.9080396780453], [-76.9340723539987, 38.9080489492604], [-76.9340397020347, 38.9080742442998], [-76.9338579800393, 38.9082171045519], [-76.9337624648701, 38.9080233711054], [-76.9337605802046, 38.9074960498463], [-76.9337555092148, 38.9060773827079], [-76.9358428678467, 38.9060772862393], [-76.936627035106, 38.9029281448216], [-76.936593585438, 38.902775683942], [-76.9365581190523, 38.8995391042771], [-76.9359399999834, 38.8980995203797], [-76.9357812982154, 38.8972949744145], [-76.9356672238524, 38.8971896322687], [-76.9351767095713, 38.89677109993], [-76.9349638196288, 38.8964021994107], [-76.9349214964025, 38.8957445033283]]]]}, "properties": {"TrashRouteArea": "OR704", "CollectionDays": "Tuesday", "RunsPerWeek": 1, "TrashStatusUpdate": "Scheduled Other Day", "TStatus": "Scheduled Other Day", "ServiceArea": "Outer Ring"}}, {"type": "Feature", "geometry": {"type": "Polygon", "coordinates": [[[-76.9295907632508, 38.8997141456899], [-76.929590521604, 38.8987912382896], [-76.9295884662586, 38.8983491800849], [-76.9297383600452, 38.8983469883312], [-76.9297592746217, 38.8982227322167], [-76.9297591668238, 38.898215795496], [-76.9297589476349, 38.8982038138859], [-76.9297594210471, 38.8981918336721], [-76.9297604702793, 38.8981799429443], [-76.9297619803473, 38.8981679627264], [-76.9297642971024, 38.898156162881], [-76.9297670755916, 38.8981443637327], [-76.9297704307992, 38.8981326547698], [-76.9297744768112, 38.8981211268786], [-76.929778983659, 38.8981096891728], [-76.9297841822096, 38.8980983416525], [-76.9297889181277, 38.8980887950803], [-76.9297934231789, 38.8980791590187], [-76.9297976982613, 38.8980694327684], [-76.9298016274924, 38.8980596156303], [-76.929805210872, 38.8980497090026], [-76.9298085633847, 38.8980398016744], [-76.9298116859286, 38.8980298041574], [-76.9298143476368, 38.8980197164515], [-76.9298168934623, 38.8980096287443], [-76.9298189784521, 38.8979994501491], [-76.9298226929858, 38.8979733286468], [-76.9298261775508, 38.8979471162483], [-76.9298293153661, 38.8979209038401], [-76.9298322232126, 38.8978946914222], [-76.9298349010905, 38.897868388108], [-76.929837347203, 38.8978421756707], [-76.9298394483625, 38.897815872337], [-76.9298413186549, 38.8977895689936], [-76.9298428430959, 38.8977632656404], [-76.9298442525526, 38.8977369615783], [-76.9298468226326, 38.8977021008508], [-76.9298492777283, 38.8976672401061], [-76.9298518478083, 38.8976323793444], [-76.9298541879197, 38.8975974283776], [-76.9298566430153, 38.8975625675816], [-76.9298589831266, 38.8975276165804], [-76.9298612073553, 38.897492755051], [-76.9298635474666, 38.8974578942036], [-76.9298656567109, 38.8974229431509], [-76.9298678818378, 38.8973880822692], [-76.9298697548252, 38.8973589864273], [-76.9298717427969, 38.8973298003852], [-76.9298738466513, 38.8973007045193], [-76.929875834623, 38.8972716086417], [-76.9298779384774, 38.897242512752], [-76.9298801555196, 38.8972134168504], [-76.9298822611706, 38.8971842314476], [-76.9298844800093, 38.8971551355221], [-76.9298866988481, 38.8971260395848], [-76.929887165972, 38.8971201850196], [-76.9298890326712, 38.8970969443347], [-76.9298891970629, 38.8970471280595], [-76.9298893821158, 38.8969758720025], [-76.9298894144552, 38.8969430817475], [-76.9298946588198, 38.8967683222487], [-76.9299003667151, 38.8965905909694], [-76.9299006209384, 38.8965662685392], [-76.9299005293102, 38.8965420355908], [-76.9299000918307, 38.8965178026341], [-76.9298991935154, 38.8964935696692], [-76.9298979493487, 38.896469336696], [-76.929896474315, 38.8964451932048], [-76.9298945384456, 38.896420959516], [-76.9298922567248, 38.8963968160083], [-76.9298895141682, 38.8963726717933], [-76.9298865407446, 38.8963485275701], [-76.9298837927981, 38.8963291577923], [-76.9298717733397, 38.8962434811569], [-76.9298582653727, 38.89614690334], [-76.9298559755671, 38.896131047414], [-76.9298414408258, 38.8960244695475], [-76.9298365135664, 38.8959941985796], [-76.9298310095887, 38.8959640170898], [-76.9298248148065, 38.895933925078], [-76.9298179274232, 38.8959039232436], [-76.9298102917433, 38.8958738759519], [-76.929802193431, 38.8958442782], [-76.9297932309394, 38.8958146356903], [-76.9297861064009, 38.8957925607588], [-76.9297836926277, 38.8957850826592], [-76.929773461715, 38.895755619107], [-76.9297625399977, 38.8957264254144], [-76.9297569039676, 38.8957136295739], [-76.9296796102256, 38.8955398116034], [-76.9295611350161, 38.8952791282463], [-76.9294639328108, 38.895071516902], [-76.9293280814887, 38.8947820859061], [-76.9292248866221, 38.8945745605039], [-76.9292169553965, 38.8945522153108], [-76.9292108684121, 38.8945295100424], [-76.9292065106846, 38.8945065362886], [-76.9292041130811, 38.8944833835418], [-76.9292035597189, 38.8944602314867], [-76.929204850598, 38.8944369906304], [-76.9292081007027, 38.8944139308497], [-76.9292130800643, 38.8943910528438], [-76.9292147518291, 38.8943856294368], [-76.9348742593916, 38.8950104287988], [-76.9348746321924, 38.8957389359997], [-76.9349214964025, 38.8957445033283], [-76.9349638196288, 38.8964021994107], [-76.9351767095713, 38.89677109993], [-76.9356672238524, 38.8971896322687], [-76.9357812982154, 38.8972949744145], [-76.9359399999834, 38.8980995203797], [-76.9365581190523, 38.8995391042771], [-76.936593585438, 38.902775683942], [-76.936627035106, 38.9029281448216], [-76.9358428678467, 38.9060772862393], [-76.9337555092148, 38.9060773827079], [-76.9337605802046, 38.9074960498463], [-76.931644126039, 38.9077754671295], [-76.9316709335637, 38.9030526178052], [-76.931670806003, 38.9029446074283], [-76.9316704170325, 38.9027492160546], [-76.9316696570577, 38.9025901953027], [-76.9316676322551, 38.9021660133198], [-76.9316685817743, 38.9019045741033], [-76.9316687281997, 38.9018641436799], [-76.9316684245691, 38.9015797500627], [-76.931668549435, 38.9015697502478], [-76.9316689707448, 38.9014913777676], [-76.9316694001395, 38.9014036366443], [-76.9316696929903, 38.901338596414], [-76.9316683410258, 38.9010648318642], [-76.9316758922641, 38.9007365063824], [-76.9316988055921, 38.8997402546669], [-76.9311228480527, 38.899884367714], [-76.930453822355, 38.9000056322358], [-76.92959055574, 38.9000415090336], [-76.9295907632508, 38.8997141456899]]]}, "properties": {"TrashRouteArea": "OR703", "CollectionDays": "Tuesday", "RunsPerWeek": 1, "TrashStatusUpdate": "Scheduled Other Day", "TStatus": "Scheduled Other Day", "ServiceArea": "Outer Ring"}}, {"type": "Feature", "geometry": {"type": "Polygon", "coordinates": [[[-76.9133883562226, 38.8897577146515], [-76.9177826190468, 38.8897681524359], [-76.9177801729343, 38.8929105165495], [-76.9186011360859, 38.8929052356616], [-76.9184931109781, 38.8935556642846], [-76.9218867215427, 38.8943525121757], [-76.9218872165144, 38.8946367263885], [-76.9225993397862, 38.8947889159908], [-76.9242281318217, 38.895004327956], [-76.924149229197, 38.8983542976721], [-76.9239637459555, 38.8983558567185], [-76.9256737250314, 38.8983556630611], [-76.9251695824091, 38.8997544969399], [-76.9251275107111, 38.8998712300592], [-76.9236010421763, 38.9040062127502], [-76.9199486251818, 38.9011445904243], [-76.9164834126009, 38.8984213443233], [-76.9161051437128, 38.8981279363675], [-76.9159336472402, 38.897994912812], [-76.915650433584, 38.8977736071666], [-76.915228229892, 38.8974436864266], [-76.9150350885127, 38.89729292665], [-76.9150117089591, 38.8972747127991], [-76.9149561975661, 38.8972309819197], [-76.9149319960541, 38.8972118752574], [-76.914873851699, 38.8971659714259], [-76.9148022164449, 38.897109616878], [-76.9147372610634, 38.8970584016393], [-76.9145146378747, 38.8968845575964], [-76.9142536718948, 38.896675191908], [-76.9142233833984, 38.8966513875701], [-76.914122266335, 38.8965718595737], [-76.9140313990491, 38.8965003562426], [-76.9139927032199, 38.8964699701191], [-76.9137814787539, 38.8963104563908], [-76.9135458497565, 38.8961240790274], [-76.9134978258215, 38.8960862083828], [-76.9134176709453, 38.8960230901307], [-76.9133201255835, 38.8959462664329], [-76.9132556328343, 38.8958955013058], [-76.9130071193009, 38.8956994717867], [-76.9129937487762, 38.8956889251074], [-76.9129801590626, 38.8956781952491], [-76.9128699474553, 38.8955915425125], [-76.9127834585581, 38.8955235549279], [-76.9127217308233, 38.8954750435655], [-76.91245512522, 38.8952667504194], [-76.9121795373622, 38.895052504744], [-76.9118783951295, 38.8948200747048], [-76.9116871033814, 38.8946724297105], [-76.9115774424414, 38.8945997750464], [-76.9114869677192, 38.8945325968406], [-76.9114143757594, 38.8944786977578], [-76.9112850533928, 38.8943774366444], [-76.9112232951153, 38.8943290797134], [-76.9112119574781, 38.8943202038316], [-76.9110854405502, 38.8942255433052], [-76.9108239930732, 38.8940164235753], [-76.91044141856, 38.893689389732], [-76.9103521700382, 38.8936197761534], [-76.9101496062299, 38.893461794202], [-76.9101200094362, 38.8934397010599], [-76.9100906426113, 38.8934176079109], [-76.9100383597634, 38.8933780207519], [-76.9099864227669, 38.89333816369], [-76.9099347166375, 38.8932981262189], [-76.9098832404768, 38.8932579097366], [-76.9098319960814, 38.8932175121454], [-76.9097810975374, 38.8931768453488], [-76.9097305457431, 38.8931359079481], [-76.9096801089331, 38.8930948810294], [-76.9096301338573, 38.893053584205], [-76.9095987009072, 38.893024192234], [-76.9095729228518, 38.8929916525573], [-76.9095532560353, 38.89295659443], [-76.9095407353168, 38.8929217222666], [-76.9095399313246, 38.8929197400987], [-76.9095334086574, 38.8928818097136], [-76.9095335218451, 38.8928663271189], [-76.909533544303, 38.8928631039084], [-76.9095336880334, 38.8928435241257], [-76.9095407676562, 38.8928056943816], [-76.909547012744, 38.8927893042364], [-76.9095546466273, 38.8927689511414], [-76.9095748632128, 38.8927341040563], [-76.9096011856472, 38.8927017844883], [-76.9096619935071, 38.8926539969473], [-76.9097230313357, 38.8926062100734], [-76.909784185047, 38.8925586028568], [-76.9098454537427, 38.8925110858028], [-76.909906952407, 38.8924636589114], [-76.9099684510714, 38.8924164123774], [-76.9100301797044, 38.8923691665112], [-76.9100920233218, 38.8923221003036], [-76.9101349448261, 38.8922894323547], [-76.9101779813148, 38.8922569454794], [-76.9103297714449, 38.8921370101612], [-76.910483524394, 38.8920206139215], [-76.9105287680433, 38.8919676882979], [-76.9105508037172, 38.8919230452073], [-76.9105514154699, 38.8919218062475], [-76.9106228468064, 38.8918564140314], [-76.9106440766915, 38.8918401250493], [-76.9109177116119, 38.8916396276997], [-76.9111460148481, 38.8915162261474], [-76.9113242361089, 38.8913629380924], [-76.9117003652099, 38.8910733989904], [-76.911922103558, 38.8908991599338], [-76.9120699267279, 38.8907851368427], [-76.9123409313811, 38.8905775906723], [-76.9124091988512, 38.8905216266443], [-76.9124934823843, 38.8904558835382], [-76.9127824470551, 38.8902331643827], [-76.9128116917091, 38.8902076693077], [-76.9129282193712, 38.8901207980376], [-76.9130142240765, 38.8900510271361], [-76.9131621451627, 38.8899383255827], [-76.9131965488415, 38.8899088064653], [-76.913329839965, 38.8898039309229], [-76.9133883562226, 38.8897577146515]]]}, "properties": {"TrashRouteArea": "OR706", "CollectionDays": "Tuesday", "RunsPerWeek": 1, "TrashStatusUpdate": "Scheduled Other Day", "TStatus": "Scheduled Other Day", "ServiceArea": "Outer Ring"}}, {"type": "Feature", "geometry": {"type": "MultiPolygon", "coordinates": [[[[-76.9857755540312, 38.9104820907228], [-76.9849939999711, 38.9102079595011], [-76.9833900697094, 38.9096217074298], [-76.9822162986198, 38.909007928046], [-76.9843952782241, 38.905887747543], [-76.9849961226901, 38.9061445646722], [-76.985305847427, 38.9058999368724], [-76.9854967834423, 38.9058355508776], [-76.9857632246539, 38.9058178376409], [-76.986029077469, 38.9058659742373], [-76.9875565754731, 38.9065152887144], [-76.9882790536251, 38.9054773307572], [-76.988330023136, 38.9054086927301], [-76.9884244675134, 38.905281323495], [-76.9886027705209, 38.9050240663316], [-76.9886243112231, 38.9049929868942], [-76.9888738551242, 38.904636819862], [-76.9889227486285, 38.9045670995722], [-76.9901813395455, 38.9027539299552], [-76.99152416908, 38.9033258762502], [-76.9926389487032, 38.9037967282452], [-76.9931358706672, 38.9040094697092], [-76.9857755540312, 38.9104820907228]]], [[[-76.9857755540312, 38.9104820907228], [-76.9862900991445, 38.9106556533282], [-76.9863365618076, 38.9106712431858], [-76.9863744931705, 38.9106836791407], [-76.9866377049386, 38.910770459551], [-76.9866999626794, 38.9107910060029], [-76.9867871235165, 38.910819752432], [-76.9868131800496, 38.9108283130989], [-76.9871328859676, 38.9109338363223], [-76.9872501385701, 38.9109724952087], [-76.9873513661262, 38.9110059269572], [-76.9874438306167, 38.911036385148], [-76.9875601615477, 38.911074773466], [-76.9876595448625, 38.9111075739708], [-76.9876849087945, 38.9111159542614], [-76.9877332974456, 38.9111323995915], [-76.9877848679295, 38.9111499262677], [-76.9878844821113, 38.9111843484121], [-76.9879837495435, 38.9112194017344], [-76.9880827861086, 38.9112549044943], [-76.9881625681839, 38.9112897746447], [-76.98824015837, 38.9113275274382], [-76.9883153275963, 38.9113680726998], [-76.9883878449959, 38.911411499896], [-76.9884577096705, 38.9114575399088], [-76.9885245757687, 38.9115061913348], [-76.9888427662288, 38.9117583657044], [-76.9890444029758, 38.9119181928257], [-76.9893006896314, 38.9121034278251], [-76.9894016854222, 38.9121608203525], [-76.9895075240307, 38.9122126279239], [-76.9896177464177, 38.9122585800435], [-76.9897317740683, 38.912298406914], [-76.9898158249379, 38.912324628693], [-76.9899014909783, 38.9123475169975], [-76.9899885413226, 38.9123670725298], [-76.9900767451037, 38.9123831149543], [-76.9901658714546, 38.9123956442733], [-76.9902369210071, 38.9124027138139], [-76.9902292907171, 38.9125351469946], [-76.9902217655299, 38.9126004481732], [-76.9902102239752, 38.9126677281126], [-76.9901948708686, 38.9127347102217], [-76.9901922145503, 38.9127424584402], [-76.990183340992, 38.9127572782602], [-76.9901764796598, 38.9127631357299], [-76.9901637289727, 38.9127713201101], [-76.9901478746062, 38.9127754014656], [-76.9901313015876, 38.912775539864], [-76.9901154463228, 38.9127714571106], [-76.9900480699815, 38.9127538567427], [-76.9897898995588, 38.9126856129878], [-76.9897805543849, 38.9126830267513], [-76.9895137376775, 38.9126023577965], [-76.9892554010664, 38.9125135176216], [-76.9893978873452, 38.9128867121517], [-76.9892921331784, 38.9130216474749], [-76.9891848824183, 38.9131559513643], [-76.9890761314717, 38.9132894448854], [-76.9889659953229, 38.9134223076794], [-76.988949965785, 38.9134379808064], [-76.9889319761231, 38.9134523021117], [-76.9889120272356, 38.9134650919597], [-76.9888905790599, 38.9134760805468], [-76.9887641977775, 38.9135253435899], [-76.9886751783261, 38.9135600176109], [-76.9886294136539, 38.9134895679674], [-76.9885948312104, 38.9134362347658], [-76.9883986319659, 38.9131447956718], [-76.9882332134945, 38.912892996688], [-76.9882190335878, 38.9128787619434], [-76.9882018551046, 38.9128667786138], [-76.9881820247947, 38.9128575884108], [-76.9881788438603, 38.9128566888221], [-76.9881603475485, 38.9128514604432], [-76.9881375195606, 38.9128486659164], [-76.9881145738932, 38.9128492041319], [-76.9875215672281, 38.9128769774451], [-76.9874760217449, 38.9128784145499], [-76.9874308230114, 38.9128835443705], [-76.9873904652989, 38.9128891250334], [-76.9873511460389, 38.9128978587979], [-76.9873201281105, 38.9129054224678], [-76.9872901477362, 38.9129154185892], [-76.9872731965268, 38.9129214521889], [-76.9870529538736, 38.9130001608421], [-76.9869645111406, 38.9130317700952], [-76.986878374383, 38.9130625692174], [-76.9861443034722, 38.9133249871505], [-76.9861388839361, 38.9133268785809], [-76.9860777688523, 38.9133484916295], [-76.9860119259353, 38.913371815066], [-76.9853986972948, 38.9135886608685], [-76.9852584765671, 38.9136415221485], [-76.9851837538035, 38.9136697089437], [-76.9851069559315, 38.9136987058372], [-76.9847642441591, 38.9138281114509], [-76.98438221133, 38.9139649881215], [-76.9842896138888, 38.913998126291], [-76.9842552659056, 38.9139397476041], [-76.9841578705625, 38.9137742514788], [-76.9839052166939, 38.9133636167755], [-76.9838598041613, 38.9132885711643], [-76.98369106372, 38.9130098291287], [-76.9836592516809, 38.9129573063835], [-76.9836562549011, 38.9129521709763], [-76.9836212170117, 38.9128912702055], [-76.9835661889124, 38.9127956558618], [-76.9834872889827, 38.9126585658431], [-76.9834295461745, 38.9125581142164], [-76.9835008176109, 38.9124945255113], [-76.9836621577308, 38.9123505953324], [-76.9838600556896, 38.9121759506444], [-76.983865476124, 38.9121711772564], [-76.9841477896684, 38.9119206938132], [-76.9843472426109, 38.9117439951278], [-76.9844371370214, 38.9116643554211], [-76.984734668925, 38.9114000000236], [-76.9847369757986, 38.9113979282011], [-76.9848224289383, 38.9113200174229], [-76.9848892016117, 38.9112591292314], [-76.9854132230529, 38.9107813933341], [-76.9854816073039, 38.9107264510917], [-76.9854842591306, 38.9107242897772], [-76.9856055739148, 38.9106267439649], [-76.9856730346977, 38.910572612447], [-76.9856813378259, 38.9105652260754], [-76.9857755540312, 38.9104820907228]]]]}, "properties": {"TrashRouteArea": "OR505", "CollectionDays": "Tuesday", "RunsPerWeek": 1, "TrashStatusUpdate": "Scheduled Other Day", "TStatus": "Scheduled Other Day", "ServiceArea": "Outer Ring"}}, {"type": "Feature", "geometry": {"type": "Polygon", "coordinates": [[[-77.0269351557087, 38.9482635042988], [-77.0236572319831, 38.948356098167], [-77.0225418693533, 38.9483887172583], [-77.022472153799, 38.948277372847], [-77.0221925711331, 38.9478308420995], [-77.0223088364871, 38.9477763197836], [-77.022452078249, 38.9476679226633], [-77.0225550449435, 38.9475116993145], [-77.0225870779683, 38.9473970182143], [-77.0225905149225, 38.947320627388], [-77.0225580498082, 38.9471646100721], [-77.0224612159121, 38.947010947544], [-77.0223438887495, 38.9469281280651], [-77.0222420620171, 38.9468562485905], [-77.0227013760118, 38.9462412333011], [-77.0235045938433, 38.9451576482681], [-77.0263389483463, 38.9450681320281], [-77.0265019440613, 38.9450669240384], [-77.026512325891, 38.9450668318148], [-77.0268529688434, 38.945067835096], [-77.026955451346, 38.9450681278361], [-77.0273750660933, 38.9450693351271], [-77.0275904767085, 38.9450685107039], [-77.0278520571361, 38.945067510916], [-77.0282890219448, 38.9450715498912], [-77.0283120942746, 38.9450714541743], [-77.0284655157453, 38.9450706961241], [-77.0286418927648, 38.945069842357], [-77.0286678477883, 38.9450697459414], [-77.0290302919543, 38.9450686658072], [-77.0293521322695, 38.9450699366766], [-77.0295721135129, 38.9450689802059], [-77.0295868791212, 38.9450690668402], [-77.0297054648236, 38.94506975712], [-77.0298190891306, 38.9450703586695], [-77.0299151801199, 38.945070874982], [-77.0299945444786, 38.9450712145326], [-77.0303081661072, 38.9450725741323], [-77.0303869824936, 38.9450729150802], [-77.0308000682855, 38.9450741580029], [-77.0308943132369, 38.9450734209127], [-77.0327279328352, 38.9450722632269], [-77.0364285408515, 38.945069927594], [-77.0364259339406, 38.9473703308284], [-77.0364254003413, 38.9478418910357], [-77.0364240959875, 38.948993321869], [-77.0364240932926, 38.9489952633481], [-77.0310802716872, 38.9490000754774], [-77.0298808563912, 38.9489997198773], [-77.0298696103821, 38.9489997163841], [-77.0297032998837, 38.9489996660832], [-77.0270374127342, 38.9489988263359], [-77.0269351557087, 38.9482635042988]]]}, "properties": {"TrashRouteArea": "OR409", "CollectionDays": "Wednesday", "RunsPerWeek": 1, "TrashStatusUpdate": "Delayed", "TStatus": "Scheduled Other Day", "ServiceArea": "Outer Ring"}}, {"type": "Feature", "geometry": {"type": "Polygon", "coordinates": [[[-77.0190351716742, 38.9374060159283], [-77.0191630791942, 38.9373775290207], [-77.0195205035744, 38.9372980166062], [-77.0195496826515, 38.9372899042303], [-77.0195790925956, 38.9372820622661], [-77.0196000835288, 38.9372768335907], [-77.0196086184224, 38.9372747604274], [-77.0196383742178, 38.9372677290007], [-77.0196682467943, 38.9372612376998], [-77.0196871617209, 38.9372573610862], [-77.0196982334568, 38.9372551069485], [-77.0197283360019, 38.937249336747], [-77.0197586703124, 38.9372440165341], [-77.0197665126049, 38.9372427539094], [-77.0197890037247, 38.9372390568712], [-77.0198194530195, 38.9372345478959], [-77.0202743724558, 38.937176461535], [-77.0205478115435, 38.9371415461101], [-77.0207638393013, 38.9371143028574], [-77.0212428362822, 38.937053861635], [-77.0212558690403, 38.9370519673434], [-77.021374090925, 38.9370348320724], [-77.0214712032987, 38.9370207593881], [-77.0217473966211, 38.9369558090929], [-77.0225418729465, 38.93676283538], [-77.0230886307476, 38.9366300309642], [-77.0231926915901, 38.9366047950156], [-77.0233667258033, 38.936562589276], [-77.0242998436182, 38.9363362953143], [-77.0242371268383, 38.9364215266702], [-77.024148586189, 38.9365417155861], [-77.0241113474272, 38.936591449642], [-77.0238866482319, 38.9368917419511], [-77.0233181251498, 38.937651725774], [-77.0230780494919, 38.9379777025405], [-77.0229297708761, 38.9381790311762], [-77.0229027917732, 38.9382155203319], [-77.0227058693848, 38.9384794117896], [-77.0225876915176, 38.9386389712013], [-77.0225046602359, 38.9387483184198], [-77.0216129116365, 38.9399482319215], [-77.0215422052405, 38.9401368859108], [-77.0215350528542, 38.9402144324611], [-77.0215386631833, 38.9402882443172], [-77.0215446432682, 38.9403481398848], [-77.021558917498, 38.9406326192095], [-77.02156612019, 38.9408023343566], [-77.0215679770077, 38.9408381870391], [-77.0215720373928, 38.9409165579927], [-77.0215759827935, 38.9409939387963], [-77.0215872611419, 38.9412126502561], [-77.0216089356931, 38.9416329810097], [-77.0216198556136, 38.9418896247615], [-77.0216240390679, 38.9419897064759], [-77.0185977433348, 38.9420771570735], [-77.0171269254319, 38.942120441806], [-77.017289887011, 38.945332051779], [-77.0141735836797, 38.9454192404483], [-77.0139235385186, 38.945474185869], [-77.011638829002, 38.9444141762224], [-77.0116278695556, 38.9444103943203], [-77.0116173700465, 38.9444058913904], [-77.0116073349665, 38.9444007575608], [-77.0115979906909, 38.944394902703], [-77.0115893381181, 38.9443885077724], [-77.0115427263346, 38.9443371652552], [-77.0115580668647, 38.9443281551937], [-77.0115791745789, 38.9443153618265], [-77.0116001673088, 38.9443024776299], [-77.011620813289, 38.9442893237436], [-77.0116386915598, 38.9442777914716], [-77.0116413424882, 38.9442760790276], [-77.0116616444136, 38.9442625646219], [-77.0116817136754, 38.9442488699562], [-77.0117000518836, 38.9442332839829], [-77.0117181601231, 38.9442176078773], [-77.0117361524799, 38.9442018416396], [-77.0117540298524, 38.9441859852697], [-77.0117717913422, 38.9441700387674], [-77.0117894378476, 38.9441540021327], [-77.0118069675721, 38.9441378753656], [-77.0118242691244, 38.9441216591647], [-77.0118415697785, 38.9441053521325], [-77.0118469902129, 38.9441002168839], [-77.0118586386672, 38.9440890450966], [-77.0118874727912, 38.9440624682532], [-77.0119163069152, 38.9440360709589], [-77.0119452560235, 38.9440096736549], [-77.0119743210145, 38.94398336647], [-77.0120035000916, 38.9439570592754], [-77.012032680067, 38.9439308422], [-77.012061975925, 38.9439047152441], [-77.0120913858691, 38.9438785882785], [-77.0121209116959, 38.9438525507338], [-77.0121504384209, 38.9438265138783], [-77.012157934862, 38.9438176854076], [-77.012165200436, 38.9438086759788], [-77.0121721201586, 38.9437994869889], [-77.0121786931316, 38.9437902078686], [-77.0121849211514, 38.9437808386178], [-77.012190917406, 38.943771198978], [-77.0121964528248, 38.9437615593369], [-77.0122017573765, 38.9437517401345], [-77.0122067160769, 38.9437418301027], [-77.0122112130432, 38.943731830639], [-77.0123109556841, 38.9435158014938], [-77.0123781802101, 38.9433701302502], [-77.0124083914514, 38.9433045464775], [-77.0124398702156, 38.9432363502729], [-77.0124550912698, 38.943203288641], [-77.0125561014336, 38.9429853672456], [-77.0125650953662, 38.9429654582336], [-77.0125744351502, 38.9429457287779], [-77.0125841207856, 38.9429260894471], [-77.0125941531707, 38.94290654094], [-77.0126045314072, 38.9428870818591], [-77.012615255495, 38.9428677129034], [-77.0126263263326, 38.9428485235045], [-77.0126378580059, 38.9428295150602], [-77.0126496196479, 38.9428105066107], [-77.0126617289379, 38.9427916777184], [-77.0126807570523, 38.9427639300888], [-77.0127003609867, 38.9427363627094], [-77.012720773405, 38.9427091551431], [-77.0127416475572, 38.9426822179585], [-77.0127633283966, 38.9426556412863], [-77.0127855868527, 38.9426293349964], [-77.0128084211289, 38.9426032983903], [-77.0128319480062, 38.9425777124286], [-77.0128559366176, 38.9425523961514], [-77.0128806169317, 38.9425274403887], [-77.0129809551556, 38.9424306803059], [-77.0131428800789, 38.9422844576614], [-77.01323041731, 38.9422126517319], [-77.0133171478541, 38.9421416569118], [-77.013395227622, 38.9420776887791], [-77.0134124123933, 38.9420636338643], [-77.0135264741799, 38.9419624580988], [-77.0137605904143, 38.9417333495519], [-77.0139742915356, 38.941522259707], [-77.0141556991207, 38.9413418023663], [-77.0141724212597, 38.9413247743344], [-77.0141890284143, 38.9413076568647], [-77.0142052888193, 38.9412902689935], [-77.0142213192555, 38.9412727909857], [-77.0142371188248, 38.9412551327085], [-77.0142525716443, 38.9412373842945], [-77.0142676786124, 38.941219455611], [-77.0142826705962, 38.9412014374891], [-77.0142972008459, 38.941183148965], [-77.0143116736034, 38.9411648150205], [-77.0143726198039, 38.9410893635223], [-77.0144338543635, 38.9410136862627], [-77.0145521714696, 38.9408675571172], [-77.0145625506044, 38.9408547638243], [-77.0145728138565, 38.9408418810948], [-77.0145827312573, 38.9408288173982], [-77.0145925327753, 38.940815754398], [-77.0146021043247, 38.9408026012623], [-77.014611445007, 38.940789267858], [-77.0146205548223, 38.9407759344511], [-77.0146294337706, 38.9407624207756], [-77.0146381968362, 38.9407489070976], [-77.0146466149487, 38.9407352131506], [-77.0148510571343, 38.9404043126765], [-77.0150127188512, 38.9401409796665], [-77.0150560742417, 38.9400714305054], [-77.0150921658549, 38.9400134121475], [-77.0151740338183, 38.9398817904553], [-77.0151815293611, 38.9398698983269], [-77.0151893698569, 38.9398581864651], [-77.0151975571024, 38.9398465647355], [-77.0152060901992, 38.9398352134069], [-77.0152150850302, 38.9398239522108], [-77.0152244257125, 38.9398128705827], [-77.0152341122462, 38.9398019692216], [-77.0152441455296, 38.9397913382619], [-77.0152544087817, 38.9397807967361], [-77.0152651337679, 38.9397705263106], [-77.0152684781957, 38.9397676434084], [-77.015313109194, 38.9397283608846], [-77.0154329309782, 38.9396227679889], [-77.0158542058121, 38.9392437330276], [-77.0160860025965, 38.9390344384767], [-77.0161408950502, 38.938984794872], [-77.0161723765093, 38.938956864783], [-77.0162487216304, 38.9388892024146], [-77.0163153766245, 38.9388300986678], [-77.0163911432305, 38.9387628861579], [-77.0163972553677, 38.9387573899796], [-77.016460796801, 38.9387003585458], [-77.0165486709004, 38.9386215232839], [-77.0167705466907, 38.9384223186441], [-77.0168789472944, 38.9383250135393], [-77.0169543662523, 38.9382572597329], [-77.0169782371844, 38.9382357269397], [-77.0171037803386, 38.9381225673465], [-77.0171883477395, 38.9380463419087], [-77.0172179849573, 38.9380222852271], [-77.0172483147763, 38.9379988587948], [-77.0172792213136, 38.9379759731748], [-77.0173109354364, 38.9379536283673], [-77.0173432262776, 38.9379318229755], [-77.0173760938372, 38.9379105590962], [-77.0174096539979, 38.937890014907], [-77.0174437899787, 38.9378699213957], [-77.0174785035762, 38.9378505482744], [-77.0175027230546, 38.9378375727661], [-77.0175136789078, 38.9378317159688], [-77.0175448181088, 38.9378172975688], [-77.0175763031612, 38.937803419987], [-77.0176081349633, 38.9377899930869], [-77.0176404276011, 38.9377771063069], [-77.017672951106, 38.937764850483], [-77.0177058213606, 38.9377530446428], [-77.0177260047084, 38.9377461949348], [-77.0177390365682, 38.9377417789236], [-77.0177725994239, 38.9377311441613], [-77.0178063922482, 38.9377209593835], [-77.0178404159396, 38.937711405563], [-77.0179422561467, 38.9376831039433], [-77.0179623245102, 38.9376776055852], [-77.0180442122365, 38.9376551621618], [-77.0181463991933, 38.9376275809176], [-77.0182487011345, 38.9376002700741], [-77.0183512339428, 38.9375733190699], [-77.018453766751, 38.9375467286042], [-77.0185565304262, 38.9375204979787], [-77.0186594090858, 38.9374945377553], [-77.0187625186124, 38.9374690282088], [-77.0188656281391, 38.9374437883664], [-77.0188829287931, 38.9374399117628], [-77.0190351716742, 38.9374060159283]], [[-77.0222883989161, 38.9379026033068], [-77.0219847315191, 38.9382922130387], [-77.0215026191809, 38.9382946481146], [-77.0215245326839, 38.9384456212613], [-77.0221099548731, 38.9384310115343], [-77.0224511898152, 38.9379513050771], [-77.0222883989161, 38.9379026033068]], [[-77.0189793539557, 38.9384943226587], [-77.0189699629677, 38.9380681877917], [-77.0184283695813, 38.9380852333754], [-77.0184252389525, 38.9382849085091], [-77.017905559069, 38.9382751682035], [-77.0175580628694, 38.938326304094], [-77.0172356108015, 38.93813149924], [-77.0171229090643, 38.9382581226656], [-77.0174140548445, 38.9384553615435], [-77.0174359692459, 38.9386112044783], [-77.0176175439176, 38.9385990291521], [-77.0176018907738, 38.9384504914026], [-77.0178116402061, 38.9384188361773], [-77.0184502839826, 38.9384066601194], [-77.0184628055994, 38.938506497304], [-77.0189793539557, 38.9384943226587]], [[-77.0177576388811, 38.9400209282091], [-77.0181734205171, 38.9405992370539], [-77.0181832040689, 38.9409568725432], [-77.0182803029679, 38.94095443686], [-77.0187897573285, 38.9409416547621], [-77.0187555162448, 38.9399904908444], [-77.0177576388811, 38.9400209282091]], [[-77.0170141203884, 38.940838929763], [-77.0169700966513, 38.9402339900951], [-77.0153705555581, 38.9402568176921], [-77.0153999044167, 38.94088078081], [-77.0170141203884, 38.940838929763]], [[-77.019545994169, 38.9410462060231], [-77.0195960833309, 38.9419593097819], [-77.0197507354936, 38.9419593097819], [-77.019703926979, 38.9415797437237], [-77.0197870489906, 38.9415137167172], [-77.0201126316872, 38.9411192547286], [-77.0201282857294, 38.9410194212227], [-77.019545994169, 38.9410462060231]], [[-77.0208138862424, 38.94183512792], [-77.020823279027, 38.9419373959269], [-77.0209735474111, 38.9419325253264], [-77.0209704167824, 38.9418132133279], [-77.0210417484058, 38.9417243147051], [-77.0211457301966, 38.941706076622], [-77.0211457301966, 38.9418302580112], [-77.0213147823533, 38.9418156482829], [-77.0213022607365, 38.9415429355966], [-77.0211613824421, 38.9415599803449], [-77.0212327769476, 38.9414741633668], [-77.0212678238201, 38.9413237905638], [-77.0212731768809, 38.9412669987526], [-77.0215147805732, 38.9412637302282], [-77.0215057489113, 38.9411460387925], [-77.0211238157952, 38.9411752585222], [-77.0211144248072, 38.9413286605074], [-77.0208577150451, 38.9417426002949], [-77.0208138862424, 38.94183512792]], [[-77.0167065390318, 38.9420445315845], [-77.0166721030137, 38.9411241246862], [-77.0157391837265, 38.9411606479602], [-77.0158111872898, 38.9420786215345], [-77.0167065390318, 38.9420445315845]], [[-77.0238085010904, 38.936802096488], [-77.0239258983216, 38.9365357566646], [-77.0231432492152, 38.9367298042693], [-77.0231725980738, 38.9374451145728], [-77.0232606464464, 38.9374375046071], [-77.0238085010904, 38.936802096488]]]}, "properties": {"TrashRouteArea": "OR411", "CollectionDays": "Wednesday", "RunsPerWeek": 1, "TrashStatusUpdate": "In Progress", "TStatus": "Scheduled Other Day", "ServiceArea": "Outer Ring"}}, {"type": "Feature", "geometry": {"type": "Polygon", "coordinates": [[[-77.0139235385186, 38.945474185869], [-77.0141735836797, 38.9454192404483], [-77.017289887011, 38.945332051779], [-77.0171269254319, 38.942120441806], [-77.0185977433348, 38.9420771570735], [-77.0216240390679, 38.9419897064759], [-77.0216276404139, 38.9420740234342], [-77.0216282207256, 38.9420858243628], [-77.0216571240198, 38.9426811769144], [-77.0216717485927, 38.9429786277365], [-77.0216756939934, 38.9430570892491], [-77.0216795244098, 38.9431360006267], [-77.0216926407112, 38.9434016526118], [-77.0216941507792, 38.943436696306], [-77.0217050706998, 38.943690095858], [-77.0217080522082, 38.9437493080407], [-77.0217231753461, 38.9440497034837], [-77.0217256124754, 38.9440987978783], [-77.0217272375278, 38.9441292460556], [-77.0218277087024, 38.9441256241344], [-77.0218521635394, 38.944124808783], [-77.0224000864553, 38.9441088503895], [-77.0228132791467, 38.944098591071], [-77.022862303805, 38.9440974103131], [-77.0229157679375, 38.9440957502652], [-77.023343782831, 38.9440824517152], [-77.0234527906958, 38.9440790065561], [-77.0234537204521, 38.9440984639125], [-77.0234562761591, 38.9441544953957], [-77.0234651065983, 38.9443481714184], [-77.0234806833853, 38.9447102112604], [-77.0234943683204, 38.944930731279], [-77.0234951812957, 38.9449486576267], [-77.0235045938433, 38.9451576482681], [-77.0227013760118, 38.9462412333011], [-77.0222420620171, 38.9468562485905], [-77.0221851088281, 38.9468332666215], [-77.0221438069863, 38.946820753165], [-77.0221176175025, 38.9468128305132], [-77.0220945451727, 38.9468079707274], [-77.0220477070138, 38.9467980702053], [-77.0219761822526, 38.946789255379], [-77.0219512647832, 38.9467888997677], [-77.0219085822308, 38.9467883673988], [-77.0218579415033, 38.9467909894204], [-77.02184109899, 38.9467918033439], [-77.0217936886043, 38.946797307283], [-77.0217741942643, 38.9467994730879], [-77.0217083288893, 38.9468114660564], [-77.0217052144303, 38.9468121870597], [-77.0216438487166, 38.9468275125696], [-77.0215813304644, 38.9468477027502], [-77.0215211208825, 38.9468717662185], [-77.0214635658222, 38.9468995220215], [-77.0214614898156, 38.9469006936504], [-77.021409242002, 38.9469308807281], [-77.0213582644063, 38.9469656620832], [-77.0212974888857, 38.9470254884332], [-77.021247904577, 38.9470913475225], [-77.0212106649169, 38.9471618895558], [-77.0211862307412, 38.9472358520722], [-77.0211766753615, 38.9473026052275], [-77.0211754096353, 38.9473117937633], [-77.0211770382809, 38.9473580962246], [-77.0211780857165, 38.9473880930772], [-77.0211840918525, 38.9474158374997], [-77.0211943730709, 38.9474633995413], [-77.0212239267454, 38.9475361810425], [-77.0212661691234, 38.9476050871198], [-77.0213202908226, 38.9476686750966], [-77.0213663321759, 38.9477123574334], [-77.0214180248306, 38.9477518940295], [-77.0214270250514, 38.9477574775388], [-77.0214746770839, 38.9477871060407], [-77.0215264811297, 38.9478127697669], [-77.0215358263036, 38.9478174527288], [-77.0216685038779, 38.947862379245], [-77.0217386461319, 38.9478765091616], [-77.0218825023415, 38.9478872024849], [-77.0219792877285, 38.9478809685557], [-77.0220696672292, 38.9478668987227], [-77.0221925711331, 38.9478308420995], [-77.022472153799, 38.948277372847], [-77.0225418693533, 38.9483887172583], [-77.0225417885049, 38.9483887193542], [-77.0219360742717, 38.9484064296491], [-77.0220054376864, 38.9498803990232], [-77.0199418341039, 38.9499531507967], [-77.0175076754668, 38.9500209199738], [-77.0157860120039, 38.9500721514865], [-77.0140732256928, 38.950106871918], [-77.0141412712789, 38.9500160604079], [-77.0142809386443, 38.9498297521142], [-77.0144221906379, 38.9496388883368], [-77.0146932446985, 38.949272629535], [-77.0150724289698, 38.9487627828982], [-77.015083401891, 38.9487480278868], [-77.01514798537, 38.9486607294351], [-77.0152181042678, 38.9485658626252], [-77.0152849946205, 38.9484754110312], [-77.0154624819577, 38.9482352271514], [-77.0155387120944, 38.9481326126247], [-77.0156265906854, 38.9480140516131], [-77.0156890972595, 38.9479298157746], [-77.0158362511845, 38.947731523858], [-77.0159387067376, 38.9475932312187], [-77.0159688748598, 38.9475525117378], [-77.0160324180898, 38.9474667439317], [-77.0160956154683, 38.9473814266453], [-77.0161744965334, 38.9472749383099], [-77.016472490171, 38.9468746586129], [-77.0166972513501, 38.9465715881361], [-77.016753412225, 38.9464965406223], [-77.0167831653255, 38.9464568098], [-77.0168130334104, 38.9464168092763], [-77.0160730228389, 38.94643790223], [-77.0159909329916, 38.9464390941274], [-77.0139235385186, 38.945474185869]]]}, "properties": {"TrashRouteArea": "OR413", "CollectionDays": "Wednesday", "RunsPerWeek": 1, "TrashStatusUpdate": "In Progress", "TStatus": "Scheduled Other Day", "ServiceArea": "Outer Ring"}}, {"type": "Feature", "geometry": {"type": "Polygon", "coordinates": [[[-77.0220054376864, 38.9498803990232], [-77.0219360742717, 38.9484064296491], [-77.0225417885049, 38.9483887193542], [-77.0225418693533, 38.9483887172583], [-77.0236572319831, 38.948356098167], [-77.0269351557087, 38.9482635042988], [-77.0271377141272, 38.949741805979], [-77.0272864787315, 38.9508098824211], [-77.0272958508549, 38.9508815860295], [-77.0273149427496, 38.9510285971321], [-77.0273526567202, 38.9513042409923], [-77.0273604082828, 38.9513606314503], [-77.0273676963147, 38.9514143189752], [-77.0273822732768, 38.9515204329298], [-77.0273857668249, 38.9515455727516], [-77.0273881931745, 38.9515630300632], [-77.0273923380012, 38.951592856774], [-77.0274013615783, 38.951657985077], [-77.0274209125121, 38.9517991396243], [-77.0274315557516, 38.951875707958], [-77.0274415045934, 38.9519469605922], [-77.0274596676301, 38.9520779367387], [-77.0275039923029, 38.9524005337592], [-77.0275599726164, 38.9528079434726], [-77.027562749309, 38.9528280313531], [-77.0275745495785, 38.9529136075467], [-77.0275853087007, 38.9529908054993], [-77.0276557617718, 38.9535014837721], [-77.0276776321557, 38.9536600083122], [-77.02771673582, 38.9539412368365], [-77.0277251826786, 38.9540051935659], [-77.0277364062298, 38.9540895088076], [-77.0277464727509, 38.9541648151378], [-77.0277600103622, 38.9542666958128], [-77.027792869837, 38.9545091002694], [-77.0278099665734, 38.9546267925734], [-77.0278298885115, 38.9547639356179], [-77.0278673805982, 38.9550504793373], [-77.0278721228046, 38.9550820069835], [-77.0278831118955, 38.9551556922883], [-77.0222662015454, 38.9553170639629], [-77.0222624861134, 38.955239683425], [-77.0222190552643, 38.9543352621281], [-77.02221835907, 38.954324001838], [-77.0222132584358, 38.9542437392993], [-77.022208503653, 38.9541671693325], [-77.0222075765917, 38.9541533871628], [-77.0221909361993, 38.9538248378582], [-77.0221785556181, 38.9535803765377], [-77.0221744431307, 38.9534881611391], [-77.0221592705855, 38.9531479829142], [-77.0221556692396, 38.9530695220913], [-77.0221520678936, 38.9529889884778], [-77.0221512549183, 38.9529701615905], [-77.0221271198815, 38.9525241668839], [-77.0221094527149, 38.952099339581], [-77.0221063140012, 38.9520239409374], [-77.0220054376864, 38.9498803990232]]]}, "properties": {"TrashRouteArea": "OR410", "CollectionDays": "Wednesday", "RunsPerWeek": 1, "TrashStatusUpdate": "In Progress", "TStatus": "Scheduled Other Day", "ServiceArea": "Outer Ring"}}, {"type": "Feature", "geometry": {"type": "Polygon", "coordinates": [[[-77.0161253766536, 38.957096049764], [-77.0149468085605, 38.9567111412182], [-77.0150566599433, 38.9565899575292], [-77.0153548341423, 38.9562610248378], [-77.0160396082053, 38.955505598816], [-77.0177713435791, 38.9554450768706], [-77.0222662015454, 38.9553170639629], [-77.0278831118955, 38.9551556922883], [-77.0280313222392, 38.9562239470077], [-77.0281768825529, 38.9572881487422], [-77.0282371855596, 38.9583590362186], [-77.0282353547931, 38.9583829085721], [-77.0280779214463, 38.9583856712683], [-77.0275997958313, 38.9583940627388], [-77.0274989626356, 38.9583958335185], [-77.0270967114244, 38.9584028935853], [-77.026759635682, 38.9584088094555], [-77.0260465592977, 38.9584213250573], [-77.0259677761489, 38.9584227088495], [-77.0258636874587, 38.9584245348125], [-77.0258676157914, 38.9585084047215], [-77.0258677568269, 38.9585114468253], [-77.0258688833143, 38.9585354602308], [-77.0258812629972, 38.9587998334774], [-77.0258958579256, 38.9591114875378], [-77.0258990613179, 38.9591798640565], [-77.0259019718594, 38.9592420264394], [-77.0259027668685, 38.9592589914915], [-77.0259056908847, 38.9593214492802], [-77.0259086166976, 38.9593838972346], [-77.025911535324, 38.9594462382601], [-77.0259144584419, 38.9595086651489], [-77.0259173833565, 38.9595710933798], [-77.0259203073727, 38.959633554386], [-77.0259232268974, 38.95969590078], [-77.0259261545069, 38.9597583993963], [-77.0259290758282, 38.9598207799079], [-77.0259320007428, 38.9598832302163], [-77.0259348663685, 38.9599444203448], [-77.0259377248078, 38.9600054490631], [-77.0259405823487, 38.9600664609644], [-77.0259434632458, 38.9601279736487], [-77.0259463279732, 38.9601891523895], [-77.0259471669997, 38.960207056717], [-77.0259491918024, 38.960250303137], [-77.0259517861369, 38.9603074031516], [-77.0259518283577, 38.960308323094], [-77.0259012738685, 38.960291733395], [-77.025850051931, 38.9602749250573], [-77.0254944107066, 38.9601580754622], [-77.0211546908915, 38.9587402308155], [-77.0210710352807, 38.9587125907155], [-77.0209179138473, 38.9586620814415], [-77.0207818289632, 38.9586177387567], [-77.020733063918, 38.9586018492879], [-77.0178645626544, 38.957664022037], [-77.0161253766536, 38.957096049764]]]}, "properties": {"TrashRouteArea": "OR407", "CollectionDays": "Wednesday", "RunsPerWeek": 1, "TrashStatusUpdate": "In Progress", "TStatus": "Scheduled Other Day", "ServiceArea": "Outer Ring"}}, {"type": "Feature", "geometry": {"type": "Polygon", "coordinates": [[[-77.0157860120039, 38.9500721514865], [-77.0175076754668, 38.9500209199738], [-77.0199418341039, 38.9499531507967], [-77.0220054376864, 38.9498803990232], [-77.0221063140012, 38.9520239409374], [-77.0221094527149, 38.952099339581], [-77.0221271198815, 38.9525241668839], [-77.0221512549183, 38.9529701615905], [-77.0221520678936, 38.9529889884778], [-77.0221556692396, 38.9530695220913], [-77.0221592705855, 38.9531479829142], [-77.0221744431307, 38.9534881611391], [-77.0221785556181, 38.9535803765377], [-77.0221909361993, 38.9538248378582], [-77.0222075765917, 38.9541533871628], [-77.022208503653, 38.9541671693325], [-77.0222132584358, 38.9542437392993], [-77.02221835907, 38.954324001838], [-77.0222190552643, 38.9543352621281], [-77.0222624861134, 38.955239683425], [-77.0222662015454, 38.9553170639629], [-77.0177713435791, 38.9554450768706], [-77.0160396082053, 38.955505598816], [-77.0158159447675, 38.9555134136164], [-77.0175995641372, 38.9532074191267], [-77.017733123857, 38.9529716914935], [-77.0177386350213, 38.9529619671774], [-77.017807930164, 38.9528398877757], [-77.0178534945118, 38.9527732886342], [-77.0178657879565, 38.9527555982923], [-77.0178831595774, 38.9527320998834], [-77.0179117556479, 38.9526939408876], [-77.0179799602358, 38.9526029301012], [-77.0180100843406, 38.9525627332491], [-77.0180285312449, 38.952537426825], [-77.0180526375356, 38.9525043569562], [-77.0182262675069, 38.9522642307399], [-77.0182667473903, 38.9522094540531], [-77.0183248719824, 38.9521308929908], [-77.0176102981065, 38.9521507302681], [-77.0175566219717, 38.9510891137673], [-77.0158385948891, 38.9511395725505], [-77.0157860120039, 38.9500721514865]]]}, "properties": {"TrashRouteArea": "OR406", "CollectionDays": "Wednesday", "RunsPerWeek": 1, "TrashStatusUpdate": "In Progress", "TStatus": "Scheduled Other Day", "ServiceArea": "Outer Ring"}}, {"type": "Feature", "geometry": {"type": "Polygon", "coordinates": [[[-77.0033465012756, 38.9663842489952], [-77.0007967204782, 38.9644051822515], [-76.9988222576197, 38.96286413741], [-76.9972323195168, 38.9616242140247], [-76.9982738783595, 38.9612936310871], [-76.9990765895412, 38.9609188967532], [-77.0000613613832, 38.9601466226087], [-77.0003162412771, 38.9598600415188], [-77.0005599092979, 38.9595439684139], [-77.0011333281983, 38.9587838476525], [-77.0022519014069, 38.9568167903918], [-77.0024425634361, 38.9569635279268], [-77.0025112126901, 38.9570150533988], [-77.0025457151835, 38.9570424936785], [-77.0026890315056, 38.9571564794886], [-77.0027698861694, 38.957220786081], [-77.0027889286568, 38.9572359298147], [-77.0028048494986, 38.9572483610999], [-77.0028204262856, 38.9572609719086], [-77.0028356554246, 38.95727385375], [-77.0028505387123, 38.9572870052267], [-77.0028651929295, 38.9573004270372], [-77.002879383616, 38.9573140297679], [-77.0028932302478, 38.9573279021335], [-77.0029066142472, 38.9573419547205], [-77.0029197673796, 38.9573561882271], [-77.0029325737623, 38.9573706899713], [-77.0029486122834, 38.9573894269748], [-77.0029641890704, 38.9574084343091], [-77.0029793032251, 38.9574277112756], [-77.0029938406613, 38.9574471684606], [-77.0030078040741, 38.9574668966743], [-77.0030211871752, 38.9574868945196], [-77.0030341103389, 38.9575071626946], [-77.0030463400032, 38.9575275209756], [-77.00305810973, 38.9575481495861], [-77.0030693018401, 38.957568958414], [-77.0030802630832, 38.9575902177943], [-77.0030904176392, 38.9576115672799], [-77.0030999936801, 38.9576331863956], [-77.0031087639323, 38.9576549864264], [-77.0031168415833, 38.9576769659751], [-77.0031242266332, 38.9576990363272], [-77.0031308031994, 38.9577212868954], [-77.0031366889612, 38.9577437169812], [-77.0031418821218, 38.9577661477583], [-77.0031462667987, 38.9577887580528], [-77.0031503056242, 38.9578139808727], [-77.0031534227783, 38.9578392043822], [-77.0031557314486, 38.9578645172956], [-77.0031571166507, 38.9578898301999], [-77.0031576942675, 38.957915233905], [-77.0031573493144, 38.9579406369024], [-77.0031561967759, 38.9579659504781], [-77.0031542366519, 38.9579913534574], [-77.0031516998096, 38.9580128837431], [-77.0031513539582, 38.9580165769038], [-77.003147546898, 38.9580418003412], [-77.0031174389629, 38.9581689072171], [-77.0031422468378, 38.9581841310796], [-77.0031661303463, 38.9582002546511], [-77.0031890903867, 38.9582171899156], [-77.0032111287555, 38.9582349354755], [-77.0032321277736, 38.958253401918], [-77.0032519733548, 38.9582724991314], [-77.0032707795853, 38.9582923165277], [-77.0032883173946, 38.9583128548047], [-77.0033048194464, 38.9583338436295], [-77.0033200485854, 38.9583554632233], [-77.0034187033665, 38.9585048170647], [-77.0034248181987, 38.9585140055453], [-77.0034356644574, 38.9585304000718], [-77.0034643871903, 38.9585708505984], [-77.0036168187176, 38.9585139992586], [-77.0038825403786, 38.9584150417602], [-77.0039093622764, 38.9584088143452], [-77.0039242437674, 38.9584152289669], [-77.0039964808927, 38.9585139873835], [-77.0040548947423, 38.9585952006755], [-77.0041868662407, 38.9587767687634], [-77.0043451619702, 38.9589852191876], [-77.0044944449024, 38.9591924039705], [-77.0046202907889, 38.9593646815718], [-77.0047313513041, 38.9595189438912], [-77.0048715343025, 38.9597201016859], [-77.0048732833224, 38.959732612865], [-77.0048686650835, 38.9597447091215], [-77.0048602703271, 38.9597536019679], [-77.0044609323524, 38.9599353172687], [-77.0045031064584, 38.9599933954605], [-77.0046448040164, 38.960187067323], [-77.0046469959056, 38.9601900402017], [-77.0046663806512, 38.9602157127088], [-77.0046863439117, 38.9602410254717], [-77.0046968443191, 38.960253816663], [-77.0047068829924, 38.9602661573104], [-77.0047278829088, 38.960291019514], [-77.0047494622385, 38.9603156106856], [-77.0047616928011, 38.9603289425127], [-77.0047716164901, 38.9603398421143], [-77.0047942324756, 38.9603638933184], [-77.0048173101953, 38.9603875840817], [-77.0048409628367, 38.9604109144046], [-77.0048650808055, 38.9604339743956], [-77.0048898877821, 38.9604577552436], [-77.004915388258, 38.9604809954354], [-77.0049415804368, 38.960503785778], [-77.0049684670132, 38.960526034767], [-77.0049959285115, 38.9605478339079], [-77.0050241984935, 38.9605690916959], [-77.0050530442956, 38.9605897208179], [-77.005082583597, 38.9606098966006], [-77.0051126987186, 38.9606295331275], [-77.0051433914569, 38.9606485395927], [-77.0058921318564, 38.961125491233], [-77.0060783346484, 38.9608726199151], [-77.0060920627026, 38.9608539725432], [-77.0060961006298, 38.9608484766806], [-77.0062892258395, 38.9605864168619], [-77.0063610982487, 38.9604887628868], [-77.0065542198652, 38.9602282335796], [-77.0067513776121, 38.9599587853484], [-77.0106669003736, 38.9623355376064], [-77.0106976020951, 38.9623686573699], [-77.0070912569965, 38.9631612904998], [-77.0061860552274, 38.9642868391452], [-77.0058889617017, 38.9646462773173], [-77.0056953837411, 38.9648149200953], [-77.0048184636321, 38.9655185949122], [-77.0037107869879, 38.9664133346948], [-77.0033465012756, 38.9663842489952]]]}, "properties": {"TrashRouteArea": "OR405", "CollectionDays": "Wednesday", "RunsPerWeek": 1, "TrashStatusUpdate": "In Progress", "TStatus": "Scheduled Other Day", "ServiceArea": "Outer Ring"}}, {"type": "Feature", "geometry": {"type": "Polygon", "coordinates": [[[-77.0274791287324, 38.9675428595894], [-77.0274853342944, 38.9674785407134], [-77.0275031487848, 38.9672960296743], [-77.0278065242293, 38.9637797680126], [-77.0280330389197, 38.961021564714], [-77.0282353547931, 38.9583829085721], [-77.0282371855596, 38.9583590362186], [-77.0281768825529, 38.9572881487422], [-77.0363985838335, 38.9573609257433], [-77.0364002043942, 38.9564751507084], [-77.0384596344039, 38.9572690931761], [-77.0377793573072, 38.958521103321], [-77.0378020873788, 38.958522627516], [-77.0378183558686, 38.958523883475], [-77.0378345102724, 38.9585257695091], [-77.0378506637778, 38.9585281067942], [-77.0378665873146, 38.9585310741543], [-77.0378823958669, 38.9585344920668], [-77.0378978585679, 38.9585385407526], [-77.0379132062845, 38.9585431301012], [-77.0379282081498, 38.9585482601124], [-77.037942979148, 38.9585538406756], [-77.0379574042948, 38.9585599612027], [-77.0382406008831, 38.9586757153446], [-77.0384537468455, 38.9587585217955], [-77.0385946529877, 38.958816938341], [-77.0392307060229, 38.9591972356647], [-77.039220548772, 38.959199992741], [-77.0392057876553, 38.9592040001758], [-77.0391681787876, 38.9592118501931], [-77.0391297614362, 38.9592172679479], [-77.0390911114211, 38.95922043366], [-77.0390521146563, 38.9592212579187], [-77.0390132310792, 38.9592197393269], [-77.0389803482482, 38.9592196603936], [-77.0389475821982, 38.9592217426945], [-77.0389150479136, 38.9592258975168], [-77.0388832071283, 38.9592321241615], [-77.0388520598425, 38.95924033182], [-77.0388218360248, 38.9592505211901], [-77.0387928833231, 38.9592626915725], [-77.038765199941, 38.9592765740345], [-77.0387391335264, 38.959292256589], [-77.0387147981654, 38.9593095604129], [-77.0386829690582, 38.9593383074393], [-77.038655872276, 38.9593698457512], [-77.0386339686544, 38.9594039036197], [-77.0386177199276, 38.9594397622619], [-77.0386072410798, 38.9594768796221], [-77.0386028770642, 38.9595147157414], [-77.0386043979119, 38.9595527299634], [-77.0386121485762, 38.9595902922221], [-77.0386256673229, 38.9596268611651], [-77.038644954152, 38.9596617166198], [-77.0386601940708, 38.9596790978892], [-77.0386763556611, 38.9596960279106], [-77.0386932098525, 38.959712507383], [-77.0387107566449, 38.9597285363066], [-77.0387289942418, 38.9597440245728], [-77.0387479253381, 38.9597590622908], [-77.0387675472389, 38.9597734685447], [-77.0387878617407, 38.9597874249496], [-77.0388087520626, 38.9598007498909], [-77.038830219103, 38.9598135348751], [-77.0388606881608, 38.9598300995393], [-77.038891964804, 38.9598454934834], [-77.0389241631188, 38.959859896227], [-77.0389570531363, 38.9598732169637], [-77.0389907507392, 38.9598853669821], [-77.0390250241622, 38.9598964356931], [-77.0390598743037, 38.9599062428799], [-77.0390953002652, 38.9599148793499], [-77.0391310711798, 38.9599223444054], [-77.0391673038285, 38.9599285479379], [-77.0391896880488, 38.9599316933612], [-77.0392121899483, 38.9599344783495], [-77.0392311129598, 38.959936543865], [-77.0392348050356, 38.9599369930116], [-77.0392574210212, 38.9599391472386], [-77.0392800361085, 38.9599411212482], [-77.0393027661801, 38.9599426454127], [-77.03932549715, 38.9599439886611], [-77.0393482272217, 38.9599449721733], [-77.0393709572933, 38.9599455952506], [-77.0393938023493, 38.9599460374119], [-77.0394262252428, 38.9599489097143], [-77.0394584181677, 38.9599532223588], [-77.0394902661395, 38.9599590668508], [-77.0395216532755, 38.9599662629725], [-77.0395524645914, 38.9599749008324], [-77.0395824683219, 38.9599848896226], [-77.0396117812479, 38.9599962300411], [-77.0396401716042, 38.9600089220872], [-77.0396676393906, 38.9600227855431], [-77.0396939537402, 38.9600379105165], [-77.0397125371885, 38.9600504258306], [-77.0397306589027, 38.9600633916852], [-77.0397480889142, 38.9600768080803], [-77.0397648263246, 38.960090765124], [-77.0397809879149, 38.9601051727074], [-77.0397965718884, 38.9601199407218], [-77.0398113491748, 38.9601352500825], [-77.0398254338602, 38.9601508290668], [-77.0398388268427, 38.9601668606853], [-77.0398515281225, 38.9601832513368], [-77.0399304990192, 38.9602750172612], [-77.0399539342683, 38.9602995120434], [-77.0399786388369, 38.9603231951446], [-77.0400046118267, 38.9603460672641], [-77.0400317391517, 38.9603680382944], [-77.0400601339995, 38.960389107538], [-77.0400895672998, 38.9604092763927], [-77.0401200381542, 38.9604283632459], [-77.0401515465628, 38.9604465504103], [-77.0401840934239, 38.9604635633713], [-77.0402174478704, 38.9604795865369], [-77.0402427210726, 38.9604899377836], [-77.0402682260401, 38.9604997476822], [-77.0402941918434, 38.96050901763], [-77.0403205034981, 38.9605177462301], [-77.0403470451215, 38.9605258447719], [-77.0403738158153, 38.9605334934715], [-77.0404009359537, 38.9605405093191], [-77.0404281692798, 38.9605469859152], [-77.0404557484574, 38.9605528317553], [-77.0404834426193, 38.9605581369473], [-77.0405326002282, 38.9605678490449], [-77.0405817569389, 38.9605776505505], [-77.0406309145479, 38.9605873626455], [-77.0406800721569, 38.9605970747391], [-77.0407292297658, 38.9606068762407], [-77.0407783873748, 38.9606165883317], [-77.0408849886529, 38.9606374032436], [-77.0411570883525, 38.9607045356411], [-77.0412826126421, 38.9607538385308], [-77.0414072233451, 38.9608081496932], [-77.0415419167388, 38.9608703225223], [-77.0415930820824, 38.9608914474971], [-77.0415911704675, 38.9608943868179], [-77.0415777990445, 38.9609161013259], [-77.0415650043399, 38.9609380861497], [-77.041553018119, 38.9609601603755], [-77.0415414927339, 38.9609825056152], [-77.0415308333248, 38.9610048948538], [-77.0415206356497, 38.9610278240307], [-77.0415110721852, 38.9610507084958], [-77.0414996698693, 38.9610851238899], [-77.0414884975221, 38.9611196300731], [-77.0414776719246, 38.961154225648], [-77.0414671921785, 38.9611888205076], [-77.0414571741664, 38.9612235061558], [-77.0414473870214, 38.9612581910886], [-77.0414379466261, 38.9612930569169], [-77.0414287361995, 38.9613278319226], [-77.0414199875069, 38.961362787125], [-77.0414115846658, 38.9613977416117], [-77.0414000655689, 38.961430265991], [-77.041385776966, 38.9614621603064], [-77.0413689488257, 38.961493334452], [-77.0413494670622, 38.961523429399], [-77.041327561644, 38.9615526232665], [-77.0413032325711, 38.9615805577246], [-77.041276594828, 38.9616071412713], [-77.041247763399, 38.9616323746066], [-77.0412169709476, 38.9616560775188], [-77.0411840997948, 38.961678069098], [-77.0411376164704, 38.9617051101254], [-77.0410896320612, 38.9617307108366], [-77.0410404933168, 38.9617548698359], [-77.0409900843547, 38.9617774083092], [-77.0409386360417, 38.9617983255594], [-77.040886148378, 38.9618177116944], [-77.0408327372461, 38.9618354766091], [-77.0407784008495, 38.9618515301983], [-77.0407233727502, 38.9618659625697], [-77.0406676502531, 38.9618785935115], [-77.0406298087218, 38.9618855428686], [-77.0405918513078, 38.9618918621798], [-77.0405536630267, 38.9618975507468], [-77.0405153597613, 38.9619026986761], [-77.0404769397149, 38.9619072158615], [-77.0404384046842, 38.9619111030016], [-77.0403997528724, 38.9619143593981], [-77.040361101959, 38.961916985051], [-77.0403223342646, 38.9619190700666], [-77.0402834515859, 38.9619205250373], [-77.0399795461354, 38.9619402673725], [-77.0399429712286, 38.9619433421583], [-77.0399069757351, 38.9619489399166], [-77.0398716728428, 38.9619569691436], [-77.0398374101995, 38.9619673404308], [-77.0398044177741, 38.9619800530788], [-77.0397730423162, 38.9619948374664], [-77.0397433988101, 38.9620117829999], [-77.0397157172246, 38.9620306200582], [-77.0396902293251, 38.9620512571366], [-77.0396670500958, 38.9620736055247], [-77.0396521757913, 38.9620910867858], [-77.0396383399393, 38.9621091079799], [-77.0396254266571, 38.9621274888946], [-77.0396135527257, 38.9621463203341], [-77.0396028331294, 38.9621656015996], [-77.0395931519856, 38.9621852432833], [-77.0395846242786, 38.962205153882], [-77.0395772518051, 38.9622253354911], [-77.0395709168857, 38.962245695909], [-77.0395657363014, 38.9622663266384], [-77.0395562941095, 38.9623015523934], [-77.0395462751991, 38.9623365979196], [-77.0395376369993, 38.9623648862048], [-77.0395356795703, 38.9623716434285], [-77.0395243913405, 38.9624065094074], [-77.0395126413766, 38.962441284565], [-77.0395003146942, 38.9624758808916], [-77.0394959363055, 38.9624875031023], [-77.0394874112935, 38.9625103863974], [-77.039473930276, 38.9625448024795], [-77.0394598725401, 38.9625790390326], [-77.0394452371875, 38.9626131854638], [-77.0394280667892, 38.9626521067595], [-77.0394100888054, 38.9626907584166], [-77.0393910714708, 38.9627291397372], [-77.0393713624335, 38.9627673415252], [-77.0393506140454, 38.9628051828722], [-77.0393291730562, 38.9628427545825], [-77.0393068094972, 38.962880055958], [-77.0392835224701, 38.962916998291], [-77.0392594269592, 38.9629535794868], [-77.0391566336396, 38.9631103743859], [-77.0390545131581, 38.9631074561116], [-77.0390407240185, 38.9631107983668], [-77.0388948169551, 38.9631455606061], [-77.0388903334635, 38.963146629289], [-77.0388855930537, 38.9631472027457], [-77.0388762550664, 38.9631483321969], [-77.0388693308521, 38.9631491689825], [-77.0388670733858, 38.9631496076315], [-77.0388579752486, 38.9631513754984], [-77.0388488241108, 38.963153153144], [-77.0388421110007, 38.9631544572164], [-77.0388316240681, 38.9631579594226], [-77.0388231278021, 38.9631607966706], [-77.0388166949664, 38.9631629459102], [-77.0388145857221, 38.9631636457926], [-77.038806080473, 38.9631664655781], [-77.0387976767335, 38.9631692504393], [-77.038788047692, 38.9631719165578], [-77.0387783836161, 38.9631745924551], [-77.0387760461998, 38.9631752406494], [-77.0387686350987, 38.9631769596217], [-77.0387588344789, 38.9631792331913], [-77.0387538739819, 38.9631803849935], [-77.0387490203844, 38.9631811002423], [-77.0387391056787, 38.9631825614735], [-77.0387331426618, 38.9631834415648], [-77.0387269236251, 38.9631838473847], [-77.0387206884187, 38.9631842546016], [-77.0387142133621, 38.9631846757882], [-77.0387113513297, 38.9631848636807], [-77.0387083608381, 38.9631850578596], [-77.0387022495992, 38.9631854573931], [-77.0386603063602, 38.9631835121118], [-77.038629676504, 38.9631820913929], [-77.0386181169829, 38.9631815549562], [-77.0385759294022, 38.963179317708], [-77.0385619830575, 38.9631784851136], [-77.0385337400249, 38.9631767975731], [-77.0385008527024, 38.963174834131], [-77.0384915524442, 38.9631742774382], [-77.0384497241897, 38.9631716176061], [-77.0384075357107, 38.9631686762843], [-77.0383791336763, 38.9631664865327], [-77.0383657056595, 38.9631654520758], [-77.0383536547599, 38.9631645307736], [-77.0383235171804, 38.9631622285657], [-77.0382816889259, 38.9631585831702], [-77.038274816814, 38.9631579775833], [-77.0382402199974, 38.9631549363775], [-77.0382196997814, 38.9631530623409], [-77.0381987519673, 38.9631511498875], [-77.0381674429847, 38.9631480507071], [-77.0381576441615, 38.9631470812092], [-77.0381352895857, 38.963144812528], [-77.0381161752331, 38.9631428728335], [-77.0380750674274, 38.9631383822693], [-77.0380335984989, 38.9631336095166], [-77.0379924915915, 38.9631286963681], [-77.0379759050981, 38.9631266002122], [-77.0379513828875, 38.9631235017293], [-77.0379231865673, 38.9631198416636], [-77.0379102741834, 38.9631181666945], [-77.0378911562376, 38.9631155543574], [-77.0378691663777, 38.9631125501695], [-77.0378604356515, 38.9631115967363], [-77.0378305819396, 38.9631083396963], [-77.0378052763981, 38.9631051797458], [-77.037792357726, 38.9631035669416], [-77.0377580151327, 38.9630991923237], [-77.0377537741862, 38.9630986523939], [-77.0377155508709, 38.9630935974502], [-77.0376773266572, 38.9630881206205], [-77.0376391033419, 38.9630823616019], [-77.0376151946806, 38.9630785834899], [-77.0376008791282, 38.9630763217914], [-77.0375856724471, 38.9630738393712], [-77.0375630142407, 38.9630701408861], [-77.0375426512298, 38.9630666233089], [-77.0375247918237, 38.963063537396], [-77.0375044189313, 38.9630599094576], [-77.0374869269361, 38.9630567935096], [-77.0367456955542, 38.9629247654754], [-77.0367389357317, 38.962923560584], [-77.0367366755704, 38.9629232504554], [-77.0367274462792, 38.9629219847956], [-77.0367182053099, 38.9629207170402], [-77.0367136032406, 38.9629200863057], [-77.0367089418826, 38.9629197412527], [-77.0366996991167, 38.9629190567347], [-77.036692779394, 38.9629185433461], [-77.0366905165378, 38.9629186159888], [-77.0366812953314, 38.9629189121477], [-77.036672062447, 38.962919206211], [-77.0366650151636, 38.9629194318226], [-77.036662722663, 38.9629196923586], [-77.0366535005583, 38.9629207393918], [-77.0366446368813, 38.9629217452143], [-77.0366354345396, 38.9629235962068], [-77.0366253590354, 38.9629256665246], [-77.0366186010095, 38.9629274406835], [-77.0366101433711, 38.9629297023867], [-77.0366059769848, 38.9629308164746], [-77.0366019606171, 38.9629322120531], [-77.0365937922363, 38.9629350486115], [-77.0365897552074, 38.9629364511747], [-77.0365859939613, 38.9629381429118], [-77.0365773494733, 38.9629420285984], [-77.0365729917459, 38.9629439878561], [-77.0365689008181, 38.9629462858801], [-77.0365607126742, 38.962950886119], [-77.0365555087338, 38.9629538106861], [-77.0365525380052, 38.9629555527139], [-77.0365482566345, 38.9629580616808], [-77.0365284775286, 38.9629750370189], [-77.0365140613649, 38.9629899615949], [-77.0363873306379, 38.9631499876076], [-77.0363872659592, 38.9631628020222], [-77.0363865347305, 38.9632335871975], [-77.0363867278683, 38.9648343312482], [-77.0363867997335, 38.9654311781243], [-77.0363866479183, 38.9661494096285], [-77.0357812849264, 38.9661442473402], [-77.0357227390244, 38.9661440832031], [-77.0353176518319, 38.9661429468151], [-77.0346080097068, 38.9661426185408], [-77.0339063284519, 38.9661421030802], [-77.0335741251716, 38.9661442710877], [-77.0334211196209, 38.9661453061996], [-77.0334211636383, 38.9662384515336], [-77.0334211654349, 38.9662418746619], [-77.0334207827526, 38.9665015716509], [-77.0334203776124, 38.9667774151502], [-77.0334203003573, 38.9668581286591], [-77.0334202248988, 38.9669426262684], [-77.0334199455228, 38.9672158970725], [-77.0334196715366, 38.9674853728812], [-77.0334199437262, 38.9675741944947], [-77.0333133217867, 38.9675742245277], [-77.0332625499052, 38.967574329294], [-77.032833872055, 38.9675749006195], [-77.0327690792685, 38.9675747371841], [-77.032513083667, 38.9675740897284], [-77.0321854878459, 38.9675731894367], [-77.0318741614128, 38.9675730043497], [-77.0315352567005, 38.9675719252569], [-77.0312205858396, 38.9675735414515], [-77.0308077156435, 38.9675729303148], [-77.030552469237, 38.9675715557811], [-77.0302823961367, 38.9675720879939], [-77.0302362981896, 38.9675721780928], [-77.0300040154166, 38.9675729596494], [-77.0298185815824, 38.967573547039], [-77.0298066968712, 38.9675738201298], [-77.0296883061033, 38.9675761920386], [-77.0295858397704, 38.9675782000591], [-77.0295736074112, 38.9675772124622], [-77.0292360771213, 38.9675490114682], [-77.0291082845856, 38.9675394463021], [-77.0287322632824, 38.9675113011685], [-77.0281304342629, 38.9674610118906], [-77.0280233856237, 38.9674454575624], [-77.0279580637295, 38.9674270605663], [-77.0279072541187, 38.9674044114409], [-77.0278285230723, 38.9673506626935], [-77.0278001964964, 38.9673647789463], [-77.0276568972423, 38.9674398790964], [-77.0274791287324, 38.9675428595894]]]}, "properties": {"TrashRouteArea": "OR402", "CollectionDays": "Wednesday", "RunsPerWeek": 1, "TrashStatusUpdate": "In Progress", "TStatus": "Scheduled Other Day", "ServiceArea": "Outer Ring"}}, {"type": "Feature", "geometry": {"type": "MultiPolygon", "coordinates": [[[[-77.0149468085605, 38.9567111412182], [-77.0150304902225, 38.9565906358214], [-77.0150566599433, 38.9565899575292], [-77.0149468085605, 38.9567111412182]]], [[[-77.0149468085605, 38.9567111412182], [-77.0161253766536, 38.957096049764], [-77.0161694839341, 38.9587405758889], [-77.0180346685349, 38.9587439965854], [-77.0180360851782, 38.9613232860616], [-77.0180307500837, 38.9637790723272], [-77.0180374344477, 38.9637790758196], [-77.0180387334116, 38.9661423852564], [-77.0179301522466, 38.9661424020194], [-77.0179243832658, 38.9661424027178], [-77.0175594363934, 38.9661416351147], [-77.0174854430618, 38.966141477962], [-77.0170229643024, 38.9661415464107], [-77.0167563003086, 38.9661419452291], [-77.0167412562225, 38.9661419326569], [-77.0163194379079, 38.9661415568875], [-77.0163092833519, 38.9661413780828], [-77.0161704702843, 38.9661386946146], [-77.0161717575701, 38.9662204893617], [-77.0161760946363, 38.9665182115813], [-77.0161751576935, 38.96696348961], [-77.0161750984046, 38.9672123873839], [-77.0161751172693, 38.9672942723875], [-77.0161750220478, 38.9673828232445], [-77.0161750418108, 38.9674710135942], [-77.0161738650178, 38.9678784567948], [-77.0161734976068, 38.9682943675715], [-77.0161727529034, 38.9685700197034], [-77.0161725373078, 38.9686368610211], [-77.0161718168589, 38.9697501254564], [-77.0161707622368, 38.9697993920191], [-77.0161717737398, 38.9698513523515], [-77.0161683960743, 38.9699099902291], [-77.0161671761621, 38.9699311669852], [-77.0161185099316, 38.9699313813998], [-77.0155399041588, 38.9699307241878], [-77.0155143363092, 38.9699308031091], [-77.0154119463331, 38.9699311208896], [-77.0153411788517, 38.9699316188621], [-77.0152466724905, 38.9699322844551], [-77.0152121457426, 38.9699325275048], [-77.0151888964447, 38.9699326909348], [-77.015137420284, 38.9699326602044], [-77.0151245824602, 38.9699324730281], [-77.0150266041105, 38.9699310245078], [-77.0149619900888, 38.969930065579], [-77.0142408612062, 38.9686496339343], [-77.0142295487218, 38.9686303579257], [-77.0142185829872, 38.9686110812134], [-77.0142098091418, 38.9685950480135], [-77.0142078472212, 38.9685916249989], [-77.0141974582049, 38.9685720779828], [-77.0141874150401, 38.968552441562], [-77.0141776027422, 38.9685327143396], [-77.0141681362958, 38.9685128977123], [-77.0141589007163, 38.9684929902831], [-77.014150126871, 38.968472993449], [-77.0141403136748, 38.9684495728893], [-77.0141313089624, 38.9684260622239], [-77.0141229959528, 38.9684022819553], [-77.0141156046146, 38.9683784108823], [-77.0141090235568, 38.9683543596052], [-77.0141031342018, 38.9683301281238], [-77.0140981674166, 38.9683058966342], [-77.0140940082168, 38.9682814856385], [-77.0140906575008, 38.968257072539], [-77.0140881134719, 38.9682325707299], [-77.0140882248631, 38.9682131130145], [-77.0140879904028, 38.9681936552938], [-77.0140876409581, 38.9681741975677], [-77.0140869447638, 38.9681547398363], [-77.0140860177024, 38.9681352820996], [-77.014084859774, 38.9681158243575], [-77.0140834709786, 38.9680964567084], [-77.0140817363317, 38.9680769989556], [-77.0140798867006, 38.9680576312959], [-77.0140776903197, 38.9680382643293], [-77.0140737601903, 38.9680073661528], [-77.0140689083895, 38.9679766488582], [-77.0140630172378, 38.9679459315502], [-77.0140562026181, 38.9679153944261], [-77.0140484654286, 38.967885037486], [-77.0140396897866, 38.9678547706317], [-77.0140301065591, 38.9678246846601], [-77.0140194848792, 38.9677947781749], [-77.0140080547155, 38.9677651426717], [-77.0139955869977, 38.9677356873538], [-77.0139796562744, 38.9677027188671], [-77.0139629179657, 38.9676701107607], [-77.0139452570873, 38.9676376835356], [-77.0139266727407, 38.967605615993], [-77.013907164926, 38.9675739095304], [-77.0138868504241, 38.9675424733508], [-77.0138657274385, 38.9675113975535], [-77.0138436818831, 38.9674806814407], [-77.0138208287423, 38.9674503264097], [-77.0138017844583, 38.967426367012], [-77.0137970521334, 38.9674204218617], [-77.0136852972204, 38.967295875318], [-77.0136726336699, 38.9672800883715], [-77.0135583724573, 38.967152544549], [-77.0135234037382, 38.9671134692738], [-77.0134035145805, 38.9669778385232], [-77.0132509240513, 38.9668024147587], [-77.0130848291486, 38.9666064602805], [-77.0129142705171, 38.9663787284173], [-77.0128788517421, 38.9663269366588], [-77.0128538731873, 38.9662894541031], [-77.0128394453455, 38.9662689167414], [-77.0128278602225, 38.9662523734884], [-77.0128041424532, 38.9662176906514], [-77.0118221446088, 38.9643145441243], [-77.0118128470456, 38.964295498131], [-77.0116941903763, 38.9640617854675], [-77.0116312867469, 38.9639378888895], [-77.0116105114093, 38.9639009568675], [-77.0115896219857, 38.9638638900199], [-77.0115407976517, 38.9637692628827], [-77.0115055926757, 38.9636921556001], [-77.0114897796318, 38.9636572958418], [-77.0114627466299, 38.9635993582541], [-77.0114506499163, 38.9635734327258], [-77.0114105985294, 38.963489749719], [-77.0113698545413, 38.9634064277291], [-77.011361642143, 38.9633900406172], [-77.0113281870852, 38.9633232851515], [-77.0112857129419, 38.9632403233839], [-77.0112423153305, 38.9631577219376], [-77.0111981101337, 38.9630753907092], [-77.0111532132342, 38.9629933296996], [-77.0111072769838, 38.9629115389098], [-77.0109689525997, 38.9627081040184], [-77.0109248812519, 38.9626524399394], [-77.0107669484418, 38.9624579037959], [-77.0107468243828, 38.9624217547112], [-77.0106976020951, 38.9623686573699], [-77.0106669003736, 38.9623355376064], [-77.0107151210398, 38.9623648065766], [-77.0123279751655, 38.9602060990535], [-77.0130987000349, 38.9591758356646], [-77.0134243905293, 38.9587404592345], [-77.0134799315667, 38.9587400163671], [-77.0149468085605, 38.9567111412182]]]]}, "properties": {"TrashRouteArea": "OR403", "CollectionDays": "Wednesday", "RunsPerWeek": 1, "TrashStatusUpdate": "In Progress", "TStatus": "Scheduled Other Day", "ServiceArea": "Outer Ring"}}, {"type": "Feature", "geometry": {"type": "MultiPolygon", "coordinates": [[[[-76.9916897681127, 38.9524154340159], [-76.9917387631266, 38.9487404219286], [-76.9943563712196, 38.9507532966135], [-76.9948751923136, 38.9503483984752], [-76.994957456434, 38.9502044500791], [-76.9949586206507, 38.9500523904751], [-76.9980055857201, 38.9500536528718], [-76.9984071640932, 38.9500532986741], [-76.9984073931636, 38.9501184800892], [-76.9984075629452, 38.950601196969], [-76.9984077354217, 38.9509161335088], [-76.9984073680107, 38.9512467655593], [-76.9984073662141, 38.9513074308105], [-76.9984077201503, 38.9515650112922], [-76.998408799027, 38.9517319456964], [-76.9984014067905, 38.9518015490868], [-76.998345705853, 38.9518045740136], [-76.9981330000651, 38.9518156202345], [-76.9980091125059, 38.9518232384374], [-76.9979108206442, 38.9518294524592], [-76.9978860172609, 38.9518302628319], [-76.9976650909898, 38.951837465368], [-76.9976289814103, 38.9518404371998], [-76.9976131261456, 38.9518416632376], [-76.9975928718308, 38.9518432287935], [-76.9975567622514, 38.9518458408476], [-76.9975206526719, 38.9518481818461], [-76.9974845430924, 38.951850253186], [-76.9974483185286, 38.9518521442879], [-76.9974122089491, 38.9518538551517], [-76.9973759834869, 38.9518552956585], [-76.9973397571265, 38.9518565559273], [-76.9973035343593, 38.951857545839], [-76.997263732704, 38.9518583555128], [-76.9972240469314, 38.9518595256625], [-76.9971842452761, 38.9518610562882], [-76.9971445595035, 38.9518629466912], [-76.9971048737308, 38.9518651982687], [-76.9970651879582, 38.9518678096234], [-76.99702561717, 38.951870781454], [-76.9969860463817, 38.9518741130617], [-76.9969465914761, 38.9518778058437], [-76.9969071356722, 38.9518818584028], [-76.9965381939917, 38.9519224754975], [-76.996187133277, 38.9519721002627], [-76.9961505619635, 38.9519779537962], [-76.9959882399849, 38.9520042531241], [-76.9950216904684, 38.9521950106332], [-76.994684121551, 38.9522770610951], [-76.9944150833099, 38.9523217297986], [-76.9939588065192, 38.9523529659487], [-76.992819326819, 38.9523881239785], [-76.9916897681127, 38.9524154340159]]], [[[-76.9966395661766, 38.9526596248092], [-76.9968203467376, 38.9526421544944], [-76.9969292503979, 38.9527262946149], [-76.9969832400447, 38.952768003817], [-76.9973183727312, 38.9530238471976], [-76.9976067840396, 38.9532495101707], [-76.9980158705318, 38.9535606640079], [-76.9980486347852, 38.9535863382182], [-76.9981545407673, 38.9536693958174], [-76.9982513333408, 38.9537454270196], [-76.9982934418698, 38.9537784879264], [-76.9986510809473, 38.9540516236856], [-76.9987558343909, 38.9541317083054], [-76.9988397073941, 38.9541957577731], [-76.9989140043563, 38.9542526007016], [-76.9990650219353, 38.9543679979236], [-76.9994436636242, 38.9546583371737], [-76.9994527779311, 38.9546654534983], [-76.9995309987344, 38.9547258091516], [-76.9991059698409, 38.9550521761527], [-76.9986637453962, 38.9554314199919], [-76.9982140155273, 38.9559662870575], [-76.9979366490052, 38.956281339468], [-76.9978661537133, 38.9563683581938], [-76.9977499862757, 38.956374036726], [-76.9966517787729, 38.9563740723522], [-76.9946208514089, 38.9563749413513], [-76.99379635159, 38.9563734890609], [-76.9930549800708, 38.9563628563949], [-76.9923589555072, 38.9561595864206], [-76.9920267064129, 38.9559433660225], [-76.9918220800726, 38.9557258365641], [-76.991670143517, 38.9554857212627], [-76.9915604717973, 38.955091061085], [-76.9915605373743, 38.9545338995258], [-76.9915638746156, 38.9536311814399], [-76.991620173831, 38.953629923997], [-76.9916667838179, 38.9536282159704], [-76.9916953951597, 38.9536272274805], [-76.9917705006056, 38.9536235389811], [-76.9918456069499, 38.9536188598957], [-76.9919205965132, 38.9536131902243], [-76.9919953561078, 38.9536065292679], [-76.9920875367306, 38.9535982476059], [-76.9921797173535, 38.9535895160577], [-76.9922716671094, 38.9535801536907], [-76.9923636168652, 38.9535702506216], [-76.9924554516367, 38.9535598068501], [-76.9925471705256, 38.9535487322592], [-76.99263877443, 38.9535372077808], [-76.9927302633501, 38.9535250524824], [-76.9928216363876, 38.9535123564806], [-76.9929128935423, 38.9534991197751], [-76.9929660800954, 38.9534904748387], [-76.9930191498674, 38.9534815595503], [-76.9930721046551, 38.9534722844917], [-76.9930801814078, 38.9534708440178], [-76.9931250603411, 38.953462739081], [-76.9931779001444, 38.9534528332012], [-76.9932306240651, 38.9534427463874], [-76.9932832330014, 38.9534322096858], [-76.9933357269533, 38.9534214934472], [-76.9933882200069, 38.9534104160404], [-76.993418678285, 38.953403751572], [-76.9934404830918, 38.9533990682807], [-76.9934919385913, 38.9533855591071], [-76.9935123590944, 38.953380064761], [-76.9935432791064, 38.9533717788811], [-76.9935943878562, 38.9533577289998], [-76.9936215008081, 38.9533500732384], [-76.9936454975043, 38.9533434087644], [-76.9936963762854, 38.9533288181747], [-76.9937472550664, 38.9533139572306], [-76.9937979029805, 38.9532989160491], [-76.9938485508945, 38.9532835143956], [-76.9938989679415, 38.953267933203], [-76.9939492700042, 38.9532520809566], [-76.9940128392852, 38.9532328063472], [-76.9940764085663, 38.9532134423139], [-76.9941399778474, 38.9531940775767], [-76.9942035471285, 38.9531748029516], [-76.9942670014252, 38.9531553480864], [-76.9943305707063, 38.9531359833334], [-76.9943481067189, 38.9531305790853], [-76.9943940241047, 38.953116618575], [-76.9944575933858, 38.9530971650911], [-76.9944739759616, 38.9530921199126], [-76.9945210476825, 38.9530777088075], [-76.994577808632, 38.9530603259189], [-76.9945846169636, 38.9530582539157], [-76.9946440324348, 38.9530406907874], [-76.9947037937574, 38.9530235775436], [-76.9947635559783, 38.9530067346484], [-76.9948236640506, 38.9529903423369], [-76.9948837712246, 38.9529742203744], [-76.9949441092655, 38.9529585489962], [-76.9950045631892, 38.9529431472687], [-76.9950652479799, 38.9529281961261], [-76.9951260459584, 38.9529136054509], [-76.9951869625144, 38.9528992844272], [-76.99525918347, 38.9528828019732], [-76.9953315203083, 38.9528667708024], [-76.9954040871152, 38.9528511888196], [-76.9954767698049, 38.9528359680029], [-76.9955495674789, 38.952821287191], [-76.9956225960199, 38.9528069668472], [-76.9956957395452, 38.9527930970895], [-76.9957689989533, 38.9527797673375], [-76.9958423733457, 38.9527667980543], [-76.9959158627225, 38.9527542793581], [-76.9959765466149, 38.952744371982], [-76.9960372305073, 38.9527348250761], [-76.996098029384, 38.9527255492212], [-76.9961589432451, 38.9527167225574], [-76.9962199729889, 38.9527081669448], [-76.9962810027326, 38.9526999711043], [-76.9963421483591, 38.9526921357346], [-76.9964032930872, 38.9526846608358], [-76.9964645527997, 38.9526774562901], [-76.9965259292932, 38.9526707023334], [-76.9966395661766, 38.9526596248092]]]]}, "properties": {"TrashRouteArea": "OR501", "CollectionDays": "Wednesday", "RunsPerWeek": 1, "TrashStatusUpdate": "In Progress", "TStatus": "Scheduled Other Day", "ServiceArea": "Outer Ring"}}, {"type": "Feature", "geometry": {"type": "Polygon", "coordinates": [[[-76.9915638746156, 38.9536311814399], [-76.9915605373743, 38.9545338995258], [-76.9915604717973, 38.955091061085], [-76.991670143517, 38.9554857212627], [-76.9918220800726, 38.9557258365641], [-76.9920267064129, 38.9559433660225], [-76.9923589555072, 38.9561595864206], [-76.9930549800708, 38.9563628563949], [-76.99379635159, 38.9563734890609], [-76.9946208514089, 38.9563749413513], [-76.9966517787729, 38.9563740723522], [-76.9977499862757, 38.956374036726], [-76.9978661537133, 38.9563683581938], [-76.9979366490052, 38.956281339468], [-76.9982140155273, 38.9559662870575], [-76.9986637453962, 38.9554314199919], [-76.9991059698409, 38.9550521761527], [-76.9995309987344, 38.9547258091516], [-77.0002773325472, 38.95530161804], [-77.0022519014069, 38.9568167903918], [-77.0011333281983, 38.9587838476525], [-77.0005599092979, 38.9595439684139], [-77.0003162412771, 38.9598600415188], [-77.0000613613832, 38.9601466226087], [-76.9990765895412, 38.9609188967532], [-76.9982738783595, 38.9612936310871], [-76.9972323195168, 38.9616242140247], [-76.9971109427489, 38.9615304353695], [-76.997096751164, 38.9615194451458], [-76.9969145701295, 38.9613768396103], [-76.9966593560623, 38.9611770297442], [-76.9961691229539, 38.9607960550153], [-76.9956275538219, 38.9603739092957], [-76.9950422654817, 38.9599150951918], [-76.994616614954, 38.9595817136896], [-76.9944381780976, 38.9594419542243], [-76.9943528040096, 38.9593750190109], [-76.9943471509115, 38.959370604347], [-76.9942660456177, 38.9593070925297], [-76.9942438940611, 38.9592897055808], [-76.994041270964, 38.9591309400693], [-76.993706732064, 38.9588688117292], [-76.9932777910074, 38.9585358423273], [-76.9932496413996, 38.9585138609494], [-76.9931302022978, 38.9584206558635], [-76.9930797044024, 38.9583812495573], [-76.9928808111103, 38.9582259348644], [-76.9927432934133, 38.9581188180738], [-76.9926376173999, 38.9580364761003], [-76.9925320572692, 38.9579542241424], [-76.9925202884407, 38.9579451250019], [-76.9922306060161, 38.9577193589276], [-76.99210531978, 38.957620530248], [-76.9920587124881, 38.957583682949], [-76.9920142090506, 38.9575484953637], [-76.9919665354585, 38.9575107999984], [-76.9919108147581, 38.9574668359012], [-76.9918614388585, 38.9574279166469], [-76.9918447104312, 38.9574148532126], [-76.9857511027875, 38.9526544810985], [-76.9859104324778, 38.9526186476649], [-76.9860751763144, 38.9526205590054], [-76.9863927720899, 38.9526702321831], [-76.9868594316086, 38.952816690486], [-76.9874063331401, 38.9529808611312], [-76.9883979896704, 38.9532458062828], [-76.9894370799427, 38.9534510231774], [-76.9898570638976, 38.9535123662608], [-76.9906948057821, 38.9536042707599], [-76.9915638746156, 38.9536311814399]]]}, "properties": {"TrashRouteArea": "OR415", "CollectionDays": "Wednesday", "RunsPerWeek": 1, "TrashStatusUpdate": "In Progress", "TStatus": "Scheduled Other Day", "ServiceArea": "Outer Ring"}}, {"type": "Feature", "geometry": {"type": "Polygon", "coordinates": [[[-77.0033465012756, 38.9663842489952], [-77.0037107869879, 38.9664133346948], [-77.0048184636321, 38.9655185949122], [-77.0056953837411, 38.9648149200953], [-77.0058889617017, 38.9646462773173], [-77.0061860552274, 38.9642868391452], [-77.0070912569965, 38.9631612904998], [-77.0106976020951, 38.9623686573699], [-77.0107468243828, 38.9624217547112], [-77.0107669484418, 38.9624579037959], [-77.0109248812519, 38.9626524399394], [-77.0109689525997, 38.9627081040184], [-77.0111072769838, 38.9629115389098], [-77.0111532132342, 38.9629933296996], [-77.0111981101337, 38.9630753907092], [-77.0112423153305, 38.9631577219376], [-77.0112857129419, 38.9632403233839], [-77.0113281870852, 38.9633232851515], [-77.011361642143, 38.9633900406172], [-77.0113698545413, 38.9634064277291], [-77.0114105985294, 38.963489749719], [-77.0114506499163, 38.9635734327258], [-77.0114627466299, 38.9635993582541], [-77.0114897796318, 38.9636572958418], [-77.0115055926757, 38.9636921556001], [-77.0115407976517, 38.9637692628827], [-77.0115896219857, 38.9638638900199], [-77.0116105114093, 38.9639009568675], [-77.0116312867469, 38.9639378888895], [-77.0116941903763, 38.9640617854675], [-77.0118128470456, 38.964295498131], [-77.0118221446088, 38.9643145441243], [-77.0128041424532, 38.9662176906514], [-77.0128278602225, 38.9662523734884], [-77.0128394453455, 38.9662689167414], [-77.0128538731873, 38.9662894541031], [-77.0128788517421, 38.9663269366588], [-77.0129142705171, 38.9663787284173], [-77.0130848291486, 38.9666064602805], [-77.0132509240513, 38.9668024147587], [-77.0134035145805, 38.9669778385232], [-77.0135234037382, 38.9671134692738], [-77.0135583724573, 38.967152544549], [-77.0136726336699, 38.9672800883715], [-77.0136852972204, 38.967295875318], [-77.0137970521334, 38.9674204218617], [-77.0138017844583, 38.967426367012], [-77.0138208287423, 38.9674503264097], [-77.0138436818831, 38.9674806814407], [-77.0138657274385, 38.9675113975535], [-77.0138868504241, 38.9675424733508], [-77.013907164926, 38.9675739095304], [-77.0139266727407, 38.967605615993], [-77.0139452570873, 38.9676376835356], [-77.0139629179657, 38.9676701107607], [-77.0139796562744, 38.9677027188671], [-77.0139955869977, 38.9677356873538], [-77.0140080547155, 38.9677651426717], [-77.0140194848792, 38.9677947781749], [-77.0140301065591, 38.9678246846601], [-77.0140396897866, 38.9678547706317], [-77.0140484654286, 38.967885037486], [-77.0140562026181, 38.9679153944261], [-77.0140630172378, 38.9679459315502], [-77.0140689083895, 38.9679766488582], [-77.0140737601903, 38.9680073661528], [-77.0140776903197, 38.9680382643293], [-77.0140798867006, 38.9680576312959], [-77.0140817363317, 38.9680769989556], [-77.0140834709786, 38.9680964567084], [-77.014084859774, 38.9681158243575], [-77.0140860177024, 38.9681352820996], [-77.0140869447638, 38.9681547398363], [-77.0140876409581, 38.9681741975677], [-77.0140879904028, 38.9681936552938], [-77.0140882248631, 38.9682131130145], [-77.0140881134719, 38.9682325707299], [-77.0140906575008, 38.968257072539], [-77.0140940082168, 38.9682814856385], [-77.0140981674166, 38.9683058966342], [-77.0141031342018, 38.9683301281238], [-77.0141090235568, 38.9683543596052], [-77.0141156046146, 38.9683784108823], [-77.0141229959528, 38.9684022819553], [-77.0141313089624, 38.9684260622239], [-77.0141403136748, 38.9684495728893], [-77.014150126871, 38.968472993449], [-77.0141589007163, 38.9684929902831], [-77.0141681362958, 38.9685128977123], [-77.0141776027422, 38.9685327143396], [-77.0141874150401, 38.968552441562], [-77.0141974582049, 38.9685720779828], [-77.0142078472212, 38.9685916249989], [-77.0142098091418, 38.9685950480135], [-77.0142185829872, 38.9686110812134], [-77.0142295487218, 38.9686303579257], [-77.0142408612062, 38.9686496339343], [-77.0149619900888, 38.969930065579], [-77.0150060874877, 38.9700101434275], [-77.0150138219823, 38.9700241955943], [-77.0150584969981, 38.9701040924464], [-77.0151035178652, 38.9701838090171], [-77.0151490013646, 38.9702633460052], [-77.0151949456998, 38.9703427928085], [-77.0152412358864, 38.970422059332], [-77.0152879887054, 38.9705011462746], [-77.0153350864774, 38.9705801423353], [-77.0153827627645, 38.9706589574192], [-77.0154307840046, 38.9707375929239], [-77.0154791528928, 38.9708160495485], [-77.0156745921626, 38.9711491470137], [-77.0157088790604, 38.9712141826132], [-77.0157574815105, 38.9713065097352], [-77.0157959258114, 38.9713796515707], [-77.0158815855637, 38.9715425088136], [-77.0159761386372, 38.9717277955309], [-77.0159868753015, 38.9717486029879], [-77.0160878917535, 38.9719400141246], [-77.0160989751675, 38.9719610917995], [-77.0161688209774, 38.9720935045709], [-77.0162552919084, 38.9722572618013], [-77.0162625655672, 38.9722715831031], [-77.0162791906882, 38.9723045515583], [-77.0163033194367, 38.9723518412837], [-77.0163038970534, 38.9723530117934], [-77.0163276781539, 38.9723989507918], [-77.0163431498381, 38.9724285864514], [-77.0163523854175, 38.9724460616654], [-77.0163772076655, 38.972493081018], [-77.0164023748665, 38.9725400102468], [-77.0164276588485, 38.9725869394445], [-77.0164532877835, 38.9726336877275], [-77.0164791484839, 38.9726804366781], [-77.016505239153, 38.9727270061113], [-77.0165302913697, 38.9727718630599], [-77.0165552286019, 38.9728167206786], [-77.0165801649359, 38.9728615782688], [-77.0166051021682, 38.9729064358307], [-77.0166159538168, 38.9729260724412], [-77.0166300385022, 38.9729512933641], [-77.0166549757345, 38.9729961508691], [-77.0166797970841, 38.9730410991362], [-77.0167047343164, 38.9730859558859], [-77.016729555666, 38.973130814004], [-77.0167544928983, 38.9731757607887], [-77.0167712330036, 38.9732058465826], [-77.0167882039759, 38.9732358415734], [-77.0168055207997, 38.9732657457613], [-77.0168230684904, 38.9732955612417], [-77.0168409629309, 38.9733252859195], [-77.0168590873401, 38.9733549190963], [-77.0168775584989, 38.9733843734742], [-77.0168962605248, 38.9734138285384], [-77.0169153075038, 38.9734431020104], [-77.0169345871464, 38.9734722860771], [-77.0169579056146, 38.9735011090676], [-77.0169715267692, 38.9735174121298], [-77.0169816849185, 38.9735296624705], [-77.0170060409408, 38.9735579441909], [-77.0170308586971, 38.9735859563243], [-77.0170561381875, 38.9736136981726], [-77.0170819952947, 38.9736411697362], [-77.0171084282219, 38.9736683696186], [-77.0171352078988, 38.9736952105225], [-77.0171625642942, 38.9737217811426], [-77.0171859959501, 38.973743937286], [-77.0171903824236, 38.9737480807809], [-77.0174212359769, 38.9739578482961], [-77.0176438968948, 38.9741630233617], [-77.0178824876376, 38.9743840481485], [-77.0178882593133, 38.9743888222383], [-77.0180237351396, 38.9744934750105], [-77.0180180443123, 38.9745110481856], [-77.0180098813213, 38.974536255275], [-77.017998928163, 38.9745700753895], [-77.0179859430156, 38.9746466735904], [-77.0179858450992, 38.974674031617], [-77.0179855756047, 38.974749445268], [-77.0178527507068, 38.9747587440795], [-77.0178031017193, 38.9747648192093], [-77.017616377006, 38.9748160866072], [-77.0171439260487, 38.9749777410389], [-77.0170237709895, 38.9750188533069], [-77.0168994315778, 38.9750583090218], [-77.0167981177834, 38.9750751026781], [-77.0162911831972, 38.9750242447116], [-77.0162718739102, 38.9751354800543], [-77.016243064939, 38.9753166391102], [-77.0162092837928, 38.9754581634513], [-77.0161677636603, 38.9755687905365], [-77.0161243921001, 38.9756597795067], [-77.0160601347095, 38.9757619414416], [-77.0160303690326, 38.9758010412768], [-77.0157882524023, 38.976121198475], [-77.0157430527704, 38.9761741409481], [-77.0138070207381, 38.9747888613259], [-77.0137045040995, 38.9745933332996], [-77.0136935383649, 38.9745842362961], [-77.0133403558294, 38.9743104268383], [-77.0130381895173, 38.9740731840934], [-77.0129185006838, 38.9739790615543], [-77.0128461333028, 38.9739221373765], [-77.0128229765315, 38.9739039355137], [-77.0127981192492, 38.9738843976459], [-77.0127174424519, 38.9738209889309], [-77.0127053232804, 38.9738114413728], [-77.0124409032782, 38.9736050012164], [-77.0121851232724, 38.9734059731108], [-77.0121231619757, 38.9733577587293], [-77.0116217978426, 38.9729636988451], [-77.0115741314369, 38.9729266800397], [-77.011542277177, 38.9729019102676], [-77.0114921017768, 38.9728629589854], [-77.0113231053156, 38.972731766345], [-77.0110528067382, 38.9725183872991], [-77.0110201439945, 38.9724925362712], [-77.0109462800202, 38.9724340800189], [-77.0108860345057, 38.972386432072], [-77.0108794561429, 38.9723812080812], [-77.0105946183326, 38.9721620634131], [-77.0104790024606, 38.97207158816], [-77.0101705964505, 38.9718302376091], [-77.0101340107639, 38.9717983521519], [-77.0100376412969, 38.9717144036911], [-77.0099832824424, 38.9716671149369], [-77.0099491204105, 38.9716373001678], [-77.0099110345374, 38.9716042434033], [-77.0098732945157, 38.9715710064354], [-77.009835785361, 38.9715375885657], [-77.0097985079716, 38.9715040812846], [-77.0097615755354, 38.9714703037054], [-77.0097248748644, 38.9714363452236], [-77.0096884041622, 38.9714022973297], [-77.0096522802097, 38.9713679791369], [-77.0096162721398, 38.9713335708333], [-77.0095807249057, 38.971298981626], [-77.0095210570079, 38.9712446673315], [-77.0094606974073, 38.971190802769], [-77.0093996452057, 38.9711373886379], [-77.009337900403, 38.9710845150338], [-77.0092755797801, 38.9710320925617], [-77.0092124506735, 38.9709802099204], [-77.0091487448485, 38.9709287777148], [-77.0090843473208, 38.9708778860407], [-77.0090192571919, 38.9708275348993], [-77.0089534753603, 38.9707776348951], [-77.0085460875823, 38.9704603051621], [-77.0084611482789, 38.9703938301373], [-77.0083865952969, 38.9703356424392], [-77.0081838266726, 38.9701772019995], [-77.0078323024272, 38.9699017537747], [-77.0077770093248, 38.9698587143908], [-77.007493244103, 38.9696378347214], [-77.0070857539171, 38.9693196890107], [-77.0067422004232, 38.9690515339221], [-77.0065262831581, 38.9688830018035], [-77.0063144065152, 38.9687157306498], [-77.006176617527, 38.9686089901089], [-77.0061688857274, 38.9686030450578], [-77.0060811814096, 38.968533956851], [-77.0060060553024, 38.9684748666464], [-77.0059010413473, 38.968392355814], [-77.0057116701972, 38.9682467922707], [-77.0053849753863, 38.9679917847055], [-77.005309504326, 38.9679326940487], [-77.0052548059084, 38.967889816903], [-77.0051829128378, 38.9678336086205], [-77.0050279327901, 38.9677123643319], [-77.0047479782217, 38.967489062056], [-77.0046976653792, 38.9674489770175], [-77.0046261190584, 38.9673939396753], [-77.0044427540443, 38.9672526073561], [-77.004387825658, 38.9672102710941], [-77.0043653228601, 38.9671928860847], [-77.004197999062, 38.96705983974], [-77.0037652671149, 38.9667251983269], [-77.0036322176382, 38.9666214273953], [-77.003555134102, 38.9665613451906], [-77.0034890136055, 38.9665097295757], [-77.0034747043413, 38.9664985599237], [-77.0033465012756, 38.9663842489952]]]}, "properties": {"TrashRouteArea": "OR404", "CollectionDays": "Wednesday", "RunsPerWeek": 1, "TrashStatusUpdate": "In Progress", "TStatus": "Scheduled Other Day", "ServiceArea": "Outer Ring"}}, {"type": "Feature", "geometry": {"type": "Polygon", "coordinates": [[[-76.9697189022511, 38.9401133399986], [-76.9696770452505, 38.9400805389278], [-76.9696353032342, 38.9400479181097], [-76.9696102788653, 38.9400283653154], [-76.9721700821663, 38.9396622734619], [-76.9741792990465, 38.9396594911706], [-76.9741794382854, 38.9383136521849], [-76.9788791265096, 38.9383129737177], [-76.9789780624634, 38.9384064980142], [-76.9790002023419, 38.9384274012006], [-76.9793078564621, 38.9387217570425], [-76.9796597921359, 38.9390571078498], [-76.9799501536868, 38.9393296589106], [-76.9799683742157, 38.9393474986359], [-76.9801535798779, 38.9395839535257], [-76.980779734377, 38.9401289240828], [-76.9811647819522, 38.9404917505567], [-76.9813008560564, 38.9406249152603], [-76.9814072947395, 38.9407289778937], [-76.98333421516, 38.942559752643], [-76.9836649568813, 38.9428650159774], [-76.9850154328754, 38.9438801281594], [-76.9855831896946, 38.9442571589986], [-76.9831488891236, 38.9496968086962], [-76.9828665396466, 38.9499391805785], [-76.9831622587499, 38.9500992192986], [-76.9831426835616, 38.9501413107912], [-76.9829096902213, 38.9506422549211], [-76.9777206860686, 38.9463938977286], [-76.9776702303941, 38.9463397662507], [-76.9776478578519, 38.9463187724763], [-76.9776249085914, 38.946298229326], [-76.9776117608488, 38.9462869663618], [-76.9776013817141, 38.9462780459755], [-76.9772685460198, 38.9460152105648], [-76.9772564367298, 38.9460056592593], [-76.9772466343134, 38.9459979104814], [-76.9767990505197, 38.9456470396762], [-76.9760021514379, 38.9450227845424], [-76.9753351200001, 38.9445017873181], [-76.9748179006022, 38.944098105493], [-76.9746817061237, 38.9439917785101], [-76.9746246208823, 38.9439471751233], [-76.9745351325104, 38.9438771608845], [-76.9744456441384, 38.9438072374045], [-76.9743561557664, 38.9437372230274], [-76.9742665515118, 38.9436672994094], [-76.9741770640381, 38.9435972848942], [-76.9740875756661, 38.9435273611382], [-76.9739979723098, 38.9434574366145], [-76.9739084848361, 38.9433874225907], [-76.9738558588319, 38.9433463541483], [-76.9738188814798, 38.943317497929], [-76.9737671025868, 38.943277039395], [-76.9737153254905, 38.9432366702692], [-76.9736305649519, 38.9431704407905], [-76.9736169590686, 38.9431598075411], [-76.9733458466175, 38.9429462499967], [-76.9728925342672, 38.9425932910803], [-76.9709764744786, 38.941095562415], [-76.9709084405706, 38.9410423065592], [-76.9708404066625, 38.9409890506635], [-76.9707723736528, 38.9409358848606], [-76.9707042238621, 38.9408828091507], [-76.970636075868, 38.9408296432682], [-76.9705678110929, 38.9407765667802], [-76.9704995472162, 38.9407235810842], [-76.9704312833394, 38.9406705953487], [-76.9703525271402, 38.9406089581751], [-76.9702740009096, 38.9405475920468], [-76.9701955896634, 38.9404862251666], [-76.9701171793155, 38.9404248589321], [-76.9700386530849, 38.9403634025108], [-76.9699602436354, 38.9403020354712], [-76.9698817183031, 38.9402406690772], [-76.9698033070569, 38.9401793026302], [-76.9697611051032, 38.940146321322], [-76.9697189022511, 38.9401133399986]]]}, "properties": {"TrashRouteArea": "OR505", "CollectionDays": "Wednesday", "RunsPerWeek": 1, "TrashStatusUpdate": "In Progress", "TStatus": "Scheduled Other Day", "ServiceArea": "Outer Ring"}}, {"type": "Feature", "geometry": {"type": "Polygon", "coordinates": [[[-76.9788791265096, 38.9383129737177], [-76.9783823132417, 38.9378352368948], [-76.9779508748686, 38.9374203631405], [-76.977748287704, 38.9372255530028], [-76.977618106548, 38.937098961273], [-76.9776148780029, 38.9370958979866], [-76.9775672556147, 38.9370503965696], [-76.9771872053675, 38.9366872890594], [-76.9767940136659, 38.9363129165388], [-76.9764098203886, 38.9359436792791], [-76.9763707328939, 38.9359058368653], [-76.9762263736278, 38.9357659985702], [-76.9760970045488, 38.9356406668882], [-76.9760614914506, 38.9356062475234], [-76.9757236566319, 38.9352834105655], [-76.9756103152941, 38.9351751976837], [-76.9755231472706, 38.9350919423265], [-76.9762238287006, 38.9350957806265], [-76.9762264481879, 38.9331213408864], [-76.9796166200016, 38.9331195492106], [-76.9811778434564, 38.9330411731335], [-76.9811779377795, 38.933041168242], [-76.986367616567, 38.9327870437276], [-76.9863670919508, 38.9327804667648], [-76.9937708358427, 38.9324081036009], [-76.9936931504352, 38.9324122026942], [-76.99370444136, 38.9325421024635], [-76.9938561147092, 38.933269935918], [-76.9939000351401, 38.9334689838307], [-76.9939527410944, 38.933709214242], [-76.9939732352593, 38.933830472687], [-76.9939008067929, 38.934037703749], [-76.9939776522755, 38.9341062295371], [-76.9940366985392, 38.9341818121482], [-76.9940398121, 38.934185685436], [-76.9940428106764, 38.9341896495638], [-76.9940455783858, 38.9341936129927], [-76.9940483460951, 38.9341976672616], [-76.9940509988202, 38.9342017208314], [-76.9940535356625, 38.9342058652412], [-76.9940559575205, 38.9342100990935], [-76.9940581485115, 38.934214242804], [-76.9940603395025, 38.9342185667972], [-76.9940624155091, 38.9342228006487], [-76.9940945186024, 38.9343064343619], [-76.9940557158737, 38.9343386476435], [-76.9940154605692, 38.9343721564285], [-76.9939658618874, 38.9344126011768], [-76.9939163790883, 38.9344529557611], [-76.9938668953909, 38.9344934004634], [-76.9938175275762, 38.9345339352836], [-76.9937681588631, 38.9345744700808], [-76.9937187910483, 38.9346150048547], [-76.993669538218, 38.9346556290475], [-76.9936202853875, 38.9346962539159], [-76.9935711475415, 38.934736878761], [-76.9935220096955, 38.9347775937235], [-76.9935138206533, 38.934784349385], [-76.9932249907299, 38.9350228731546], [-76.9930819600721, 38.9351379907329], [-76.993066502761, 38.9351505111427], [-76.9930308603055, 38.9351842005232], [-76.9930279767134, 38.9351869927728], [-76.9929382332199, 38.9352816643637], [-76.9930052268788, 38.9354664289016], [-76.9930194103788, 38.9355054356807], [-76.9930819088681, 38.9356662371854], [-76.9931732351931, 38.93590108953], [-76.9932230494706, 38.9360301807409], [-76.993263523964, 38.936135039707], [-76.9931542942154, 38.9361634998623], [-76.9931403370908, 38.9361671026252], [-76.993132263033, 38.9361696244192], [-76.9931240739909, 38.9361717856575], [-76.9931157690661, 38.9361737673166], [-76.9931074650396, 38.9361753884198], [-76.9930989292478, 38.9361768292452], [-76.9930903943543, 38.9361779095149], [-76.9930818585624, 38.9361788095066], [-76.9930724010991, 38.9361794397804], [-76.9930628277531, 38.9361797094984], [-76.9930532544072, 38.9361797087997], [-76.9930437960455, 38.936179348244], [-76.992913807129, 38.9361825834627], [-76.9927933924567, 38.9361809539746], [-76.9926728610035, 38.9361804061535], [-76.9925524463312, 38.9361809393008], [-76.9924758595633, 38.9361813844054], [-76.9923992736938, 38.9361827308992], [-76.9923797757606, 38.9362316448735], [-76.9923670852605, 38.9362639837544], [-76.9922843629993, 38.9364741417504], [-76.9921189175785, 38.936893917841], [-76.9920330790615, 38.9371120927359], [-76.9920190042576, 38.9371435305371], [-76.9920031984002, 38.9371744281971], [-76.9919876243081, 38.9372016322972], [-76.9919857782702, 38.9372047850178], [-76.9919667438676, 38.9372345108626], [-76.9919460942942, 38.9372636064307], [-76.9919239454326, 38.9372919808868], [-76.9919001814, 38.9373196349305], [-76.9918978745264, 38.9373221573824], [-76.991875033962, 38.9373464777264], [-76.9918483872357, 38.9373724198368], [-76.9918204711899, 38.9373974612627], [-76.9917849419221, 38.9374284468532], [-76.9914723317965, 38.9377011963266], [-76.9910715870601, 38.9380490662685], [-76.990779504337, 38.9383015466807], [-76.9906992156119, 38.9383709941658], [-76.9906209040787, 38.9383323425203], [-76.990611411581, 38.93833208958], [-76.9905276086465, 38.9383298592333], [-76.9903170300692, 38.9383242533208], [-76.9902699385854, 38.9383229997988], [-76.9902508808266, 38.9383224925206], [-76.9883139100548, 38.9383196130532], [-76.9876883601219, 38.9383213696611], [-76.9860490182717, 38.9383154011069], [-76.9860588395527, 38.9382293726787], [-76.9860919990647, 38.9379407507006], [-76.9861302358548, 38.9376409589369], [-76.9861608522363, 38.9373822448139], [-76.9861669751533, 38.9373318887352], [-76.9861773722544, 38.9372469421622], [-76.9861871917388, 38.9371664988773], [-76.9862123769061, 38.936960121739], [-76.9862208093917, 38.9368933714229], [-76.9862452642286, 38.9367008181853], [-76.986264936435, 38.9365459262402], [-76.9862993625717, 38.9362643310334], [-76.9863099905398, 38.9361774022214], [-76.9863153040747, 38.9361344331904], [-76.9863211961246, 38.9360859691456], [-76.9863685588997, 38.9357010499208], [-76.9864139606525, 38.935316401123], [-76.9864285259365, 38.9351987228752], [-76.986341118961, 38.9351919427966], [-76.9863054378779, 38.9351902496985], [-76.9862697540999, 38.9351895411547], [-76.9862337100974, 38.9351899604113], [-76.9861670290522, 38.9351916409318], [-76.9861007091297, 38.9351943074041], [-76.9860343883089, 38.9351978186785], [-76.9859680674881, 38.9352021733571], [-76.9858455184188, 38.9352082113507], [-76.9856541269576, 38.9352180415188], [-76.9856166411591, 38.9352198659834], [-76.9853145943229, 38.9352388310484], [-76.9851210388202, 38.9352455615105], [-76.984859721599, 38.9352579141988], [-76.9846937749183, 38.9352674508808], [-76.9846641385987, 38.9352817377336], [-76.9846398328821, 38.9353080432557], [-76.9846112215403, 38.9353295350123], [-76.9845754084049, 38.9353442907204], [-76.9843486044569, 38.9353552493662], [-76.9839229269797, 38.9353788380852], [-76.9838548032401, 38.9353827700034], [-76.9836944063512, 38.9353917574439], [-76.9834986886036, 38.935402285647], [-76.9834608416824, 38.9354042512561], [-76.9834229965578, 38.935405231615], [-76.9833851505349, 38.935405506926], [-76.9833469442875, 38.9354049388349], [-76.9832207929739, 38.9354009796663], [-76.9830946434568, 38.9353964572977], [-76.9829681310204, 38.9353916533288], [-76.9828903405101, 38.9353664749366], [-76.9828419797067, 38.9353864266103], [-76.982367291046, 38.935369606776], [-76.9818817902625, 38.9353472925915], [-76.9818479094032, 38.9353458796996], [-76.9818694554953, 38.935667930971], [-76.9818917229346, 38.9359799865116], [-76.9819308822945, 38.9364822053073], [-76.9819599841164, 38.9368571806496], [-76.9819624976026, 38.9368927914651], [-76.9819912293186, 38.937301970079], [-76.9820210587759, 38.9376527354488], [-76.9820526677958, 38.9380927391604], [-76.9820659493873, 38.9382597660806], [-76.9820663437477, 38.9382712364457], [-76.9820653115835, 38.9382802940919], [-76.9820591482423, 38.9383524212272], [-76.981668946134, 38.9383262363172], [-76.9815903983439, 38.9383209993341], [-76.9814766698323, 38.9383179186322], [-76.9813552131143, 38.9383145661242], [-76.9809146011455, 38.938308549357], [-76.9808310928584, 38.938307365009], [-76.9807375485929, 38.9383082503004], [-76.9801375278821, 38.9383140050437], [-76.9801316457136, 38.938314004345], [-76.9800235685034, 38.9383134453607], [-76.9800297740654, 38.9383963231156], [-76.9800966536383, 38.9392945516991], [-76.9800990674115, 38.9393240991928], [-76.9801535798779, 38.9395839535257], [-76.9799683742157, 38.9393474986359], [-76.9799501536868, 38.9393296589106], [-76.9796597921359, 38.9390571078498], [-76.9793078564621, 38.9387217570425], [-76.9790002023419, 38.9384274012006], [-76.9789780624634, 38.9384064980142], [-76.9788791265096, 38.9383129737177]]]}, "properties": {"TrashRouteArea": "OR507", "CollectionDays": "Wednesday", "RunsPerWeek": 1, "TrashStatusUpdate": "In Progress", "TStatus": "Scheduled Other Day", "ServiceArea": "Outer Ring"}}, {"type": "Feature", "geometry": {"type": "MultiPolygon", "coordinates": [[[[-76.9696102788653, 38.9400283653154], [-76.9668255571801, 38.9378499410738], [-76.96673274055, 38.9377772174059], [-76.9667200572365, 38.9377673044429], [-76.9664431955676, 38.9375514737331], [-76.9661827568987, 38.9373484446792], [-76.9658814808171, 38.9371118894019], [-76.9658041152098, 38.9370511512118], [-76.9657280189221, 38.9369914037878], [-76.9657136063517, 38.936980139345], [-76.9656458122938, 38.9369248079236], [-76.9655999218575, 38.9368891216597], [-76.9653998814168, 38.9367330387642], [-76.9651750510675, 38.93655776093], [-76.965171707538, 38.9365551476137], [-76.96507970029, 38.9364832338649], [-76.9649840045594, 38.9364083461669], [-76.9648459945857, 38.936300475293], [-76.9648372324184, 38.9362936261434], [-76.9647365788858, 38.9362146833932], [-76.9646460718243, 38.9361437608277], [-76.9644801601778, 38.9360138103575], [-76.9644114453468, 38.9359599204093], [-76.9643901157487, 38.9359431580088], [-76.964309871041, 38.9358803456137], [-76.9640027262656, 38.9356399101347], [-76.9636292894154, 38.9353504481897], [-76.963576138795, 38.9353089928705], [-76.9634939348617, 38.9352448285107], [-76.9634487774507, 38.9352096067762], [-76.9637354370443, 38.9350711262009], [-76.963815550598, 38.9350324245422], [-76.9639288245621, 38.9349777030188], [-76.9708377817853, 38.9316397129714], [-76.9715532144506, 38.9312940128077], [-76.9716019166137, 38.9313372950382], [-76.9716782967691, 38.931405145601], [-76.9716882123732, 38.9314140664609], [-76.9718826931406, 38.9316007872229], [-76.9720637099586, 38.9317745790925], [-76.9721507540146, 38.9318581968253], [-76.9722392964606, 38.9319432567685], [-76.9723127373284, 38.9320137188377], [-76.9723583924061, 38.9320574199041], [-76.9724374818803, 38.9321331088185], [-76.9725312138937, 38.9322226728348], [-76.9725943933059, 38.9322831335481], [-76.9729180194719, 38.9325912935719], [-76.9733463308094, 38.9330110884531], [-76.97337077307, 38.9330338855326], [-76.9734088212139, 38.9330696568915], [-76.9734575979372, 38.9331153523287], [-76.9735173134457, 38.9331712953607], [-76.9735557074409, 38.9332073370784], [-76.9736207337894, 38.9332682476654], [-76.9739002535732, 38.9335375157586], [-76.9739096634258, 38.9335465795997], [-76.9740581648237, 38.9336894843071], [-76.9741759968395, 38.933802834752], [-76.9742741144282, 38.9338970833362], [-76.9743999037207, 38.9340178222719], [-76.974495946201, 38.9341100881548], [-76.9745761936037, 38.9341863157274], [-76.9746280784979, 38.9342356028246], [-76.9747991815083, 38.9343980590984], [-76.975279978713, 38.9348596573577], [-76.9754336741699, 38.9350065248991], [-76.9755231472706, 38.9350919423265], [-76.9756103152941, 38.9351751976837], [-76.9757236566319, 38.9352834105655], [-76.9760614914506, 38.9356062475234], [-76.9760970045488, 38.9356406668882], [-76.9762263736278, 38.9357659985702], [-76.9763707328939, 38.9359058368653], [-76.9764098203886, 38.9359436792791], [-76.9767940136659, 38.9363129165388], [-76.9771872053675, 38.9366872890594], [-76.9775672556147, 38.9370503965696], [-76.9776148780029, 38.9370958979866], [-76.977618106548, 38.937098961273], [-76.977748287704, 38.9372255530028], [-76.9779508748686, 38.9374203631405], [-76.9783823132417, 38.9378352368948], [-76.9788791265096, 38.9383129737177], [-76.9741794382854, 38.9383136521849], [-76.9741792990465, 38.9396594911706], [-76.9721700821663, 38.9396622734619], [-76.9696102788653, 38.9400283653154]]], [[[-76.9696102788653, 38.9400283653154], [-76.9696353032342, 38.9400479181097], [-76.9696770452505, 38.9400805389278], [-76.9697189022511, 38.9401133399986], [-76.9696102788653, 38.9400283653154]]]]}, "properties": {"TrashRouteArea": "OR506", "CollectionDays": "Wednesday", "RunsPerWeek": 1, "TrashStatusUpdate": "In Progress", "TStatus": "Scheduled Other Day", "ServiceArea": "Outer Ring"}}, {"type": "Feature", "geometry": {"type": "Polygon", "coordinates": [[[-76.9855975357897, 38.9245741607789], [-76.9857140652483, 38.9245321652274], [-76.9857924980541, 38.9245059186066], [-76.9862586158887, 38.924343188083], [-76.9862817555921, 38.9243361176353], [-76.9863616984659, 38.9243116935905], [-76.9864411553511, 38.9242881927427], [-76.9865095979926, 38.924267950013], [-76.9867628222914, 38.9241892119249], [-76.9869891366575, 38.9241215822915], [-76.987125849464, 38.9240807270289], [-76.9874134972045, 38.9239859936628], [-76.9874552634753, 38.9239722391715], [-76.9876934544678, 38.9239058435397], [-76.9878923199122, 38.9238547049394], [-76.9880137811217, 38.9238240223206], [-76.9883365718545, 38.9237213675731], [-76.9885803710293, 38.9236482534231], [-76.9889337017868, 38.9235296102369], [-76.9893718299138, 38.9233888942115], [-76.9897004255598, 38.9232881866084], [-76.9898311555865, 38.9232454194324], [-76.9899387018923, 38.9232123393948], [-76.9900114833967, 38.9231911039496], [-76.9901146558053, 38.9231592511193], [-76.9901975613229, 38.9231312295344], [-76.990233142693, 38.9231202452379], [-76.9902793385565, 38.9231053905414], [-76.9903608597702, 38.9230841704396], [-76.9905211865905, 38.9230332409112], [-76.9907467302022, 38.9229632109155], [-76.9911978156289, 38.9228252746219], [-76.9916570505718, 38.9226852134519], [-76.9921130551729, 38.9225410768028], [-76.9921511545208, 38.9225294773953], [-76.9921976468283, 38.9225148532075], [-76.9924170998623, 38.9224438764075], [-76.9925122413324, 38.9224184578941], [-76.9929484228101, 38.9222838856885], [-76.9930092890605, 38.9222651072573], [-76.9930832105269, 38.9222425911645], [-76.9931620897954, 38.9222184529434], [-76.9932408549778, 38.9221942252563], [-76.9933195033793, 38.9221699074043], [-76.9933982676634, 38.9221454092304], [-76.9934768019788, 38.9221208208912], [-76.9935554503802, 38.9220962325435], [-76.9936338688129, 38.9220714638735], [-76.99371240223, 38.922046605038], [-76.9937883970081, 38.9220223765934], [-76.9938643944812, 38.9219980586824], [-76.993895062965, 38.9220691358697], [-76.9938994440486, 38.9220798561484], [-76.9939031334295, 38.9220908461972], [-76.9939062460919, 38.922101926401], [-76.9939084361846, 38.9221130967599], [-76.9939100495588, 38.922124267117], [-76.993910856246, 38.922135617786], [-76.9939110862147, 38.9221471487666], [-76.9939106235823, 38.9221586790465], [-76.9939093542628, 38.9221701198667], [-76.9939072773579, 38.9221815599861], [-76.9939045087502, 38.9221928204892], [-76.9938536290708, 38.9224807238009], [-76.993821669708, 38.9226617896414], [-76.9938195469889, 38.922670209103], [-76.9938145173216, 38.922690165047], [-76.9938085183722, 38.9227186312962], [-76.9938036728595, 38.92274718769], [-76.9937999798854, 38.9227759236854], [-76.9937975562308, 38.9228047505239], [-76.9937962851146, 38.9228335766517], [-76.9937961674353, 38.9228624034668], [-76.9937972022946, 38.922891320426], [-76.9937995064733, 38.9229200570619], [-76.9938029631904, 38.922948793686], [-76.9938331519739, 38.9232430970581], [-76.9938343036141, 38.9232548081695], [-76.9938352252856, 38.923263185628], [-76.9938361469571, 38.9232722843281], [-76.9938370695268, 38.9232813830271], [-76.9938381061827, 38.9232914720356], [-76.9938409870798, 38.9233190378885], [-76.9938420237357, 38.9233296678232], [-76.9938429454071, 38.9233384960491], [-76.9938439829613, 38.9233483145837], [-76.9938447887501, 38.9233560623423], [-76.9938459412886, 38.9233682235122], [-76.9938472088115, 38.9233798444477], [-76.9938496288728, 38.9234025453821], [-76.9938518180672, 38.9234252463091], [-76.9938536605118, 38.923448037384], [-76.9938551580034, 38.9234707382965], [-76.993856424628, 38.9234934399006], [-76.9938574603855, 38.9235162309536], [-76.9938580353073, 38.9235390219993], [-76.993858379362, 38.9235618130377], [-76.9938584925497, 38.9235845139138], [-76.9938582598861, 38.9236073049375], [-76.9938576822694, 38.9236221686144], [-76.99385698877, 38.923637032288], [-76.9938561802862, 38.9236518959586], [-76.9938551409354, 38.923666759626], [-76.9938541015846, 38.9236816232904], [-76.9938527163825, 38.9236964869516], [-76.9938513320786, 38.923711260455], [-76.9938497160094, 38.92372612411], [-76.9938479849559, 38.9237408976072], [-76.9938461380197, 38.9237556711013], [-76.9938292928114, 38.9238621486331], [-76.9938206375437, 38.9239262876478], [-76.9938118681899, 38.9239903364501], [-76.9938029829534, 38.9240543851947], [-76.9937940977169, 38.9241185240356], [-76.9937849816134, 38.9241825726644], [-76.9937758655099, 38.9242466212354], [-76.993766634422, 38.9243106697485], [-76.9937574033342, 38.9243747182038], [-76.9937479413793, 38.9244387673002], [-76.9937428641013, 38.9244738993375], [-76.9937375559563, 38.9245089412036], [-76.9937527779088, 38.9245109238875], [-76.9937678848769, 38.9245134467949], [-76.993782760978, 38.9245164204709], [-76.9937974071104, 38.9245200245242], [-76.9938119373601, 38.924524079346], [-76.9938261208602, 38.9245285842373], [-76.9938403052585, 38.9245336293519], [-76.9938540279228, 38.9245391252348], [-76.9938675206184, 38.9245450718857], [-76.9938805506816, 38.924551467907], [-76.9938932357917, 38.9245584055487], [-76.9939096102827, 38.9245679548512], [-76.9939251780866, 38.9245783155354], [-76.9939400532893, 38.924589305896], [-76.9939540068207, 38.924601017484], [-76.9939670368839, 38.9246132699918], [-76.9939792602599, 38.9246260620215], [-76.9939904451835, 38.924639485124], [-76.994000592553, 38.924653358293], [-76.9940097014699, 38.924667682227], [-76.9940177728328, 38.9246823660734], [-76.9940223847834, 38.9246918252057], [-76.9940264200157, 38.9247014639448], [-76.9940299944122, 38.924711193535], [-76.9940329920903, 38.924721102732], [-76.99403541305, 38.9247310119277], [-76.9940373722756, 38.9247411014288], [-76.9940388706655, 38.9247511909285], [-76.9940396773527, 38.9247612804268], [-76.9940400223057, 38.9247714593782], [-76.9940397905404, 38.9247815488736], [-76.9940408110266, 38.9249998204321], [-76.9940426426914, 38.9251516108934], [-76.9940396333352, 38.92528583452], [-76.9940190673051, 38.9254227303231], [-76.9940176210175, 38.9254323326224], [-76.9940126901649, 38.925443928061], [-76.9940074386137, 38.9254534388071], [-76.9939939638845, 38.925466666772], [-76.9939797588249, 38.9254747665231], [-76.9939614322948, 38.9254809660818], [-76.9937604180803, 38.925484711954], [-76.9936375276511, 38.9254861131618], [-76.9935297729362, 38.9254869524887], [-76.9934101254251, 38.925487789719], [-76.9933675857049, 38.9254887723115], [-76.9933507611579, 38.9254897178646], [-76.9933353972716, 38.9254910799363], [-76.993324377638, 38.9254936028088], [-76.9933115766452, 38.9254973451861], [-76.9932943487547, 38.9255050717443], [-76.9932762306337, 38.9255153924569], [-76.9932612467348, 38.9255257432188], [-76.993182352195, 38.9255926775499], [-76.9932005062485, 38.9256016026352], [-76.9932189468647, 38.9256101622178], [-76.9932376632636, 38.9256183500084], [-76.993256640174, 38.9256261625127], [-76.9932758677143, 38.9256335920434], [-76.9932953315116, 38.9256406351065], [-76.9933150189894, 38.9256472875088], [-76.9933349175712, 38.9256535443585], [-76.9933550155791, 38.9256594007638], [-76.9933752986399, 38.9256648539292], [-76.9933957541772, 38.9256699010596], [-76.9934163660214, 38.9256745372629], [-76.9934371251893, 38.9256787604427], [-76.9934580164096, 38.9256825678037], [-76.9934790226142, 38.9256859558516], [-76.9935001357183, 38.9256889238877], [-76.9935213368573, 38.9256914677188], [-76.9935426152515, 38.9256935887428], [-76.9935510468387, 38.9256935265448], [-76.993559461358, 38.9256939144091], [-76.9935678246733, 38.9256947481427], [-76.9935760954621, 38.9256960249502], [-76.9935842359952, 38.9256977385418], [-76.9935922067467, 38.9256998812301], [-76.9935999735807, 38.925702443231], [-76.9936074996661, 38.9257054119653], [-76.9936147481721, 38.9257087741545], [-76.9936216867594, 38.925712513725], [-76.9936282848851, 38.925716614603], [-76.9936345084134, 38.9257210572206], [-76.9936403303948, 38.9257258192143], [-76.9936457247781, 38.9257308803174], [-76.9936506646138, 38.9257362174676], [-76.9936551283425, 38.9257418034095], [-76.9936590944044, 38.9257476150808], [-76.9936625439351, 38.9257536238285], [-76.9936654634598, 38.9257598023971], [-76.9936678359105, 38.925766121435], [-76.9936696532023, 38.9257725522888], [-76.9936709045555, 38.9257790642092], [-76.9936715863768, 38.9257856285429], [-76.9936716932763, 38.9257922131429], [-76.993673102733, 38.9258886150541], [-76.9936730155964, 38.9258964247332], [-76.9936723831824, 38.9259042183378], [-76.9936712054911, 38.9259119735047], [-76.9936694879123, 38.9259196671718], [-76.9936672358359, 38.9259272762769], [-76.9936644555501, 38.9259347777578], [-76.9936611533431, 38.9259421499504], [-76.993657340893, 38.9259493697924], [-76.9936530307763, 38.9259564156195], [-76.9936482355693, 38.9259632678639], [-76.9936429669501, 38.9259699062589], [-76.9936372428852, 38.9259763091402], [-76.9936310804423, 38.9259824590366], [-76.9936244966896, 38.9259883363803], [-76.99361751139, 38.9259939237], [-76.9936101461029, 38.9259992056211], [-76.9936024241847, 38.9260041653712], [-76.9935943662966, 38.9260087882745], [-76.9935859957948, 38.9260130596551], [-76.9935773405271, 38.9260169690305], [-76.9935684256462, 38.9260205038213], [-76.993559276305, 38.926023652147], [-76.9935668176618, 38.9260279493843], [-76.9935740347268, 38.9260325736837], [-76.9935809041438, 38.9260375110683], [-76.9935874016583, 38.9260427454642], [-76.9935935093039, 38.9260482600992], [-76.9935992055211, 38.9260540347062], [-76.9936044723436, 38.9260600560073], [-76.9936092927034, 38.9260662995425], [-76.9936136504309, 38.9260727471416], [-76.9936175329495, 38.9260793785378], [-76.9936209258863, 38.926086171368], [-76.9936238202582, 38.9260931032689], [-76.9936262052853, 38.9261001525759], [-76.9936280728827, 38.9261072962272], [-76.993629418559, 38.9261145118593], [-76.993630236026, 38.9261217750124], [-76.9936305252835, 38.9261290626246], [-76.9936315053454, 38.9261437936904], [-76.9936329920572, 38.9261584981969], [-76.9936349863172, 38.9261731670589], [-76.993637481837, 38.9261877876972], [-76.9936404840067, 38.9262023510269], [-76.9936439856397, 38.9262168458663], [-76.993647984041, 38.9262312624317], [-76.993652480109, 38.9262455888425], [-76.9936574666572, 38.9262598153151], [-76.9936617956385, 38.9262710150698], [-76.9936656044953, 38.9262823287352], [-76.9936688905326, 38.9262937423342], [-76.9936716456656, 38.926305240492], [-76.9936738689959, 38.9263168099305], [-76.9936755569304, 38.9263284338772], [-76.9936767067739, 38.9263400976565], [-76.9936773176283, 38.9263517865923], [-76.9936811130104, 38.9265311129085], [-76.9937028944611, 38.9265469816126], [-76.993713849416, 38.9265594133878], [-76.9937220366615, 38.9265731065779], [-76.9937271094479, 38.9265876104265], [-76.9937291836579, 38.9266025643289], [-76.9937281443071, 38.9266176978314], [-76.9937266441205, 38.9266349942573], [-76.9937251430357, 38.926652199829], [-76.993722257647, 38.9266846297347], [-76.99371937136, 38.9267169694745], [-76.993716485073, 38.9267493986517], [-76.9937137146687, 38.9267817383621], [-76.9937108283817, 38.9268140780577], [-76.9937078271103, 38.9268465078894], [-76.9937049417216, 38.9268788475554], [-76.9937020554346, 38.9269111879056], [-76.9936990541632, 38.9269436169941], [-76.9936942059556, 38.9269924422978], [-76.9936899344665, 38.9270412668691], [-76.9936864705627, 38.9270900921055], [-76.9936838133461, 38.9271390067601], [-76.9936817337462, 38.9271879220797], [-76.9936805758178, 38.9272368366667], [-76.9936799946078, 38.9272857519188], [-76.9936802209833, 38.9273347572874], [-76.9936807950068, 38.9273716915918], [-76.9936818289677, 38.927408535727], [-76.9936834405453, 38.927445469993], [-76.993683670514, 38.927458081212], [-76.9936842436392, 38.9274973579536], [-76.9936851626157, 38.9275366339746], [-76.9936863124592, 38.9275760001237], [-76.9936879222402, 38.9276241946425], [-76.9936898787709, 38.9276723898273], [-76.993692181153, 38.9277205842805], [-76.9936948293864, 38.9277686885513], [-76.9936978234713, 38.927816883638], [-76.9937010484232, 38.9278649878435], [-76.9937047351091, 38.9279131828647], [-76.9937078729244, 38.9279517248815], [-76.9937086517637, 38.927961287005], [-76.9937119925983, 38.9279972307383], [-76.9937152193468, 38.9280331737546], [-76.993718445197, 38.9280691174515], [-76.9937215560628, 38.9281050604314], [-76.993724665132, 38.9281410040919], [-76.9937277768961, 38.9281769470353], [-76.9937307727776, 38.9282128906594], [-76.9937337677607, 38.9282488342652], [-76.9937366477596, 38.928284867303], [-76.9937395277584, 38.9283208108724], [-76.9937406793986, 38.9283360348561], [-76.9937425227415, 38.92836324025], [-76.9937441343191, 38.9283904449347], [-76.993745515928, 38.9284177404566], [-76.9937467825526, 38.9284449458192], [-76.9937478183101, 38.9284717905765], [-76.993748738185, 38.9284987254723], [-76.9937494280911, 38.9285255702093], [-76.9937500021146, 38.9285524149361], [-76.9937503461693, 38.9285792596527], [-76.9937505743414, 38.9286050232753], [-76.9937505716465, 38.9286306974389], [-76.9937504548655, 38.9286564610429], [-76.9937505536802, 38.9288383385291], [-76.9937488136434, 38.9289347579644], [-76.9937459183733, 38.9290952557043], [-76.9937434722608, 38.9293698289972], [-76.9937435872451, 38.9293718108463], [-76.993746464549, 38.9294403642035], [-76.994295082761, 38.9323856585098], [-76.9936931504352, 38.9324122026942], [-76.9937708358427, 38.9324081036009], [-76.9863670919508, 38.9327804667648], [-76.9861308350311, 38.9298182377229], [-76.9858946895025, 38.9265701602431], [-76.9857517693374, 38.9250764854984], [-76.9857222920197, 38.9248526253689], [-76.9855975357897, 38.9245741607789]]]}, "properties": {"TrashRouteArea": "OR509", "CollectionDays": "Wednesday", "RunsPerWeek": 1, "TrashStatusUpdate": "In Progress", "TStatus": "Scheduled Other Day", "ServiceArea": "Outer Ring"}}, {"type": "Feature", "geometry": {"type": "Polygon", "coordinates": [[[-76.9831426835616, 38.9501413107912], [-76.9831622587499, 38.9500992192986], [-76.9828665396466, 38.9499391805785], [-76.9831488891236, 38.9496968086962], [-76.9855831896946, 38.9442571589986], [-76.9883181312383, 38.9442416638544], [-76.9883076272377, 38.9428742952188], [-76.9892795774256, 38.9428747486656], [-76.990239299746, 38.9428718596015], [-76.9902392889662, 38.9429547362205], [-76.9902393859842, 38.9430866177078], [-76.9902393671196, 38.9432272366665], [-76.9902393608314, 38.9432729989202], [-76.9902393536449, 38.9433208327334], [-76.9902393446617, 38.9433887556728], [-76.9902406858465, 38.9437008925184], [-76.9902386844, 38.9439994268982], [-76.990239131761, 38.9441004097177], [-76.990240143264, 38.9442975114739], [-76.9902400902634, 38.9446842369013], [-76.9902409625276, 38.9450497934989], [-76.9902409499511, 38.945147083087], [-76.9902409328832, 38.9452675234033], [-76.9903334458827, 38.9452810942091], [-76.9903950020392, 38.9452800860402], [-76.9905849786538, 38.9452796801178], [-76.9906933702743, 38.9452775526929], [-76.9907059188405, 38.945279142847], [-76.9907164102647, 38.9452821750387], [-76.9907255587076, 38.9452879341066], [-76.9907344223845, 38.9452944414405], [-76.9907385204988, 38.9453019457638], [-76.9907426284946, 38.9453104945851], [-76.9907441134098, 38.9453194542182], [-76.9907482519483, 38.9454737925236], [-76.990747866571, 38.9456693010149], [-76.9907478315367, 38.9459387043686], [-76.9907427398857, 38.9462795382958], [-76.9913208803312, 38.9462795096511], [-76.9914323567664, 38.9462802802641], [-76.9919531505608, 38.9462838783209], [-76.9921234172397, 38.946284108876], [-76.9925140146067, 38.9462846363581], [-76.9925286652307, 38.9462845476293], [-76.9926479426358, 38.946284014558], [-76.9926466679264, 38.9463596840963], [-76.9926464352628, 38.9463726559491], [-76.9926435804168, 38.9472142996491], [-76.9926435786202, 38.9472303341942], [-76.9926433414649, 38.9472958242103], [-76.9926431007164, 38.9473889698716], [-76.9926425024384, 38.9475952593674], [-76.9926422302489, 38.9480028839358], [-76.9926412879162, 38.9481850317811], [-76.9926408180973, 38.9482697095505], [-76.9925289185556, 38.9482697919891], [-76.992358185651, 38.9482700511817], [-76.9921632126068, 38.9482693756043], [-76.9916956736374, 38.9482677540789], [-76.9912992965099, 38.9482671846936], [-76.9911136821143, 38.9482669010489], [-76.9912382586813, 38.9483605058322], [-76.9914705746918, 38.948535104066], [-76.9916480979616, 38.9486710516686], [-76.9917028898041, 38.9487129442017], [-76.9917387631266, 38.9487404219286], [-76.9916897681127, 38.9524154340159], [-76.9916615035206, 38.9524154319202], [-76.9915940139916, 38.9524153369117], [-76.9915868616053, 38.9524152467934], [-76.9915264094783, 38.952414972247], [-76.9911226544873, 38.9524144273458], [-76.9908200192547, 38.9524140179712], [-76.9906683117695, 38.9524143658697], [-76.9905543290346, 38.9524146271429], [-76.9904515375116, 38.9524148891147], [-76.9901176660599, 38.9524157623539], [-76.9900446968076, 38.952415686906], [-76.9894593833146, 38.9524150742414], [-76.9894058536051, 38.9524157001793], [-76.9892596833354, 38.9524172182182], [-76.989091709157, 38.9524190038177], [-76.988993416397, 38.9524199860371], [-76.9889186594973, 38.9524166460719], [-76.9888439025977, 38.9524124049237], [-76.9887692606824, 38.952407172474], [-76.9886947355481, 38.952401040238], [-76.9886204403826, 38.9523940061198], [-76.988546145217, 38.9523860715163], [-76.9884720809184, 38.9523771463087], [-76.9883982483852, 38.9523673199166], [-76.9883246458207, 38.9523565930381], [-76.9882511591389, 38.9523449649743], [-76.9881864409126, 38.9523327968968], [-76.988121952655, 38.9523196382133], [-76.9880578111471, 38.9523055790417], [-76.9879941304749, 38.9522905285644], [-76.9879306833647, 38.9522744874795], [-76.9878678111763, 38.952257545206], [-76.9878052857376, 38.9522396123235], [-76.9877431061502, 38.9522207789497], [-76.9876815041796, 38.9522009542668], [-76.9876204789274, 38.9521802283924], [-76.9875544931782, 38.9521569798895], [-76.9874892000301, 38.9521324704164], [-76.9874247153657, 38.9521067900908], [-76.9873610373885, 38.9520798487924], [-76.987298167895, 38.9520518260588], [-76.9872362218697, 38.9520226324685], [-76.9871750834298, 38.9519922680201], [-76.9871149834423, 38.9519608221323], [-76.9870556910403, 38.951928296201], [-76.9869975529734, 38.9518946888272], [-76.9869296097952, 38.9518518019754], [-76.9868612057813, 38.9518095452323], [-76.9868382502325, 38.9517955795716], [-76.9867923400333, 38.9517677390597], [-76.9867372014411, 38.9517349426823], [-76.9867228975669, 38.9517263834581], [-76.9866529942647, 38.9516855678491], [-76.9866332681594, 38.9516743951616], [-76.9865825133459, 38.9516452929323], [-76.9865116865756, 38.9516055580098], [-76.9864402821886, 38.9515663637812], [-76.9863684169659, 38.9515276201281], [-76.9862962058918, 38.951489416472], [-76.9862614842094, 38.951471215831], [-76.9862263016913, 38.9514535552039], [-76.9862147116275, 38.9514479419459], [-76.9861907724235, 38.95143634517], [-76.9861547814216, 38.9514195857297], [-76.9861184445684, 38.9514034564238], [-76.9860817618638, 38.9513877777122], [-76.9860446174251, 38.9513726404135], [-76.9860072421194, 38.9513580417335], [-76.9859694050796, 38.9513440745866], [-76.9859313371728, 38.9513305573367], [-76.9858816199134, 38.9513065889947], [-76.985735581696, 38.9512363968946], [-76.9856326859684, 38.9511868393787], [-76.9855400570862, 38.9511423264472], [-76.9855300211078, 38.9511385421097], [-76.9855269066487, 38.9511373705509], [-76.9855137562113, 38.951132594894], [-76.9855003749068, 38.9511279086582], [-76.9854869936024, 38.9511234026619], [-76.9854734964152, 38.9511189867853], [-76.9854600001264, 38.9511146617269], [-76.9854463861582, 38.9511105162095], [-76.9854327757834, 38.9511065502332], [-76.9854190477292, 38.9511026750753], [-76.9854053205733, 38.9510988900371], [-76.9851345755332, 38.9510229160758], [-76.984794041277, 38.9509228806466], [-76.9847249419671, 38.9509008913184], [-76.9846563052895, 38.9508782718403], [-76.9846414246968, 38.9508732251067], [-76.9845878994789, 38.9508550215131], [-76.9845369111033, 38.9508370882757], [-76.9845199554024, 38.9508310502158], [-76.9844523571772, 38.9508065388871], [-76.984445435658, 38.9508039253974], [-76.9843852206862, 38.950781306587], [-76.9843184309448, 38.9507554441337], [-76.9842519870548, 38.950728950828], [-76.9841860048989, 38.9507018266691], [-76.984120484477, 38.9506741624755], [-76.9840691520467, 38.9506522652864], [-76.9840181663661, 38.9506298280659], [-76.9839676424196, 38.9506070303559], [-76.9839173484418, 38.9505836017943], [-76.9838675170964, 38.9505598127424], [-76.9838513680825, 38.9505518835224], [-76.9838180316023, 38.9505354836571], [-76.9837688919596, 38.9505107039598], [-76.983720214051, 38.9504854743488], [-76.9836718828921, 38.950459794125], [-76.9836238975846, 38.9504336632878], [-76.9835657622126, 38.9504020364668], [-76.9835123555724, 38.9503722113509], [-76.9835080876765, 38.9503698682078], [-76.9834511057414, 38.950336980364], [-76.9834385329206, 38.9503295017238], [-76.9833947005247, 38.9503035517791], [-76.9833547910715, 38.9502792233044], [-76.9833388729247, 38.9502694022103], [-76.9832836220431, 38.9502347125974], [-76.9832485572043, 38.9502120062786], [-76.9832290637627, 38.9501994822408], [-76.9831750822006, 38.9501635315962], [-76.9831502833089, 38.95014650219], [-76.9831426835616, 38.9501413107912]]]}, "properties": {"TrashRouteArea": "OR503", "CollectionDays": "Wednesday", "RunsPerWeek": 1, "TrashStatusUpdate": "In Progress", "TStatus": "Scheduled Other Day", "ServiceArea": "Outer Ring"}}, {"type": "Feature", "geometry": {"type": "MultiPolygon", "coordinates": [[[[-77.0090439267262, 38.9170034821404], [-77.00904390337, 38.9168189756466], [-77.009044219577, 38.9168188659127], [-77.0090439267262, 38.9170034821404]]], [[[-77.0090439267262, 38.9170034821404], [-77.0092735406044, 38.9170047500181], [-77.0121552075768, 38.9170057117599], [-77.0135376986294, 38.9170041754892], [-77.0145034836795, 38.9170031019169], [-77.0145113394467, 38.9170732754862], [-77.0145120320478, 38.9170785909216], [-77.0145665579889, 38.9175655739744], [-77.0145682908391, 38.9175814286082], [-77.0145687534715, 38.9175876442332], [-77.0145732621159, 38.9176445766208], [-77.0145776548776, 38.9176998874372], [-77.0145790427747, 38.917717093079], [-77.0145800830238, 38.917729614467], [-77.0146169283235, 38.9180312083616], [-77.0146200472742, 38.9180572421071], [-77.0146215492573, 38.9180690428385], [-77.0146276694794, 38.9181148045522], [-77.0146348299505, 38.9181693944065], [-77.0146378330185, 38.918191284154], [-77.0146414128049, 38.918218759031], [-77.0146696010402, 38.918469007074], [-77.0146854266606, 38.918606742159], [-77.0146925889283, 38.9186703400651], [-77.0146989427123, 38.9187260107264], [-77.014699289462, 38.9187284429795], [-77.0147036795288, 38.9187674484795], [-77.0147142293435, 38.9188579260882], [-77.0147306253941, 38.9189985315843], [-77.0147420348965, 38.9190963370714], [-77.0147426035301, 38.9191011889715], [-77.0147439303418, 38.919112558296], [-77.0148751095261, 38.9202367753883], [-77.0148844636831, 38.9203055975668], [-77.0148855030339, 38.9203132547997], [-77.0149244243402, 38.9205975076701], [-77.0149283508763, 38.9206262885671], [-77.0149370097373, 38.9206758331974], [-77.0147979433448, 38.9206961195851], [-77.0147801854483, 38.920698644026], [-77.0146325859589, 38.9207201926271], [-77.0145616693571, 38.9207311919722], [-77.0144909836224, 38.9207427315679], [-77.0144205278563, 38.9207549008736], [-77.0143500729886, 38.9207676118273], [-77.0142799639722, 38.9207808623318], [-77.0142098549559, 38.9207946537848], [-77.0141400917909, 38.9208090756454], [-77.0140704436103, 38.9208240377548], [-77.014001027195, 38.9208395401126], [-77.0139317257641, 38.9208556735759], [-77.0138580423513, 38.9208739694388], [-77.0137848206725, 38.9208931654828], [-77.013711944845, 38.9209131729465], [-77.013639414869, 38.920934170748], [-77.013567346627, 38.9209559792689], [-77.0134956251347, 38.9209786886667], [-77.0134244794625, 38.9210022080834], [-77.0133537955244, 38.921026629074], [-77.013283572422, 38.9210518600819], [-77.0132139269364, 38.921077992662], [-77.0131658437125, 38.9210975457885], [-77.01311810634, 38.9211175497001], [-77.0130707148188, 38.9211380036974], [-77.0130235541647, 38.9211589084788], [-77.0129767402603, 38.9211802633451], [-77.012930271309, 38.9212019788368], [-77.0128841491074, 38.9212242345706], [-77.0128383727571, 38.9212468502301], [-77.0127929422582, 38.9212698265139], [-77.0127478576108, 38.9212933430385], [-77.0127381719754, 38.9212971275712], [-77.0127282554729, 38.9213005521712], [-77.0127182230878, 38.9213035259819], [-77.0127079607341, 38.921306229319], [-77.0126974675132, 38.9213084825658], [-77.0126869733941, 38.9213103751812], [-77.0126762493062, 38.9213118177064], [-77.0126655252183, 38.9213128101413], [-77.0126593627755, 38.9213132252866], [-77.0126548011305, 38.9213135321028], [-77.01264396116, 38.9213137131173], [-77.0122618025667, 38.9213146545327], [-77.0122598424428, 38.9213146552316], [-77.0121506378469, 38.9213141261659], [-77.0121505345407, 38.9213856967608], [-77.0121504366243, 38.921488797289], [-77.0121483345665, 38.9220085776913], [-77.0121486166376, 38.9223107174017], [-77.0121487441983, 38.9223823331179], [-77.0121475045232, 38.9223823212368], [-77.0120453031933, 38.9223813532779], [-77.0120399986416, 38.9223813532779], [-77.0116165831223, 38.9223771746306], [-77.011534097118, 38.9223763597279], [-77.0114840492786, 38.9223759145367], [-77.0107996372366, 38.9223798534657], [-77.0100950436435, 38.9223812673147], [-77.0096434344991, 38.9223821164628], [-77.0093921793074, 38.9223825875129], [-77.0092232385418, 38.922381699926], [-77.0091028463274, 38.9223810786152], [-77.0090457574928, 38.9223807843836], [-77.0090415443941, 38.9226030812189], [-77.0090400118682, 38.9233435356572], [-77.0090400163598, 38.9233778274873], [-77.0090400262413, 38.9234540323489], [-77.0090403846691, 38.9235248851362], [-77.0090404583309, 38.9241074280727], [-77.0090405014501, 38.9244436929149], [-77.0090416800397, 38.9245209896584], [-77.0090417204639, 38.9245981744993], [-77.0090417501083, 38.9248367485985], [-77.0090417770577, 38.9250482116832], [-77.0090398438833, 38.9251419882891], [-77.0090417986173, 38.9252181038984], [-77.009041831855, 38.9254783663346], [-77.0090418668893, 38.9257530871085], [-77.0090352454073, 38.9258403571583], [-77.0090353819512, 38.9259219922539], [-77.009038279018, 38.9261870420245], [-77.0090383212388, 38.9265236660006], [-77.0090460665132, 38.926674486], [-77.0085316714186, 38.9267305801706], [-77.0081131094968, 38.9267762209888], [-77.0080452992693, 38.9267842430188], [-77.0079708900177, 38.9267931665564], [-77.0079160209201, 38.9267997461709], [-77.0079040275128, 38.9268011885844], [-77.0078540919627, 38.9268077674994], [-77.007642589019, 38.9268355961489], [-77.0073177213813, 38.9268783374001], [-77.0068241483367, 38.9269420487918], [-77.0067389107926, 38.9269530513653], [-77.0066074414525, 38.9269706251497], [-77.0065073394854, 38.9269840533993], [-77.0064392983909, 38.9269931551165], [-77.006426266531, 38.9269948672791], [-77.0063992811399, 38.9269985627547], [-77.0063724107331, 38.927002797736], [-77.0063455403263, 38.92700748347], [-77.0063188998883, 38.927012529806], [-77.0062955167414, 38.927017455242], [-77.0062582025211, 38.9269066663933], [-77.006210514556, 38.9268068562072], [-77.0060583435401, 38.9265913150084], [-77.005992717117, 38.9265134859029], [-77.0059663039527, 38.9264866425011], [-77.0059387409449, 38.9264605202993], [-77.0059100227035, 38.9264352080521], [-77.0058800369394, 38.9264107071578], [-77.0058490127227, 38.92638710707], [-77.0058168350692, 38.9263644077895], [-77.0057895011318, 38.9263458519732], [-77.0057612455228, 38.926328287119], [-77.0057321823284, 38.9263116230764], [-77.0057363334434, 38.9263038756405], [-77.0057414071281, 38.9262964888097], [-77.0057472883983, 38.9262894618854], [-77.0057539763555, 38.9262827955663], [-77.0057613569139, 38.9262766694568], [-77.0057693132924, 38.926271083557], [-77.0057779622719, 38.926266038566], [-77.0057870729856, 38.9262616239365], [-77.0057966445349, 38.9262577502159], [-77.0058065619356, 38.9262545963098], [-77.0058295111962, 38.9262506317384], [-77.0058505003328, 38.9262469376215], [-77.0064357114179, 38.9261720104622], [-77.006419203078, 38.9261640219078], [-77.006408732315, 38.9261476667184], [-77.0064092434564, 38.9261262224966], [-77.0064247582597, 38.9260983942676], [-77.0066953811289, 38.9257866062393], [-77.0067591633107, 38.9257132698855], [-77.0070023956486, 38.9254368129961], [-77.0070528441366, 38.9253793808876], [-77.0071241901331, 38.9252980205179], [-77.0073948085108, 38.9249841205065], [-77.0074448949778, 38.9249261261463], [-77.0077705252851, 38.9245527796783], [-77.0077653896166, 38.9245257866761], [-77.0078122978441, 38.9245040854801], [-77.007870090958, 38.9244352855445], [-77.0080870107429, 38.9241828976387], [-77.0081122345377, 38.9241537589654], [-77.0082668148352, 38.9239731588865], [-77.0083792371964, 38.9238419672827], [-77.008477255072, 38.9237373808736], [-77.0084850856863, 38.9237290090621], [-77.0084922371743, 38.9237214164942], [-77.0086542564206, 38.9235337196277], [-77.008658830642, 38.9235167390366], [-77.008654251929, 38.9234997570437], [-77.0086353603586, 38.9234525640089], [-77.0085238255329, 38.923166769666], [-77.0085200723717, 38.9231558622518], [-77.0085168725726, 38.9231422711374], [-77.0085159509011, 38.9231321213052], [-77.0085162500401, 38.9231212607106], [-77.0085171223043, 38.9231072160164], [-77.0085180439757, 38.9230868932775], [-77.0085169354547, 38.9230669059954], [-77.0085153651996, 38.9230531667013], [-77.0085124322002, 38.9230395720728], [-77.0085063946231, 38.923019739929], [-77.0085008636959, 38.9230062193756], [-77.0084966685636, 38.922996339991], [-77.0084942862314, 38.922987567633], [-77.0084923683283, 38.9229760822162], [-77.0084921114101, 38.9229626518102], [-77.0084879441255, 38.9227743330267], [-77.0082802877678, 38.9226676567769], [-77.0082096182027, 38.9225956646496], [-77.0080529106947, 38.9223784836466], [-77.0077487070035, 38.9218469240242], [-77.0074182743027, 38.9213823476457], [-77.007325601403, 38.9208834591316], [-77.0076598303842, 38.9196512827045], [-77.0076592204282, 38.9191590552985], [-77.0090440677617, 38.9181129684648], [-77.0090439267262, 38.9170034821404]]], [[[-77.0125197987163, 38.9180753674538], [-77.0127046531372, 38.9180759510601], [-77.0127095444639, 38.917824763664], [-77.0130387276082, 38.9178209761504], [-77.0130908209115, 38.9178069457836], [-77.0131268846769, 38.917746149126], [-77.0131068495511, 38.9173704562885], [-77.0127602301072, 38.9173626617465], [-77.0127542194796, 38.9170805018223], [-77.0125758994041, 38.9170773852509], [-77.0125999428127, 38.9176993828072], [-77.0125258102422, 38.9177664153832], [-77.0125197987163, 38.9180753674538]]], [[[-77.0124864900839, 38.9192158711038], [-77.012499012599, 38.9202096332742], [-77.0127682439778, 38.9201950204897], [-77.0127588511932, 38.9197833892461], [-77.0134976741919, 38.9197906963801], [-77.0134976732936, 38.9196591692519], [-77.0127431989477, 38.9196396842225], [-77.0127463286781, 38.9192183075336], [-77.0124864900839, 38.9192158711038]]], [[[-77.0125553630184, 38.9203168031539], [-77.012574146791, 38.9212447877807], [-77.0127212845463, 38.9212350458338], [-77.0127682430795, 38.921164411612], [-77.0127776358641, 38.9208185506698], [-77.0131063482912, 38.9207406082992], [-77.0135978534141, 38.9206553608955], [-77.0139296973682, 38.920601776581], [-77.0139860477877, 38.9205822904126], [-77.0139860468894, 38.9204434583847], [-77.0138201253614, 38.9204556368275], [-77.0138232559902, 38.9205165276126], [-77.0133004463763, 38.9205530628973], [-77.012752590834, 38.9206845897665], [-77.0127557205644, 38.9203119317675], [-77.0125553630184, 38.9203168031539]]]]}, "properties": {"TrashRouteArea": "OR512", "CollectionDays": "Wednesday", "RunsPerWeek": 1, "TrashStatusUpdate": "In Progress", "TStatus": "Scheduled Other Day", "ServiceArea": "Outer Ring"}}, {"type": "Feature", "geometry": {"type": "Polygon", "coordinates": [[[-77.0063731662163, 38.909655726286], [-77.0090531784753, 38.910802556302], [-77.0090532188995, 38.9111231518461], [-77.0090532197978, 38.9111289108919], [-77.0090526574525, 38.9114528133051], [-77.0090525496546, 38.9115146295948], [-77.0090523978394, 38.9116020506653], [-77.0090519370036, 38.9118670966122], [-77.0090508814832, 38.9124739501952], [-77.0090508985511, 38.912608213881], [-77.009044219577, 38.9168188659127], [-77.00904390337, 38.9168189756466], [-77.0090439267262, 38.9170034821404], [-77.0090440677617, 38.9181129684648], [-77.0089091156532, 38.9181131334122], [-77.0069507092821, 38.9181155132665], [-77.0069503481594, 38.9181167552639], [-77.005536920925, 38.9181193489906], [-77.0020332361954, 38.9192518856653], [-77.001689775228, 38.9192167063114], [-77.0016784744217, 38.9192107606117], [-77.0016668277641, 38.9192053558744], [-77.0016548334584, 38.9192004914009], [-77.0016423810119, 38.91919616789], [-77.0016296968001, 38.9191922944826], [-77.0016167817213, 38.9191889613392], [-77.0016036348771, 38.9191862593192], [-77.0015902598608, 38.919184187724], [-77.0015767680636, 38.9191826563929], [-77.001563161282, 38.919181665326], [-77.001549553602, 38.9191813955433], [-77.0015070534076, 38.9191814864028], [-77.0011239336171, 38.9191823013421], [-77.0010922886645, 38.9191824453194], [-77.0007289866074, 38.9191841059505], [-77.0007101911567, 38.919184196111], [-77.0005704312648, 38.9191850075557], [-77.0004201790504, 38.9191851885757], [-77.0002332567078, 38.9191852794351], [-77.0001009941552, 38.9191858770107], [-77.0000686512118, 38.9191860244826], [-77.0000364322358, 38.9191861698576], [-76.9998748639437, 38.9191869009267], [-76.9996197900137, 38.9191864501241], [-76.9995213139973, 38.9191862691041], [-76.9995213148957, 38.9191003299994], [-76.9995213660996, 38.9189817637776], [-76.9995214316767, 38.9188315215086], [-76.9995203977158, 38.918321920075], [-76.9995227045894, 38.9181830116349], [-76.9995238580262, 38.9181142782584], [-76.9995253582128, 38.9180295099613], [-76.999527319235, 38.9179107797982], [-76.9995304354908, 38.9174073943825], [-76.9995281331087, 38.916911305837], [-76.9995298659589, 38.9164293597916], [-76.9995268709757, 38.9159295774433], [-76.9995273318114, 38.915916965573], [-76.9995282543812, 38.9159044438651], [-76.9995297536694, 38.9158919221551], [-76.9995317137934, 38.9158794011417], [-76.9995341356514, 38.9158670597568], [-76.9995370183451, 38.9158546282049], [-76.9995403627729, 38.9158423769803], [-76.9995442830209, 38.9158302152195], [-76.9995485491201, 38.9158180541556], [-76.9995533928361, 38.9158060734191], [-76.9996373368062, 38.9156719394977], [-76.9996440669843, 38.9156667427791], [-76.9996471383242, 38.9156643726279], [-76.9996577465295, 38.9156574362134], [-76.9996691614218, 38.9156511302543], [-76.9996811539308, 38.9156456350809], [-76.9996936072756, 38.9156410408584], [-76.9997066364405, 38.915637167257], [-76.9997198973707, 38.9156341946067], [-76.9997336182383, 38.9156320327427], [-76.9997473400043, 38.9156308612961], [-76.9997611767546, 38.9156305915], [-76.9998130652421, 38.9156316727815], [-76.9998648378468, 38.915632753364], [-76.9999166113499, 38.9156338346455], [-76.9999683839547, 38.915635005393], [-77.0000202724421, 38.9156360866745], [-77.0000720450469, 38.9156371679559], [-77.00012381855, 38.9156382485384], [-77.0001755911547, 38.9156393298198], [-77.0002273646578, 38.9156404104022], [-77.000279252247, 38.9156414916836], [-77.0004022855083, 38.9156416713147], [-77.0005731702282, 38.9156418509458], [-77.0005729402594, 38.915628518403], [-77.0005725935097, 38.9156152760227], [-77.000572132674, 38.9156019434749], [-77.0005715559556, 38.9155887017886], [-77.0005707483702, 38.9155753692358], [-77.0005721209959, 38.9141437642037], [-77.0007854259601, 38.9133473362218], [-77.0011916279619, 38.9126101801218], [-77.0020367656762, 38.9122104156285], [-77.0031795628547, 38.912203278267], [-77.00448742906, 38.9122045238628], [-77.0045266495054, 38.9120652022288], [-77.004555186287, 38.9119638389785], [-77.004568788577, 38.9119150131186], [-77.0045818150469, 38.9118685295434], [-77.0046119014224, 38.9117609687503], [-77.0046568585091, 38.9116005289565], [-77.0046799667715, 38.911518058861], [-77.0047573763962, 38.9112418122814], [-77.0047768572614, 38.911171906953], [-77.0047902295828, 38.9111237117436], [-77.0048187016857, 38.9110217362235], [-77.0048347240371, 38.9109642623901], [-77.0048935124842, 38.9107535548928], [-77.0049393903441, 38.9105888803561], [-77.0049668248929, 38.9104906877786], [-77.0049769686691, 38.9104540235894], [-77.0051415723685, 38.909859826499], [-77.0051816983156, 38.9097191581596], [-77.005282544986, 38.9093656221667], [-77.0052892311467, 38.9093464341887], [-77.005333725601, 38.9092186036773], [-77.0054843083955, 38.9092795830932], [-77.0056035292067, 38.9093278620386], [-77.0056933481587, 38.9093662331062], [-77.0058837110489, 38.9094474789311], [-77.0060096198174, 38.9095012527128], [-77.006209668343, 38.9095865512625], [-77.0063281983498, 38.9096367215278], [-77.0063731662163, 38.909655726286]], [[-77.0064923681629, 38.9109510296245], [-77.0066586813563, 38.9109586424319], [-77.0066831388882, 38.910852067948], [-77.0067662959341, 38.9108101991823], [-77.0077837412996, 38.9108101991823], [-77.0084294278679, 38.9109548363778], [-77.0085614999776, 38.9108063924213], [-77.0079207038377, 38.9106160806721], [-77.0067320548504, 38.9106389178014], [-77.0066244411709, 38.9106998184079], [-77.0064923690612, 38.9108101984833], [-77.0064923681629, 38.9109510296245]], [[-77.0050563887233, 38.9156066201765], [-77.0036577073344, 38.915624460976], [-77.0035717915623, 38.91562291489], [-77.0034860132324, 38.9181855585308], [-77.0048259106658, 38.9182099161895], [-77.0065620738357, 38.9176047366749], [-77.0065090462844, 38.9173611038164], [-77.0064609603656, 38.9172675692427], [-77.0064309072278, 38.9172535394654], [-77.005415612429, 38.9172598278087], [-77.005079318221, 38.9173192941065], [-77.0050563887233, 38.9156066201765]]]}, "properties": {"TrashRouteArea": "OR515", "CollectionDays": "Wednesday", "RunsPerWeek": 1, "TrashStatusUpdate": "In Progress", "TStatus": "Scheduled Other Day", "ServiceArea": "Outer Ring"}}, {"type": "Feature", "geometry": {"type": "Polygon", "coordinates": [[[-77.0020332361954, 38.9192518856653], [-77.005536920925, 38.9181193489906], [-77.0069503481594, 38.9181167552639], [-77.0069507092821, 38.9181155132665], [-77.0089091156532, 38.9181131334122], [-77.0090440677617, 38.9181129684648], [-77.0076592204282, 38.9191590552985], [-77.0065696124975, 38.919438769138], [-77.0065536916558, 38.9194909383274], [-77.006505286835, 38.9196495675691], [-77.0064886850702, 38.9196944301593], [-77.0064663188163, 38.9197378515619], [-77.0064387620966, 38.9197792915197], [-77.0064060167079, 38.9198183893975], [-77.0063684276031, 38.9198547845603], [-77.0063264556181, 38.9198881177716], [-77.0061046022857, 38.92001424609], [-77.0055910138782, 38.9202893863997], [-77.0055219145682, 38.9203277256817], [-77.0052206384865, 38.9204948831995], [-77.004976409917, 38.9206251542449], [-77.0047096956175, 38.9207739830286], [-77.0046484655494, 38.920807316507], [-77.0045876963171, 38.9208410099045], [-77.0045273879205, 38.920875154078], [-77.0044674262736, 38.9209098384861], [-77.0044274135142, 38.9209406481674], [-77.004391091034, 38.9209741604862], [-77.004358458833, 38.9210100148059], [-77.0043300936296, 38.9210478511891], [-77.0043059945255, 38.9210875787756], [-77.004286393286, 38.9211287474711], [-77.0042535338112, 38.9212256777964], [-77.004222519476, 38.921317113954], [-77.0041938111162, 38.9214094501729], [-77.0041158714855, 38.921659974209], [-77.0039801674871, 38.9220947208441], [-77.0039102974226, 38.9223189405175], [-77.0038845858426, 38.9224014574673], [-77.0038392739213, 38.9225470334056], [-77.003678431468, 38.9230624946612], [-77.003664364749, 38.9231063654792], [-77.0035991039402, 38.9233096855016], [-77.0035700479323, 38.9234002202174], [-77.0035581722043, 38.9234369748623], [-77.0035231208402, 38.9235489488319], [-77.0034818423546, 38.9236803813904], [-77.0033741496234, 38.9240247726339], [-77.0032513508224, 38.9244207819547], [-77.0031535718986, 38.9247281486811], [-77.0030574072475, 38.9250424516703], [-77.0030115150145, 38.9251974861466], [-77.0029956031559, 38.9252509055538], [-77.002987070059, 38.9252645081448], [-77.002977613494, 38.9252778409737], [-77.0029672352576, 38.9252906328836], [-77.0029559344513, 38.925303064879], [-77.0029438260596, 38.9253149559557], [-77.0029309100824, 38.9253263068131], [-77.0029173024025, 38.9253371174512], [-77.0029030030198, 38.9253473871716], [-77.0028878960517, 38.9253570265205], [-77.0028777477839, 38.9253631520106], [-77.0028672536647, 38.9253688274356], [-77.0026804337301, 38.9254685543845], [-77.002604553038, 38.9255117961416], [-77.0024462177827, 38.9256019723297], [-77.002308752188, 38.9256018856717], [-77.0022500526741, 38.9256018863705], [-77.0022185694183, 38.9256018870694], [-77.0019925353265, 38.9256014405006], [-77.0016627107851, 38.9256012657868], [-77.0013425727774, 38.9256018101953], [-77.0011212826886, 38.9256016487597], [-77.0009783822865, 38.9256015439313], [-77.0007182122139, 38.9256017256338], [-77.0007018368246, 38.9256013657231], [-77.0005726743581, 38.9255988442521], [-77.0005727902408, 38.9256878462537], [-77.0005730220061, 38.9258026120853], [-77.000572448881, 38.9262182561447], [-77.0005719889435, 38.9264573363517], [-77.0005717598731, 38.9266258820114], [-77.0005715299044, 38.9267393870079], [-77.0005714149201, 38.9267773118843], [-77.0005717670597, 38.9269955088159], [-77.0003545876616, 38.9269988003609], [-77.0001475807859, 38.9270200765969], [-76.9999296773457, 38.9270498633166], [-76.9997281178538, 38.9270924150527], [-76.9995428996153, 38.9271562429585], [-76.9993903674767, 38.9272030491677], [-76.9992214913898, 38.9272711315068], [-76.9991125401189, 38.9273221935676], [-76.9991942508771, 38.9274626152682], [-76.9992977529675, 38.9276498447018], [-76.9993903620868, 38.9278285639445], [-76.9994502851062, 38.9279689860405], [-76.9994666263595, 38.928054090481], [-76.9994557315917, 38.9281264285813], [-76.9994175963113, 38.9281945121306], [-76.9993631197775, 38.9282625956145], [-76.9991833453296, 38.9284030154536], [-76.9991070774636, 38.9284625884179], [-76.9990308095977, 38.928492373833], [-76.9989490943479, 38.9284966282923], [-76.998840140382, 38.9284838607207], [-76.9987529777483, 38.9284498194425], [-76.9986876064468, 38.928420031913], [-76.9986004438131, 38.9283902436722], [-76.9984642529278, 38.9283562016502], [-76.9982735864071, 38.9283051361408], [-76.998066575938, 38.9282455595501], [-76.997946729001, 38.9281902408812], [-76.9978377777301, 38.9281349214704], [-76.9977179316914, 38.9280583247005], [-76.9976198769849, 38.9279817292456], [-76.9975272705606, 38.9278923681264], [-76.9974401115201, 38.9277944964949], [-76.997385639478, 38.9276966261261], [-76.9972452947828, 38.9274261499311], [-76.9967915287833, 38.927426916556], [-76.996404796867, 38.9274275685715], [-76.9962906236893, 38.9274278348286], [-76.9961793341037, 38.9274281919346], [-76.9961792146278, 38.9275086364815], [-76.9961790987451, 38.9275189960375], [-76.9961801273161, 38.9279256479445], [-76.9961804534046, 38.9280545398296], [-76.9961802988943, 38.9280788193254], [-76.9961785929936, 38.9283461392187], [-76.9961780117836, 38.9284199173053], [-76.9961775464563, 38.9285027933444], [-76.9961769652463, 38.9285888230892], [-76.9961777090514, 38.9289154355128], [-76.9961786549774, 38.9293315581939], [-76.9961786504858, 38.9294167770035], [-76.9961786468925, 38.9294907349702], [-76.9961786361127, 38.9296874769162], [-76.9961786244347, 38.9299081806238], [-76.996178622638, 38.9299331331408], [-76.9961789882523, 38.9302565709712], [-76.9961790637108, 38.9303222925978], [-76.9961790592193, 38.9304089525574], [-76.9961788238606, 38.930487775286], [-76.9961775329816, 38.9309127873043], [-76.9961779731561, 38.9313040182183], [-76.9961780836488, 38.9313876148431], [-76.9961781950399, 38.9314707620424], [-76.9961781932433, 38.9315063448155], [-76.9961781528191, 38.9322543944159], [-76.9961781519208, 38.9322666456018], [-76.9961778006795, 38.9323733039237], [-76.994980053555, 38.9323723577635], [-76.9949816750141, 38.9322755188357], [-76.9949817917951, 38.9322627267878], [-76.9949693788745, 38.9316501613699], [-76.994967662194, 38.9314601759543], [-76.9949670899671, 38.9313921633229], [-76.9949664036543, 38.9313159530124], [-76.9949638865749, 38.931028137267], [-76.9949651936236, 38.9304852071685], [-76.9949653095063, 38.930473405707], [-76.9949658907163, 38.930408545851], [-76.9949663551453, 38.9303689995836], [-76.9949662428558, 38.9303285525292], [-76.9949655340851, 38.9300912568561], [-76.9949643554954, 38.9296968606079], [-76.9949643267493, 38.9296874307944], [-76.9949641021705, 38.9296020320154], [-76.9949657245279, 38.929494112354], [-76.9949668833546, 38.9294156505089], [-76.994968041283, 38.9293340348078], [-76.9949726774882, 38.929023338584], [-76.9949711287927, 38.9289293246173], [-76.9949641794256, 38.9285077019051], [-76.9949639503552, 38.9284956310661], [-76.9949624555586, 38.9284234743388], [-76.9949607316916, 38.9283370844967], [-76.9949544102469, 38.9280304413229], [-76.9949555807517, 38.9279216604051], [-76.9949599833949, 38.9275121935608], [-76.994960795472, 38.9274375144274], [-76.9949607963703, 38.9274273351597], [-76.9949612634942, 38.927342386507], [-76.9949631301934, 38.9270359235275], [-76.9949634805363, 38.9269761082646], [-76.9949638308793, 38.9269139511295], [-76.9949641803239, 38.9268626937977], [-76.9949661772788, 38.9263510213535], [-76.9949672606471, 38.9257098098569], [-76.9949674555815, 38.925687315823], [-76.9949683026928, 38.9255899988361], [-76.9949745405941, 38.9255056811472], [-76.9949748864455, 38.925503519584], [-76.9949752322969, 38.9255014474742], [-76.9949761548667, 38.925497213801], [-76.9949774241862, 38.9254929801275], [-76.9949790393571, 38.9254888359075], [-76.9949807695123, 38.9254848726911], [-76.9949829605033, 38.9254809087756], [-76.9949852673769, 38.9254770357112], [-76.994987920102, 38.9254732521004], [-76.9949909186784, 38.9254695586418], [-76.9949939172548, 38.9254652348141], [-76.9949973775653, 38.9254610912913], [-76.9950012987115, 38.9254571280733], [-76.9950056806934, 38.9254535247665], [-76.9950104094251, 38.9254501919172], [-76.9950153690238, 38.9254471288266], [-76.9950207894582, 38.925444427045], [-76.9950264398613, 38.9254421753272], [-76.9950323220298, 38.9254401933683], [-76.9950383182843, 38.9254386621722], [-76.9950435078517, 38.925437581739], [-76.9950488133018, 38.9254366809121], [-76.9950541178536, 38.9254358702377], [-76.9950590190617, 38.9254352852942], [-76.9950647278554, 38.9254347898045], [-76.9950701482898, 38.925434429893], [-76.9950755678259, 38.9254342495878], [-76.9950809882603, 38.9254343404393], [-76.9950862928121, 38.9254344305918], [-76.9950917123482, 38.9254347912021], [-76.9951869705992, 38.9254321823681], [-76.9954347996165, 38.925427688017], [-76.9954404509179, 38.9254276887158], [-76.9954461013211, 38.9254275985632], [-76.9954517526225, 38.9254274189569], [-76.9954572880413, 38.9254271484991], [-76.9954629384444, 38.9254267885876], [-76.9954685897459, 38.9254263385235], [-76.9954741242663, 38.9254257983068], [-76.9954797764661, 38.9254252580901], [-76.9954853118849, 38.9254245375682], [-76.995490962288, 38.9254237268937], [-76.9954962677381, 38.925422735914], [-76.9955014573055, 38.9254215653279], [-76.9955067618572, 38.925420394043], [-76.9955133357285, 38.9254188635453], [-76.9955199087014, 38.9254173323488], [-76.9955264825727, 38.925415620847], [-76.9955329405613, 38.9254138191926], [-76.9955393985498, 38.9254120175381], [-76.9955458574367, 38.9254101264298], [-76.9955523154253, 38.9254081444699], [-76.9955586584295, 38.9254060730564], [-76.9956398481649, 38.9253706738181], [-76.9957581724575, 38.9253190603511], [-76.9958209098986, 38.9252917671312], [-76.9958561993163, 38.9252741118633], [-76.9958916046165, 38.9252566375955], [-76.9959272398855, 38.9252395225369], [-76.9959629910372, 38.9252226786317], [-76.9959989730559, 38.9252060143293], [-76.9960351850433, 38.9251896204817], [-76.996070936195, 38.925173766849], [-76.9961069173154, 38.9251581836715], [-76.9961430143185, 38.9251427807965], [-76.9961793412902, 38.9251277378312], [-76.9962157841447, 38.9251128751687], [-76.9962233964684, 38.9251007142978], [-76.9962318154793, 38.92508900419], [-76.9962419646453, 38.9250758523306], [-76.9962530363812, 38.9250631505351], [-76.9962647998199, 38.9250508995027], [-76.9962773708439, 38.9250390992335], [-76.9962907485552, 38.9250278391822], [-76.9963047029848, 38.9250170298947], [-76.9963193500155, 38.9250068509785], [-76.996414253432, 38.9249576189683], [-76.9964570482738, 38.9249354189168], [-76.9968770600765, 38.9247371577388], [-76.9972999536746, 38.9245349320383], [-76.9973449296259, 38.9245135830738], [-76.997378604771, 38.9244975489824], [-76.9976129410926, 38.9243861209278], [-76.9976241278128, 38.9243808067387], [-76.9981383522276, 38.9241360593854], [-76.9982595556206, 38.9240780482579], [-76.9984331155234, 38.9239949937294], [-76.9985147633996, 38.923955898852], [-76.9985326380771, 38.9239473411663], [-76.9986295088041, 38.923901129646], [-76.9987263786328, 38.9238549180956], [-76.9987427100046, 38.923847112385], [-76.9988232484614, 38.9238086163604], [-76.9989200033057, 38.923762314595], [-76.99901675815, 38.9237159219458], [-76.999113512096, 38.9236695299651], [-76.9992101510577, 38.9236230477992], [-76.9993067900193, 38.9235765656028], [-76.9994034280826, 38.923529993221], [-76.9995000670443, 38.9234834208086], [-76.9995626859078, 38.9234534229284], [-76.9995699505834, 38.9234499096749], [-76.999871397345, 38.9233055970643], [-77.0000051663723, 38.9232415483426], [-77.0004160503934, 38.923046066772], [-77.0004362310462, 38.9230391303802], [-77.0005716152444, 38.9229929168705], [-77.0005717293304, 38.9228555404397], [-77.0005717293304, 38.9228168041602], [-77.0005717284321, 38.9226972244766], [-77.0005717266355, 38.9224628707474], [-77.0005717257372, 38.9223780992585], [-77.0005717248388, 38.9223060327553], [-77.0005717248388, 38.9222359475285], [-77.0005727579014, 38.9216784222235], [-77.0005724731355, 38.9216205397799], [-77.0005713718009, 38.9213970922773], [-77.0005709100669, 38.9213025048921], [-77.0005705633172, 38.9212282763017], [-77.0005702165675, 38.9211416163091], [-77.0005706765049, 38.9210066705654], [-77.0005709756439, 38.9209192128552], [-77.0005720572155, 38.9206025579566], [-77.0005724012703, 38.9203831154799], [-77.0005726321373, 38.9203189760577], [-77.000572862106, 38.9202358290662], [-77.0005717724496, 38.9197625099193], [-77.0020332361954, 38.9192518856653]], [[-77.0052939356238, 38.9187153318763], [-77.0056412359908, 38.9185973507101], [-77.0059298386404, 38.91860876904], [-77.0067124886452, 38.9186163796281], [-77.0068401967392, 38.9181772629464], [-77.0059693770893, 38.9181778940791], [-77.0058858149033, 38.9184108648073], [-77.0056118862338, 38.9184337001274], [-77.0052596954384, 38.9185364575792], [-77.0052939356238, 38.9187153318763]]]}, "properties": {"TrashRouteArea": "OR511", "CollectionDays": "Wednesday", "RunsPerWeek": 1, "TrashStatusUpdate": "In Progress", "TStatus": "Scheduled Other Day", "ServiceArea": "Outer Ring"}}, {"type": "Feature", "geometry": {"type": "Polygon", "coordinates": [[[-76.9917387631266, 38.9487404219286], [-76.9917028898041, 38.9487129442017], [-76.9916480979616, 38.9486710516686], [-76.9914705746918, 38.948535104066], [-76.9912382586813, 38.9483605058322], [-76.9911136821143, 38.9482669010489], [-76.9912992965099, 38.9482671846936], [-76.9916956736374, 38.9482677540789], [-76.9921632126068, 38.9482693756043], [-76.992358185651, 38.9482700511817], [-76.9925289185556, 38.9482697919891], [-76.9926408180973, 38.9482697095505], [-76.9926412879162, 38.9481850317811], [-76.9926422302489, 38.9480028839358], [-76.9926425024384, 38.9475952593674], [-76.9926431007164, 38.9473889698716], [-76.9926433414649, 38.9472958242103], [-76.9926435786202, 38.9472303341942], [-76.9926435804168, 38.9472142996491], [-76.9926464352628, 38.9463726559491], [-76.9926466679264, 38.9463596840963], [-76.9926479426358, 38.946284014558], [-76.9925286652307, 38.9462845476293], [-76.9925140146067, 38.9462846363581], [-76.9921234172397, 38.946284108876], [-76.9919531505608, 38.9462838783209], [-76.9914323567664, 38.9462802802641], [-76.9913208803312, 38.9462795096511], [-76.9907427398857, 38.9462795382958], [-76.9907478315367, 38.9459387043686], [-76.990747866571, 38.9456693010149], [-76.9907482519483, 38.9454737925236], [-76.9907441134098, 38.9453194542182], [-76.9907426284946, 38.9453104945851], [-76.9907385204988, 38.9453019457638], [-76.9907344223845, 38.9452944414405], [-76.9907255587076, 38.9452879341066], [-76.9907164102647, 38.9452821750387], [-76.9907059188405, 38.945279142847], [-76.9906933702743, 38.9452775526929], [-76.9905849786538, 38.9452796801178], [-76.9903950020392, 38.9452800860402], [-76.9903334458827, 38.9452810942091], [-76.9902409328832, 38.9452675234033], [-76.9902409499511, 38.945147083087], [-76.9902409625276, 38.9450497934989], [-76.9902400902634, 38.9446842369013], [-76.990240143264, 38.9442975114739], [-76.990239131761, 38.9441004097177], [-76.9902386844, 38.9439994268982], [-76.9902406858465, 38.9437008925184], [-76.9902393446617, 38.9433887556728], [-76.9902393536449, 38.9433208327334], [-76.9902393608314, 38.9432729989202], [-76.9902393671196, 38.9432272366665], [-76.9902393859842, 38.9430866177078], [-76.9902392889662, 38.9429547362205], [-76.990239299746, 38.9428718596015], [-76.9902706752039, 38.9428722229179], [-76.9903621488526, 38.9428733114698], [-76.9903808356072, 38.9428735832584], [-76.9907298445698, 38.9428753006271], [-76.9908277061385, 38.9428757813227], [-76.9912432021103, 38.9428740115525], [-76.9917312532109, 38.942874947791], [-76.9920923022932, 38.942874972245], [-76.9921501070851, 38.9428749324199], [-76.9922859736786, 38.9428748360013], [-76.9924430863268, 38.942874725609], [-76.9925295994786, 38.9428739200248], [-76.9926301856376, 38.9428730257074], [-76.9927325028501, 38.9428721313901], [-76.9927530347443, 38.9428719525267], [-76.9930812090805, 38.9428732339157], [-76.9931012801389, 38.9428732346144], [-76.9931183337562, 38.9428722152323], [-76.9931358859386, 38.9428711651082], [-76.9931702608712, 38.9428682844281], [-76.9932045208195, 38.9428645024436], [-76.9932385499008, 38.942859820552], [-76.9932724639977, 38.9428542373556], [-76.993306031345, 38.9428479331151], [-76.9933393687235, 38.942840728967], [-76.9933723593523, 38.9428326228147], [-76.9934051200124, 38.9428237068845], [-76.9934374198367, 38.9428140699093], [-76.9934597986671, 38.9428056933624], [-76.9934821774975, 38.9427972266841], [-76.9935043254608, 38.9427886698742], [-76.9935265893068, 38.9427799335009], [-76.9935486222858, 38.9427711062973], [-76.9935706552647, 38.9427620995301], [-76.993592572361, 38.9427530019326], [-76.993614374473, 38.9427437247714], [-76.9936360616006, 38.9427343574784], [-76.9936577478298, 38.9427248099229], [-76.9937271920929, 38.9426995901172], [-76.9937981347458, 38.9426768031318], [-76.9938430936292, 38.9426641659726], [-76.9938702308356, 38.9426565384011], [-76.9939434803621, 38.9426387057967], [-76.9939690751612, 38.942633444678], [-76.9940175365759, 38.9426234855818], [-76.9940925153594, 38.9426107876273], [-76.9941680717596, 38.9426007921961], [-76.9942442039799, 38.9425933190279], [-76.994320566169, 38.9425885483849], [-76.9943972742094, 38.9425864802678], [-76.9944623319989, 38.9425872041088], [-76.9945742225574, 38.9425883800011], [-76.9945297029503, 38.9425135190127], [-76.9945248592343, 38.9425054114256], [-76.9944122922443, 38.9423112776171], [-76.9942328322067, 38.9420004831331], [-76.9940366509285, 38.9416532935442], [-76.9938905246761, 38.9413996128221], [-76.9937727447626, 38.9411732399716], [-76.9937911278866, 38.9411722548015], [-76.9938095119089, 38.941171129891], [-76.9938282552573, 38.9411697241022], [-76.9938466392796, 38.9411681764768], [-76.9938646630774, 38.9411664870149], [-76.9938830470997, 38.941164518072], [-76.9939014302237, 38.9411625484304], [-76.9939198151443, 38.9411602979103], [-76.9939378380438, 38.9411577651145], [-76.9941645728216, 38.9411223059632], [-76.9943628301065, 38.9410876908274], [-76.9943815474037, 38.9410831890838], [-76.9944026730842, 38.9410744469107], [-76.9944158208267, 38.941066720651], [-76.9944281744585, 38.9410548992904], [-76.9944370893394, 38.9410440603049], [-76.9944425618761, 38.9410306878186], [-76.9944479275133, 38.9407301726819], [-76.9945841687043, 38.9407299700571], [-76.9947942172756, 38.9407302502383], [-76.9949065659749, 38.9407304353956], [-76.9950095712969, 38.940730529721], [-76.9950170686363, 38.9407306198541], [-76.9952816763864, 38.9407328801696], [-76.9953561916392, 38.9407335166913], [-76.9956288734471, 38.9407357791029], [-76.9957362553612, 38.9408478466415], [-76.9957453678714, 38.940853522225], [-76.9957497507517, 38.9408558642851], [-76.9957549412174, 38.9408586570101], [-76.9957649762975, 38.9408632516958], [-76.9957754731116, 38.9408673055833], [-76.9957863148787, 38.9408706391056], [-76.9957973884112, 38.9408734325287], [-76.9958086928108, 38.9408755943223], [-76.995820227179, 38.9408771265826], [-76.9958317615473, 38.9408779377791], [-76.9958434117982, 38.9408781180451], [-76.9958670581514, 38.94087712798], [-76.9962105649329, 38.9408747076656], [-76.9965626075062, 38.9408712050568], [-76.9968775074375, 38.9408677904847], [-76.9969188020928, 38.9408702240748], [-76.9969597508967, 38.9408747293254], [-76.9970002370682, 38.9408811259703], [-76.9970401474197, 38.9408895048407], [-76.9970792501857, 38.940899865237], [-76.9971175453662, 38.9409121177243], [-76.99715468711, 38.9409262616028], [-76.9971906745186, 38.9409421173044], [-76.997225393506, 38.9409597742621], [-76.9972584982208, 38.9409790529076], [-76.9972990993767, 38.9410058985104], [-76.9973373945573, 38.9410348157591], [-76.9973732660832, 38.9410654448189], [-76.9974066007668, 38.9410978758203], [-76.9974372827253, 38.9411318376643], [-76.9974651951778, 38.9411672409146], [-76.9974901090539, 38.9412039947379], [-76.9975120243536, 38.9412418301322], [-76.9975308242958, 38.9412807463969], [-76.9975465106774, 38.9413204731329], [-76.9975994519903, 38.9414407354933], [-76.9977361297625, 38.9417735043353], [-76.9978800758036, 38.9421184344615], [-76.9980245994614, 38.9424616525179], [-76.9981575905477, 38.9427765846973], [-76.9982915060003, 38.9431017861208], [-76.9984209235884, 38.943409690927], [-76.9985761803172, 38.9437926350703], [-76.9987042144998, 38.9441008100575], [-76.9987325913813, 38.9441690033345], [-76.9988871591023, 38.9445545591926], [-76.9990330769455, 38.9449211078648], [-76.9990504934822, 38.9449664197837], [-76.9990660675743, 38.9450120921843], [-76.9990797938318, 38.9450582144951], [-76.9990915590671, 38.9451046071586], [-76.9991013641784, 38.9451512701743], [-76.9991092073692, 38.9451981134142], [-76.9991152054203, 38.9452452270054], [-76.9991191265665, 38.9452924299939], [-76.9991212025732, 38.945339723777], [-76.9991212025732, 38.9453870168298], [-76.9991298506544, 38.9456520406706], [-76.999126501735, 38.9459512061036], [-76.9991236145497, 38.9461956008168], [-76.9991226910816, 38.9462787474219], [-76.9991217667152, 38.9463617136775], [-76.9991154165244, 38.9468496016706], [-76.999111603176, 38.9473331666059], [-76.9991147113469, 38.9479176238841], [-76.9991386200082, 38.9481718408891], [-76.9991142011038, 38.9482767126396], [-76.9991325132609, 38.9483720500154], [-76.9991935573777, 38.9484530883956], [-76.9991874524271, 38.9485007573302], [-76.9991304129998, 38.9485479497675], [-76.9991096834763, 38.9485575209907], [-76.9990945432705, 38.9485648405305], [-76.999079221605, 38.9485723703568], [-76.9990593948884, 38.9485827869181], [-76.9990399274978, 38.9485936240524], [-76.9990215407806, 38.9486047441299], [-76.9990051384418, 38.9486156518224], [-76.9989894565519, 38.948627122608], [-76.9989746747739, 38.9486388763363], [-76.9989609754658, 38.9486505588026], [-76.9989479975049, 38.9486626625398], [-76.9989344796565, 38.9486786387712], [-76.9989215007973, 38.9486977106197], [-76.9989128482245, 38.9487114344669], [-76.9989054577847, 38.9487248062031], [-76.9988986081306, 38.9487381779368], [-76.9988926594868, 38.9487516900921], [-76.9988861691589, 38.9487684389852], [-76.9988802223117, 38.9487862448971], [-76.9988746320957, 38.94880426179], [-76.9988681444627, 38.9488228410729], [-76.9988630959308, 38.9488369163051], [-76.99885840942, 38.9488509915345], [-76.9988533626847, 38.9488650674597], [-76.9988490363983, 38.9488792831074], [-76.9988447101119, 38.9488933583284], [-76.9988403838255, 38.9489101085853], [-76.9988360575391, 38.9489267177158], [-76.9988324517015, 38.9489434672662], [-76.9988288467623, 38.9489603572363], [-76.9988256029458, 38.9489771074773], [-76.9988223573327, 38.948993998138], [-76.998819833965, 38.9490093406419], [-76.9988169494746, 38.9490246824438], [-76.9988147863315, 38.9490401653646], [-76.9988126231882, 38.9490556489806], [-76.9988108193711, 38.949071131196], [-76.9988090164524, 38.9490923148796], [-76.9988082960035, 38.9491095569208], [-76.9988082960035, 38.9491267996563], [-76.9988084756666, 38.9491496725951], [-76.998808656228, 38.9491672660298], [-76.9988095572382, 38.9491850019793], [-76.998810277687, 38.9492086482749], [-76.9988106379115, 38.9492321541395], [-76.9988095554416, 38.9492551674675], [-76.9988082933086, 38.9492781807879], [-76.9988068497159, 38.9492954940432], [-76.9988061301654, 38.9493109762062], [-76.998804687471, 38.9493266001861], [-76.9988036050011, 38.9493422234639], [-76.9988021632051, 38.9493577070139], [-76.9988007205107, 38.9493733302848], [-76.9987992787147, 38.9493889549496], [-76.9987747583007, 38.9497404178255], [-76.9987697097688, 38.9498217732107], [-76.9987617767465, 38.9499884266857], [-76.9987586748639, 38.9500533028659], [-76.9986896878433, 38.9500533021672], [-76.9986583087921, 38.9500533021672], [-76.9984642681992, 38.9500532993728], [-76.9984071640932, 38.9500532986741], [-76.9980055857201, 38.9500536528718], [-76.9949586206507, 38.9500523904751], [-76.994957456434, 38.9502044500791], [-76.9948751923136, 38.9503483984752], [-76.9943563712196, 38.9507532966135], [-76.9917387631266, 38.9487404219286]]]}, "properties": {"TrashRouteArea": "OR502", "CollectionDays": "Wednesday", "RunsPerWeek": 1, "TrashStatusUpdate": "In Progress", "TStatus": "Scheduled Other Day", "ServiceArea": "Outer Ring"}}, {"type": "Feature", "geometry": {"type": "Polygon", "coordinates": [[[-77.0123919370104, 38.9508361025413], [-77.0132433943726, 38.9512157461873], [-77.0124325094202, 38.9523141633451], [-77.0124313047794, 38.9523157980512], [-77.0090489590884, 38.9569194237807], [-77.0090489536986, 38.9569220936271], [-77.0089881566184, 38.9569627245983], [-77.008972236675, 38.9569733648584], [-77.0089631547074, 38.956979952151], [-77.0089630522995, 38.9569800268954], [-77.0089276101683, 38.9570058724078], [-77.0089169022501, 38.9570136793588], [-77.0089054613067, 38.9570246039194], [-77.008897877729, 38.9570318443476], [-77.0088952851911, 38.9570343199941], [-77.0088863316827, 38.957042868099], [-77.0086688324844, 38.9573440720036], [-77.0086237972443, 38.9574064399713], [-77.0085068356959, 38.9575684121552], [-77.0084952177844, 38.9575845002413], [-77.0084431433457, 38.9576566161195], [-77.0083872097445, 38.9577340736518], [-77.0083188605278, 38.9578287277101], [-77.0082715390753, 38.9578942596254], [-77.0082290083381, 38.9579531560797], [-77.0081915854217, 38.9580049825998], [-77.0081589846617, 38.9580501282857], [-77.0081271941822, 38.9580941527936], [-77.0080975003704, 38.9581352741628], [-77.0080672648746, 38.9581771450358], [-77.0080322665111, 38.9582256121416], [-77.008001995981, 38.958267529763], [-77.007855690964, 38.9584701384679], [-77.0078257824549, 38.9585115557962], [-77.0077431796695, 38.9586259464864], [-77.0077190383446, 38.9586593767342], [-77.0076661015232, 38.9587326832091], [-77.0076086964816, 38.9588121785693], [-77.0074799274772, 38.95899049935], [-77.0073069146485, 38.9592300879635], [-77.007283412924, 38.9592626356905], [-77.0071053830043, 38.9595091722755], [-77.0070928047937, 38.9595265892069], [-77.0070108730499, 38.9596400478296], [-77.0063435550496, 38.9591323210536], [-77.0062775459442, 38.9589836887158], [-77.0062739472931, 38.9587297444972], [-77.0062756522955, 38.9584383287251], [-77.0060160688228, 38.958440334909], [-77.0059954983011, 38.9584394980677], [-77.0059701658101, 38.9584396049431], [-77.0059426153787, 38.9584380919228], [-77.0059083356674, 38.9584344784167], [-77.0058876043473, 38.9584285527692], [-77.005873368745, 38.958421839177], [-77.0058595257065, 38.9584137669389], [-77.0058499155296, 38.9584050562414], [-77.005840087062, 38.9583945517115], [-77.0058244662576, 38.9583675352663], [-77.0058169608334, 38.9583488397349], [-77.0058115574669, 38.958337525597], [-77.0058046314561, 38.9583181315245], [-77.0057970586582, 38.9582927964201], [-77.0057876802467, 38.9582490228093], [-77.0057827772419, 38.9582201342371], [-77.0057815492449, 38.958212285507], [-77.0057805143857, 38.9582047958227], [-77.0057757622978, 38.9581615656176], [-77.0057751209007, 38.9581440840854], [-77.0057734886618, 38.9581262875097], [-77.0057736692232, 38.9581045819262], [-77.0057728840956, 38.9580832144271], [-77.0057710712954, 38.9579530163723], [-77.0057710668038, 38.957898545152], [-77.0057746672515, 38.9578318271231], [-77.0057800984657, 38.9577828686753], [-77.0057792432695, 38.9577379987419], [-77.0057860012954, 38.9576975337692], [-77.005788028793, 38.9576770379247], [-77.0057968143165, 38.9576428786364], [-77.0058393908677, 38.9576323684053], [-77.005854937112, 38.9576310300028], [-77.0057026493152, 38.9565870138385], [-77.0057116890618, 38.9555316600228], [-77.0062613097937, 38.9554056074363], [-77.0062827678509, 38.955400741254], [-77.0063557972902, 38.9553839820525], [-77.0063876389738, 38.9553766827767], [-77.0064288258313, 38.9553673115646], [-77.0065019693566, 38.9553506438669], [-77.0065749978977, 38.9553339733711], [-77.0066481423214, 38.955317304967], [-77.0067211708624, 38.9553006344634], [-77.0067941994034, 38.955284054769], [-77.0068673429288, 38.9552674750708], [-77.007205258596, 38.9551934978824], [-77.007210680827, 38.9551923256921], [-77.0072838243524, 38.955176286661], [-77.0073366551726, 38.9551025999805], [-77.0073402744848, 38.9550922367698], [-77.007349922391, 38.9550507867061], [-77.0073523316726, 38.9550196984439], [-77.0073502448862, 38.9548522562408], [-77.0073497337448, 38.9543698624126], [-77.0073495010811, 38.9543518455373], [-77.0073496142688, 38.9543339201704], [-77.0073501891906, 38.9543159039846], [-77.0073509949794, 38.9542979758143], [-77.0073522625023, 38.9542800504338], [-77.0073539908609, 38.954262122953], [-77.0073559500865, 38.9542441975634], [-77.0073583710462, 38.9542263608881], [-77.00736125374, 38.9542085242084], [-77.0073643664024, 38.9541906882227], [-77.0073705944223, 38.9541674459679], [-77.0073775141449, 38.954144204404], [-77.0073851264686, 38.9541212317836], [-77.0073935454795, 38.9540983499705], [-77.0074027729741, 38.954075649081], [-77.0074126921715, 38.954053127718], [-77.0074234189543, 38.9540308773952], [-77.0074347233538, 38.9540088052021], [-77.0074468344405, 38.9539869153305], [-77.0074597540109, 38.9539653838217], [-77.0075023090025, 38.9538986159836], [-77.0077289799999, 38.953542969671], [-77.0077356697538, 38.9535324287928], [-77.0077532030715, 38.9535008983615], [-77.007768889453, 38.9534688279131], [-77.0077735032003, 38.9534578378363], [-77.0077827297966, 38.9534362167483], [-77.0077948399849, 38.9534032457989], [-77.0078052191197, 38.953369825646], [-77.0078061416895, 38.9533658618918], [-77.0078136372322, 38.9533361344274], [-77.0078202102052, 38.9533021714442], [-77.0078249362419, 38.9532680310046], [-77.0078277012563, 38.9532337082183], [-77.0078287361155, 38.9531993875111], [-77.0078284540445, 38.9530801287053], [-77.0078276473574, 38.9527389739914], [-77.0078322323586, 38.9524752117551], [-77.0078324623273, 38.9524635920938], [-77.0078332609296, 38.9523799951658], [-77.0078341736179, 38.9522889204043], [-77.0078365685265, 38.9520365079657], [-77.0078370266673, 38.9520066919206], [-77.0078371389567, 38.9519768737672], [-77.0078370203791, 38.9519470569985], [-77.0078367877154, 38.9519321035499], [-77.0078365550518, 38.95191723882], [-77.0078357429747, 38.9518874227248], [-77.0078345877413, 38.9518576038225], [-77.0078331998442, 38.9518277877022], [-77.0078318128454, 38.9518042750138], [-77.0078314660957, 38.9517979708707], [-77.0078295014801, 38.9517682420501], [-77.0078271910132, 38.9517384265907], [-77.0078237253129, 38.9517070776955], [-77.007819223855, 38.9516759097234], [-77.0078189929879, 38.9516741967596], [-77.0078139139133, 38.9516447410391], [-77.0078075655192, 38.9516136617618], [-77.007800293657, 38.9515827648053], [-77.0077919842406, 38.9515519572561], [-77.0077828672388, 38.9515213299324], [-77.0077727117845, 38.9514908828344], [-77.0077617487448, 38.9514606152637], [-77.0077497472526, 38.9514306173401], [-77.0077378616431, 38.9514047656027], [-77.0077252843308, 38.951379003277], [-77.007711899433, 38.9513536007218], [-77.0076979369186, 38.95132828688], [-77.0076844370365, 38.9513052267202], [-77.0076832835997, 38.9513033363023], [-77.0076679367813, 38.9512785631609], [-77.0076520123463, 38.9512539730448], [-77.0076353989034, 38.951229740605], [-77.0076180919612, 38.9512057799135], [-77.0076000924178, 38.9511820902721], [-77.0074824032341, 38.9510202180628], [-77.0072695267663, 38.9507344886933], [-77.007099110967, 38.9505006446717], [-77.0070518047858, 38.9504357877635], [-77.0070043845186, 38.950371022314], [-77.0069568483687, 38.9503061659859], [-77.0069094281015, 38.9502413976235], [-77.006862006936, 38.9501765411767], [-77.0068144716844, 38.9501117754904], [-77.0067670514172, 38.950047007649], [-77.0067195152673, 38.9499821510243], [-77.0066719800157, 38.9499173851603], [-77.0066245597485, 38.9498526171414], [-77.0066022914109, 38.9498203689907], [-77.0065809465415, 38.9497877603388], [-77.0065605242418, 38.9497547911853], [-77.0065410254102, 38.9497214615295], [-77.0065224473519, 38.9496878628901], [-77.0065047954565, 38.9496539016517], [-77.006488180217, 38.9496196707302], [-77.0064724875473, 38.9495850807018], [-77.0064577183457, 38.9495503090154], [-77.0064439866983, 38.949515357068], [-77.0064371783668, 38.9494948190358], [-77.0064308317693, 38.9494742802991], [-77.0064247160388, 38.9494536528315], [-77.0064191770268, 38.9494329338387], [-77.0064138679835, 38.9494122155384], [-77.0064090206742, 38.9493913162892], [-77.0064045201146, 38.9493705064573], [-77.0064003654064, 38.9493496071957], [-77.006396671534, 38.9493286192031], [-77.0063933244112, 38.9493076305056], [-77.0063786657024, 38.9492188998677], [-77.0063642369623, 38.9491301677215], [-77.0063500399876, 38.9490414382587], [-77.0063359579972, 38.9489527065889], [-77.0063222218582, 38.9488638853839], [-77.0063086016018, 38.9487750647662], [-77.0062953271969, 38.9486862433387], [-77.0062821686746, 38.9485974238957], [-77.006269240121, 38.9485085128208], [-77.0062566583172, 38.9484196009359], [-77.0062490397053, 38.9483718571932], [-77.0062351894802, 38.9482842976885], [-77.0062237620115, 38.9482114219414], [-77.0061892505349, 38.947993063225], [-77.0061473522117, 38.9477283108239], [-77.0061246140553, 38.9475811168193], [-77.0061112246659, 38.9474945491052], [-77.0061003748139, 38.9474240136907], [-77.0060989896118, 38.9474147364421], [-77.0060371244348, 38.947021438391], [-77.0060282365034, 38.9469736944052], [-77.0060253529113, 38.9469607226623], [-77.006017505229, 38.9469261313364], [-77.0060067739546, 38.9468861352694], [-77.0060049279167, 38.946878837913], [-77.0059903886838, 38.946831906357], [-77.0059823119311, 38.9468085743581], [-77.0059741192957, 38.9467853331756], [-77.0059560029714, 38.9467391225617], [-77.0059361591867, 38.946693450575], [-77.0059144675676, 38.9466482298857], [-77.0058910466915, 38.9466035506202], [-77.0058657797775, 38.9465594106837], [-77.0058487297534, 38.9465350292238], [-77.0058424747841, 38.9465260816214], [-77.0058181322365, 38.9464932038712], [-77.0057926353538, 38.9464607753378], [-77.0057661009169, 38.9464288868462], [-77.0057385280276, 38.9463976285232], [-77.0057100316702, 38.946366821515], [-77.0056803827742, 38.9463366467728], [-77.0056498113084, 38.9463071008042], [-77.0056183163746, 38.9462780955798], [-77.0055857838866, 38.9462498113525], [-77.0052298875407, 38.9459759755177], [-77.0049773594362, 38.9457840191443], [-77.004905834675, 38.945730063961], [-77.0048547295185, 38.9456914191218], [-77.0047513657686, 38.9456132316041], [-77.0047323529256, 38.9455988713777], [-77.0046525007817, 38.9455385582556], [-77.0045915905139, 38.9454910857484], [-77.0045316019175, 38.9454429837166], [-77.0044726526719, 38.9453941613331], [-77.0044145101135, 38.9453446178978], [-77.0043572910231, 38.9452945336638], [-77.0043011103853, 38.9452436403439], [-77.0042458523172, 38.9451922048252], [-77.0041916318033, 38.9451401376778], [-77.0041383347575, 38.9450874423936], [-77.0040859602815, 38.9450341154779], [-77.0040439694318, 38.944988354361], [-77.0040026693866, 38.9449421425757], [-77.0039622928096, 38.9448953920892], [-77.0039227238179, 38.9448482789642], [-77.0038840773961, 38.9448006264374], [-77.0038462385597, 38.9447526133665], [-77.0038093222931, 38.9447042397507], [-77.0037733294946, 38.9446553260316], [-77.0037382592659, 38.9446061418942], [-77.0037332987689, 38.9445989358287], [-77.0037039966227, 38.9445565084786], [-77.0036922295908, 38.9445385813331], [-77.0036825385655, 38.9445198444254], [-77.0036750394295, 38.9445004780118], [-77.0036699630498, 38.9444807489833], [-77.0036686937303, 38.9444714713495], [-77.0036599261732, 38.9444679577397], [-77.0036066318223, 38.9444458902541], [-77.0035666028932, 38.9444288643649], [-77.0035536833228, 38.9444233707219], [-77.0034993505195, 38.9444016616402], [-77.0034454794502, 38.9443793223511], [-77.0033919542323, 38.9443563542512], [-77.0033390057328, 38.9443327538465], [-77.0032864030847, 38.9443086133612], [-77.0032342621707, 38.9442837518385], [-77.0031826979751, 38.9442583495353], [-77.0031315955135, 38.9442323163221], [-77.0030809538877, 38.9442057444231], [-77.0030307739959, 38.9441785402154], [-77.0029765570753, 38.9441503445806], [-77.002922916873, 38.9441215194301], [-77.0028818494915, 38.9440988195372], [-77.0028697375065, 38.9440921541933], [-77.0028170198741, 38.9440621587407], [-77.0027649939444, 38.9440315316741], [-77.0027134306471, 38.9440004532507], [-77.0026624431699, 38.9439687453079], [-77.0026120324111, 38.9439364965764], [-77.002562199269, 38.9439037077544], [-77.0025130569314, 38.9438702894105], [-77.0024593017448, 38.9438341657776], [-77.0024061223783, 38.9437974133176], [-77.0023537514955, 38.943760120063], [-77.0023093396862, 38.9437277825046], [-77.0023019564329, 38.9437223775393], [-77.0022507389869, 38.9436840033911], [-77.0022002132438, 38.9436450884455], [-77.0021504950861, 38.9436056327018], [-77.0021013536468, 38.9435657262883], [-77.0020529030119, 38.9435251896439], [-77.0020051476731, 38.9434842037255], [-77.0019519692049, 38.9434366397129], [-77.0018994824395, 38.9433886264169], [-77.0018476882752, 38.9433401624393], [-77.0017963549465, 38.9432912498751], [-77.0017458301017, 38.9432419739628], [-77.001695881077, 38.9431922487634], [-77.0016466246533, 38.9431421637076], [-77.0015980608307, 38.9430917180958], [-77.0015500737266, 38.9430408224958], [-77.0015027783252, 38.9429895649408], [-77.0014872051314, 38.9429703790683], [-77.0014362185525, 38.9429078621534], [-77.0013852319736, 38.9428451649225], [-77.0012243140618, 38.9426475246325], [-77.0009222052419, 38.9422906194189], [-77.0008751416059, 38.9422325148417], [-77.0005793757901, 38.9418758360123], [-77.0002140668967, 38.9414352842394], [-77.00013816734, 38.9413460120367], [-77.0001004479795, 38.9413025933795], [-77.0000630744705, 38.9412589923347], [-77.0000259327267, 38.9412152130941], [-77.0000156299487, 38.9412029669476], [-76.9999890209517, 38.9411713415978], [-76.9999524559264, 38.9411273813391], [-76.9999160058854, 38.9410832400891], [-76.9998799016958, 38.9410389192448], [-76.9998441433576, 38.9409945096374], [-76.9998085009021, 38.9409500084719], [-76.999773204298, 38.9409054164469], [-76.9997403304501, 38.9408537087793], [-76.9996722758809, 38.9407468703685], [-76.9998592548174, 38.9407483117997], [-76.9999319240323, 38.940748944129], [-77.000208873736, 38.9407496644952], [-77.0009464085506, 38.9407494807355], [-77.0016357271906, 38.9407503736822], [-77.0016750509422, 38.9407504142071], [-77.0023092426681, 38.9407510828691], [-77.002396445726, 38.9407511702074], [-77.0028654498477, 38.9407498985618], [-77.002985312056, 38.940748675127], [-77.0032045054769, 38.9407472847014], [-77.0034051621619, 38.9407460116584], [-77.003416955245, 38.9407460004791], [-77.0038066111776, 38.9407456385492], [-77.0038900583793, 38.9407455791592], [-77.0040748723759, 38.9407454498985], [-77.0042834207607, 38.9407452619465], [-77.0043840042247, 38.9407452584529], [-77.0044865487111, 38.9407451634289], [-77.0045313009819, 38.9407451138207], [-77.0045697147401, 38.9407450711996], [-77.0045994741288, 38.940745610601], [-77.0046292335175, 38.9407466901023], [-77.0046589938046, 38.9407482188718], [-77.004688638209, 38.9407502912348], [-77.004718167629, 38.9407529009029], [-77.004747697049, 38.9407559626338], [-77.0047771105863, 38.9407594757289], [-77.0048064091393, 38.9407636183581], [-77.004835592708, 38.9407681215194], [-77.0048646603939, 38.9407732549133], [-77.0049306407532, 38.9407853222654], [-77.0049956976444, 38.9407998239066], [-77.0050598319658, 38.9408167556432], [-77.0051228137487, 38.940836120967], [-77.0051846420948, 38.9408577382127], [-77.0052449702543, 38.9408816080768], [-77.005303800024, 38.9409078185939], [-77.0053610146227, 38.9409361021577], [-77.0054163840819, 38.9409665475009], [-77.0054699084014, 38.9409989757527], [-77.005851501056, 38.9412554233683], [-77.0059478229124, 38.9413201873643], [-77.0060246495304, 38.9413717109336], [-77.0060308784486, 38.9413759457554], [-77.0061290463429, 38.9414422404921], [-77.0062272142371, 38.9415086259976], [-77.0063253821314, 38.9415750128383], [-77.0064235500256, 38.9416413975208], [-77.0065216029355, 38.9417077842372], [-77.0066196567437, 38.9417741687954], [-77.0066652722955, 38.9418050944816], [-77.0067177096536, 38.9418406448205], [-77.0068157634618, 38.9419071200847], [-77.0069137013873, 38.9419735952865], [-77.0069817622448, 38.9420198048146], [-77.0070117551955, 38.9420401619548], [-77.0070373643677, 38.9420555632565], [-77.0070557061691, 38.9420666438353], [-77.0071008105796, 38.942091864565], [-77.0071470684268, 38.9421158234463], [-77.0071943647265, 38.9421385211793], [-77.0072426985804, 38.9421598669352], [-77.0072486966315, 38.9421622997823], [-77.007291955004, 38.9421798621126], [-77.0073082199006, 38.9421858981146], [-77.0073252923825, 38.9421922918465], [-77.0073420190131, 38.9421985074113], [-77.007393005592, 38.9422158000377], [-77.0074438187961, 38.9422313801663], [-77.0074970538581, 38.9422459702456], [-77.0077308763434, 38.9423109946473], [-77.0078412694104, 38.9423389129348], [-77.0079681591392, 38.9423711540086], [-77.0080362846754, 38.942386612531], [-77.0081086592429, 38.942403033845], [-77.0081283844499, 38.9424068158541], [-77.0081478796882, 38.942411138649], [-77.0081671431611, 38.942416001531], [-77.0081861766654, 38.9424214051986], [-77.0082049793026, 38.9424273496517], [-77.0082189373255, 38.942432123799], [-77.0082235519711, 38.9424337454578], [-77.0082417778899, 38.9424406792545], [-77.00825977384, 38.9424480651026], [-77.008277308056, 38.942455991037], [-77.008294611405, 38.9424643683238], [-77.0083620955441, 38.9424989555386], [-77.0084293488162, 38.9425338117317], [-77.0084963721195, 38.9425689389988], [-77.0085631645558, 38.9426043380381], [-77.0086297243285, 38.9426400947879], [-77.008695941843, 38.942676033877], [-77.0087620425766, 38.9427123313743], [-77.0088277974587, 38.9427488112103], [-77.0088933214739, 38.9427856487548], [-77.008958614622, 38.9428227580691], [-77.0090234469344, 38.9428625698795], [-77.009058055429, 38.9428842780351], [-77.009087818411, 38.9429029217512], [-77.0091318861656, 38.9429311157861], [-77.0091516122709, 38.9429437256489], [-77.0092149461934, 38.9429850675101], [-77.0092516306946, 38.9430094781382], [-77.0092778183818, 38.9430268613956], [-77.0093399979691, 38.9430691953388], [-77.0094017167207, 38.943111980606], [-77.0094628587539, 38.943155215799], [-77.0095235399514, 38.9431989910469], [-77.0095835285477, 38.9432432155202], [-77.0096067167602, 38.9432608698088], [-77.0096294432385, 38.9432787958801], [-77.0096519397482, 38.9432969902404], [-77.0096740895082, 38.9433153655544], [-77.0096958925184, 38.9433341006844], [-77.0097174673566, 38.9433529252404], [-77.0097385795624, 38.9433721124067], [-77.0097593450185, 38.9433913883002], [-77.0097798805059, 38.9434110247074], [-77.0097999542592, 38.9434307498415], [-77.010006926999, 38.9436471118164], [-77.0101316239402, 38.9437771356325], [-77.0102892369501, 38.9439414781285], [-77.0104401413414, 38.9440983891544], [-77.0105522825299, 38.9442150374624], [-77.0108055229984, 38.9444812080092], [-77.0108574411302, 38.9445393966798], [-77.0109282813752, 38.9446187542538], [-77.010914670102, 38.9446259617146], [-77.0108642647331, 38.9446541613523], [-77.0108350829611, 38.9446711906807], [-77.0108146669497, 38.9446831728305], [-77.0107658767516, 38.9447129961482], [-77.0104116548654, 38.9449290467974], [-77.0099980291861, 38.9451835658622], [-77.0095670992595, 38.9454524086405], [-77.0095334178262, 38.9454725014003], [-77.0095000831427, 38.9454929518682], [-77.0094673233809, 38.9455139444898], [-77.0094349130637, 38.945535296216], [-77.0094029617857, 38.9455570098412], [-77.0093715881244, 38.9455792614269], [-77.0092067095405, 38.9456967449887], [-77.0089936111888, 38.9459222377623], [-77.0089556645546, 38.9459667413962], [-77.0089262528139, 38.9460031371163], [-77.0089191022242, 38.9460119660135], [-77.0089048154179, 38.9460306221815], [-77.0088899213505, 38.9460500720157], [-77.0088840391821, 38.9460579109143], [-77.0088503613421, 38.9461045760971], [-77.0088369818342, 38.9461233146819], [-77.0088226806549, 38.9461431333795], [-77.008796730123, 38.9461825010781], [-77.0087725097463, 38.9462224996381], [-77.0087499054388, 38.9462632184856], [-77.0087292612552, 38.9463043886388], [-77.0087102322426, 38.946346097428], [-77.0086931651505, 38.9463883490444], [-77.0086314293309, 38.9465942606886], [-77.0086046065348, 38.946764274559], [-77.0085956817725, 38.9469342866244], [-77.0085956907557, 38.947008812486], [-77.0085997942599, 38.9470653398022], [-77.0086229366582, 38.9473839745889], [-77.008678359118, 38.9479548898009], [-77.008688528047, 38.9480930762409], [-77.0086944209953, 38.9481746906138], [-77.0087003139435, 38.9482543235713], [-77.0087037805422, 38.9483017956254], [-77.0087280449363, 38.9486148330294], [-77.0087533513762, 38.9489600281837], [-77.0087862827162, 38.9493988180829], [-77.0087885940814, 38.94942751324], [-77.0087998320056, 38.949567035364], [-77.008816207395, 38.9497703172608], [-77.0088667034937, 38.9505067938387], [-77.0091164126848, 38.9505571440534], [-77.0123919370104, 38.9508361025413]]]}, "properties": {"TrashRouteArea": "OR414", "CollectionDays": "Wednesday", "RunsPerWeek": 1, "TrashStatusUpdate": "In Progress", "TStatus": "Scheduled Other Day", "ServiceArea": "Outer Ring"}}, {"type": "Feature", "geometry": {"type": "Polygon", "coordinates": [[[-77.0140875681946, 38.9129431855856], [-77.0121592185545, 38.9121243639266], [-77.0120644337157, 38.9120839267413], [-77.0117094231086, 38.9119324857792], [-77.0116910543577, 38.9119246493994], [-77.0115362009724, 38.9118585912908], [-77.0115323957088, 38.911856880161], [-77.0114537553922, 38.9118233768172], [-77.0112441236392, 38.9117332236591], [-77.0110696618279, 38.9116582007887], [-77.0109638878981, 38.9116128934512], [-77.0108671806645, 38.9115714696943], [-77.0106644686341, 38.9114849181355], [-77.0104615275334, 38.9113987264539], [-77.0102584705499, 38.9113127150086], [-77.0100567987686, 38.9112290450997], [-77.0098754217262, 38.9111537504852], [-77.0098499383183, 38.9111432130913], [-77.0098197288736, 38.9111306940362], [-77.0097134159546, 38.9110865620775], [-77.0096122333143, 38.9110449401967], [-77.0093282938193, 38.9109281366757], [-77.0092267087337, 38.9108817517123], [-77.0090531784753, 38.910802556302], [-77.0063731662163, 38.909655726286], [-77.008494755152, 38.9096450516632], [-77.0088864206159, 38.9096452928226], [-77.009053359935, 38.9096460624356], [-77.0090539788742, 38.9093337232864], [-77.0090542708267, 38.9091866124607], [-77.0090554098905, 38.9086113727502], [-77.0090554053989, 38.9085762671113], [-77.009055320059, 38.9079010039265], [-77.0090553613815, 38.9073393856895], [-77.0091953350724, 38.9072928012529], [-77.0092867620088, 38.9072623750095], [-77.0093586784355, 38.9072384407047], [-77.0101431295624, 38.9069773703853], [-77.0102083831846, 38.9069547522753], [-77.0110429459314, 38.9066651481174], [-77.0121625504059, 38.9062764761571], [-77.0134105331178, 38.9058436249076], [-77.0136505935044, 38.9057603602931], [-77.0139682611451, 38.9056501764884], [-77.0143448420987, 38.9056591865701], [-77.0144529902757, 38.9056600624822], [-77.0145968689432, 38.9056612278019], [-77.0147876127191, 38.9056601925059], [-77.0149028512987, 38.9056595675534], [-77.0151774734675, 38.906465655206], [-77.0153968357717, 38.9070854347442], [-77.0154167253704, 38.9071533497437], [-77.0154428717351, 38.9072426251368], [-77.0154477927062, 38.907260166055], [-77.0154883866756, 38.9074048706012], [-77.015748248626, 38.9081225191718], [-77.0157784095617, 38.9082079375138], [-77.0158418584685, 38.9083876235481], [-77.0159857937299, 38.9087845995066], [-77.0160062097413, 38.9088409000512], [-77.0160419375368, 38.9089393878002], [-77.0161197316404, 38.9091538341358], [-77.0161452357096, 38.9092240133693], [-77.0161563739209, 38.9092546673503], [-77.0161624177861, 38.909271296953], [-77.0161987591309, 38.909371644884], [-77.016199451732, 38.9093735371187], [-77.0162085660389, 38.9093986688156], [-77.0162397160196, 38.9094866761691], [-77.0162917491359, 38.9096336857151], [-77.0162969404999, 38.9096483684786], [-77.0162975172183, 38.9096499894891], [-77.0164506754827, 38.9100721772224], [-77.0166136370617, 38.9105286185441], [-77.0168291572714, 38.911127373096], [-77.017097638557, 38.9118723229666], [-77.0173649717957, 38.9126132193022], [-77.0174215225395, 38.9127699724729], [-77.0175995910866, 38.9132635568749], [-77.0176424892347, 38.9133824646642], [-77.0177822257704, 38.9137725893231], [-77.0168206843617, 38.9141090247647], [-77.0160987595718, 38.9138025018277], [-77.0158592498524, 38.9137009201831], [-77.0157084173263, 38.91363490986], [-77.0156455711891, 38.9136074422949], [-77.0152945535935, 38.9134577701949], [-77.0152661865934, 38.9134457932539], [-77.0151807388436, 38.9134096806851], [-77.0150743037538, 38.9133646526581], [-77.0150089207742, 38.9133370955195], [-77.0145508949636, 38.9131411323266], [-77.0143719289994, 38.9130647640118], [-77.0142282497579, 38.9130046056539], [-77.01421014601, 38.912996680622], [-77.0140875681946, 38.9129431855856]], [[-77.0147542187467, 38.9065356560448], [-77.0145438809179, 38.9065242364715], [-77.0145389895912, 38.9067602380499], [-77.0138443879589, 38.9067678506076], [-77.0138101468753, 38.90692772252], [-77.0144802900772, 38.90692772252], [-77.0145047494058, 38.9070152701734], [-77.0147591091751, 38.9070114639079], [-77.0147542187467, 38.9065356560448]]]}, "properties": {"TrashRouteArea": "OR513", "CollectionDays": "Wednesday", "RunsPerWeek": 1, "TrashStatusUpdate": "In Progress", "TStatus": "Scheduled Other Day", "ServiceArea": "Outer Ring"}}, {"type": "Feature", "geometry": {"type": "Polygon", "coordinates": [[[-77.0106669003736, 38.9623355376064], [-77.0067513776121, 38.9599587853484], [-77.006914962622, 38.9597420372859], [-77.0069328453843, 38.9597179837752], [-77.0070108730499, 38.9596400478296], [-77.0070928047937, 38.9595265892069], [-77.0071053830043, 38.9595091722755], [-77.007283412924, 38.9592626356905], [-77.0073069146485, 38.9592300879635], [-77.0074799274772, 38.95899049935], [-77.0076086964816, 38.9588121785693], [-77.0076661015232, 38.9587326832091], [-77.0077190383446, 38.9586593767342], [-77.0077431796695, 38.9586259464864], [-77.0078257824549, 38.9585115557962], [-77.007855690964, 38.9584701384679], [-77.008001995981, 38.958267529763], [-77.0080322665111, 38.9582256121416], [-77.0080672648746, 38.9581771450358], [-77.0080975003704, 38.9581352741628], [-77.0081271941822, 38.9580941527936], [-77.0081589846617, 38.9580501282857], [-77.0081915854217, 38.9580049825998], [-77.0082290083381, 38.9579531560797], [-77.0082715390753, 38.9578942596254], [-77.0083188605278, 38.9578287277101], [-77.0083872097445, 38.9577340736518], [-77.0084431433457, 38.9576566161195], [-77.0084952177844, 38.9575845002413], [-77.0085068356959, 38.9575684121552], [-77.0086237972443, 38.9574064399713], [-77.0086688324844, 38.9573440720036], [-77.0088863316827, 38.957042868099], [-77.0088952851911, 38.9570343199941], [-77.008897877729, 38.9570318443476], [-77.0089054613067, 38.9570246039194], [-77.0089169022501, 38.9570136793588], [-77.0089276101683, 38.9570058724078], [-77.0089630522995, 38.9569800268954], [-77.0089631547074, 38.956979952151], [-77.008972236675, 38.9569733648584], [-77.0089881566184, 38.9569627245983], [-77.0090489536986, 38.9569220936271], [-77.0090489590884, 38.9569194237807], [-77.0124313047794, 38.9523157980512], [-77.0124325094202, 38.9523141633451], [-77.0132433943726, 38.9512157461873], [-77.0123919370104, 38.9508361025413], [-77.0131740255681, 38.9497764629981], [-77.0132310110964, 38.9497573593035], [-77.0132868494762, 38.9497744684455], [-77.0140496907306, 38.9501029114745], [-77.0140732256928, 38.950106871918], [-77.0157860120039, 38.9500721514865], [-77.0158385948891, 38.9511395725505], [-77.0175566219717, 38.9510891137673], [-77.0176102981065, 38.9521507302681], [-77.0183248719824, 38.9521308929908], [-77.0182667473903, 38.9522094540531], [-77.0182262675069, 38.9522642307399], [-77.0180526375356, 38.9525043569562], [-77.0180285312449, 38.952537426825], [-77.0180100843406, 38.9525627332491], [-77.0179799602358, 38.9526029301012], [-77.0179117556479, 38.9526939408876], [-77.0178831595774, 38.9527320998834], [-77.0178657879565, 38.9527555982923], [-77.0178534945118, 38.9527732886342], [-77.017807930164, 38.9528398877757], [-77.0177386350213, 38.9529619671774], [-77.017733123857, 38.9529716914935], [-77.0175995641372, 38.9532074191267], [-77.0158159447675, 38.9555134136164], [-77.0160396082053, 38.955505598816], [-77.0153548341423, 38.9562610248378], [-77.0150566599433, 38.9565899575292], [-77.0150304902225, 38.9565906358214], [-77.0149468085605, 38.9567111412182], [-77.0134799315667, 38.9587400163671], [-77.0134243905293, 38.9587404592345], [-77.0130987000349, 38.9591758356646], [-77.0123279751655, 38.9602060990535], [-77.0107151210398, 38.9623648065766], [-77.0106669003736, 38.9623355376064]]]}, "properties": {"TrashRouteArea": "OR417", "CollectionDays": "Wednesday", "RunsPerWeek": 1, "TrashStatusUpdate": "In Progress", "TStatus": "Scheduled Other Day", "ServiceArea": "Outer Ring"}}, {"type": "Feature", "geometry": {"type": "Polygon", "coordinates": [[[-76.9755231472706, 38.9350919423265], [-76.9754336741699, 38.9350065248991], [-76.975279978713, 38.9348596573577], [-76.9747991815083, 38.9343980590984], [-76.9746280784979, 38.9342356028246], [-76.9745761936037, 38.9341863157274], [-76.974495946201, 38.9341100881548], [-76.9743999037207, 38.9340178222719], [-76.9742741144282, 38.9338970833362], [-76.9741759968395, 38.933802834752], [-76.9740581648237, 38.9336894843071], [-76.9739096634258, 38.9335465795997], [-76.9739002535732, 38.9335375157586], [-76.9736207337894, 38.9332682476654], [-76.9735557074409, 38.9332073370784], [-76.9735173134457, 38.9331712953607], [-76.9734575979372, 38.9331153523287], [-76.9734088212139, 38.9330696568915], [-76.97337077307, 38.9330338855326], [-76.9733463308094, 38.9330110884531], [-76.9729180194719, 38.9325912935719], [-76.9725943933059, 38.9322831335481], [-76.9725312138937, 38.9322226728348], [-76.9724374818803, 38.9321331088185], [-76.9723583924061, 38.9320574199041], [-76.9723127373284, 38.9320137188377], [-76.9722392964606, 38.9319432567685], [-76.9721507540146, 38.9318581968253], [-76.9720637099586, 38.9317745790925], [-76.9718826931406, 38.9316007872229], [-76.9716882123732, 38.9314140664609], [-76.9716782967691, 38.931405145601], [-76.9716019166137, 38.9313372950382], [-76.9715532144506, 38.9312940128077], [-76.9716865873208, 38.9312306756888], [-76.9720279785698, 38.9310682345215], [-76.9720689875609, 38.9310466282675], [-76.9721589421585, 38.931008619721], [-76.9722705326797, 38.9309526260669], [-76.9723522308615, 38.9309152988032], [-76.9735059776051, 38.9303522442473], [-76.9735792199452, 38.9303173149806], [-76.9736642562666, 38.9302777868313], [-76.9737656257565, 38.9302306681865], [-76.9738933859528, 38.9301701777712], [-76.9739625032291, 38.9301358445004], [-76.9740902661204, 38.9300704455521], [-76.9741657955712, 38.9300361345951], [-76.9742819055166, 38.9299833896511], [-76.9743698721425, 38.9299408815779], [-76.974596070626, 38.9298321601937], [-76.9746474533619, 38.9298063334247], [-76.9747069164438, 38.9297783074772], [-76.9748392724211, 38.9297138732628], [-76.9749156040675, 38.929676712364], [-76.9749604830008, 38.9296556919926], [-76.9750087279214, 38.9296329210811], [-76.9751893611587, 38.9295514719484], [-76.9756988900795, 38.929298570443], [-76.9760345186359, 38.9291340472566], [-76.9761133071746, 38.9290940698048], [-76.9762239077523, 38.929040561047], [-76.9764428658146, 38.9289385644518], [-76.976508661121, 38.9289075031732], [-76.9766255552956, 38.9288553590771], [-76.976934494905, 38.9287054382104], [-76.9772935272696, 38.9285424853094], [-76.977769457402, 38.928307823138], [-76.9780282943747, 38.9281839744716], [-76.9781341967636, 38.9281317571652], [-76.9781869368539, 38.928105752274], [-76.9782537364767, 38.9280666400946], [-76.9783205325063, 38.9280340472941], [-76.978449951891, 38.9279647860584], [-76.9785355352864, 38.9279207847676], [-76.9786002445296, 38.9278898229765], [-76.9787087852704, 38.927842565774], [-76.9787881074083, 38.9278018244677], [-76.9788716022207, 38.9277627135184], [-76.9789300466131, 38.9277366407049], [-76.9789843192293, 38.9277089361026], [-76.9790991212277, 38.9276584208094], [-76.9855975357897, 38.9245741607789], [-76.9857222920197, 38.9248526253689], [-76.9857517693374, 38.9250764854984], [-76.9858946895025, 38.9265701602431], [-76.9861308350311, 38.9298182377229], [-76.9863670919508, 38.9327804667648], [-76.986367616567, 38.9327870437276], [-76.9811779377795, 38.933041168242], [-76.9811778434564, 38.9330411731335], [-76.9796166200016, 38.9331195492106], [-76.9762264481879, 38.9331213408864], [-76.9762238287006, 38.9350957806265], [-76.9755231472706, 38.9350919423265]]]}, "properties": {"TrashRouteArea": "OR504", "CollectionDays": "Wednesday", "RunsPerWeek": 1, "TrashStatusUpdate": "In Progress", "TStatus": "Scheduled Other Day", "ServiceArea": "Outer Ring"}}, {"type": "Feature", "geometry": {"type": "Polygon", "coordinates": [[[-77.0090439267262, 38.9170034821404], [-77.009044219577, 38.9168188659127], [-77.0090508985511, 38.912608213881], [-77.0090508814832, 38.9124739501952], [-77.0090519370036, 38.9118670966122], [-77.0090523978394, 38.9116020506653], [-77.0090525496546, 38.9115146295948], [-77.0090526574525, 38.9114528133051], [-77.0090532197978, 38.9111289108919], [-77.0090532188995, 38.9111231518461], [-77.0090531784753, 38.910802556302], [-77.0092267087337, 38.9108817517123], [-77.0093282938193, 38.9109281366757], [-77.0096122333143, 38.9110449401967], [-77.0097134159546, 38.9110865620775], [-77.0098197288736, 38.9111306940362], [-77.0098499383183, 38.9111432130913], [-77.0098754217262, 38.9111537504852], [-77.0100567987686, 38.9112290450997], [-77.0102584705499, 38.9113127150086], [-77.0104615275334, 38.9113987264539], [-77.0106644686341, 38.9114849181355], [-77.0108671806645, 38.9115714696943], [-77.0109638878981, 38.9116128934512], [-77.0110696618279, 38.9116582007887], [-77.0112441236392, 38.9117332236591], [-77.0114537553922, 38.9118233768172], [-77.0115323957088, 38.911856880161], [-77.0115362009724, 38.9118585912908], [-77.0116910543577, 38.9119246493994], [-77.0117094231086, 38.9119324857792], [-77.0120644337157, 38.9120839267413], [-77.0121592185545, 38.9121243639266], [-77.0140875681946, 38.9129431855856], [-77.0140523057264, 38.9130475069155], [-77.0143237954699, 38.9154117871712], [-77.014342686142, 38.9155762918555], [-77.014494469984, 38.9169231088558], [-77.0144954006386, 38.9169313961996], [-77.0145034836795, 38.9170031019169], [-77.0135376986294, 38.9170041754892], [-77.0121552075768, 38.9170057117599], [-77.0092735406044, 38.9170047500181], [-77.0090439267262, 38.9170034821404]]]}, "properties": {"TrashRouteArea": "OR516", "CollectionDays": "Wednesday", "RunsPerWeek": 1, "TrashStatusUpdate": "In Progress", "TStatus": "Scheduled Other Day", "ServiceArea": "Outer Ring"}}, {"type": "Feature", "geometry": {"type": "Polygon", "coordinates": [[[-76.9814072947395, 38.9407289778937], [-76.9857434509379, 38.9407282358674], [-76.9860490182717, 38.9383154011069], [-76.9876883601219, 38.9383213696611], [-76.9883139100548, 38.9383196130532], [-76.9902508808266, 38.9383224925206], [-76.9902699385854, 38.9383229997988], [-76.9903170300692, 38.9383242533208], [-76.9905276086465, 38.9383298592333], [-76.990611411581, 38.93833208958], [-76.9906209040787, 38.9383323425203], [-76.9906992156119, 38.9383709941658], [-76.990779504337, 38.9383015466807], [-76.9910715870601, 38.9380490662685], [-76.9914723317965, 38.9377011963266], [-76.9917849419221, 38.9374284468532], [-76.9918204711899, 38.9373974612627], [-76.9918483872357, 38.9373724198368], [-76.991875033962, 38.9373464777264], [-76.9918978745264, 38.9373221573824], [-76.9919001814, 38.9373196349305], [-76.9919239454326, 38.9372919808868], [-76.9919460942942, 38.9372636064307], [-76.9919667438676, 38.9372345108626], [-76.9919857782702, 38.9372047850178], [-76.9919876243081, 38.9372016322972], [-76.9920031984002, 38.9371744281971], [-76.9920190042576, 38.9371435305371], [-76.9920330790615, 38.9371120927359], [-76.9921189175785, 38.936893917841], [-76.9922843629993, 38.9364741417504], [-76.9923670852605, 38.9362639837544], [-76.9923797757606, 38.9362316448735], [-76.9923992736938, 38.9361827308992], [-76.9924758595633, 38.9361813844054], [-76.9925524463312, 38.9361809393008], [-76.9926728610035, 38.9361804061535], [-76.9927933924567, 38.9361809539746], [-76.992913807129, 38.9361825834627], [-76.9930437960455, 38.936179348244], [-76.9930532544072, 38.9361797087997], [-76.9930628277531, 38.9361797094984], [-76.9930724010991, 38.9361794397804], [-76.9930818585624, 38.9361788095066], [-76.9930903943543, 38.9361779095149], [-76.9930989292478, 38.9361768292452], [-76.9931074650396, 38.9361753884198], [-76.9931157690661, 38.9361737673166], [-76.9931240739909, 38.9361717856575], [-76.993132263033, 38.9361696244192], [-76.9931403370908, 38.9361671026252], [-76.9931542942154, 38.9361634998623], [-76.993263523964, 38.936135039707], [-76.9959140580071, 38.9359220262964], [-76.9959293967405, 38.9359589610207], [-76.9959450804271, 38.9359958055866], [-76.9960883141042, 38.9363403774106], [-76.9962196702566, 38.936662158642], [-76.9962646722591, 38.9367701736061], [-76.9963163137098, 38.936894125368], [-76.9963964667894, 38.9370865453198], [-76.9964386768279, 38.9371965377742], [-76.9967032414589, 38.937834152458], [-76.9969530494647, 38.9384342019318], [-76.9971907508754, 38.9390153332846], [-76.9972296425373, 38.9391091724773], [-76.9972800182618, 38.9392307235368], [-76.9977380566487, 38.9403363407631], [-76.997905269954, 38.9407399517778], [-76.9976266978929, 38.9407398909903], [-76.9969305736163, 38.9407409558189], [-76.996353949527, 38.9407422002151], [-76.9963044649312, 38.9407422889508], [-76.9958423823289, 38.9407379492852], [-76.9958211578336, 38.9407377683202], [-76.9957311870664, 38.9407366839277], [-76.9956288734471, 38.9407357791029], [-76.9953561916392, 38.9407335166913], [-76.9952816763864, 38.9407328801696], [-76.9950170686363, 38.9407306198541], [-76.9950095712969, 38.940730529721], [-76.9949065659749, 38.9407304353956], [-76.9947942172756, 38.9407302502383], [-76.9945841687043, 38.9407299700571], [-76.9944479275133, 38.9407301726819], [-76.9944425618761, 38.9410306878186], [-76.9944370893394, 38.9410440603049], [-76.9944281744585, 38.9410548992904], [-76.9944158208267, 38.941066720651], [-76.9944026730842, 38.9410744469107], [-76.9943815474037, 38.9410831890838], [-76.9943628301065, 38.9410876908274], [-76.9941645728216, 38.9411223059632], [-76.9939378380438, 38.9411577651145], [-76.9939198151443, 38.9411602979103], [-76.9939014302237, 38.9411625484304], [-76.9938830470997, 38.941164518072], [-76.9938646630774, 38.9411664870149], [-76.9938466392796, 38.9411681764768], [-76.9938282552573, 38.9411697241022], [-76.9938095119089, 38.941171129891], [-76.9937911278866, 38.9411722548015], [-76.9937727447626, 38.9411732399716], [-76.9938905246761, 38.9413996128221], [-76.9940366509285, 38.9416532935442], [-76.9942328322067, 38.9420004831331], [-76.9944122922443, 38.9423112776171], [-76.9945248592343, 38.9425054114256], [-76.9945297029503, 38.9425135190127], [-76.9945742225574, 38.9425883800011], [-76.9944623319989, 38.9425872041088], [-76.9943972742094, 38.9425864802678], [-76.994320566169, 38.9425885483849], [-76.9942442039799, 38.9425933190279], [-76.9941680717596, 38.9426007921961], [-76.9940925153594, 38.9426107876273], [-76.9940175365759, 38.9426234855818], [-76.9939690751612, 38.942633444678], [-76.9939434803621, 38.9426387057967], [-76.9938702308356, 38.9426565384011], [-76.9938430936292, 38.9426641659726], [-76.9937981347458, 38.9426768031318], [-76.9937271920929, 38.9426995901172], [-76.9936577478298, 38.9427248099229], [-76.9936360616006, 38.9427343574784], [-76.993614374473, 38.9427437247714], [-76.993592572361, 38.9427530019326], [-76.9935706552647, 38.9427620995301], [-76.9935486222858, 38.9427711062973], [-76.9935265893068, 38.9427799335009], [-76.9935043254608, 38.9427886698742], [-76.9934821774975, 38.9427972266841], [-76.9934597986671, 38.9428056933624], [-76.9934374198367, 38.9428140699093], [-76.9934051200124, 38.9428237068845], [-76.9933723593523, 38.9428326228147], [-76.9933393687235, 38.942840728967], [-76.993306031345, 38.9428479331151], [-76.9932724639977, 38.9428542373556], [-76.9932385499008, 38.942859820552], [-76.9932045208195, 38.9428645024436], [-76.9931702608712, 38.9428682844281], [-76.9931358859386, 38.9428711651082], [-76.9931183337562, 38.9428722152323], [-76.9931012801389, 38.9428732346144], [-76.9930812090805, 38.9428732339157], [-76.9927530347443, 38.9428719525267], [-76.9927325028501, 38.9428721313901], [-76.9926301856376, 38.9428730257074], [-76.9925295994786, 38.9428739200248], [-76.9924430863268, 38.942874725609], [-76.9922859736786, 38.9428748360013], [-76.9921501070851, 38.9428749324199], [-76.9920923022932, 38.942874972245], [-76.9917312532109, 38.942874947791], [-76.9912432021103, 38.9428740115525], [-76.9908277061385, 38.9428757813227], [-76.9907298445698, 38.9428753006271], [-76.9903808356072, 38.9428735832584], [-76.9903621488526, 38.9428733114698], [-76.9902706752039, 38.9428722229179], [-76.990239299746, 38.9428718596015], [-76.9892795774256, 38.9428747486656], [-76.9883076272377, 38.9428742952188], [-76.9883181312383, 38.9442416638544], [-76.9855831896946, 38.9442571589986], [-76.9850154328754, 38.9438801281594], [-76.9836649568813, 38.9428650159774], [-76.98333421516, 38.942559752643], [-76.9814072947395, 38.9407289778937]]]}, "properties": {"TrashRouteArea": "OR510", "CollectionDays": "Wednesday", "RunsPerWeek": 1, "TrashStatusUpdate": "In Progress", "TStatus": "Scheduled Other Day", "ServiceArea": "Outer Ring"}}, {"type": "Feature", "geometry": {"type": "Polygon", "coordinates": [[[-77.0180374344477, 38.9637790758196], [-77.0180307500837, 38.9637790723272], [-77.0180360851782, 38.9613232860616], [-77.0180346685349, 38.9587439965854], [-77.0161694839341, 38.9587405758889], [-77.0161253766536, 38.957096049764], [-77.0178645626544, 38.957664022037], [-77.020733063918, 38.9586018492879], [-77.0207818289632, 38.9586177387567], [-77.0209179138473, 38.9586620814415], [-77.0210710352807, 38.9587125907155], [-77.0211546908915, 38.9587402308155], [-77.0254944107066, 38.9601580754622], [-77.025850051931, 38.9602749250573], [-77.0259012738685, 38.960291733395], [-77.0259518283577, 38.960308323094], [-77.0259517861369, 38.9603074031516], [-77.0280330389197, 38.961021564714], [-77.0278065242293, 38.9637797680126], [-77.0259675156375, 38.9637783892144], [-77.0242052384424, 38.9637789479979], [-77.0223440764974, 38.9637784171536], [-77.0198975669234, 38.9637800306409], [-77.0180374344477, 38.9637790758196]]]}, "properties": {"TrashRouteArea": "OR416", "CollectionDays": "Wednesday", "RunsPerWeek": 1, "TrashStatusUpdate": "In Progress", "TStatus": "Scheduled Other Day", "ServiceArea": "Outer Ring"}}, {"type": "Feature", "geometry": {"type": "Polygon", "coordinates": [[[-77.0281768825529, 38.9572881487422], [-77.0280313222392, 38.9562239470077], [-77.0278831118955, 38.9551556922883], [-77.0278721228046, 38.9550820069835], [-77.0278673805982, 38.9550504793373], [-77.0278298885115, 38.9547639356179], [-77.0278099665734, 38.9546267925734], [-77.027792869837, 38.9545091002694], [-77.0277600103622, 38.9542666958128], [-77.0277464727509, 38.9541648151378], [-77.0277364062298, 38.9540895088076], [-77.0277251826786, 38.9540051935659], [-77.02771673582, 38.9539412368365], [-77.0276776321557, 38.9536600083122], [-77.0276557617718, 38.9535014837721], [-77.0275853087007, 38.9529908054993], [-77.0275745495785, 38.9529136075467], [-77.027562749309, 38.9528280313531], [-77.0275599726164, 38.9528079434726], [-77.0275039923029, 38.9524005337592], [-77.0274596676301, 38.9520779367387], [-77.0274415045934, 38.9519469605922], [-77.0274315557516, 38.951875707958], [-77.0274209125121, 38.9517991396243], [-77.0274013615783, 38.951657985077], [-77.0273923380012, 38.951592856774], [-77.0273881931745, 38.9515630300632], [-77.0273857668249, 38.9515455727516], [-77.0273822732768, 38.9515204329298], [-77.0273676963147, 38.9514143189752], [-77.0273604082828, 38.9513606314503], [-77.0273526567202, 38.9513042409923], [-77.0273149427496, 38.9510285971321], [-77.0272958508549, 38.9508815860295], [-77.0272864787315, 38.9508098824211], [-77.0271377141272, 38.949741805979], [-77.0269351557087, 38.9482635042988], [-77.0270374127342, 38.9489988263359], [-77.0297032998837, 38.9489996660832], [-77.0298696103821, 38.9489997163841], [-77.0298808563912, 38.9489997198773], [-77.0310802716872, 38.9490000754774], [-77.0364240932926, 38.9489952633481], [-77.0364216795194, 38.949746029123], [-77.0364178580862, 38.9509054196843], [-77.0364164504261, 38.9513323869755], [-77.0364146511006, 38.95187813628], [-77.0364133521367, 38.9522722142586], [-77.0364124502282, 38.9525457665938], [-77.0364003355482, 38.9562197507948], [-77.0364548102854, 38.9562196425189], [-77.0365408787711, 38.9562194350484], [-77.0365698368626, 38.9562193358538], [-77.0364002043942, 38.9564751507084], [-77.0363985838335, 38.9573609257433], [-77.0281768825529, 38.9572881487422]], [[-77.0291305214821, 38.9493455831353], [-77.028983774494, 38.9492580870108], [-77.0275456552674, 38.9492771077041], [-77.0275701127993, 38.94944068783], [-77.0288321370774, 38.9494330791518], [-77.0290082329242, 38.94950535772], [-77.0291305214821, 38.9493455831353]]]}, "properties": {"TrashRouteArea": "OR418", "CollectionDays": "Wednesday", "RunsPerWeek": 1, "TrashStatusUpdate": "In Progress", "TStatus": "Scheduled Other Day", "ServiceArea": "Outer Ring"}}, {"type": "Feature", "geometry": {"type": "Polygon", "coordinates": [[[-77.0198976253139, 38.9672955896542], [-77.0198976235172, 38.9672906348875], [-77.0198973701923, 38.9672107320681], [-77.0198969686454, 38.967012550672], [-77.0198973962435, 38.966888326793], [-77.0198978283331, 38.9667837410095], [-77.0198978265365, 38.9667773453052], [-77.0198980412338, 38.966718701342], [-77.0198983682206, 38.9666506890072], [-77.019899010516, 38.9664758385608], [-77.0199000058494, 38.9663158521894], [-77.019900440634, 38.9662222564535], [-77.0199007685191, 38.9661558654567], [-77.0199008799101, 38.9661424432283], [-77.0180387334116, 38.9661423852564], [-77.0180374344477, 38.9637790758196], [-77.0198975669234, 38.9637800306409], [-77.0223440764974, 38.9637784171536], [-77.0242052384424, 38.9637789479979], [-77.0259675156375, 38.9637783892144], [-77.0278065242293, 38.9637797680126], [-77.0275031487848, 38.9672960296743], [-77.0259657980587, 38.9672971017869], [-77.0258662153179, 38.9672969446368], [-77.0255678434895, 38.9672966708466], [-77.0255484290996, 38.9672966533854], [-77.0246082954424, 38.9672955994324], [-77.0244695245956, 38.9672954436793], [-77.0243167472169, 38.9672957454074], [-77.0242113954953, 38.9672959479563], [-77.0241114669031, 38.9672961477115], [-77.0238016406566, 38.9672944043936], [-77.0237565236697, 38.9672941494613], [-77.0232936918724, 38.9672948723515], [-77.0228604856149, 38.9672941648271], [-77.0225563439075, 38.9672936654391], [-77.0224476459614, 38.9672941375877], [-77.0223792194896, 38.9672943310569], [-77.0223441402778, 38.9672941564457], [-77.0221200510386, 38.9672931185569], [-77.0220668123833, 38.9672931388118], [-77.0216520260806, 38.9672932959618], [-77.0214097055327, 38.9672931604636], [-77.0212442349591, 38.9672940914904], [-77.021166231548, 38.9672945566545], [-77.0210898424095, 38.9672950204218], [-77.0210789961507, 38.9672951126165], [-77.0207726338079, 38.9672951677936], [-77.0205277737227, 38.9672952110972], [-77.0202851055268, 38.9672943317553], [-77.0202667601321, 38.9672942647046], [-77.0200267473562, 38.9672942172104], [-77.019986937616, 38.9672946732948], [-77.0198976253139, 38.9672955896542]]]}, "properties": {"TrashRouteArea": "OR401", "CollectionDays": "Wednesday", "RunsPerWeek": 1, "TrashStatusUpdate": "In Progress", "TStatus": "Scheduled Other Day", "ServiceArea": "Outer Ring"}}, {"type": "Feature", "geometry": {"type": "Polygon", "coordinates": [[[-77.0242665493588, 38.9181549992676], [-77.024613440094, 38.9181518310227], [-77.0252100669697, 38.9181463835702], [-77.0259925238367, 38.9181392370206], [-77.0270385203569, 38.9181296763689], [-77.0275857066544, 38.918124669939], [-77.0280864536449, 38.9181200919524], [-77.028832552099, 38.9181207831935], [-77.0291565807102, 38.9181210830341], [-77.0294489733521, 38.9181213535197], [-77.0296227461556, 38.9181215142735], [-77.0296900344619, 38.9205042981601], [-77.0339637990705, 38.9196188663578], [-77.0343353476619, 38.9192787045467], [-77.0345209683457, 38.9191835440198], [-77.0346505566137, 38.9191815388217], [-77.0347342490554, 38.9192767762323], [-77.0348127312685, 38.920598904781], [-77.0348324870182, 38.9206938383627], [-77.0348634070303, 38.9207434451483], [-77.0349337415238, 38.9207971586529], [-77.0350354631533, 38.9208438097078], [-77.0351025511354, 38.9208919144482], [-77.0351390829231, 38.9209281664844], [-77.0351801718641, 38.9210029230589], [-77.0353154653324, 38.9233726858455], [-77.0354263659475, 38.9253265584021], [-77.0323186118828, 38.9255093375645], [-77.0323413230898, 38.9257494929018], [-77.0270425564875, 38.9257625502911], [-77.0258054514754, 38.9258762719156], [-77.0258993532704, 38.9265901821793], [-77.0259062370604, 38.9266345176447], [-77.0256505163434, 38.9266512263376], [-77.0239510691159, 38.9268084167252], [-77.0233202667335, 38.9268637735103], [-77.023256171938, 38.927155501489], [-77.0229840363058, 38.9272504982783], [-77.0232311439758, 38.9290485227223], [-77.0227999122153, 38.9289977106848], [-77.0209647672775, 38.9291655605729], [-77.0207703853248, 38.9291845097863], [-77.0180539418894, 38.929617681303], [-77.0179531419313, 38.9291518769679], [-77.0179770712539, 38.9289194586363], [-77.0180457420674, 38.9286830702161], [-77.0180992618955, 38.928498835887], [-77.0181062166524, 38.9283271513458], [-77.0204143407569, 38.927002630014], [-77.0228981492798, 38.9267701151885], [-77.0228039222947, 38.9261517123621], [-77.0227556387465, 38.9257830113355], [-77.0226666444479, 38.9251694723554], [-77.0226145206019, 38.9248137441174], [-77.0225731226403, 38.924533597903], [-77.0225251804519, 38.9241909262518], [-77.0226696726687, 38.9241773856543], [-77.0220597857611, 38.9209702690044], [-77.0252225077381, 38.9206780200683], [-77.0242665493588, 38.9181549992676]], [[-77.0182270714991, 38.9292528494857], [-77.0183029162585, 38.9295459498988], [-77.0184619450133, 38.9295212075895], [-77.0184105667689, 38.9293346889022], [-77.0184276922515, 38.9292909141798], [-77.0187408557394, 38.9292300106594], [-77.0188436122281, 38.9292109775997], [-77.0188900973491, 38.9293118501023], [-77.0194944039222, 38.9292128811855], [-77.0194625981712, 38.9290682336823], [-77.018990406827, 38.9291557826761], [-77.0189708352319, 38.9290149422387], [-77.0193696279292, 38.9289273923722], [-77.0192962310789, 38.9287808399908], [-77.0185108762468, 38.9289235851854], [-77.0182270714991, 38.9292528494857]], [[-77.0193351038762, 38.9282515191681], [-77.019374248863, 38.928427466043], [-77.0201832536416, 38.9282887381175], [-77.0201310606253, 38.9281229421147], [-77.0193351038762, 38.9282515191681]], [[-77.025021241097, 38.9243632211309], [-77.0232034291527, 38.9245078782279], [-77.0231960890185, 38.9243822547924], [-77.0226456077006, 38.9244298392732], [-77.0226743537897, 38.9246266015454], [-77.0229113670909, 38.9246384976276], [-77.0230107602872, 38.9250845999702], [-77.0253273716745, 38.9248764195522], [-77.0253235475463, 38.9245016925615], [-77.0252203329168, 38.9239901561413], [-77.0250236881079, 38.9240129966546], [-77.0250163497703, 38.9241652679531], [-77.025021241097, 38.9243632211309]], [[-77.0281405591744, 38.9193373136779], [-77.0281611000517, 38.9206597332407], [-77.0287721754305, 38.9206277716426], [-77.0289159570799, 38.9206037999105], [-77.0295373028973, 38.9204879388703], [-77.0295373028973, 38.919341309388], [-77.0281405591744, 38.9193373136779]]]}, "properties": {"TrashRouteArea": "IC101", "CollectionDays": "Tuesday/Friday", "RunsPerWeek": 1, "TrashStatusUpdate": "Scheduled Other Day", "TStatus": "Scheduled Other Day", "ServiceArea": "Outer Ring"}}, {"type": "Feature", "geometry": {"type": "Polygon", "coordinates": [[[-77.0180539418894, 38.929617681303], [-77.0207703853248, 38.9291845097863], [-77.0209647672775, 38.9291655605729], [-77.0227999122153, 38.9289977106848], [-77.0232311439758, 38.9290485227223], [-77.0233723681217, 38.9300258026604], [-77.0233960243563, 38.9300305252318], [-77.0235800011232, 38.9300561227089], [-77.026382811285, 38.9298096052725], [-77.0268222779017, 38.9327550512561], [-77.0275483088908, 38.9328795439068], [-77.0276565558825, 38.932900824668], [-77.0276616861611, 38.9329018330128], [-77.0272068691327, 38.9341651052291], [-77.0272057884595, 38.9342648274981], [-77.0272024125906, 38.9345764252313], [-77.027236387773, 38.9356792061035], [-77.0271452087716, 38.9356565377468], [-77.0270433020892, 38.9356312029271], [-77.0267520125785, 38.9355587858347], [-77.0262625331566, 38.9354370964156], [-77.0259384272903, 38.9353565204098], [-77.0258524279749, 38.935335139764], [-77.0255814367964, 38.9356810606027], [-77.0254663877613, 38.9358279201542], [-77.0254529741175, 38.9358450424406], [-77.0254442694424, 38.9358561540364], [-77.0254301326548, 38.9358741993705], [-77.0253783932877, 38.935904971109], [-77.0252273828952, 38.9359947819132], [-77.0250393125056, 38.9361066340429], [-77.0250126891355, 38.9361224677634], [-77.0248260722201, 38.9361784461559], [-77.0246595479226, 38.9362283970794], [-77.0245319081005, 38.9362666844252], [-77.0244401838218, 38.9362941984199], [-77.0242998436182, 38.9363362953143], [-77.0233667258033, 38.936562589276], [-77.0231926915901, 38.9366047950156], [-77.0230886307476, 38.9366300309642], [-77.0225418729465, 38.93676283538], [-77.0217473966211, 38.9369558090929], [-77.0214712032987, 38.9370207593881], [-77.021374090925, 38.9370348320724], [-77.0212558690403, 38.9370519673434], [-77.0212428362822, 38.937053861635], [-77.0207638393013, 38.9371143028574], [-77.0205478115435, 38.9371415461101], [-77.0202743724558, 38.937176461535], [-77.0198194530195, 38.9372345478959], [-77.0197890037247, 38.9372390568712], [-77.0197665126049, 38.9372427539094], [-77.0197586703124, 38.9372440165341], [-77.0197283360019, 38.937249336747], [-77.0196982334568, 38.9372551069485], [-77.0196871617209, 38.9372573610862], [-77.0196682467943, 38.9372612376998], [-77.0196383742178, 38.9372677290007], [-77.0196086184224, 38.9372747604274], [-77.0196000835288, 38.9372768335907], [-77.0195790925956, 38.9372820622661], [-77.0195496826515, 38.9372899042303], [-77.0195205035744, 38.9372980166062], [-77.0191630791942, 38.9373775290207], [-77.0190351716742, 38.9374060159283], [-77.0190749364986, 38.9373012426904], [-77.0190893445774, 38.9372634058922], [-77.0191701543254, 38.9370963787213], [-77.0191832948814, 38.9370658380848], [-77.0191950520318, 38.9370349375825], [-77.0192053089958, 38.937003677214], [-77.0192141816558, 38.9369722372546], [-77.019221670012, 38.9369405268674], [-77.01922765908, 38.9369087270267], [-77.0192280049314, 38.9369064742755], [-77.0192361760072, 38.9367414425808], [-77.0192359154958, 38.9367292795111], [-77.0192339338123, 38.9366519883843], [-77.0192324183544, 38.9365927143746], [-77.0192307861155, 38.9365269538385], [-77.0192303198899, 38.9365094781503], [-77.0192226267178, 38.9362095028529], [-77.0192150638014, 38.9359652889325], [-77.0192127524362, 38.9358921426818], [-77.0192123517876, 38.9358796936759], [-77.0192121559548, 38.9358747562776], [-77.0191971226486, 38.9353033622626], [-77.0191951400667, 38.9352223780285], [-77.01918079487, 38.9346315257958], [-77.0191722995023, 38.9343502877449], [-77.0191685813754, 38.9342494852972], [-77.0191664900974, 38.9341911120915], [-77.0191594410174, 38.9341415671168], [-77.019146618465, 38.9340654492033], [-77.0191366857929, 38.9340149146787], [-77.019119710329, 38.9339393374799], [-77.0191079379072, 38.9338940234054], [-77.0190147637476, 38.9335417279886], [-77.0188063590932, 38.932698494362], [-77.0187919267599, 38.9326406635355], [-77.0187719527195, 38.9325604931429], [-77.0187274097562, 38.9323822162764], [-77.0186670043415, 38.9321404524152], [-77.0186648106556, 38.932131624586], [-77.0186477229023, 38.9320629829869], [-77.0186297116808, 38.9319906496], [-77.0185729085105, 38.9317631992188], [-77.0185271878558, 38.9315752930263], [-77.0185109085862, 38.9315086340758], [-77.0184960145188, 38.9314473802654], [-77.0184939367155, 38.93143819177], [-77.0184203871516, 38.9311212008775], [-77.0183514594199, 38.9308296128963], [-77.0182999724794, 38.9306404463798], [-77.0180539418894, 38.929617681303]], [[-77.0223035436135, 38.9349278888708], [-77.0223494169818, 38.9351806438287], [-77.0236988626083, 38.9349843866886], [-77.0237485583081, 38.9349338360485], [-77.0236721026943, 38.9346067391419], [-77.0235115450069, 38.9346156602979], [-77.0235344825894, 38.9347911029495], [-77.0223035436135, 38.9349278888708]], [[-77.0186797774866, 38.9314581731996], [-77.0194562812181, 38.9312909003546], [-77.0192830617769, 38.9308401899941], [-77.0197071519309, 38.9307286740692], [-77.0195876894729, 38.930259373897], [-77.0194622541165, 38.9299248214595], [-77.0194383616249, 38.9297714842528], [-77.0196414473544, 38.929794717036], [-77.0195800349283, 38.9295840144357], [-77.0182662173843, 38.929799081131], [-77.0183811208922, 38.9305335199055], [-77.0186797774866, 38.9314581731996]], [[-77.0201969466615, 38.9305985704214], [-77.020274597933, 38.9308727158177], [-77.0211688393573, 38.9307818573083], [-77.0214848082837, 38.9307497535212], [-77.0215544286166, 38.9313121403633], [-77.0231740695143, 38.9311732070418], [-77.0230786522614, 38.9305813085046], [-77.0232014205197, 38.9305753379014], [-77.0231297439432, 38.9301710890201], [-77.0219291491592, 38.9302314941798], [-77.0211526445293, 38.9303197789815], [-77.0210929137494, 38.9305149330346], [-77.0201969466615, 38.9305985704214]]]}, "properties": {"TrashRouteArea": "IC103", "CollectionDays": "Tuesday/Friday", "RunsPerWeek": 2, "TrashStatusUpdate": "Scheduled Other Day", "TStatus": "Scheduled Other Day", "ServiceArea": "Inner City"}}, {"type": "Feature", "geometry": {"type": "Polygon", "coordinates": [[[-77.0296227461556, 38.9181215142735], [-77.0305641069115, 38.918120975399], [-77.0319545696139, 38.9181201786196], [-77.0319540279298, 38.9155761597532], [-77.0319537144177, 38.9141015793489], [-77.0364973922265, 38.9141002596957], [-77.0365019987873, 38.9133159794398], [-77.0365021874335, 38.9132837894634], [-77.0365040514377, 38.912966484691], [-77.0365083364016, 38.912236911443], [-77.0365143263679, 38.9112171481672], [-77.0365148267295, 38.9111319613197], [-77.0365172306212, 38.9107227226145], [-77.0365187577572, 38.9104627052283], [-77.0365191961351, 38.9103880158386], [-77.0365226528523, 38.9097995256225], [-77.0365268156453, 38.9090908204689], [-77.0365290874847, 38.9087040764108], [-77.0384978945501, 38.9087004380011], [-77.0384937281639, 38.9093422296093], [-77.039573091707, 38.909340619776], [-77.0395852971167, 38.9092614701794], [-77.0398639985353, 38.9092725509884], [-77.0398538269114, 38.9095843990005], [-77.0416765750982, 38.9095907306631], [-77.0416721473021, 38.9111439421462], [-77.0420528982353, 38.9111354856681], [-77.0443067128927, 38.9111403325205], [-77.0446648891627, 38.9117597406215], [-77.0451590065865, 38.9126142279353], [-77.0460211242562, 38.9140914002647], [-77.0460256984776, 38.9140995243804], [-77.0461001265939, 38.9142317020677], [-77.0461683293852, 38.9143867874257], [-77.0462366211097, 38.9146802351326], [-77.0462547410273, 38.9148385773705], [-77.0462739883306, 38.9150702534056], [-77.0462990315641, 38.9153490796113], [-77.0463473779944, 38.9159968157845], [-77.0462996675713, 38.9163285947821], [-77.0462904176188, 38.9166480959812], [-77.0462873058547, 38.9167142691513], [-77.0461548555542, 38.916951916405], [-77.046068782577, 38.9170282399986], [-77.0459773493524, 38.9171745203081], [-77.045888797025, 38.9173153101645], [-77.0456410120252, 38.9177041278661], [-77.0454920974022, 38.9179409813139], [-77.0452768251276, 38.9182846462729], [-77.044641432354, 38.9187039226496], [-77.044257473537, 38.9178236481683], [-77.0406107716243, 38.9178265130913], [-77.0404287756427, 38.9177844960726], [-77.0401622787355, 38.9180662352375], [-77.037578794047, 38.9188643547726], [-77.0364840441597, 38.9192025546087], [-77.0364835761374, 38.9191883218285], [-77.036482520617, 38.9191531899696], [-77.0346505566137, 38.9191815388217], [-77.0345209683457, 38.9191835440198], [-77.0343353476619, 38.9192787045467], [-77.0339637990705, 38.9196188663578], [-77.0296900344619, 38.9205042981601], [-77.0296227461556, 38.9181215142735]], [[-77.0371260700932, 38.9184246972586], [-77.0371789584056, 38.918626117741], [-77.0377493499834, 38.9185256270338], [-77.0381207782006, 38.9184404643347], [-77.0384133963196, 38.9184489800501], [-77.0384155855139, 38.9183026772063], [-77.0377496113932, 38.9183099090086], [-77.0371260700932, 38.9184246972586]], [[-77.0402450009968, 38.9179141542387], [-77.0403857481372, 38.9177316343838], [-77.0386292524992, 38.9177273030951], [-77.0386654393338, 38.917889739865], [-77.0402450009968, 38.9179141542387]], [[-77.0364024879117, 38.9155550757926], [-77.0364198864821, 38.9144788866272], [-77.0346496448236, 38.9144687334588], [-77.0346365967941, 38.9155347697623], [-77.0364024879117, 38.9155550757926]], [[-77.0393620361242, 38.9148129904787], [-77.0394547108205, 38.9148254823238], [-77.0395400894001, 38.9148169640768], [-77.0396298903858, 38.9148046861125], [-77.0396321712083, 38.914542974013], [-77.0413906530213, 38.9145802791369], [-77.0413906530213, 38.914411337206], [-77.0394643533368, 38.9144178347918], [-77.0394504339415, 38.9146690817766], [-77.0391836477768, 38.9146935133344], [-77.0392978209545, 38.9147755163283], [-77.0393620361242, 38.9148129904787]], [[-77.0417985582289, 38.9143804093603], [-77.0418208912452, 38.9147409798977], [-77.0428314573123, 38.9147540113544], [-77.0428482064007, 38.9143760638879], [-77.0417985582289, 38.9143804093603]], [[-77.0422508006857, 38.9149060599838], [-77.0422005525219, 38.9155272776661], [-77.0427812082502, 38.9155403096774], [-77.0429877875279, 38.9155403096774], [-77.0429822044984, 38.9149277794926], [-77.0422508006857, 38.9149060599838]], [[-77.0415079703025, 38.9150594978188], [-77.039312838091, 38.9150489218631], [-77.0393468195616, 38.9153291782181], [-77.0415123468945, 38.9153103664932], [-77.0415079703025, 38.9150594978188]]]}, "properties": {"TrashRouteArea": "IC203", "CollectionDays": "Tuesday/Friday", "RunsPerWeek": 2, "TrashStatusUpdate": "Scheduled Other Day", "TStatus": "Scheduled Other Day", "ServiceArea": "Inner City"}}, {"type": "Feature", "geometry": {"type": "Polygon", "coordinates": [[[-77.0090553613815, 38.9073393856895], [-77.0090605105247, 38.9064583096506], [-77.0090652060187, 38.9056551215826], [-77.0090683842581, 38.905111304553], [-77.0090708384555, 38.9046915522059], [-77.009071643346, 38.9043600998004], [-77.0090717843815, 38.9043021808612], [-77.0090687462792, 38.9037379329106], [-77.0090662759122, 38.9032791179065], [-77.0090658555006, 38.90320046209], [-77.009066933479, 38.9026111363073], [-77.0090665597798, 38.902522310892], [-77.0092528344371, 38.9025217320514], [-77.0097485643368, 38.9025232224961], [-77.0101147859185, 38.9025229617382], [-77.0101116094757, 38.9024676593677], [-77.0101306807092, 38.9021089797319], [-77.0109135525978, 38.9021099283929], [-77.011287220315, 38.9021103807022], [-77.012171354794, 38.9021114538006], [-77.0121733760034, 38.902524166258], [-77.0123101031829, 38.9025242599351], [-77.0124002590032, 38.9025243228525], [-77.012682018287, 38.9025250128473], [-77.0131454672269, 38.9025241508781], [-77.0135845421782, 38.9025234755641], [-77.0135888576848, 38.9025234692724], [-77.0137247790755, 38.9025213818109], [-77.0137705311712, 38.9026414911406], [-77.0137901800214, 38.9026930728657], [-77.0138603105974, 38.9028811597142], [-77.0139426690409, 38.9031078001778], [-77.0140177619105, 38.9033139926738], [-77.0141106189648, 38.9035699984022], [-77.0141307169726, 38.9036290441437], [-77.0141707189522, 38.9037465545516], [-77.0141968042314, 38.9038183658669], [-77.0142486963121, 38.9039612144105], [-77.0143212505427, 38.9041549128043], [-77.0143365928694, 38.9041958718157], [-77.0144073055536, 38.9043940463782], [-77.014468356857, 38.904580837552], [-77.0145017858637, 38.9046831124357], [-77.0145307592265, 38.9047566096376], [-77.0145844910569, 38.9048929075039], [-77.014671583622, 38.9051288243271], [-77.0147082546486, 38.9052238988411], [-77.0147672191655, 38.9053465621405], [-77.0147565840109, 38.9053767396425], [-77.0147781318995, 38.9053692660475], [-77.0152245344087, 38.9052149642022], [-77.0153320142391, 38.9051775793568], [-77.0155178100944, 38.9051129508331], [-77.0157610541104, 38.9050295909888], [-77.0158124305581, 38.9050121571743], [-77.015830833445, 38.9050059131847], [-77.0158519986514, 38.9049987303591], [-77.0158909729584, 38.9049855048701], [-77.0159948730024, 38.9049502471404], [-77.0161825220821, 38.904886571228], [-77.0161266262102, 38.904651400198], [-77.0146933524963, 38.9025260474899], [-77.0181812394533, 38.9025281943733], [-77.0189299457168, 38.9025289423919], [-77.0189347139743, 38.9041817933161], [-77.0190525936008, 38.9041789586012], [-77.0191117323909, 38.9041775311072], [-77.0193428859815, 38.9041753311446], [-77.0194909166622, 38.9041751270172], [-77.0196764151752, 38.9041739246226], [-77.0197552171885, 38.904172805417], [-77.019900506211, 38.9041707431704], [-77.0200544801456, 38.9041710913056], [-77.0200971025109, 38.9041713303863], [-77.0205665584851, 38.9041724202312], [-77.0209723508552, 38.9041733821469], [-77.0219162394703, 38.9041756135675], [-77.021937622069, 38.9041755359711], [-77.0219162286905, 38.9042079237195], [-77.0219160589089, 38.9046997032628], [-77.0219177154023, 38.904836090019], [-77.02191824451, 38.9050573345059], [-77.0219163481664, 38.9056392747703], [-77.0219164326081, 38.9056512694563], [-77.0219213050702, 38.9072476428199], [-77.0239650361219, 38.9072516643759], [-77.0239859417152, 38.9056512844859], [-77.0259896195834, 38.9056500296875], [-77.025990188217, 38.9059698690631], [-77.0259923720214, 38.9071982181364], [-77.0259926379228, 38.9085791610676], [-77.0259913910611, 38.9096525590597], [-77.0249740840362, 38.9096615574492], [-77.0239718390636, 38.9096542513693], [-77.0239691108801, 38.9116228548049], [-77.0239699517032, 38.9126137631113], [-77.0238265150068, 38.9126137819839], [-77.023756609908, 38.9126137875757], [-77.0199026918121, 38.912614200675], [-77.0199030807826, 38.913044424417], [-77.018930829659, 38.9133782351606], [-77.0177822257704, 38.9137725893231], [-77.0176424892347, 38.9133824646642], [-77.0175995910866, 38.9132635568749], [-77.0174215225395, 38.9127699724729], [-77.0173649717957, 38.9126132193022], [-77.017097638557, 38.9118723229666], [-77.0168291572714, 38.911127373096], [-77.0166136370617, 38.9105286185441], [-77.0164506754827, 38.9100721772224], [-77.0162975172183, 38.9096499894891], [-77.0162969404999, 38.9096483684786], [-77.0162917491359, 38.9096336857151], [-77.0162397160196, 38.9094866761691], [-77.0162085660389, 38.9093986688156], [-77.016199451732, 38.9093735371187], [-77.0161987591309, 38.909371644884], [-77.0161624177861, 38.909271296953], [-77.0161563739209, 38.9092546673503], [-77.0161452357096, 38.9092240133693], [-77.0161197316404, 38.9091538341358], [-77.0160419375368, 38.9089393878002], [-77.0160062097413, 38.9088409000512], [-77.0159857937299, 38.9087845995066], [-77.0158418584685, 38.9083876235481], [-77.0157784095617, 38.9082079375138], [-77.015748248626, 38.9081225191718], [-77.0154883866756, 38.9074048706012], [-77.0154477927062, 38.907260166055], [-77.0154428717351, 38.9072426251368], [-77.0154167253704, 38.9071533497437], [-77.0153968357717, 38.9070854347442], [-77.0151774734675, 38.906465655206], [-77.0149028512987, 38.9056595675534], [-77.0147876127191, 38.9056601925059], [-77.0145968689432, 38.9056612278019], [-77.0144529902757, 38.9056600624822], [-77.0143448420987, 38.9056591865701], [-77.0139682611451, 38.9056501764884], [-77.0136505935044, 38.9057603602931], [-77.0134105331178, 38.9058436249076], [-77.0121625504059, 38.9062764761571], [-77.0110429459314, 38.9066651481174], [-77.0102083831846, 38.9069547522753], [-77.0101431295624, 38.9069773703853], [-77.0093586784355, 38.9072384407047], [-77.0092867620088, 38.9072623750095], [-77.0091953350724, 38.9072928012529], [-77.0090553613815, 38.9073393856895]], [[-77.0166215458295, 38.9069428056938], [-77.0184504187299, 38.906951469587], [-77.0184559855897, 38.9067456840117], [-77.0167217591876, 38.9067370200933], [-77.0167106236714, 38.9065160702451], [-77.0166020604727, 38.9065139039091], [-77.0166215458295, 38.9069428056938]]]}, "properties": {"TrashRouteArea": "IC201", "CollectionDays": "Tuesday/Friday", "RunsPerWeek": 2, "TrashStatusUpdate": "Scheduled Other Day", "TStatus": "Scheduled Other Day", "ServiceArea": "Inner City"}}, {"type": "Feature", "geometry": {"type": "Polygon", "coordinates": [[[-77.0375724591276, 38.9269541415592], [-77.0369410566706, 38.9262929526351], [-77.0379506893881, 38.9256136550975], [-77.0377154727175, 38.923223733919], [-77.0389212624587, 38.9231557196803], [-77.038805482195, 38.9216063969432], [-77.0380876438414, 38.9220027384569], [-77.0377403021519, 38.9216514358155], [-77.0381107997144, 38.9213091388309], [-77.0377709032621, 38.9197471848501], [-77.037578794047, 38.9188643547726], [-77.0401622787355, 38.9180662352375], [-77.0404287756427, 38.9177844960726], [-77.0406107716243, 38.9178265130913], [-77.044257473537, 38.9178236481683], [-77.044641432354, 38.9187039226496], [-77.0452768251276, 38.9182846462729], [-77.0454920974022, 38.9179409813139], [-77.0456410120252, 38.9177041278661], [-77.045888797025, 38.9173153101645], [-77.0459773493524, 38.9171745203081], [-77.046068782577, 38.9170282399986], [-77.0461548555542, 38.916951916405], [-77.0462873058547, 38.9167142691513], [-77.0462904176188, 38.9166480959812], [-77.0462996675713, 38.9163285947821], [-77.0463473779944, 38.9159968157845], [-77.0462990315641, 38.9153490796113], [-77.0462739883306, 38.9150702534056], [-77.0462547410273, 38.9148385773705], [-77.0462366211097, 38.9146802351326], [-77.0461683293852, 38.9143867874257], [-77.0461001265939, 38.9142317020677], [-77.0460256984776, 38.9140995243804], [-77.0549083837375, 38.9141265751697], [-77.0549284988133, 38.9141422705081], [-77.0551260670904, 38.9142477447697], [-77.0553496155438, 38.9143450850022], [-77.0555315603214, 38.9144059020477], [-77.0558018867466, 38.9145072792845], [-77.055997680851, 38.9146244543559], [-77.0562550706378, 38.9148058484862], [-77.0565793822183, 38.9150410795367], [-77.0569399614817, 38.9153051096378], [-77.0573742385311, 38.915633373336], [-77.0576524674359, 38.9158663482241], [-77.0577610872284, 38.9160093409708], [-77.0578020162694, 38.9163060076098], [-77.0577411724769, 38.9165391508323], [-77.0575232142395, 38.9168185038607], [-77.0573137711327, 38.9170341614183], [-77.0573413503102, 38.9171536611817], [-77.0570542631185, 38.9174095002775], [-77.0568085882613, 38.9176187936412], [-77.0565032904221, 38.9178671371141], [-77.0562977549868, 38.9180466665981], [-77.056002273937, 38.918270845945], [-77.0558422723068, 38.9183363228683], [-77.0556508943204, 38.9183861402811], [-77.0554696592118, 38.9184316285102], [-77.0553657088621, 38.918510230407], [-77.0553223202338, 38.9186182604336], [-77.055346846936, 38.9187315657686], [-77.0551224558629, 38.9188788762723], [-77.0548843618884, 38.9190632984324], [-77.0546551540488, 38.9192578055016], [-77.0490596047378, 38.9193321046472], [-77.0489582181799, 38.9194148242619], [-77.0488600862183, 38.9195825102132], [-77.0487804981791, 38.9197199209378], [-77.0486212816764, 38.9199363671357], [-77.0484343808934, 38.9201402134351], [-77.0482381663774, 38.9204707101375], [-77.0482377621355, 38.9206253520349], [-77.0483072944335, 38.9207760517818], [-77.0483966929739, 38.9210388088146], [-77.0484107983205, 38.9212253660876], [-77.0482423318654, 38.9216136263121], [-77.0479023159371, 38.9221116241988], [-77.0470844897024, 38.9223371185899], [-77.0470592775857, 38.9224118093824], [-77.0470521341825, 38.9224894452028], [-77.0470469203606, 38.9225932968265], [-77.0472447329794, 38.9228297754278], [-77.0473315964742, 38.923045850119], [-77.0473419989651, 38.9232561905515], [-77.0470276047854, 38.9232508343451], [-77.047042055085, 38.9235726288368], [-77.0468247669909, 38.9237054514124], [-77.0446751631947, 38.9238322368744], [-77.0447308758103, 38.9247454043347], [-77.0444879848322, 38.9259576015715], [-77.0443836859361, 38.9264058019463], [-77.0435294321183, 38.9271244610937], [-77.043225433243, 38.9269968079629], [-77.0425988951633, 38.9275639654657], [-77.041649823269, 38.9272016598742], [-77.0406290586285, 38.9271938901726], [-77.0394760089776, 38.9271851134418], [-77.0384511282565, 38.9271732087017], [-77.0375724591276, 38.9269541415592]], [[-77.0478291831915, 38.9215324384446], [-77.0473855025777, 38.9214672363411], [-77.0473628668292, 38.9216403827982], [-77.0474265439081, 38.9219810770249], [-77.0476929303225, 38.9221511128684], [-77.0478713977216, 38.922095815306], [-77.0479603435112, 38.9219782430208], [-77.047714435092, 38.9218891587884], [-77.0477108687804, 38.9218047521352], [-77.0478291831915, 38.9215324384446]], [[-77.0403301675739, 38.9204794520548], [-77.0405758298547, 38.9203751996589], [-77.0401570873715, 38.9193630701732], [-77.039883509045, 38.9194282301785], [-77.0403301675739, 38.9204794520548]], [[-77.0464956602034, 38.9194752951928], [-77.0469270141348, 38.9204341699181], [-77.0477589160717, 38.919235575011], [-77.0474276973449, 38.9191516719173], [-77.0464956602034, 38.9194752951928]], [[-77.0577453550329, 38.9160010654015], [-77.0576607822421, 38.915889730943], [-77.057424928666, 38.9161247829647], [-77.0567477426722, 38.9156704297584], [-77.056507293315, 38.915804063233], [-77.0571648502215, 38.916239325225], [-77.0569980070221, 38.9164111375699], [-77.0571942934033, 38.9165447710476], [-77.0577572163879, 38.9160875366654], [-77.0577453550329, 38.9160010654015]]]}, "properties": {"TrashRouteArea": "IC106", "CollectionDays": "Tuesday/Friday", "RunsPerWeek": 2, "TrashStatusUpdate": "Scheduled Other Day", "TStatus": "Scheduled Other Day", "ServiceArea": "Inner City"}}, {"type": "Feature", "geometry": {"type": "MultiPolygon", "coordinates": [[[[-77.0666868574859, 38.9137349601504], [-77.0666298827373, 38.9136221011703], [-77.0666288829124, 38.9136202335129], [-77.0665209602125, 38.9134183955132], [-77.0664230016257, 38.9132323412493], [-77.0664224311955, 38.9132312578343], [-77.0662311529221, 38.9128678802079], [-77.0662238595003, 38.912854027102], [-77.0661828711705, 38.9127762024989], [-77.0660258932695, 38.9124789283654], [-77.0661273103702, 38.9122963595822], [-77.066101205328, 38.9097820104961], [-77.064623477584, 38.909832421083], [-77.0646233500232, 38.9098324252771], [-77.0646232709714, 38.9098324280731], [-77.0645950764479, 38.909779062765], [-77.064283562267, 38.9091894406845], [-77.0642788479083, 38.9091806134943], [-77.0642261814799, 38.9090820065479], [-77.0641713321452, 38.9089793046095], [-77.0641004317131, 38.9088454905197], [-77.0638688900503, 38.9084059142372], [-77.0635838285595, 38.90786774058], [-77.0634501439739, 38.9076164359655], [-77.0630387883373, 38.9068326328118], [-77.062862252316, 38.9064777787259], [-77.0628429987245, 38.906347798378], [-77.0628356828448, 38.9060338613719], [-77.06282547439, 38.9056455893085], [-77.0628206198942, 38.9054769637539], [-77.0628137765283, 38.9051844147333], [-77.0628921248925, 38.9051839834153], [-77.0629476282006, 38.9051821078462], [-77.0630817718254, 38.9051775751625], [-77.0634248689751, 38.9051702721164], [-77.0636666298726, 38.9051652759572], [-77.063944590181, 38.9051601700457], [-77.064148996434, 38.9051554632954], [-77.0643907546365, 38.9051513668216], [-77.0646237533667, 38.9051456527295], [-77.0648761188761, 38.905142180513], [-77.0650698010413, 38.905136757228], [-77.0650897687934, 38.9051364146899], [-77.0651826698652, 38.9051348201406], [-77.0653653557529, 38.905108954322], [-77.0655804717207, 38.9051088312879], [-77.0658659679961, 38.9051086684075], [-77.0660462589753, 38.905108564947], [-77.0664304315914, 38.905108345443], [-77.0670864371074, 38.9050922077007], [-77.0678324430351, 38.9050727585181], [-77.0683036228764, 38.9050619433946], [-77.0684125759439, 38.9050658434383], [-77.0686288426536, 38.9050833401548], [-77.0688070953555, 38.9050767200784], [-77.0689622730326, 38.9050597553434], [-77.0690822780731, 38.9050471632124], [-77.0692108251936, 38.9050458259144], [-77.0697471445711, 38.9050335252882], [-77.0698402971711, 38.9050331093485], [-77.0702311289984, 38.9050308933341], [-77.070654363058, 38.9050351422096], [-77.0708584638838, 38.9050407486557], [-77.0710630300369, 38.9050532534056], [-77.0712756801293, 38.905067725302], [-77.071389052908, 38.9050821559511], [-77.0715119666934, 38.9051007865347], [-77.0715111842608, 38.9054808945333], [-77.0715657766772, 38.906688340932], [-77.0716133065389, 38.9077521977766], [-77.0716171477351, 38.9079038070364], [-77.0716227110016, 38.9080455953217], [-77.0716438914794, 38.9085876136561], [-77.071644010057, 38.9085901357316], [-77.0716440208368, 38.9086013969934], [-77.0716418415239, 38.9086123884305], [-77.0716375871027, 38.9086231107422], [-77.0716313716593, 38.9086331137579], [-77.0716234350437, 38.9086421647033], [-77.071613517643, 38.9086505103339], [-77.0716022249216, 38.9086573635505], [-77.071589777865, 38.9086628669542], [-77.0715764082386, 38.9086668387995], [-77.0715624591989, 38.9086691896117], [-77.0715482209016, 38.908669919391], [-77.071138292688, 38.9086770158655], [-77.0707266504889, 38.9086872111047], [-77.0705044108808, 38.9086927145061], [-77.070471206453, 38.9086933638977], [-77.0703839306316, 38.9086950380556], [-77.0702670220839, 38.908697361605], [-77.0699888165353, 38.9087027531621], [-77.0694595049154, 38.9087146889622], [-77.069200671536, 38.9087222300101], [-77.0690831898631, 38.9087256328483], [-77.0691241108192, 38.909786612088], [-77.0691256451417, 38.9098253470923], [-77.069126708747, 38.9098504786293], [-77.0691447541045, 38.9102692666002], [-77.0691594819836, 38.9105928381135], [-77.0691607800491, 38.9106251768], [-77.0691631857375, 38.9106836917227], [-77.0691638486941, 38.910699854756], [-77.0692068977592, 38.911691647592], [-77.0692142217237, 38.9118721705866], [-77.0692477540366, 38.9126826311271], [-77.069250835258, 38.912767488291], [-77.0692516635047, 38.9127911795827], [-77.0692612620036, 38.913056289589], [-77.0692746064771, 38.9133824737509], [-77.0692833336101, 38.9135832640907], [-77.0692869906516, 38.9136664992591], [-77.0697285835807, 38.9136529077251], [-77.0697282134747, 38.9138760769593], [-77.0697270582413, 38.9145741673942], [-77.0697255760211, 38.9154687380793], [-77.0695668787447, 38.9154770989833], [-77.069489982058, 38.9154811501281], [-77.0693669128641, 38.9154876336369], [-77.0693821932071, 38.9158796115261], [-77.0694027170164, 38.9163523568767], [-77.0694315134111, 38.9166069239872], [-77.0694315331741, 38.9166071092074], [-77.0693532710482, 38.9166102949949], [-77.0693097988767, 38.9166114014235], [-77.0690043537138, 38.9166192386837], [-77.0687109037548, 38.9166313024571], [-77.0687046775316, 38.9166319377972], [-77.0686984522067, 38.9166327513679], [-77.0686923418661, 38.9166337466641], [-77.0686863474082, 38.9166349201909], [-77.0686803538487, 38.916636276142], [-77.0686744734768, 38.9166378103239], [-77.0686685949016, 38.9166396149969], [-77.0686628313107, 38.9166415112316], [-77.0686571818059, 38.9166435856969], [-77.0686516499804, 38.9166458411885], [-77.0685336266234, 38.9167004105057], [-77.0685224740392, 38.9166864561021], [-77.0685153252461, 38.9166775075292], [-77.068448655879, 38.9165940724994], [-77.0684442694055, 38.916588490031], [-77.068173192887, 38.9162411963082], [-77.0680119174458, 38.9160420259653], [-77.0680023620661, 38.9160308308863], [-77.0679319188764, 38.9159482960436], [-77.0679096397591, 38.9159216443507], [-77.0678879373601, 38.9158946319889], [-77.0678668080863, 38.9158673484237], [-77.0678601120442, 38.9158584346951], [-77.0678462582259, 38.9158398859164], [-77.0678262841856, 38.9158120606423], [-77.067806999153, 38.9157840564256], [-77.0677970691759, 38.9157691086304], [-77.0677881776512, 38.9157556908393], [-77.0677700469538, 38.9157271456108], [-77.0677526097558, 38.915698418643], [-77.0677427911698, 38.9156816689282], [-77.0677356306986, 38.9156694211686], [-77.0675673439066, 38.9153694513966], [-77.0675050852675, 38.9152547218096], [-77.0673811465044, 38.9150268822679], [-77.0672479667719, 38.9147826527321], [-77.0672067332021, 38.9147069159492], [-77.0672021437093, 38.9146985025323], [-77.0671508274487, 38.9146044332367], [-77.0671271478578, 38.9145609366996], [-77.0668790331763, 38.9140922047779], [-77.0667417759908, 38.9138436838363], [-77.0667339965805, 38.913828330229], [-77.0666868574859, 38.9137349601504]]], [[[-77.0690743980514, 38.9127299683255], [-77.0690743980514, 38.9125381770914], [-77.0679800092869, 38.9125560780758], [-77.0680095863176, 38.9128015699459], [-77.0684992687587, 38.9128015692469], [-77.0684926957858, 38.9132874360259], [-77.0687326061538, 38.9132823216119], [-77.0687535881039, 38.9136270100615], [-77.0689133624603, 38.9136249837373], [-77.068883783633, 38.913180033954], [-77.0690743980514, 38.9127299683255]]], [[[-77.0671177703445, 38.9095562581158], [-77.0669484747444, 38.9095517152261], [-77.0669630696728, 38.9097243343434], [-77.0671148508199, 38.9097197921635], [-77.0671177703445, 38.9095562581158]]], [[[-77.0691039768788, 38.9058328553397], [-77.0690711120141, 38.9051960470353], [-77.0688344876834, 38.9052062770282], [-77.0688607786768, 38.9058328546407], [-77.0691039768788, 38.9058328553397]]], [[[-77.0717975815464, 38.9173009449067], [-77.0723195332692, 38.9170172009388], [-77.072369462531, 38.9170957121424], [-77.0724202775317, 38.9179155115632], [-77.0724440029366, 38.918298284447], [-77.0724440388693, 38.9182988505783], [-77.0722996086362, 38.9183479718861], [-77.0722959794425, 38.9183492061912], [-77.0729961623075, 38.9195736165209], [-77.0729962593256, 38.9195754658498], [-77.0730155515446, 38.9199467319908], [-77.0730294951944, 38.9201977944589], [-77.0730481882372, 38.920467348399], [-77.0730628837769, 38.9206896882711], [-77.0730663512739, 38.920741036727], [-77.0731527135087, 38.922021073162], [-77.0726911501326, 38.9221870350845], [-77.0722805176398, 38.9215096886881], [-77.0721383394831, 38.9212751633008], [-77.0716529393109, 38.9204904143952], [-77.0714374415591, 38.9201420166213], [-77.071412846585, 38.9201104133307], [-77.0713784411096, 38.9200683648155], [-77.0713725535512, 38.9200614330249], [-77.0713429989784, 38.92002685863], [-77.0713065183947, 38.9199858919794], [-77.0712688843741, 38.9199455578198], [-77.0709206856919, 38.9195350266197], [-77.0708867464422, 38.9194950130062], [-77.0707034146657, 38.9192777540184], [-77.0706434602054, 38.9192067313462], [-77.0706477613389, 38.9192027586929], [-77.0697777690374, 38.9181905460854], [-77.0717716885067, 38.9173446298753], [-77.0717975815464, 38.9173009449067]]]]}, "properties": {"TrashRouteArea": "IC204", "CollectionDays": "Tuesday/Friday", "RunsPerWeek": 2, "TrashStatusUpdate": "Scheduled Other Day", "TStatus": "Scheduled Other Day", "ServiceArea": "Inner City"}}, {"type": "Feature", "geometry": {"type": "Polygon", "coordinates": [[[-77.0569070660743, 38.9106396475605], [-77.0571421345229, 38.9105516793828], [-77.0582061988585, 38.9105418304183], [-77.0581933772044, 38.9096847947206], [-77.0581672425178, 38.9085100800622], [-77.0581478919083, 38.9076846097979], [-77.0581376825551, 38.9068577563207], [-77.0570648443742, 38.9068698252487], [-77.0570448191299, 38.906094937196], [-77.0570142081383, 38.9052397618244], [-77.057142593562, 38.9052599093181], [-77.0581115460719, 38.9052453458845], [-77.0580480351813, 38.902557032233], [-77.0628053656023, 38.9026107895626], [-77.0628137765283, 38.9051844147333], [-77.0628206198942, 38.9054769637539], [-77.06282547439, 38.9056455893085], [-77.0628356828448, 38.9060338613719], [-77.0628429987245, 38.906347798378], [-77.062862252316, 38.9064777787259], [-77.0630387883373, 38.9068326328118], [-77.0634501439739, 38.9076164359655], [-77.0635838285595, 38.90786774058], [-77.0638688900503, 38.9084059142372], [-77.0641004317131, 38.9088454905197], [-77.0641713321452, 38.9089793046095], [-77.0642261814799, 38.9090820065479], [-77.0642788479083, 38.9091806134943], [-77.064283562267, 38.9091894406845], [-77.0645950764479, 38.909779062765], [-77.0646232709714, 38.9098324280731], [-77.0646233500232, 38.9098324252771], [-77.064623477584, 38.909832421083], [-77.066101205328, 38.9097820104961], [-77.0661273103702, 38.9122963595822], [-77.0660258932695, 38.9124789283654], [-77.0661828711705, 38.9127762024989], [-77.0662238595003, 38.912854027102], [-77.0662311529221, 38.9128678802079], [-77.0664224311955, 38.9132312578343], [-77.0664230016257, 38.9132323412493], [-77.0665209602125, 38.9134183955132], [-77.0666288829124, 38.9136202335129], [-77.0666298827373, 38.9136221011703], [-77.0666868574859, 38.9137349601504], [-77.0667339965805, 38.913828330229], [-77.0667417759908, 38.9138436838363], [-77.0668790331763, 38.9140922047779], [-77.0671271478578, 38.9145609366996], [-77.0671508274487, 38.9146044332367], [-77.0672021437093, 38.9146985025323], [-77.0672067332021, 38.9147069159492], [-77.0672054881371, 38.9147073814585], [-77.0671963585589, 38.9147107958921], [-77.0671857539469, 38.914714314471], [-77.0671750334523, 38.9147175639491], [-77.0671640820907, 38.914720363295], [-77.0671530157447, 38.9147228921422], [-77.0671418317194, 38.9147250603246], [-77.0671306494908, 38.9147268685412], [-77.0671192354968, 38.9147283160929], [-77.0671078215028, 38.9147293135126], [-77.0670964066105, 38.9147300404338], [-77.0670907571056, 38.9147300439286], [-77.0670182289262, 38.9147298153678], [-77.0668796341493, 38.9147334283058], [-77.0667030972296, 38.9147278338086], [-77.0664769508484, 38.9147223036157], [-77.0664582964332, 38.9147218478919], [-77.0663510609445, 38.9147208239115], [-77.0662560658998, 38.9147199159589], [-77.0662001251122, 38.9147193812523], [-77.0659832304801, 38.9147155404518], [-77.0656675157768, 38.9147075212511], [-77.0654145277349, 38.914698924706], [-77.065061335318, 38.9146868703895], [-77.0647130989066, 38.9146717497193], [-77.0643496459325, 38.914661321187], [-77.064320872894, 38.9146619083162], [-77.0642181110154, 38.9146635564717], [-77.0642217752434, 38.9146011851513], [-77.0642470430557, 38.9141712336581], [-77.0642578542802, 38.9140130416076], [-77.0642687535395, 38.9138248507486], [-77.0642775920636, 38.9137434044363], [-77.0642760748091, 38.9137267891617], [-77.0642418903192, 38.9136507087551], [-77.0636931930555, 38.9134796026818], [-77.0631249331798, 38.9133014595975], [-77.0622774230149, 38.9130894253869], [-77.0619140230414, 38.9130130080879], [-77.0615722958225, 38.9129460982363], [-77.0613847850834, 38.9129126855752], [-77.0611678661968, 38.9128743332003], [-77.0610684640173, 38.9128530911662], [-77.0610387333747, 38.9128480032823], [-77.060935609475, 38.9128304050304], [-77.0608581145104, 38.9128171125003], [-77.0608511723299, 38.9128156949658], [-77.0606680624373, 38.9127782952507], [-77.0603816094561, 38.9127296188343], [-77.0600668972728, 38.9126671724211], [-77.0598051228091, 38.9126219048708], [-77.0595284641594, 38.9125655639881], [-77.05945212353, 38.9125524510474], [-77.059396563628, 38.9125456743961], [-77.0593822426857, 38.9125439276346], [-77.0593071390364, 38.9125341341664], [-77.0593048716886, 38.912537841579], [-77.0592916943017, 38.9125450131571], [-77.0592353268142, 38.9125475525665], [-77.0591611448364, 38.9125508426849], [-77.0590574478116, 38.9125554426993], [-77.058762736618, 38.9125578444086], [-77.0587447235999, 38.9125581820179], [-77.0584661838781, 38.9125633978367], [-77.0583458132233, 38.9125607011564], [-77.0582537933988, 38.9125586398524], [-77.0582503339867, 38.9125587314194], [-77.0581256693848, 38.9125615881671], [-77.0576586182006, 38.912588581527], [-77.057442776394, 38.9125935478064], [-77.057295508383, 38.912592664291], [-77.0572196815899, 38.9125939609058], [-77.0571830186482, 38.9125790487859], [-77.0571355220241, 38.9125187509184], [-77.0571221910253, 38.912391023978], [-77.0570757157858, 38.9121612439392], [-77.057050287175, 38.9119262794448], [-77.0570121438098, 38.9116715256894], [-77.0570121438098, 38.9112040650343], [-77.0569867143007, 38.9109344696164], [-77.056977178684, 38.9107885413237], [-77.0569070660743, 38.9106396475605]], [[-77.0642892539926, 38.9146331606473], [-77.0654094854912, 38.9146857492527], [-77.0669996131386, 38.9146956242027], [-77.0665599920116, 38.9140828861233], [-77.0655660672352, 38.914079911311], [-77.0643274826978, 38.9140709882713], [-77.0642892539926, 38.9146331606473]]]}, "properties": {"TrashRouteArea": "IC205", "CollectionDays": "Tuesday/Friday", "RunsPerWeek": 2, "TrashStatusUpdate": "Scheduled Other Day", "TStatus": "Scheduled Other Day", "ServiceArea": "Inner City"}}, {"type": "Feature", "geometry": {"type": "Polygon", "coordinates": [[[-77.0239699517032, 38.9126137631113], [-77.0239691108801, 38.9116228548049], [-77.0239718390636, 38.9096542513693], [-77.0249740840362, 38.9096615574492], [-77.0259913910611, 38.9096525590597], [-77.0259926379228, 38.9085791610676], [-77.0259923720214, 38.9071982181364], [-77.025990188217, 38.9059698690631], [-77.0259896195834, 38.9056500296875], [-77.0259859517621, 38.9035863553002], [-77.0270521585796, 38.9039563202302], [-77.0281826281775, 38.9043453173749], [-77.0345701771587, 38.906566120348], [-77.0345526186881, 38.907941639223], [-77.0345500665744, 38.908337372711], [-77.0345491125636, 38.908444934498], [-77.0345492023951, 38.9086294257139], [-77.0345492410226, 38.908709869905], [-77.0346511629765, 38.9087100201947], [-77.034696359015, 38.9087099167394], [-77.0347504331036, 38.9087098104881], [-77.0350998939188, 38.9087080846028], [-77.0354904275054, 38.908708184563], [-77.035582869538, 38.9087082083298], [-77.0358010748121, 38.9087080832048], [-77.0359166511582, 38.9087080160987], [-77.0360362133293, 38.9087087906151], [-77.0363056612021, 38.9087095175979], [-77.0364064297191, 38.9087098468372], [-77.0365290874847, 38.9087040764108], [-77.0365268156453, 38.9090908204689], [-77.0365226528523, 38.9097995256225], [-77.0365191961351, 38.9103880158386], [-77.0365187577572, 38.9104627052283], [-77.0365172306212, 38.9107227226145], [-77.0365148267295, 38.9111319613197], [-77.0365143263679, 38.9112171481672], [-77.0365083364016, 38.912236911443], [-77.0365040514377, 38.912966484691], [-77.0365021874335, 38.9132837894634], [-77.0365019987873, 38.9133159794398], [-77.0364973922265, 38.9141002596957], [-77.0319537144177, 38.9141015793489], [-77.0319540279298, 38.9155761597532], [-77.0319335077137, 38.9155762946513], [-77.0313601022881, 38.915580079489], [-77.0313404148103, 38.9155800801879], [-77.030789123212, 38.9155800361538], [-77.0305300113548, 38.9155803269188], [-77.0296237666417, 38.9155813438973], [-77.0281275443826, 38.9155810307658], [-77.0280840695161, 38.9155810216794], [-77.0275889711321, 38.9155809168362], [-77.0270385796457, 38.9155807994119], [-77.0270374414803, 38.9140976497458], [-77.0239699876358, 38.9140935628746], [-77.0239699517032, 38.9126137631113]], [[-77.0340563255448, 38.9079288127292], [-77.0338362059608, 38.9075824294136], [-77.0333470490341, 38.9075976550509], [-77.0330095313206, 38.9077080413484], [-77.0327649533064, 38.9077270731861], [-77.0325497250492, 38.9077080413484], [-77.0325643990293, 38.9078945546762], [-77.032950832705, 38.9078602966065], [-77.0332296518029, 38.9077575243955], [-77.0335769521698, 38.9076775894187], [-77.0337432653632, 38.9076966212646], [-77.0339438196403, 38.907993521874], [-77.0340563255448, 38.9079288127292]], [[-77.0279608305406, 38.906199688718], [-77.0279608314389, 38.906009523302], [-77.0274216464357, 38.9060118762993], [-77.0274575925218, 38.9070468352561], [-77.0276989419909, 38.9070548273609], [-77.0277143463014, 38.9062196688671], [-77.0279608305406, 38.906199688718]]]}, "properties": {"TrashRouteArea": "IC202", "CollectionDays": "Tuesday/Friday", "RunsPerWeek": 2, "TrashStatusUpdate": "Scheduled Other Day", "TStatus": "Scheduled Other Day", "ServiceArea": "Inner City"}}, {"type": "Feature", "geometry": {"type": "Polygon", "coordinates": [[[-77.0570142081383, 38.9052397618244], [-77.0570448191299, 38.906094937196], [-77.0570648443742, 38.9068698252487], [-77.0581376825551, 38.9068577563207], [-77.0581478919083, 38.9076846097979], [-77.0581672425178, 38.9085100800622], [-77.0581933772044, 38.9096847947206], [-77.0582061988585, 38.9105418304183], [-77.0571421345229, 38.9105516793828], [-77.0569070660743, 38.9106396475605], [-77.0558302447635, 38.9110426188211], [-77.0534691299387, 38.9110678841348], [-77.0526664412149, 38.9096632476616], [-77.0532558384492, 38.9072057928992], [-77.0532308149786, 38.9052145377778], [-77.0532271354792, 38.9044904899435], [-77.0513556518917, 38.904509071748], [-77.0512091267873, 38.9045159029944], [-77.051191110176, 38.9045123915996], [-77.0510967143076, 38.9045079287795], [-77.0510729341054, 38.9045063908401], [-77.0507800285256, 38.904506941003], [-77.0504961303531, 38.9045097386544], [-77.0501244119801, 38.9045104572915], [-77.0501249231215, 38.9044420147665], [-77.0501235837334, 38.9038486348975], [-77.0501234804271, 38.9038358524047], [-77.0501227411136, 38.9037448488187], [-77.0500037960852, 38.9037454793806], [-77.0498619233557, 38.9037462315809], [-77.0493098124939, 38.9037509705819], [-77.0488931594921, 38.9037643109484], [-77.0488584476912, 38.9037294524808], [-77.0488356179066, 38.9036961948695], [-77.0488279992947, 38.9036724362276], [-77.0488262107489, 38.9036551237183], [-77.0488270389956, 38.903490741705], [-77.0488266230756, 38.9032203109579], [-77.0488273246599, 38.9028983521705], [-77.0488253798073, 38.9027520571183], [-77.0488265278542, 38.9027288707076], [-77.0488297016021, 38.9026647642659], [-77.0488300878777, 38.9026567080505], [-77.0488320336286, 38.9026161179655], [-77.0488353843446, 38.9025462118326], [-77.0488356206015, 38.9025337737531], [-77.0501163388206, 38.9025353410966], [-77.0501371923116, 38.8983345215511], [-77.0488019517447, 38.8983346369066], [-77.048759182954, 38.8983336637259], [-77.0487435612512, 38.8983335889196], [-77.0486903612234, 38.898333332341], [-77.0486651149707, 38.8983335232019], [-77.0485166333357, 38.8983304309758], [-77.0484271764048, 38.8983306491026], [-77.0479289545785, 38.898331648151], [-77.047379215269, 38.8983293389439], [-77.0467776018452, 38.89832958154], [-77.0467639124186, 38.898329587133], [-77.0466673659834, 38.8983294850609], [-77.0465668561812, 38.898329384387], [-77.0465553281012, 38.8983293885817], [-77.0462674908161, 38.8983301569192], [-77.0449107589543, 38.8983301736982], [-77.0449126912305, 38.8978531519945], [-77.0449119510187, 38.8973614921225], [-77.0466739371597, 38.8973612236551], [-77.0467762462874, 38.8973613236313], [-77.0469931121734, 38.8973615179905], [-77.0473540750175, 38.8973611635297], [-77.0474787189581, 38.8973610404821], [-77.0476833381119, 38.8973617829621], [-77.048001793575, 38.8973629379309], [-77.048426518838, 38.8973623401716], [-77.0484597187743, 38.897362326189], [-77.0486402442137, 38.8973630623768], [-77.0486985754184, 38.8973634881491], [-77.0487422344395, 38.8973643865359], [-77.04875863588, 38.8973647242175], [-77.0488045173331, 38.8973656960133], [-77.0488568540799, 38.8973675661957], [-77.0488569385215, 38.89732180369], [-77.0488556485408, 38.8972900944566], [-77.0488551347044, 38.8972746128228], [-77.0488542363892, 38.8972475758865], [-77.0488543235257, 38.8972073979956], [-77.0488543980859, 38.8971479428135], [-77.0488535743308, 38.8971227200869], [-77.0488537962147, 38.8971087569405], [-77.0488542372875, 38.8970810110167], [-77.0488539803693, 38.897042725595], [-77.0488530281551, 38.8969990351228], [-77.0488521954168, 38.8969612006008], [-77.0488527415925, 38.8969164285117], [-77.048852948205, 38.8968821064172], [-77.0488540719975, 38.8968397672815], [-77.0488555452345, 38.896802291333], [-77.048857130761, 38.8967612126984], [-77.0488573409668, 38.8967309448412], [-77.0488590495625, 38.8967013516414], [-77.0488591492754, 38.8966873212947], [-77.0488594717706, 38.8966441927129], [-77.0488595795685, 38.8966334727869], [-77.0488493818934, 38.8964576127749], [-77.0499649915599, 38.8970587288353], [-77.0501437545048, 38.8971554235661], [-77.0503404002121, 38.8972617585339], [-77.0514977195555, 38.8978877805372], [-77.0520148545118, 38.8981674901174], [-77.0521205125588, 38.8982245981819], [-77.0526078270409, 38.8984879854201], [-77.0531151029869, 38.898762157704], [-77.0532063107343, 38.8988114533304], [-77.0532551269835, 38.8988378779421], [-77.0536656346105, 38.8990600898218], [-77.0541808022562, 38.8993432742757], [-77.0561015782001, 38.9003982332335], [-77.0560912610491, 38.9004954435495], [-77.0560913356092, 38.9005901208863], [-77.0561226895076, 38.9007005488401], [-77.0561145983818, 38.9008469494887], [-77.0561371981977, 38.9010036727148], [-77.0561392571364, 38.9011296989694], [-77.0561444727549, 38.9013121154071], [-77.0561330893036, 38.9014376028122], [-77.0561310034155, 38.901629036043], [-77.0561150358614, 38.9017757808269], [-77.0560942596255, 38.9018373594641], [-77.056097335457, 38.9019127310729], [-77.0560937529757, 38.9020510960079], [-77.0560994429047, 38.9022498176493], [-77.0561025483806, 38.9022979314979], [-77.0561084251592, 38.9023889907679], [-77.0561135644209, 38.9024686234037], [-77.0561156251562, 38.9025387316479], [-77.0558674754404, 38.9025385149323], [-77.0552516219227, 38.9025379745413], [-77.0547620544659, 38.9025375131467], [-77.0533158917243, 38.9025362582932], [-77.0532907685407, 38.9044898579901], [-77.0538198870229, 38.9048048266464], [-77.0570142081383, 38.9052397618244]], [[-77.0558157396666, 38.9090787008903], [-77.0558395243604, 38.9091271043975], [-77.0559668578569, 38.909116853999], [-77.0563137351174, 38.9091282430975], [-77.0565288843229, 38.9091100203993], [-77.0569972416575, 38.9091020487974], [-77.0569767501875, 38.9088822401211], [-77.056896252155, 38.9088811014171], [-77.0568011169731, 38.9088628786554], [-77.0565225314372, 38.9088662213712], [-77.0561366367507, 38.9088708516822], [-77.0559156323262, 38.9089129907145], [-77.0558157396666, 38.9090787008903]], [[-77.0567673771493, 38.9098513950323], [-77.0567718444713, 38.909851440468], [-77.0567718606409, 38.9098509721308], [-77.0567765435585, 38.9097136988756], [-77.0567854952703, 38.909451286464], [-77.056785525813, 38.9094504001134], [-77.0556349321561, 38.909469863475], [-77.0554194667436, 38.9098377734093], [-77.0554209534554, 38.9098377887875], [-77.0557577129908, 38.9098411922712], [-77.0567673771493, 38.9098513950323]], [[-77.0571970233834, 38.9096161174228], [-77.0571816559039, 38.9098081633036], [-77.0576426928672, 38.9098013297704], [-77.057639766156, 38.9098423295618], [-77.0577524643, 38.9098446069389], [-77.0577710333753, 38.9095840865415], [-77.0571970233834, 38.9096161174228]]]}, "properties": {"TrashRouteArea": "IC206", "CollectionDays": "Tuesday/Friday", "RunsPerWeek": 2, "TrashStatusUpdate": "Scheduled Other Day", "TStatus": "Scheduled Other Day", "ServiceArea": "Inner City"}}, {"type": "Feature", "geometry": {"type": "Polygon", "coordinates": [[[-77.0460256984776, 38.9140995243804], [-77.0460211242562, 38.9140914002647], [-77.0451590065865, 38.9126142279353], [-77.0446648891627, 38.9117597406215], [-77.0448882301053, 38.9116896512691], [-77.0448920874712, 38.9110867808641], [-77.0452717649176, 38.9110891350911], [-77.0452663121438, 38.9108479676089], [-77.045642048681, 38.9108576893127], [-77.0456724000595, 38.9110607948894], [-77.0466977694642, 38.9111011389917], [-77.048959426414, 38.9111295630572], [-77.0497828931703, 38.9102973750479], [-77.0502058011415, 38.9104099687997], [-77.0504279850539, 38.910469121392], [-77.0505850734477, 38.9105109449237], [-77.0506704421458, 38.9105336723432], [-77.0507634294557, 38.9105584289633], [-77.0510414589345, 38.9108615624761], [-77.0513419247358, 38.9111751370213], [-77.0514987337535, 38.911336407485], [-77.0516122718222, 38.9114506729826], [-77.0517657301239, 38.9116002339812], [-77.0519508755989, 38.9117690588821], [-77.0520480562447, 38.9118554947609], [-77.0521412959813, 38.9119672521461], [-77.0523493017836, 38.9121458102832], [-77.0525521000523, 38.9123081291182], [-77.0527444886434, 38.9124460907492], [-77.0529420757851, 38.9125881104119], [-77.0530824627011, 38.9126814330705], [-77.0532176366934, 38.9127544557705], [-77.0533735968032, 38.9128234089254], [-77.0535668190309, 38.9129098295406], [-77.0537323291304, 38.9130140768276], [-77.0540858952465, 38.9132412874607], [-77.0541482985143, 38.9132940427549], [-77.0542107080704, 38.9133549166192], [-77.0542783278551, 38.9134320304286], [-77.05436675352, 38.9135334950303], [-77.0544239860851, 38.9136187342144], [-77.0544916157513, 38.9137080280372], [-77.0545540540534, 38.9138054451979], [-77.0546216801263, 38.9138906784636], [-77.0546788911318, 38.9139474963901], [-77.0547464920519, 38.9140002469656], [-77.0549083837375, 38.9141265751697], [-77.0460256984776, 38.9140995243804]]]}, "properties": {"TrashRouteArea": "IC206", "CollectionDays": "Tuesday/Friday", "RunsPerWeek": 2, "TrashStatusUpdate": "Scheduled Other Day", "TStatus": "Scheduled Other Day", "ServiceArea": "Inner City"}}, {"type": "Feature", "geometry": {"type": "Polygon", "coordinates": [[[-77.0297272705288, 38.9362987682463], [-77.0297091910354, 38.936293965736], [-77.0296118522861, 38.9362697680111], [-77.0292205713012, 38.9361724913965], [-77.0291314772896, 38.9361503430687], [-77.0286048794802, 38.9360194262351], [-77.0284509720208, 38.9359811632122], [-77.0280747396136, 38.9358876287295], [-77.0280074153746, 38.9358708914671], [-77.027236387773, 38.9356792061035], [-77.0272024125906, 38.9345764252313], [-77.0272057884595, 38.9342648274981], [-77.0272068691327, 38.9341651052291], [-77.0276616861611, 38.9329018330128], [-77.0279821565454, 38.9329648346211], [-77.0297207029457, 38.9323714793859], [-77.0297110433615, 38.9313310226174], [-77.0325558515594, 38.930352340683], [-77.0327508129255, 38.9302385654376], [-77.0335318226066, 38.9305345541398], [-77.0388417310133, 38.9325395651671], [-77.0390750648151, 38.9325714557129], [-77.0391495881528, 38.9325816412303], [-77.0393010710592, 38.9326023455818], [-77.0393958693728, 38.9326153017833], [-77.0396405147606, 38.9325564059374], [-77.039916702693, 38.9324899163169], [-77.0401710166483, 38.9324286927031], [-77.0406065306778, 38.9323968866465], [-77.0407217971052, 38.9323886660965], [-77.0410311634143, 38.9323688183978], [-77.041237309704, 38.9323747699827], [-77.0412963829171, 38.9323764750275], [-77.0412753479664, 38.9329595539174], [-77.0412325279718, 38.9341464983468], [-77.0412267832455, 38.9343057362909], [-77.0412234028851, 38.9343994258903], [-77.0412199299982, 38.9344956798445], [-77.0412166879783, 38.9345855574188], [-77.0411964947491, 38.9351452816113], [-77.041194770882, 38.9351930671032], [-77.0411577432243, 38.9362194223225], [-77.0400571084736, 38.9367352593787], [-77.0393056614503, 38.9369480201963], [-77.0386235616719, 38.9372188569668], [-77.0380003249008, 38.9375703850705], [-77.0376227971229, 38.937769049186], [-77.0370727874205, 38.9380509877841], [-77.0364471027403, 38.9382385106844], [-77.0364477073065, 38.9379840833759], [-77.0364490107619, 38.9374348535913], [-77.0362012904409, 38.9374346174176], [-77.0348024958642, 38.9374332828261], [-77.0341352362543, 38.9374244717266], [-77.0337236596321, 38.9373527950333], [-77.0332511062668, 38.9372330281342], [-77.0331605731542, 38.9372091759079], [-77.0322615230481, 38.9369723371749], [-77.0313059320798, 38.9367169683051], [-77.0304364473264, 38.936487215333], [-77.0297272705288, 38.9362987682463]], [[-77.0293716454741, 38.9356305831298], [-77.0294492949489, 38.9348593100718], [-77.0294134566607, 38.9346548743799], [-77.0287146033022, 38.9346223509895], [-77.0287743340821, 38.9351706075207], [-77.0288654969138, 38.9353076121208], [-77.0289475544217, 38.9357095684557], [-77.0291685588462, 38.9358071384837], [-77.0290610430831, 38.9360069241463], [-77.0293895641691, 38.936095201759], [-77.0295269453221, 38.9358117852045], [-77.0293716454741, 38.9356305831298]], [[-77.028245842624, 38.9349909285088], [-77.0282238231198, 38.9346084043033], [-77.0280256502765, 38.9346103077442], [-77.0280378826358, 38.9348729359758], [-77.0277173790138, 38.9348824517467], [-77.0277418455288, 38.935257362178], [-77.0277883306498, 38.9354077059205], [-77.0279351252487, 38.9354305434564], [-77.0279620387746, 38.9355409227961], [-77.02805990214, 38.935592305922], [-77.0279791642572, 38.935786419695], [-77.0281577655054, 38.935839706051], [-77.0282898816325, 38.9356018208976], [-77.0282507357474, 38.9355256975638], [-77.0281724439771, 38.9354514775666], [-77.0281504253712, 38.9352744901922], [-77.0280329895124, 38.9352630717495], [-77.0280476688825, 38.9350118627489], [-77.028245842624, 38.9349909285088]], [[-77.0380916700905, 38.9342380107877], [-77.0374150347639, 38.9352341682185], [-77.0373438163282, 38.9352549430693], [-77.0371474401155, 38.9351598291268], [-77.0370480460209, 38.9353412175756], [-77.0374073901009, 38.9354542132063], [-77.037502959169, 38.9354333985845], [-77.0377629100527, 38.9355226048617], [-77.0378737702436, 38.9353293232882], [-77.0377323278071, 38.9352698511226], [-77.0383592647389, 38.9343391137227], [-77.0380916700905, 38.9342380107877]], [[-77.0369752609233, 38.9334246596248], [-77.0370731233904, 38.9332609894366], [-77.0374401130317, 38.9334037249163], [-77.0375184039037, 38.9332762144563], [-77.0370266391677, 38.9331106411433], [-77.036855378952, 38.9333675652047], [-77.0369752609233, 38.9334246596248]], [[-77.0359838765825, 38.9318252437915], [-77.0338036923374, 38.9310074646007], [-77.0336364457945, 38.9312537284025], [-77.0356195172083, 38.9319925160751], [-77.0357091151748, 38.9322387764567], [-77.0359898512775, 38.9323363512598], [-77.0359838765825, 38.9318252437915]]]}, "properties": {"TrashRouteArea": "IC105", "CollectionDays": "Tuesday/Friday", "RunsPerWeek": 2, "TrashStatusUpdate": "Scheduled Other Day", "TStatus": "Scheduled Other Day", "ServiceArea": "Inner City"}}, {"type": "Feature", "geometry": {"type": "Polygon", "coordinates": [[[-77.0276616861611, 38.9329018330128], [-77.0276565558825, 38.932900824668], [-77.0275483088908, 38.9328795439068], [-77.0268222779017, 38.9327550512561], [-77.026382811285, 38.9298096052725], [-77.0235800011232, 38.9300561227089], [-77.0233960243563, 38.9300305252318], [-77.0233723681217, 38.9300258026604], [-77.0232311439758, 38.9290485227223], [-77.0229840363058, 38.9272504982783], [-77.023256171938, 38.927155501489], [-77.0233202667335, 38.9268637735103], [-77.0239466709642, 38.9268087451817], [-77.0243033470478, 38.9267758331304], [-77.0245888082889, 38.9267494294009], [-77.025658302042, 38.9266507175782], [-77.0259062370604, 38.9266345176447], [-77.0258993532704, 38.9265901821793], [-77.0258054514754, 38.9258762719156], [-77.0270425564875, 38.9257625502911], [-77.0323413230898, 38.9257494929018], [-77.0323186118828, 38.9255093375645], [-77.0354263659475, 38.9253265584021], [-77.0354860275571, 38.9263329498356], [-77.0364911686982, 38.9262801217704], [-77.0364787962018, 38.9286951647833], [-77.0373503542669, 38.9287358007528], [-77.0374939275071, 38.9287424947943], [-77.0375537876444, 38.9287452858999], [-77.037638268807, 38.9287492244753], [-77.0388715739454, 38.9288067272322], [-77.0388573940386, 38.9305803783931], [-77.0388530515825, 38.9311235006322], [-77.0388479653214, 38.9317597779189], [-77.038845647668, 38.9320497010475], [-77.0388435923226, 38.9323067819872], [-77.0388417310133, 38.9325395651671], [-77.0335318226066, 38.9305345541398], [-77.0327508129255, 38.9302385654376], [-77.0325558515594, 38.930352340683], [-77.0297110433615, 38.9313310226174], [-77.0297207029457, 38.9323714793859], [-77.0279821565454, 38.9329648346211], [-77.0276616861611, 38.9329018330128]], [[-77.0261163000048, 38.9292092459237], [-77.0261043533098, 38.9290512600065], [-77.0255607997994, 38.9291070196588], [-77.025566773596, 38.929265004753], [-77.0238704093865, 38.9294276366344], [-77.0239002747765, 38.9296739059212], [-77.0259012666819, 38.9294276366344], [-77.025883347987, 38.9292417717963], [-77.0261163000048, 38.9292092459237]], [[-77.0355004050932, 38.9268383733526], [-77.0354730576811, 38.9265755539366], [-77.0346099563561, 38.9266231376451], [-77.0345759739872, 38.9267605997269], [-77.0335361749441, 38.9268134700637], [-77.0335769530681, 38.9270725323276], [-77.0348434590411, 38.9269921278189], [-77.0349214022651, 38.9268513669468], [-77.0355004050932, 38.9268383733526]]]}, "properties": {"TrashRouteArea": "IC102", "CollectionDays": "Tuesday/Friday", "RunsPerWeek": 2, "TrashStatusUpdate": "Scheduled Other Day", "TStatus": "Scheduled Other Day", "ServiceArea": "Inner City"}}, {"type": "Feature", "geometry": {"type": "Polygon", "coordinates": [[[-77.0145034836795, 38.9170031019169], [-77.0144954006386, 38.9169313961996], [-77.014494469984, 38.9169231088558], [-77.014342686142, 38.9155762918555], [-77.0143237954699, 38.9154117871712], [-77.0140523057264, 38.9130475069155], [-77.0140875681946, 38.9129431855856], [-77.01421014601, 38.912996680622], [-77.0142282497579, 38.9130046056539], [-77.0143719289994, 38.9130647640118], [-77.0145508949636, 38.9131411323266], [-77.0150089207742, 38.9133370955195], [-77.0150743037538, 38.9133646526581], [-77.0151807388436, 38.9134096806851], [-77.0152661865934, 38.9134457932539], [-77.0152945535935, 38.9134577701949], [-77.0156455711891, 38.9136074422949], [-77.0157084173263, 38.91363490986], [-77.0158592498524, 38.9137009201831], [-77.0160987595718, 38.9138025018277], [-77.0168206843617, 38.9141090247647], [-77.0177822257704, 38.9137725893231], [-77.018930829659, 38.9133782351606], [-77.0199030807826, 38.913044424417], [-77.0199026918121, 38.912614200675], [-77.023756609908, 38.9126137875757], [-77.0238265150068, 38.9126137819839], [-77.0239699517032, 38.9126137631113], [-77.0239699876358, 38.9140935628746], [-77.0270374414803, 38.9140976497458], [-77.0270385796457, 38.9155807994119], [-77.0275889711321, 38.9155809168362], [-77.0280840695161, 38.9155810216794], [-77.0281275443826, 38.9155810307658], [-77.0296237666417, 38.9155813438973], [-77.0305300113548, 38.9155803269188], [-77.030789123212, 38.9155800361538], [-77.0313404148103, 38.9155800801879], [-77.0313601022881, 38.915580079489], [-77.0319335077137, 38.9155762946513], [-77.0319540279298, 38.9155761597532], [-77.0319545696139, 38.9181201786196], [-77.0305641069115, 38.918120975399], [-77.0296227461556, 38.9181215142735], [-77.0294489733521, 38.9181213535197], [-77.0291565807102, 38.9181210830341], [-77.028832552099, 38.9181207831935], [-77.0280864536449, 38.9181200919524], [-77.0275857066544, 38.918124669939], [-77.0270385203569, 38.9181296763689], [-77.0259925238367, 38.9181392370206], [-77.0252100669697, 38.9181463835702], [-77.024613440094, 38.9181518310227], [-77.0242665493588, 38.9181549992676], [-77.0239455327988, 38.9177715881844], [-77.0238110567974, 38.9177707068303], [-77.0237836132655, 38.9177707124218], [-77.0234384877198, 38.9177702665027], [-77.0230607299732, 38.9177697765508], [-77.0230467773402, 38.9177697793466], [-77.0229506081974, 38.91776988838], [-77.0220424213267, 38.9177676308273], [-77.0218990897332, 38.9177672974364], [-77.0218991283608, 38.9178925132253], [-77.0218991553102, 38.9179814256461], [-77.0219005189528, 38.918290411028], [-77.0219009618222, 38.9186071440406], [-77.0219011738247, 38.9189229761277], [-77.0219011971808, 38.918998375725], [-77.0178744584956, 38.9193775007118], [-77.0178869881972, 38.9194472232289], [-77.0178914339595, 38.9194719956106], [-77.0180160617305, 38.9202822757103], [-77.0180178520728, 38.9202942563898], [-77.0180292292359, 38.9203683930027], [-77.0149370097373, 38.9206758331974], [-77.0149283508763, 38.9206262885671], [-77.0149244243402, 38.9205975076701], [-77.0148855030339, 38.9203132547997], [-77.0148844636831, 38.9203055975668], [-77.0148751095261, 38.9202367753883], [-77.0147439303418, 38.919112558296], [-77.0147426035301, 38.9191011889715], [-77.0147420348965, 38.9190963370714], [-77.0147306253941, 38.9189985315843], [-77.0147142293435, 38.9188579260882], [-77.0147036795288, 38.9187674484795], [-77.014699289462, 38.9187284429795], [-77.0146989427123, 38.9187260107264], [-77.0146925889283, 38.9186703400651], [-77.0146854266606, 38.918606742159], [-77.0146696010402, 38.918469007074], [-77.0146414128049, 38.918218759031], [-77.0146378330185, 38.918191284154], [-77.0146348299505, 38.9181693944065], [-77.0146276694794, 38.9181148045522], [-77.0146215492573, 38.9180690428385], [-77.0146200472742, 38.9180572421071], [-77.0146169283235, 38.9180312083616], [-77.0145800830238, 38.917729614467], [-77.0145790427747, 38.917717093079], [-77.0145776548776, 38.9176998874372], [-77.0145732621159, 38.9176445766208], [-77.0145687534715, 38.9175876442332], [-77.0145682908391, 38.9175814286082], [-77.0145665579889, 38.9175655739744], [-77.0145120320478, 38.9170785909216], [-77.0145113394467, 38.9170732754862], [-77.0145034836795, 38.9170031019169]], [[-77.015337926052, 38.9172742364089], [-77.0153640230093, 38.9174569797019], [-77.0155206047532, 38.9174400591629], [-77.0155763326402, 38.9174339623441], [-77.0155342169247, 38.9171432050566], [-77.0153232826146, 38.9171600599661], [-77.0152115438713, 38.9162888917901], [-77.0145650542091, 38.9163252642999], [-77.0145753165629, 38.9164485766084], [-77.0150268322826, 38.9164494635705], [-77.0151335000361, 38.9172810049204], [-77.015337926052, 38.9172742364089]], [[-77.0297026530967, 38.9158369027903], [-77.029705939134, 38.9167855773898], [-77.0314379017816, 38.9167779064963], [-77.0314576198021, 38.9158317878611], [-77.0297026530967, 38.9158369027903]], [[-77.0186146550184, 38.915710884471], [-77.0185868189226, 38.915310192453], [-77.0192020094837, 38.9155701005178], [-77.0193217073004, 38.9154401473033], [-77.0185673326675, 38.9151520812245], [-77.0185450634316, 38.9149549837375], [-77.0183585570089, 38.9148748443817], [-77.0182973161611, 38.9149073334906], [-77.0184504187299, 38.9157195479929], [-77.0186146550184, 38.915710884471]], [[-77.0156815352415, 38.9142453710762], [-77.0156815361398, 38.9138934058482], [-77.0143201456149, 38.9139949340955], [-77.0143636411426, 38.9147056319543], [-77.0156815352415, 38.9142453710762]]]}, "properties": {"TrashRouteArea": "IC104", "CollectionDays": "Tuesday/Friday", "RunsPerWeek": 2, "TrashStatusUpdate": "Scheduled Other Day", "TStatus": "Scheduled Other Day", "ServiceArea": "Inner City"}}, {"type": "Feature", "geometry": {"type": "Polygon", "coordinates": [[[-77.0465438575133, 38.909736465695], [-77.0458576605189, 38.9097269109014], [-77.0448897042407, 38.909749698687], [-77.044890836118, 38.9082484586933], [-77.044898580494, 38.9081839790619], [-77.0449241025295, 38.9080700242664], [-77.0450777701387, 38.9079041278911], [-77.0453529160254, 38.9076042462319], [-77.0456078300552, 38.9073336151517], [-77.0456859610271, 38.9072502572158], [-77.0466454803281, 38.9062396769725], [-77.0466640116741, 38.9071853404786], [-77.0468534843339, 38.9071862093815], [-77.0475386374859, 38.9071893515526], [-77.0476936552629, 38.9071900624731], [-77.0481751163226, 38.9071922700317], [-77.048281721194, 38.9071927593575], [-77.0483741659215, 38.9071931829739], [-77.0486724739695, 38.907194550989], [-77.0488130800744, 38.9072072440995], [-77.049013741251, 38.9074658152254], [-77.0489941606728, 38.9085799362844], [-77.0487490580424, 38.9086884385877], [-77.0478131994676, 38.9087330970026], [-77.0477900435946, 38.9095709681568], [-77.0469878363677, 38.9096582049848], [-77.0469605931601, 38.910263241163], [-77.0465492932191, 38.9102783879367], [-77.0465438575133, 38.909736465695]]]}, "properties": {"TrashRouteArea": "IC206", "CollectionDays": "Tuesday/Friday", "RunsPerWeek": 2, "TrashStatusUpdate": "Scheduled Other Day", "TStatus": "Scheduled Other Day", "ServiceArea": "Inner City"}}, {"type": "Feature", "geometry": {"type": "Polygon", "coordinates": [[[-76.9961704982746, 38.8922242131755], [-76.9961731572878, 38.8920223814644], [-76.9961253696097, 38.8920224108302], [-76.996072645689, 38.8920226926023], [-76.9960253853219, 38.8920229610897], [-76.9956808454778, 38.8920247510065], [-76.9954874534685, 38.8920253585993], [-76.9951145286581, 38.8920265304355], [-76.9950408721947, 38.8920267073296], [-76.994963180499, 38.8920251726158], [-76.9949714414064, 38.8909424563156], [-76.9961710282806, 38.8909431331382], [-76.9961708019052, 38.8908580939664], [-76.9961708028035, 38.8908402574305], [-76.9961739433137, 38.8903091230532], [-76.9961738382108, 38.8902748495065], [-76.9961728105381, 38.8899386989591], [-76.9961730423035, 38.8899279794194], [-76.996175468653, 38.8898127612213], [-76.9961776641356, 38.8897079939145], [-76.996177895901, 38.88969538228], [-76.9961764936308, 38.8893392440969], [-76.9961753940929, 38.8890595710665], [-76.9961772536055, 38.888769050662], [-76.9961778339172, 38.8886848234776], [-76.9961778384088, 38.8886048285716], [-76.9961778384088, 38.8886019456879], [-76.9961775132186, 38.8882174687846], [-76.9961741876555, 38.8879015441281], [-76.9961756977234, 38.8876915590127], [-76.9961762789334, 38.8876024667088], [-76.9961981897415, 38.8873932016175], [-76.9961854669022, 38.8860489709669], [-76.996176896076, 38.8846827847395], [-76.9961768969744, 38.884661589512], [-77.0035217625875, 38.8876214633804], [-77.0035198491759, 38.8876577869489], [-77.0035197359882, 38.8877431858593], [-77.0035197395815, 38.8878136316846], [-77.0035197431747, 38.8878803834238], [-77.0035196380719, 38.8880616326263], [-77.0035203477409, 38.8884301653252], [-77.0035217536043, 38.8891412079156], [-77.0035218847584, 38.8892076780225], [-77.0035177605929, 38.889712327612], [-77.0035169583974, 38.8898160139369], [-77.0035161562018, 38.8899150608721], [-77.0035158570628, 38.8908599048885], [-77.0035158615544, 38.8909453041445], [-77.0035168326332, 38.892017744461], [-77.0035191044726, 38.8935893517413], [-77.0035122242758, 38.8935893559364], [-77.0005806010922, 38.8935913849301], [-77.0005749650621, 38.8930967806898], [-76.999513996321, 38.893093132391], [-76.9995139882362, 38.8930923535093], [-76.9984524328953, 38.8930893848091], [-76.9961704982746, 38.8922242131755]], [[-77.000170087177, 38.8917220334884], [-77.0001700880753, 38.8910563721772], [-77.0003218701207, 38.8910609162503], [-77.0003277082717, 38.8908359979168], [-77.0001233864603, 38.8908382703101], [-77.0001321432377, 38.8902930120131], [-76.9999394959318, 38.8902952837245], [-76.9999686848903, 38.890840542004], [-76.9998139833203, 38.8908382703101], [-76.9998081460676, 38.8910495564166], [-76.9999453340828, 38.8910472847293], [-76.9999424145581, 38.8917197625218], [-77.000170087177, 38.8917220334884]], [[-77.0011306368457, 38.8883997526747], [-77.0011306368457, 38.888261615658], [-77.0013622800181, 38.8882674324961], [-77.001633152619, 38.8882790647725], [-77.0016312841232, 38.8879213630102], [-77.0008541596558, 38.8879097306752], [-77.0008466865709, 38.8880405971311], [-77.0009662451487, 38.8880435052097], [-77.0009587720639, 38.8882165402155], [-77.0006542728269, 38.8882136314448], [-77.000659877416, 38.8883953902291], [-77.0011306368457, 38.8883997526747]]]}, "properties": {"TrashRouteArea": "IC601", "CollectionDays": "Monday/Thursday", "RunsPerWeek": 2, "TrashStatusUpdate": "Scheduled Other Day", "TStatus": "Scheduled Other Day", "ServiceArea": "Inner City"}}, {"type": "Feature", "geometry": {"type": "Polygon", "coordinates": [[[-76.9915297215668, 38.8973392813408], [-76.9915319835247, 38.8947912644659], [-76.9915350261185, 38.8936663905363], [-76.9915352390192, 38.8935874765652], [-76.9915351950018, 38.892017046673], [-76.9924412932895, 38.8920181339078], [-76.992441499902, 38.8920181346069], [-76.9926492703458, 38.8920183835173], [-76.9927505913267, 38.892018480005], [-76.9927735298075, 38.8920189316793], [-76.9930229721989, 38.8920238119994], [-76.9930692102832, 38.8920233533333], [-76.9930861390348, 38.8920231848294], [-76.9935041053735, 38.8920190645247], [-76.9936381636583, 38.8920188023299], [-76.9937611555971, 38.8920186289316], [-76.9938705461442, 38.8920183646392], [-76.9938858767929, 38.8920184548343], [-76.994182002833, 38.8920200916294], [-76.994643540158, 38.8920188526712], [-76.9948026111336, 38.892022012294], [-76.994963180499, 38.8920251726158], [-76.9950408721947, 38.8920267073296], [-76.9951145286581, 38.8920265304355], [-76.9954874534685, 38.8920253585993], [-76.9956808454778, 38.8920247510065], [-76.9960253853219, 38.8920229610897], [-76.996072645689, 38.8920226926023], [-76.9961253696097, 38.8920224108302], [-76.9961731572878, 38.8920223814644], [-76.9961704982746, 38.8922242131755], [-76.9961701299653, 38.8947954727038], [-76.9961710956542, 38.896125107471], [-76.9984464069964, 38.8961239888376], [-76.9984443588375, 38.9002122539031], [-76.9961696089425, 38.9002126523933], [-76.994963063718, 38.9002108046571], [-76.9926472733909, 38.9002096909818], [-76.9926461855311, 38.897342149188], [-76.9915297215668, 38.8973392813408]], [[-76.994477441662, 38.8922017602677], [-76.9941638883053, 38.8921962143361], [-76.9941852673108, 38.8930725598419], [-76.9940112277076, 38.8930805996652], [-76.994019984485, 38.8934963430828], [-76.9946413437771, 38.8935162743689], [-76.9946413437771, 38.8931335706051], [-76.9945059470026, 38.8930392811581], [-76.994477441662, 38.8922017602677]]]}, "properties": {"TrashRouteArea": "IC608", "CollectionDays": "Monday/Thursday", "RunsPerWeek": 2, "TrashStatusUpdate": "Scheduled Other Day", "TStatus": "Scheduled Other Day", "ServiceArea": "Inner City"}}, {"type": "Feature", "geometry": {"type": "Polygon", "coordinates": [[[-76.9836502182224, 38.8935115997078], [-76.9836493208054, 38.893406021223], [-76.9836467417422, 38.8930882954932], [-76.9836474541063, 38.8928649385514], [-76.9836481080798, 38.8926594973965], [-76.9836483560148, 38.8925856282939], [-76.9836481332326, 38.8925509461256], [-76.9836479203319, 38.8924929007903], [-76.983647698448, 38.8924345582553], [-76.9836472627651, 38.8923275385511], [-76.9836463931959, 38.8920964734937], [-76.9836462800082, 38.8920889964033], [-76.9836465270449, 38.8920169299089], [-76.9836465620792, 38.8919364451293], [-76.9836467902513, 38.8914153432685], [-76.9836469654227, 38.8910154664166], [-76.983647000457, 38.8909362824069], [-76.983738181255, 38.8909360278992], [-76.9837787554614, 38.8909361236892], [-76.9838648598798, 38.8909363152691], [-76.9853889236245, 38.8909391288376], [-76.9854507070548, 38.890939226026], [-76.9855123755007, 38.8909393239135], [-76.9874579709976, 38.8909444133676], [-76.988292698136, 38.8906048566888], [-76.98830303505, 38.8903822589624], [-76.9889088463012, 38.8903840545141], [-76.9890361824927, 38.8903844320834], [-76.9895447376396, 38.8903843887329], [-76.989759248143, 38.8903844076113], [-76.9898565329933, 38.8903844167009], [-76.9898874242593, 38.8903843286015], [-76.9901455057488, 38.8903833602061], [-76.9902424456461, 38.8903830071089], [-76.9903511417955, 38.8903826568086], [-76.9909555992855, 38.8903804529226], [-76.9914069829529, 38.8903767024007], [-76.9914391417417, 38.8903764346062], [-76.9915331998435, 38.8903741901663], [-76.9915351950018, 38.892017046673], [-76.9915352390192, 38.8935874765652], [-76.9915350261185, 38.8936663905363], [-76.9915319835247, 38.8947912644659], [-76.9915297215668, 38.8973392813408], [-76.988307941648, 38.8973407145653], [-76.9883115995879, 38.8961231442694], [-76.9855107459568, 38.8961223787047], [-76.9855084067438, 38.8953841732894], [-76.9855084004556, 38.8953820919104], [-76.9855079899255, 38.8952525044497], [-76.98550652118, 38.894788960737], [-76.985510800754, 38.8935828305748], [-76.984573528231, 38.8935816300983], [-76.9839938247169, 38.8935779168016], [-76.9839872517439, 38.8935773749441], [-76.9837697444608, 38.8935594502963], [-76.9836503305118, 38.8935262830089], [-76.9836502182224, 38.8935115997078]], [[-76.9862475621191, 38.893807217232], [-76.9862176724747, 38.8938333892084], [-76.9861840458386, 38.8938392048912], [-76.986142949711, 38.8938406584622], [-76.9860084467602, 38.8938217571424], [-76.985588125937, 38.8938159407591], [-76.9855881250387, 38.893938073522], [-76.9859486674713, 38.8939235343345], [-76.9859617433485, 38.8940602060749], [-76.9859113056403, 38.8942085081586], [-76.9858324910505, 38.8943538342936], [-76.9857995884566, 38.8944509074583], [-76.9857766320095, 38.8944646047465], [-76.9855906960171, 38.8944628176878], [-76.9855891670845, 38.8945884752074], [-76.9858454986558, 38.8945849024946], [-76.9858852868364, 38.8945706095443], [-76.9859083510813, 38.8945369882741], [-76.9860607529642, 38.8942782980486], [-76.9862344844452, 38.8939991401743], [-76.9863951409473, 38.8938537440958], [-76.9865053579444, 38.8937228883496], [-76.9865296429998, 38.8936312886944], [-76.9863671206969, 38.8936283808446], [-76.9863521745272, 38.8937141641119], [-76.9862475621191, 38.893807217232]], [[-76.9882053208049, 38.8938493819852], [-76.9873778403759, 38.8938765285863], [-76.9873273191243, 38.8938726461063], [-76.9871479812576, 38.8941009157139], [-76.9871405099694, 38.8941692514463], [-76.9872563306573, 38.8941692514463], [-76.9872600667506, 38.8941067320739], [-76.9874151186636, 38.8939526127065], [-76.9878204942153, 38.893939527091], [-76.9878317024951, 38.8941401724639], [-76.9879493916788, 38.8941416260288], [-76.9879475240813, 38.8939395277902], [-76.9882165290847, 38.89394098066], [-76.9882053208049, 38.8938493819852]], [[-76.9909972900979, 38.8951797378151], [-76.9909334405424, 38.8960848869963], [-76.9911797217624, 38.8960777878649], [-76.9911842825091, 38.8954956538721], [-76.9911979647492, 38.8950803479439], [-76.9911842825091, 38.8950271043866], [-76.9907327667894, 38.8950093548939], [-76.9907327667894, 38.8951655393705], [-76.9909972900979, 38.8951797378151]], [[-76.9882902026161, 38.8929397463585], [-76.9882756076877, 38.8928238821107], [-76.9881413382988, 38.8928375132907], [-76.9877268556267, 38.8933077825061], [-76.9877268565251, 38.8933759372166], [-76.9881705272573, 38.8933713932916], [-76.9882434992045, 38.8933713932916], [-76.9882434992045, 38.8932532588304], [-76.9879399351138, 38.8932509872136], [-76.9881938789632, 38.8929533775163], [-76.9882902026161, 38.8929397463585]], [[-76.9914975681678, 38.8910196168449], [-76.9914975385234, 38.8907127327106], [-76.9901786248367, 38.8907248477332], [-76.9902071580251, 38.8910034640142], [-76.9904726146831, 38.8910154419448], [-76.9907314256047, 38.8910205153119], [-76.990928268043, 38.8910216347249], [-76.9910968728387, 38.8910216347249], [-76.9914975681678, 38.8910196168449]]]}, "properties": {"TrashRouteArea": "IC609", "CollectionDays": "Monday/Thursday", "RunsPerWeek": 2, "TrashStatusUpdate": "Scheduled Other Day", "TStatus": "Scheduled Other Day", "ServiceArea": "Inner City"}}, {"type": "Feature", "geometry": {"type": "Polygon", "coordinates": [[[-76.9855157136403, 38.8876009095241], [-76.9855186107071, 38.8859615995449], [-76.9855218832697, 38.8841097960316], [-76.9836604410503, 38.884108835942], [-76.983655083498, 38.8828428866442], [-76.9855107908726, 38.8828475452249], [-76.9873564236412, 38.882848286458], [-76.987359206622, 38.8828482899544], [-76.9875884584791, 38.8828483815596], [-76.9875949721632, 38.8828483815596], [-76.9883110075981, 38.8828486696615], [-76.9897338419901, 38.8828459417837], [-76.9902501280384, 38.8828420419181], [-76.9906829758682, 38.8828387714013], [-76.9908105752661, 38.8828334764784], [-76.9908187517318, 38.8828327674118], [-76.990863283017, 38.8828304472116], [-76.9909539930978, 38.8828262844172], [-76.9909826592368, 38.882826286515], [-76.991011434072, 38.8828249369108], [-76.9910518187339, 38.8828207307608], [-76.9911033990992, 38.8828179539325], [-76.9911478657058, 38.8828165672665], [-76.9912101180567, 38.8828137925359], [-76.9913026068017, 38.8828110178051], [-76.9913938828211, 38.8828057291736], [-76.9915325153273, 38.8828004887918], [-76.9917257905556, 38.8828788231592], [-76.9919194457713, 38.8829531484938], [-76.992519642552, 38.8831966658814], [-76.9925690256381, 38.883215968614], [-76.992646723622, 38.8832434479372], [-76.9927456685589, 38.8832798184976], [-76.9930837558043, 38.8834193938118], [-76.9932870867739, 38.883502299325], [-76.9936091920921, 38.8836313488083], [-76.9937635442175, 38.8836979002909], [-76.9939111661648, 38.883757248556], [-76.9941124822132, 38.8838422304973], [-76.9942896425636, 38.8839114753554], [-76.9943862752371, 38.8839523921995], [-76.9945271984472, 38.8840058992903], [-76.9947687796816, 38.8841066171768], [-76.9948654123551, 38.8841475339085], [-76.9949604047048, 38.8841882415369], [-76.9949683538968, 38.8841916483479], [-76.9951814836895, 38.8842757906546], [-76.9953103290507, 38.8843261501237], [-76.9954532653854, 38.8843843762486], [-76.9955358070853, 38.8844189980723], [-76.9958196693252, 38.8845370241563], [-76.9958794998181, 38.8845622583449], [-76.996176896076, 38.8846827847395], [-76.9961854669022, 38.8860489709669], [-76.9915307169001, 38.8860414303078], [-76.9915307034254, 38.8861132266632], [-76.9915306046107, 38.886624808819], [-76.9915305201691, 38.8870630718324], [-76.9915304168628, 38.8876013213705], [-76.9883174907395, 38.8876009542748], [-76.9855157136403, 38.8876009095241]]]}, "properties": {"TrashRouteArea": "IC604", "CollectionDays": "Monday/Thursday", "RunsPerWeek": 2, "TrashStatusUpdate": "Scheduled Other Day", "TStatus": "Scheduled Other Day", "ServiceArea": "Inner City"}}, {"type": "Feature", "geometry": {"type": "Polygon", "coordinates": [[[-76.983655083498, 38.8828428866442], [-76.9836551122441, 38.8828365141363], [-76.983655448214, 38.8827595586973], [-76.9836558084384, 38.8826971306778], [-76.9836560204408, 38.8825503450728], [-76.9836560985942, 38.8824965564745], [-76.9836565971592, 38.882147851948], [-76.9836566241087, 38.8821300530843], [-76.9836566016508, 38.8821099542716], [-76.9836565306839, 38.8820580757847], [-76.9836562270533, 38.8818734036441], [-76.983656095001, 38.8817655589535], [-76.983656095001, 38.8817653911246], [-76.9836558829986, 38.8816675740631], [-76.983655627877, 38.8816255936838], [-76.9836549487507, 38.8815139465792], [-76.9836544474907, 38.8814314716067], [-76.983653955214, 38.8813504664487], [-76.983658365942, 38.8810868813934], [-76.9832775404487, 38.8812376273175], [-76.9832500942218, 38.8812484915235], [-76.9831644686055, 38.8812823834158], [-76.982925066684, 38.881382071611], [-76.9828335948319, 38.881420203938], [-76.9823519756687, 38.8816209790783], [-76.9823351466302, 38.8816278230158], [-76.9822212663033, 38.8816741991189], [-76.9821185655101, 38.8817159822703], [-76.9818701714526, 38.8818171082899], [-76.9818409995621, 38.8818289563035], [-76.981801386553, 38.8818450454874], [-76.9814416166716, 38.8819911731237], [-76.9814285354044, 38.8819964932836], [-76.9809826296637, 38.8821778428101], [-76.9808916851226, 38.8822143118156], [-76.9807620115147, 38.8822664496221], [-76.9807598528631, 38.8821527630155], [-76.980754849247, 38.8819008876823], [-76.9807548959594, 38.8817273240166], [-76.980754963333, 38.8814766828207], [-76.9807554574064, 38.881355609736], [-76.9807557107313, 38.8812717422892], [-76.9807559631579, 38.8811897656314], [-76.9807564536381, 38.8810804940428], [-76.9807567267259, 38.8809278303173], [-76.9807572675117, 38.8806252997753], [-76.980756758167, 38.8803775693782], [-76.9807566656405, 38.8802934308466], [-76.980756456333, 38.8802155083152], [-76.9807564599263, 38.8802024460433], [-76.9807571507307, 38.8799497169381], [-76.9807576106682, 38.8797815744274], [-76.9807590039552, 38.8795769947454], [-76.9807602508168, 38.8793939434522], [-76.9807604870737, 38.8793709717962], [-76.9807559101574, 38.8792491776295], [-76.9807954405214, 38.8792487342657], [-76.9808349708855, 38.8792469384325], [-76.9808742712809, 38.8792437922278], [-76.9809134575902, 38.8792392047408], [-76.9809169152057, 38.8792387543838], [-76.9809390434061, 38.8792356053814], [-76.9809972461517, 38.8792266066327], [-76.9810544131397, 38.8792147246182], [-76.9811105425736, 38.8791998698245], [-76.9811652903986, 38.8791822219732], [-76.9811697855683, 38.8791808716005], [-76.9812223136562, 38.879170191697], [-76.9812760284186, 38.8791597474603], [-76.9813265317039, 38.8791488269899], [-76.9813766208658, 38.8791325204084], [-76.9814065221884, 38.8791163194195], [-76.9814328041986, 38.8790964148628], [-76.9814547069219, 38.8790735368188], [-76.9814672725561, 38.8790583148558], [-76.9814763814731, 38.8790417411156], [-76.9814833011957, 38.8790264275357], [-76.9815047484731, 38.8789802182393], [-76.9815275800544, 38.8789345494834], [-76.9815520241116, 38.8788893310573], [-76.9815779665587, 38.8788446531738], [-76.9816204398036, 38.8787423501693], [-76.981671020344, 38.8786553117285], [-76.9817007599698, 38.8786300915262], [-76.9817299246738, 38.8786046936882], [-76.9817688864043, 38.8785702879181], [-76.981807273213, 38.8785355212827], [-76.9818450833034, 38.8785003944808], [-76.9818556897119, 38.8784840905479], [-76.9818683712288, 38.8784686887335], [-76.9818827802059, 38.8784543673649], [-76.9818988034557, 38.8784411271419], [-76.9819114328702, 38.8784336017598], [-76.9819284263005, 38.8784234756055], [-76.9819619666982, 38.8784107787487], [-76.9819979253607, 38.8784033072111], [-76.9819884652025, 38.8783269931434], [-76.9819863137374, 38.8782905375278], [-76.981986682945, 38.8782539406305], [-76.9819892134991, 38.8782174856768], [-76.9819975022542, 38.8781939807569], [-76.9820101137025, 38.8781716031373], [-76.982027045149, 38.8781510542397], [-76.9820475788398, 38.8781327585548], [-76.9821750946943, 38.8780328427167], [-76.9822010281583, 38.8780221486542], [-76.9822280404989, 38.8780132854207], [-76.9822557741866, 38.878006111054], [-76.9822845867511, 38.878000766119], [-76.9826645498617, 38.8779563443289], [-76.9826933615278, 38.8779556450041], [-76.9827221731939, 38.8779555086358], [-76.98275098486, 38.877955653396], [-76.9827797965261, 38.8779563611126], [-76.9836555928427, 38.8779588807795], [-76.9836555209775, 38.8779109721281], [-76.9836541806911, 38.8777261199723], [-76.9836545328307, 38.8776966622166], [-76.9836588034215, 38.8776709892092], [-76.9836695266111, 38.8776464875666], [-76.9836863574463, 38.877624148937], [-76.9836999121256, 38.8776122274922], [-76.9837083742556, 38.877604784543], [-76.9837349994223, 38.8775893832373], [-76.9837649654235, 38.8775783072748], [-76.9837904362551, 38.8775722755669], [-76.983816022071, 38.8775668739536], [-76.9838418378556, 38.8775621031342], [-76.9838678845073, 38.8775579624096], [-76.9838760672612, 38.8775567029188], [-76.9838949687131, 38.8775542727517], [-76.9839138692667, 38.8775521139242], [-76.9839327698203, 38.8775503145514], [-76.9839517853582, 38.8775487858189], [-76.9839824421639, 38.877545186374], [-76.984012983087, 38.8775417673557], [-76.9840436389943, 38.8775387091909], [-76.9840744098861, 38.8775359202675], [-76.9841051807778, 38.8775334019844], [-76.9841359507712, 38.8775311543414], [-76.984166838444, 38.8775291766392], [-76.9841976093357, 38.8775275590915], [-76.9842284952118, 38.8775261219706], [-76.9842593819862, 38.8775250457034], [-76.984454493371, 38.8775231798937], [-76.9848337656772, 38.8775251212309], [-76.9852370113234, 38.8775222903473], [-76.985409533672, 38.8775221315996], [-76.9855146374586, 38.8775220546734], [-76.9858113393188, 38.8774967067911], [-76.9869222615762, 38.8775248890536], [-76.9879289145819, 38.8775458409457], [-76.988010778952, 38.8774238974908], [-76.9890100424162, 38.8774963116701], [-76.9895299531667, 38.8775502551085], [-76.9902016010468, 38.8776509150104], [-76.9904992155953, 38.8777075290619], [-76.9914949109512, 38.8779616508045], [-76.9915401384308, 38.8779706147471], [-76.9915223526865, 38.8764543174761], [-76.9937418606831, 38.8764824120353], [-76.9949708000093, 38.8764829337423], [-76.9949722732463, 38.8774653327774], [-76.9949723361284, 38.8775075792616], [-76.9949723846374, 38.8775399609894], [-76.9949604047048, 38.8841882415369], [-76.9948654123551, 38.8841475339085], [-76.9947687796816, 38.8841066171768], [-76.9945271984472, 38.8840058992903], [-76.9943862752371, 38.8839523921995], [-76.9942896425636, 38.8839114753554], [-76.9941124822132, 38.8838422304973], [-76.9939111661648, 38.883757248556], [-76.9937635442175, 38.8836979002909], [-76.9936091920921, 38.8836313488083], [-76.9932870867739, 38.883502299325], [-76.9930837558043, 38.8834193938118], [-76.9927456685589, 38.8832798184976], [-76.992646723622, 38.8832434479372], [-76.9925690256381, 38.883215968614], [-76.992519642552, 38.8831966658814], [-76.9919194457713, 38.8829531484938], [-76.9917257905556, 38.8828788231592], [-76.9915325153273, 38.8828004887918], [-76.9913938828211, 38.8828057291736], [-76.9913026068017, 38.8828110178051], [-76.9912101180567, 38.8828137925359], [-76.9911478657058, 38.8828165672665], [-76.9911033990992, 38.8828179539325], [-76.9910518187339, 38.8828207307608], [-76.991011434072, 38.8828249369108], [-76.9909826592368, 38.882826286515], [-76.9909539930978, 38.8828262844172], [-76.990863283017, 38.8828304472116], [-76.9908187517318, 38.8828327674118], [-76.9908105752661, 38.8828334764784], [-76.9906829758682, 38.8828387714013], [-76.9902501280384, 38.8828420419181], [-76.9897338419901, 38.8828459417837], [-76.9883110075981, 38.8828486696615], [-76.9875949721632, 38.8828483815596], [-76.9875884584791, 38.8828483815596], [-76.987359206622, 38.8828482899544], [-76.9873564236412, 38.882848286458], [-76.9855107908726, 38.8828475452249], [-76.983655083498, 38.8828428866442]], [[-76.9833625668886, 38.8808200464288], [-76.9833123977766, 38.8805750719485], [-76.9832713510564, 38.8804046553936], [-76.9832257444877, 38.8802129348821], [-76.9831345286554, 38.8799821604905], [-76.9830537117209, 38.8799095908013], [-76.9827384713281, 38.8797096325116], [-76.9823940419768, 38.8794869509948], [-76.9821196668447, 38.8793119870059], [-76.9819168038973, 38.8792010712433], [-76.9817526161179, 38.8793359880668], [-76.9818886111704, 38.8794701053231], [-76.9820034589829, 38.879406995383], [-76.9822360579628, 38.8795809654204], [-76.9825370690414, 38.8798010899778], [-76.9828198353367, 38.8800212145526], [-76.9829551647376, 38.8801458787349], [-76.9830512593202, 38.8804979189557], [-76.9831266845664, 38.8807457734081], [-76.9833105741966, 38.8810707011296], [-76.9834446603292, 38.881004663965], [-76.9833625668886, 38.8808200464288]], [[-76.9847583440243, 38.8796232861721], [-76.9850414759338, 38.8796323757807], [-76.9850473140849, 38.8794801341242], [-76.9848926134132, 38.879466500381], [-76.9850122878736, 38.8792733577355], [-76.9850181251263, 38.879139293955], [-76.9847816948318, 38.8791347491193], [-76.9848167219413, 38.8791665615644], [-76.9847320736921, 38.8793869713256], [-76.984621156009, 38.8795687519927], [-76.9847583440243, 38.8796232861721]], [[-76.9858967107119, 38.8795551189658], [-76.9858266573911, 38.8796550976991], [-76.9858237387647, 38.8797800723166], [-76.9858791989537, 38.8798300615425], [-76.986019304697, 38.8797596224864], [-76.9859784403347, 38.8796891826611], [-76.9862323841841, 38.8794233270766], [-76.9862681110813, 38.8792676324701], [-76.9862644908707, 38.879087031474], [-76.9860572504329, 38.879087031474], [-76.9860601690593, 38.8793801551447], [-76.9858967107119, 38.8795551189658]], [[-76.9840811607254, 38.8790870321733], [-76.9842187448977, 38.8790867118877], [-76.984217982228, 38.8788908611596], [-76.9842424676077, 38.8788378467312], [-76.9849288254006, 38.878834272527], [-76.9849357109872, 38.8790868342676], [-76.9850589903869, 38.8790847594042], [-76.9850589894886, 38.8787121047043], [-76.9842241868917, 38.878716649567], [-76.9842212682653, 38.8784462468629], [-76.9840373786351, 38.8784462468629], [-76.9840811607254, 38.8790870321733]], [[-76.9839001097715, 38.8801929124504], [-76.9838359799417, 38.8803306294912], [-76.983702628631, 38.8803256595565], [-76.9837168813013, 38.8805863887021], [-76.9841373269903, 38.880553104868], [-76.9843226090092, 38.8804477036262], [-76.9844865111243, 38.8803256595565], [-76.984251346556, 38.8801370458363], [-76.9839235414274, 38.8801425927093], [-76.9839001097715, 38.8801929124504]]]}, "properties": {"TrashRouteArea": "IC606", "CollectionDays": "Monday/Thursday", "RunsPerWeek": 2, "TrashStatusUpdate": "Scheduled Other Day", "TStatus": "Scheduled Other Day", "ServiceArea": "Inner City"}}, {"type": "Feature", "geometry": {"type": "Polygon", "coordinates": [[[-77.0035197889888, 38.8860464585793], [-77.003514888679, 38.8821347725493], [-77.0035148509497, 38.882104550206], [-77.0035148428649, 38.8821036537241], [-77.0035148419665, 38.8821035656144], [-77.0035139202951, 38.8819697127634], [-77.0039845297061, 38.8819680792332], [-77.005893544008, 38.8819614535055], [-77.0058938117059, 38.8832727642382], [-77.0090613513478, 38.8832439933699], [-77.0090638468677, 38.8834621465244], [-77.0090639016649, 38.8838956069082], [-77.0090604808803, 38.884152700069], [-77.0090586420289, 38.8844714300482], [-77.0090569253484, 38.8851038594768], [-77.0072523330118, 38.885106507553], [-77.0058865802679, 38.8851050111487], [-77.0058865254706, 38.8852095530921], [-77.0058946156981, 38.8856812377426], [-77.0058943803395, 38.885996926838], [-77.0058943435086, 38.8860469921033], [-77.0057169558844, 38.8860469522464], [-77.0054103177588, 38.8860468837203], [-77.0047062155441, 38.886046725691], [-77.0045695611282, 38.8860466949242], [-77.0044220757248, 38.8860466613604], [-77.0042170954483, 38.8860466152102], [-77.0039646185478, 38.8860465585714], [-77.0037450397497, 38.886046508925], [-77.0036464038332, 38.8860464872484], [-77.0035197889888, 38.8860464585793]], [[-77.0055525228649, 38.8826453267431], [-77.0055466847138, 38.8825385342414], [-77.0038858362974, 38.8825498954361], [-77.0038741608937, 38.8829497947683], [-77.0055408474611, 38.8829497954676], [-77.0055525228649, 38.8826453267431]]]}, "properties": {"TrashRouteArea": "IC610", "CollectionDays": "Monday/Thursday", "RunsPerWeek": 2, "TrashStatusUpdate": "Scheduled Other Day", "TStatus": "Scheduled Other Day", "ServiceArea": "Inner City"}}, {"type": "Feature", "geometry": {"type": "Polygon", "coordinates": [[[-76.9984443588375, 38.9002122539031], [-76.9984464069964, 38.8961239888376], [-76.9961710956542, 38.896125107471], [-76.9961701299653, 38.8947954727038], [-76.9961704982746, 38.8922242131755], [-76.9984524328953, 38.8930893848091], [-76.9995139882362, 38.8930923535093], [-76.999513996321, 38.893093132391], [-77.0005749650621, 38.8930967806898], [-77.0005806010922, 38.8935913849301], [-77.0035122242758, 38.8935893559364], [-77.0034972313937, 38.8947952363881], [-77.0035131693035, 38.8947952119175], [-77.003512942928, 38.8948804309532], [-77.0035126078564, 38.8950916770692], [-77.0035122296657, 38.8952081556705], [-77.0035123832776, 38.8952146417301], [-77.0035123033276, 38.8953453527997], [-77.0035120464094, 38.8953985926227], [-77.0035123931591, 38.8954131986268], [-77.0035183669557, 38.8955392299092], [-77.0035194179846, 38.8955835826766], [-77.0035183696507, 38.8955996967115], [-77.0035127695532, 38.8956426846991], [-77.0035119431031, 38.8956490252958], [-77.0035123805827, 38.8959086522808], [-77.003512332972, 38.8959150431923], [-77.0035110600592, 38.8960323118773], [-77.0035108444635, 38.8960640048928], [-77.0035124281934, 38.8961261079487], [-77.0035114086055, 38.8962068459652], [-77.0035122548185, 38.896260349419], [-77.0035123482433, 38.8962686314847], [-77.0035117993727, 38.8968093029996], [-77.0035107824798, 38.8971878333933], [-77.0035107483438, 38.8972417031538], [-77.0035106872584, 38.8972938669857], [-77.0035107869713, 38.8973314195795], [-77.003511532573, 38.8973448527387], [-77.0035108112259, 38.8974455622], [-77.0035103180508, 38.897636326638], [-77.0035114975388, 38.8977098597988], [-77.0035128189605, 38.8977708707732], [-77.0035127542818, 38.897803461394], [-77.0035129384365, 38.8978544439846], [-77.0035086139467, 38.8985652132571], [-77.0035081297548, 38.8985934361011], [-77.0035074766795, 38.8988389769573], [-77.0035073706783, 38.8988845490242], [-77.0035072628805, 38.8989205032915], [-77.0035683842524, 38.9002145057222], [-76.9995091058926, 38.900211902952], [-76.9984443588375, 38.9002122539031]], [[-76.9991168349643, 38.8998132522285], [-76.9991168349643, 38.8992389859385], [-76.9987675026081, 38.8992389859385], [-76.9987899191677, 38.8998830359116], [-76.9991149682651, 38.8998815824643], [-76.9991168349643, 38.8998132522285]], [[-76.9990835308234, 38.8985198584123], [-76.9990926532151, 38.8977851155386], [-76.9994347101158, 38.8977886650191], [-76.9994438316091, 38.8975685961941], [-76.9985407992715, 38.8975898931393], [-76.9985407166265, 38.8977471520963], [-76.9988384147183, 38.8977480826382], [-76.9988384901769, 38.8979305147546], [-76.9988403586726, 38.8984669907653], [-76.9988463710968, 38.898590847254], [-76.998964950511, 38.8986973310824], [-76.9993617372703, 38.8987292759901], [-76.999366298017, 38.898558902284], [-76.9991473812772, 38.8985411543732], [-76.9990835308234, 38.8985198584123]]]}, "properties": {"TrashRouteArea": "IC607", "CollectionDays": "Monday/Thursday", "RunsPerWeek": 2, "TrashStatusUpdate": "Scheduled Other Day", "TStatus": "Scheduled Other Day", "ServiceArea": "Inner City"}}, {"type": "Feature", "geometry": {"type": "Polygon", "coordinates": [[[-76.9931358706672, 38.9040094697092], [-76.9926389487032, 38.9037967282452], [-76.9926411558638, 38.9037960725172], [-76.9928610095465, 38.9037307905027], [-76.996167459274, 38.9037367214207], [-76.9961686118125, 38.9018464049842], [-76.9961687151187, 38.9018163203587], [-76.9961689513757, 38.9017139854181], [-76.9961690717499, 38.9016116503299], [-76.9961691930225, 38.9015092256105], [-76.9961693133967, 38.901406665119], [-76.9961693178883, 38.9013355441672], [-76.9961694373642, 38.9012505055542], [-76.9961696888925, 38.9008608035397], [-76.9961697490796, 38.900742991238], [-76.9961698398095, 38.9005652622165], [-76.996169946709, 38.9003538135627], [-76.9961699476073, 38.9003403005758], [-76.9961696089425, 38.9002126523933], [-76.9984443588375, 38.9002122539031], [-76.9995091058926, 38.900211902952], [-77.0035683842524, 38.9002145057222], [-77.0035683420316, 38.9004196712481], [-77.0035687184257, 38.9004893194084], [-77.0035699176766, 38.9006907348621], [-77.0035699095918, 38.9008608133271], [-77.0035698485063, 38.9012651970425], [-77.0035702114257, 38.9013308679235], [-77.0035692628048, 38.9013460676369], [-77.0035700515256, 38.9014132897321], [-77.003570545599, 38.9014655826282], [-77.003571708019, 38.9016347769836], [-77.0035731803577, 38.9016888391161], [-77.003571092673, 38.9018076838024], [-77.0035717367651, 38.9018586677126], [-77.003571061232, 38.9019109169373], [-77.0035710791983, 38.9023552648412], [-77.003569947321, 38.9024268951027], [-77.0035697982007, 38.9024400029232], [-77.0035711932843, 38.902522673716], [-77.0035714295412, 38.9026300080236], [-77.0035745718481, 38.9032224424406], [-77.0035764367506, 38.9036382229583], [-77.003575289602, 38.9037380811136], [-77.00357489075, 38.9037743412133], [-77.0027193361718, 38.9037861492131], [-77.0027176832716, 38.904089861812], [-77.0027158004028, 38.9044357609399], [-77.0021180910571, 38.9044282592833], [-77.0021402345289, 38.9052906845495], [-77.0021495213123, 38.9056523903863], [-77.0020420136341, 38.9056527531943], [-77.0019339858312, 38.9056551872935], [-77.0017562047449, 38.905654670694], [-77.0016626218519, 38.9056543994619], [-77.0014569732288, 38.9056537989762], [-77.0013798887943, 38.9056518136683], [-77.0013002306865, 38.9056533040473], [-77.0012206803765, 38.90565312509], [-77.0009394564886, 38.9056522820332], [-77.0006807722295, 38.9056515074835], [-77.0005836661439, 38.90565125932], [-77.0005755112378, 38.9056512376494], [-77.0005770599333, 38.9057349469886], [-77.000575383677, 38.905840956633], [-77.0005745572269, 38.9058931148467], [-77.0005742176638, 38.9060353237809], [-77.0005741511884, 38.9061431854521], [-77.0005727147823, 38.9064905411698], [-77.0005724587624, 38.9065515564833], [-77.0005725530855, 38.9065681783308], [-77.0005725809333, 38.9066248783884], [-77.0005724677456, 38.9066388235855], [-77.0005724614574, 38.9068209029123], [-77.0005704267733, 38.9069252185605], [-77.0005712487318, 38.9070228414605], [-77.0005535474291, 38.907088436413], [-77.0004861710878, 38.90715716439], [-77.0004466865378, 38.907141075347], [-77.0003536480238, 38.9071021515357], [-77.0003336685936, 38.9070939203653], [-77.0003166580954, 38.9070869118113], [-77.0002095941849, 38.9070472588734], [-77.0000863659892, 38.9069947939306], [-76.9999206106496, 38.906920774067], [-76.9999124305906, 38.906917383026], [-76.9995904429517, 38.9067808891206], [-76.999488185028, 38.9067373493418], [-76.9994494568594, 38.906720846371], [-76.9994329682824, 38.906713682593], [-76.9994074157042, 38.9067025566458], [-76.9993812190339, 38.9066914663481], [-76.9993034410999, 38.9066585044211], [-76.9985584188275, 38.9063343515429], [-76.9985309636174, 38.9063221685796], [-76.9985134850969, 38.9063144280488], [-76.9984729360433, 38.9062964199343], [-76.9984343516053, 38.9062791863581], [-76.9983958039981, 38.9062624504985], [-76.9983387349264, 38.9062377615857], [-76.9983316005064, 38.9062346738981], [-76.9983265564661, 38.906232500563], [-76.9982100458721, 38.9061824180688], [-76.998197340999, 38.9061769312499], [-76.9981244238491, 38.906144545798], [-76.9980229097304, 38.9061018235146], [-76.9980148662153, 38.9060983128972], [-76.9978385430947, 38.9060210401258], [-76.9978130956194, 38.9060100371026], [-76.9977524764057, 38.9059836291411], [-76.9977073216896, 38.9059639662937], [-76.9973775537421, 38.9058226848565], [-76.9973656357932, 38.9058175706037], [-76.9971006354793, 38.9057038119382], [-76.9970068360923, 38.9056641435476], [-76.9966829539065, 38.9055251579039], [-76.9966758060118, 38.9055220785739], [-76.9965613633395, 38.9054719620239], [-76.9964846481126, 38.9054411120723], [-76.9963942335776, 38.9054015868411], [-76.9962232626194, 38.9053307033754], [-76.9961657605598, 38.9053066069376], [-76.9931358706672, 38.9040094697092]]]}, "properties": {"TrashRouteArea": "IC605", "CollectionDays": "Monday/Thursday", "RunsPerWeek": 2, "TrashStatusUpdate": "Scheduled Other Day", "TStatus": "Scheduled Other Day", "ServiceArea": "Inner City"}}, {"type": "Feature", "geometry": {"type": "Polygon", "coordinates": [[[-76.9834446998551, 38.9001385401677], [-76.9834344078568, 38.9001422335464], [-76.9834226507064, 38.9001407612285], [-76.9833815393074, 38.900152527187], [-76.9832899201316, 38.9001138519217], [-76.9832668999041, 38.9001069475446], [-76.9831885218956, 38.9000955486096], [-76.98316615654, 38.9000887588843], [-76.9831405033504, 38.9000868880743], [-76.9830523292137, 38.900073874199], [-76.9829080040835, 38.9000505247209], [-76.9826696406144, 38.9000131679168], [-76.9825847480235, 38.8999998303411], [-76.9825205642947, 38.8999896911811], [-76.9824561092748, 38.8999817716874], [-76.98222657355, 38.8999464080048], [-76.9820732616737, 38.8999216085338], [-76.981924501561, 38.8998951745378], [-76.9817619118844, 38.8998662503058], [-76.9815681183282, 38.8998310921038], [-76.9814833173654, 38.8998158396329], [-76.981469768076, 38.899812942523], [-76.981388223506, 38.8997923907964], [-76.9811939493511, 38.8997562132553], [-76.9809150287436, 38.8997113904952], [-76.9808363408163, 38.8996977137941], [-76.9807772900611, 38.8996874466538], [-76.9807131494515, 38.8996762944375], [-76.9805680984826, 38.8996534167287], [-76.980225705612, 38.8995950982527], [-76.9800842631756, 38.8995708180991], [-76.9799347772241, 38.8995442826014], [-76.9798085235025, 38.899521778176], [-76.9795549290978, 38.8994765253136], [-76.9794353615369, 38.8994531924178], [-76.9793924723719, 38.8994392430127], [-76.9793822127131, 38.8994403224435], [-76.9793603656854, 38.8994325413129], [-76.9793304760409, 38.8994255243123], [-76.9793209889332, 38.8994238247677], [-76.9792979076203, 38.8994184010458], [-76.9791215153294, 38.8993800253005], [-76.9786301692083, 38.8992974312467], [-76.978084006092, 38.8991989566878], [-76.9776292115216, 38.8991163652199], [-76.9775256699053, 38.8990934824369], [-76.977431416869, 38.8990814443464], [-76.9773718540741, 38.8990681345604], [-76.9769080089772, 38.8989877465593], [-76.976699647442, 38.8989516343254], [-76.9765720130098, 38.8989283355139], [-76.9764586114849, 38.8989108799268], [-76.9761250921728, 38.8988531991367], [-76.976121577065, 38.8988525881067], [-76.9756957325012, 38.8987785905155], [-76.9754750290124, 38.8987393754802], [-76.9762225234485, 38.8961212195207], [-76.9762217796434, 38.8957320444811], [-76.9762201581843, 38.8948833953836], [-76.9762199713348, 38.8947853677587], [-76.9763071285786, 38.8947854285855], [-76.9804970794728, 38.8947883300956], [-76.9835971322807, 38.8947904814078], [-76.9836499253716, 38.8947905177641], [-76.9836502092392, 38.8935509742443], [-76.9836502182224, 38.8935115997078], [-76.9836503305118, 38.8935262830089], [-76.9837697444608, 38.8935594502963], [-76.9839872517439, 38.8935773749441], [-76.9839938247169, 38.8935779168016], [-76.984573528231, 38.8935816300983], [-76.985510800754, 38.8935828305748], [-76.98550652118, 38.894788960737], [-76.9855079899255, 38.8952525044497], [-76.9855084004556, 38.8953820919104], [-76.9855084067438, 38.8953841732894], [-76.9855107459568, 38.8961223787047], [-76.9883115995879, 38.8961231442694], [-76.988307941648, 38.8973407145653], [-76.9883535706746, 38.8981256012862], [-76.9855145089995, 38.8992822793337], [-76.9855042709002, 38.8992864502524], [-76.9855057809682, 38.9004726227319], [-76.9855059211054, 38.9005829606843], [-76.9855132046457, 38.9006087897012], [-76.9855362554159, 38.9006905356183], [-76.9855423235357, 38.9007120546404], [-76.9855499556223, 38.9007193602424], [-76.9856664599281, 38.9008308904751], [-76.9855953043745, 38.9008134842927], [-76.9855692649093, 38.9008073846476], [-76.9854966756445, 38.900789947], [-76.9854673456505, 38.9007775456651], [-76.985438270778, 38.9007652296183], [-76.98542622437, 38.9007601450625], [-76.9852293379142, 38.9006769730593], [-76.9852265711032, 38.9006758027641], [-76.9852217291838, 38.9006737292303], [-76.9851796547908, 38.9006559776534], [-76.9850897522955, 38.9006157912045], [-76.9848597952609, 38.9005162432541], [-76.9847285864322, 38.9004595208402], [-76.9845492180227, 38.9003826935526], [-76.9844118485478, 38.9003247825545], [-76.9844036873535, 38.9003206711207], [-76.9843923883438, 38.9003149790111], [-76.9843712411037, 38.9003043239569], [-76.9843584041783, 38.9002978586362], [-76.9843270691446, 38.9002820714502], [-76.9842441717119, 38.9002263828263], [-76.9841847382743, 38.9001840177203], [-76.9841349886756, 38.9001510143212], [-76.9840753638969, 38.9001451921643], [-76.9840505757849, 38.9001435744323], [-76.984041301578, 38.9001429683072], [-76.9840212224347, 38.9001416574828], [-76.9839412840525, 38.9001325299501], [-76.9839268948383, 38.9001309828276], [-76.9838540881812, 38.9001231570298], [-76.9838204759182, 38.9001195440473], [-76.9837884042659, 38.9001157569871], [-76.9836964823578, 38.9001049033567], [-76.9835295852595, 38.9001043888142], [-76.9834446998551, 38.9001385401677]], [[-76.9818135668099, 38.8975657374447], [-76.9816379309005, 38.8975402827547], [-76.9816019902043, 38.8976698185], [-76.980911921471, 38.8975461687462], [-76.979963830537, 38.8973861253947], [-76.9799279617061, 38.897520114893], [-76.9798097290416, 38.898079723913], [-76.9815838675918, 38.8984133743177], [-76.9818135668099, 38.8975657374447]], [[-76.9882348915475, 38.8971102656764], [-76.9882408141401, 38.8969264653373], [-76.9880076761711, 38.896942282633], [-76.9879862666229, 38.8967686473486], [-76.9878340569795, 38.8967625739232], [-76.9878229969217, 38.8969261332467], [-76.985582521348, 38.896959322717], [-76.9855768197409, 38.8971047187298], [-76.9882348915475, 38.8971102656764]], [[-76.9882511914783, 38.8963822004185], [-76.9856068064034, 38.8963632242676], [-76.9856161470857, 38.8965144306722], [-76.9864606478944, 38.8965214878115], [-76.988249660749, 38.8965364389608], [-76.9882511914783, 38.8963822004185]]]}, "properties": {"TrashRouteArea": "IC602", "CollectionDays": "Monday/Thursday", "RunsPerWeek": 2, "TrashStatusUpdate": "Scheduled Other Day", "TStatus": "Scheduled Other Day", "ServiceArea": "Inner City"}}, {"type": "Feature", "geometry": {"type": "Polygon", "coordinates": [[[-76.9915351950018, 38.892017046673], [-76.9915331998435, 38.8903741901663], [-76.9914391417417, 38.8903764346062], [-76.9914069829529, 38.8903767024007], [-76.9909555992855, 38.8903804529226], [-76.9903511417955, 38.8903826568086], [-76.9902424456461, 38.8903830071089], [-76.9901455057488, 38.8903833602061], [-76.9898874242593, 38.8903843286015], [-76.9898565329933, 38.8903844167009], [-76.989759248143, 38.8903844076113], [-76.9895447376396, 38.8903843887329], [-76.9890361824927, 38.8903844320834], [-76.9889088463012, 38.8903840545141], [-76.98830303505, 38.8903822589624], [-76.988292698136, 38.8906048566888], [-76.9874579709976, 38.8909444133676], [-76.9855123755007, 38.8909393239135], [-76.985512760878, 38.8898111698239], [-76.9855127698611, 38.8897813339122], [-76.9855127833358, 38.8897407560454], [-76.9855127986072, 38.8896960877821], [-76.9855131363738, 38.8887070194855], [-76.9855134004785, 38.8879310605835], [-76.9855134004785, 38.8879304466626], [-76.985513407665, 38.8879116619394], [-76.9855134310212, 38.8878423153967], [-76.9855140427739, 38.8877776417275], [-76.9855157136403, 38.8876009095241], [-76.9883174907395, 38.8876009542748], [-76.9915304168628, 38.8876013213705], [-76.9915305201691, 38.8870630718324], [-76.9915306046107, 38.886624808819], [-76.9915307034254, 38.8861132266632], [-76.9915307169001, 38.8860414303078], [-76.9961854669022, 38.8860489709669], [-76.9961981897415, 38.8873932016175], [-76.9961762789334, 38.8876024667088], [-76.9961756977234, 38.8876915590127], [-76.9961741876555, 38.8879015441281], [-76.9961775132186, 38.8882174687846], [-76.9961778384088, 38.8886019456879], [-76.9961778384088, 38.8886048285716], [-76.9961778339172, 38.8886848234776], [-76.9961772536055, 38.888769050662], [-76.9961753940929, 38.8890595710665], [-76.9961764936308, 38.8893392440969], [-76.996177895901, 38.88969538228], [-76.9961776641356, 38.8897079939145], [-76.996175468653, 38.8898127612213], [-76.9961730423035, 38.8899279794194], [-76.9961728105381, 38.8899386989591], [-76.9961738382108, 38.8902748495065], [-76.9961739433137, 38.8903091230532], [-76.9961708028035, 38.8908402574305], [-76.9961708019052, 38.8908580939664], [-76.9961710282806, 38.8909431331382], [-76.9949714414064, 38.8909424563156], [-76.994963180499, 38.8920251726158], [-76.9948026111336, 38.892022012294], [-76.994643540158, 38.8920188526712], [-76.994182002833, 38.8920200916294], [-76.9938858767929, 38.8920184548343], [-76.9938705461442, 38.8920183646392], [-76.9937611555971, 38.8920186289316], [-76.9936381636583, 38.8920188023299], [-76.9935041053735, 38.8920190645247], [-76.9930861390348, 38.8920231848294], [-76.9930692102832, 38.8920233533333], [-76.9930229721989, 38.8920238119994], [-76.9927735298075, 38.8920189316793], [-76.9927505913267, 38.892018480005], [-76.9926492703458, 38.8920183835173], [-76.992441499902, 38.8920181346069], [-76.9924412932895, 38.8920181339078], [-76.9915351950018, 38.892017046673]], [[-76.9921694082873, 38.8919673946395], [-76.9921810836911, 38.8914448645566], [-76.9922832454951, 38.8914494079056], [-76.9922628124156, 38.8910268374429], [-76.9919388161438, 38.8910313808187], [-76.9919504906492, 38.8912699307136], [-76.9917870332001, 38.8912608425938], [-76.9918162221586, 38.891442592882], [-76.9919855177588, 38.8914312345077], [-76.9919942745362, 38.8919673953386], [-76.9921694082873, 38.8919673946395]], [[-76.9879064270554, 38.8883328657744], [-76.9879187735007, 38.8876789812825], [-76.9876907352675, 38.887682531268], [-76.9877044175076, 38.8880623807973], [-76.9874626970343, 38.8879949300033], [-76.9871297607287, 38.8879132813484], [-76.9868196281567, 38.8878635802972], [-76.98656878619, 38.8878138813089], [-76.9864605993854, 38.8878107956171], [-76.9863984287812, 38.8878005589227], [-76.9864020166524, 38.8876423549585], [-76.9862728937118, 38.8876451469813], [-76.9862752841288, 38.8878349916886], [-76.9862968041697, 38.887879660423], [-76.9863625617469, 38.8879057178128], [-76.9866235160487, 38.8879597141815], [-76.9870438359735, 38.8880528657397], [-76.9873619949926, 38.8881414743147], [-76.9875283710681, 38.8881846409232], [-76.987662640457, 38.8882050890278], [-76.9877308261803, 38.8882499840779], [-76.9877420353584, 38.8884608226902], [-76.9877420344601, 38.8885393424031], [-76.9876710468914, 38.8886411271646], [-76.987848515364, 38.8887414574058], [-76.9879381842973, 38.8886309486251], [-76.9879064270554, 38.8883328657744]]]}, "properties": {"TrashRouteArea": "IC611", "CollectionDays": "Monday/Thursday", "RunsPerWeek": 2, "TrashStatusUpdate": "Scheduled Other Day", "TStatus": "Scheduled Other Day", "ServiceArea": "Inner City"}}, {"type": "Feature", "geometry": {"type": "Polygon", "coordinates": [[[-76.9901813395455, 38.9027539299552], [-76.9901808068445, 38.9027537034531], [-76.9900746277746, 38.9027084785164], [-76.9898140669349, 38.9025974986142], [-76.9896991849864, 38.902548567042], [-76.9895448310644, 38.9024828231845], [-76.9891865236403, 38.9023302089482], [-76.9856664599281, 38.9008308904751], [-76.9855499556223, 38.9007193602424], [-76.9855423235357, 38.9007120546404], [-76.9855362554159, 38.9006905356183], [-76.9855132046457, 38.9006087897012], [-76.9855059211054, 38.9005829606843], [-76.9855057809682, 38.9004726227319], [-76.9855042709002, 38.8992864502524], [-76.9855145089995, 38.8992822793337], [-76.9883535706746, 38.8981256012862], [-76.988307941648, 38.8973407145653], [-76.9915297215668, 38.8973392813408], [-76.9926461855311, 38.897342149188], [-76.9926472733909, 38.9002096909818], [-76.994963063718, 38.9002108046571], [-76.9961696089425, 38.9002126523933], [-76.9961699476073, 38.9003403005758], [-76.996169946709, 38.9003538135627], [-76.9961698398095, 38.9005652622165], [-76.9961697490796, 38.900742991238], [-76.9961696888925, 38.9008608035397], [-76.9961694373642, 38.9012505055542], [-76.9961693178883, 38.9013355441672], [-76.9961693133967, 38.901406665119], [-76.9961691930225, 38.9015092256105], [-76.9961690717499, 38.9016116503299], [-76.9961689513757, 38.9017139854181], [-76.9961687151187, 38.9018163203587], [-76.9961686118125, 38.9018464049842], [-76.996167459274, 38.9037367214207], [-76.9928610095465, 38.9037307905027], [-76.9926411558638, 38.9037960725172], [-76.9926389487032, 38.9037967282452], [-76.99152416908, 38.9033258762502], [-76.9901813395455, 38.9027539299552]], [[-76.9929429143408, 38.9033984940236], [-76.9934799900997, 38.9034007653158], [-76.9934829087261, 38.9032008731468], [-76.9934829087261, 38.9029487354881], [-76.992919562635, 38.9029464641814], [-76.9929429143408, 38.9033984940236]], [[-76.9899802399911, 38.9004755834333], [-76.9884751863944, 38.9004684847408], [-76.9884888695328, 38.9011180149671], [-76.9899802390928, 38.9011215642809], [-76.9899802399911, 38.9004755834333]]]}, "properties": {"TrashRouteArea": "IC603", "CollectionDays": "Monday/Thursday", "RunsPerWeek": 2, "TrashStatusUpdate": "Scheduled Other Day", "TStatus": "Scheduled Other Day", "ServiceArea": "Inner City"}}, {"type": "Feature", "geometry": {"type": "Polygon", "coordinates": [[[-76.9990535980598, 38.8794107835474], [-77.0020406437032, 38.8802764147364], [-77.0020362742977, 38.8823094540707], [-77.0032934422833, 38.8819808894379], [-77.0035139202951, 38.8819697127634], [-77.0035148419665, 38.8821035656144], [-77.0035148428649, 38.8821036537241], [-77.0035148509497, 38.882104550206], [-77.003514888679, 38.8821347725493], [-77.0035197889888, 38.8860464585793], [-77.0035217625875, 38.8876214633804], [-76.9961768969744, 38.884661589512], [-76.996176896076, 38.8846827847395], [-76.9958794998181, 38.8845622583449], [-76.9958196693252, 38.8845370241563], [-76.9955358070853, 38.8844189980723], [-76.9954532653854, 38.8843843762486], [-76.9953103290507, 38.8843261501237], [-76.9951814836895, 38.8842757906546], [-76.9949683538968, 38.8841916483479], [-76.9949604047048, 38.8841882415369], [-76.9949723846374, 38.8775399609894], [-76.996196057141, 38.8775380210513], [-76.9961910813727, 38.8784668425296], [-76.9961887071254, 38.8789101475792], [-76.997969807619, 38.8793630625909], [-76.9988522110445, 38.8795917165916], [-76.9990535980598, 38.8794107835474]], [[-76.9979312986394, 38.8843585154583], [-76.9979196223373, 38.8847720380379], [-76.9981181077943, 38.8847720380379], [-76.9981181077943, 38.8843539716557], [-76.9979312986394, 38.8843585154583]]]}, "properties": {"TrashRouteArea": "IC612", "CollectionDays": "Monday/Thursday", "RunsPerWeek": 2, "TrashStatusUpdate": "Scheduled Other Day", "TStatus": "Scheduled Other Day", "ServiceArea": "Inner City"}}, {"type": "Feature", "geometry": {"type": "Polygon", "coordinates": [[[-76.9772630456353, 38.8836839212192], [-76.9772582791744, 38.8828484493894], [-76.9793059457455, 38.8828561701014], [-76.9772630456353, 38.8836839212192]]]}, "properties": {"TrashRouteArea": "IC606", "CollectionDays": "Monday/Thursday", "RunsPerWeek": 2, "TrashStatusUpdate": "Scheduled Other Day", "TStatus": "Scheduled Other Day", "ServiceArea": "Inner City"}}, {"type": "Feature", "geometry": {"type": "Polygon", "coordinates": [[[-77.0175622921377, 38.882356545793], [-77.0175496726046, 38.879293314691], [-77.0219245201406, 38.8793030526035], [-77.0219081770906, 38.8812873882482], [-77.0236196671328, 38.8812836889939], [-77.0238764442686, 38.8812837680139], [-77.024036651613, 38.8813041390847], [-77.0241101329049, 38.8813418721582], [-77.0240864515174, 38.881394486822], [-77.0240572293212, 38.8814863693858], [-77.0240390528098, 38.8815488215457], [-77.0240239251804, 38.8816110044246], [-77.0240149429258, 38.8816661922697], [-77.0240073934842, 38.881718718583], [-77.0240007288831, 38.8817888619966], [-77.0239969963831, 38.8818620710119], [-77.0239956614866, 38.8819131070026], [-77.023993813652, 38.8819773419645], [-77.0239286848956, 38.8819745224468], [-77.0238995803788, 38.881973475617], [-77.0238704767602, 38.8819724294863], [-77.0237700900272, 38.8819693274572], [-77.0236052869018, 38.8819717274041], [-77.023401667573, 38.8819703232394], [-77.02323442103, 38.8819705763806], [-77.0230356642818, 38.881970876374], [-77.0229428251938, 38.881971859569], [-77.0227957027098, 38.8819712372051], [-77.0226042160272, 38.8819715267092], [-77.0223884936966, 38.8819718504782], [-77.0222866903204, 38.8819719868388], [-77.0221994324653, 38.881972134388], [-77.0220578040776, 38.8819723700471], [-77.0219059079462, 38.8819811929276], [-77.021905933099, 38.882062023944], [-77.0219059169294, 38.8821371165478], [-77.0219057354697, 38.882228371594], [-77.0219055602982, 38.8823304486067], [-77.0218972841195, 38.8823304975564], [-77.0175622921377, 38.882356545793]]]}, "properties": {"TrashRouteArea": "IC610", "CollectionDays": "Monday/Thursday", "RunsPerWeek": 2, "TrashStatusUpdate": "Scheduled Other Day", "TStatus": "Scheduled Other Day", "ServiceArea": "Inner City"}}, {"type": "Feature", "geometry": {"type": "Polygon", "coordinates": [[[-77.009100175636, 38.8764770502015], [-77.0091038102197, 38.8752050029579], [-77.0090934831872, 38.8746030543532], [-77.0090843455241, 38.8720418246566], [-77.0092132313095, 38.8720413364873], [-77.0092784525924, 38.8720415637868], [-77.0092928615695, 38.8720414896522], [-77.0093072723433, 38.8720414155176], [-77.0094796563514, 38.8720415225232], [-77.0095500483371, 38.8720417064609], [-77.0098011867478, 38.8720420379684], [-77.00989829463, 38.8720423212185], [-77.0100030507685, 38.8720423995494], [-77.0102511923995, 38.8720428380624], [-77.0105654850696, 38.8720433353237], [-77.0106494074801, 38.8720435157644], [-77.0121754349421, 38.8720429583563], [-77.0121767842116, 38.8713298674872], [-77.0114213450751, 38.87133543533], [-77.0113876537604, 38.8713102013399], [-77.0113885439908, 38.8707456493155], [-77.0113889284698, 38.8705015297407], [-77.0121735332086, 38.8705069367868], [-77.0121757906749, 38.870750973115], [-77.0136688876952, 38.8707536007442], [-77.0136718386609, 38.872045453055], [-77.0138030591677, 38.8720410196669], [-77.0132309284514, 38.8733077285962], [-77.010872980188, 38.8733119926577], [-77.0108800786754, 38.8742680661241], [-77.0108820091549, 38.8745280845676], [-77.0108729846796, 38.8746460403608], [-77.010681780068, 38.8746460830216], [-77.0106859698105, 38.8764640802545], [-77.0100289635712, 38.8764626403147], [-77.0098700614789, 38.876462292743], [-77.0097685177159, 38.8764620696538], [-77.009100175636, 38.8764770502015]], [[-77.0099892373744, 38.8743514515853], [-77.0098345358044, 38.874351450886], [-77.0098082654722, 38.8746832244778], [-77.0097936714421, 38.8763829715262], [-77.0106489062202, 38.8763807000693], [-77.0106324643555, 38.8757543836111], [-77.0106310144747, 38.8746163890051], [-77.0106138791106, 38.8745786936225], [-77.0099892373744, 38.8745741491945], [-77.0099892373744, 38.8743514515853]], [[-77.0104124768239, 38.8720856633618], [-77.0095762728552, 38.8720759874047], [-77.0092699060208, 38.872081805568], [-77.0092829818981, 38.8721443450232], [-77.0094810002311, 38.8721487077673], [-77.0094912014994, 38.8728987873402], [-77.0092403586345, 38.8728952366159], [-77.0092494810262, 38.8730621204634], [-77.0104535226459, 38.8730550197305], [-77.0104472515069, 38.8737960091762], [-77.0107964365393, 38.8737738176017], [-77.0107964365393, 38.8729970983405], [-77.0108006882655, 38.8729198077359], [-77.0104416657825, 38.8729084450015], [-77.0104124768239, 38.8720856633618]]]}, "properties": {"TrashRouteArea": "IC610", "CollectionDays": "Monday/Thursday", "RunsPerWeek": 2, "TrashStatusUpdate": "Scheduled Other Day", "TStatus": "Scheduled Other Day", "ServiceArea": "Inner City"}}, {"type": "Feature", "geometry": {"type": "Polygon", "coordinates": [[[-77.0175550687845, 38.8730736741021], [-77.0192854854315, 38.8730631142722], [-77.0192965499809, 38.8734300050199], [-77.017706198653, 38.8734297707312], [-77.0175569884843, 38.873429747652], [-77.0175551514295, 38.8730889525974], [-77.0175550687845, 38.8730736741021]]]}, "properties": {"TrashRouteArea": "IC610", "CollectionDays": "Monday/Thursday", "RunsPerWeek": 2, "TrashStatusUpdate": "Scheduled Other Day", "TStatus": "Scheduled Other Day", "ServiceArea": "Inner City"}}, {"type": "Feature", "geometry": {"type": "MultiPolygon", "coordinates": [[[[-77.0637998563174, 38.9037696043112], [-77.0637605505321, 38.90358051455], [-77.0632531452287, 38.9035944177018], [-77.0632281334363, 38.9034414779892], [-77.063735536943, 38.9034470391213], [-77.0637140977505, 38.903205114442], [-77.0640071057383, 38.9031995525919], [-77.0640392654254, 38.9037056470122], [-77.0639928135421, 38.9037557004946], [-77.0637998563174, 38.9037696043112]]], [[[-77.0688344876834, 38.9052062770282], [-77.0690711120141, 38.9051960470353], [-77.0691039768788, 38.9058328553397], [-77.0688607786768, 38.9058328546407], [-77.0688344876834, 38.9052062770282]]], [[[-77.0274216464357, 38.9060118762993], [-77.0279608314389, 38.906009523302], [-77.0279608305406, 38.906199688718], [-77.0277143463014, 38.9062196688671], [-77.0276989419909, 38.9070548273609], [-77.0274575925218, 38.9070468352561], [-77.0274216464357, 38.9060118762993]]], [[[-77.0337432653632, 38.9076966212646], [-77.0335769521698, 38.9076775894187], [-77.0332296518029, 38.9077575243955], [-77.032950832705, 38.9078602966065], [-77.0325643990293, 38.9078945546762], [-77.0325497250492, 38.9077080413484], [-77.0327649533064, 38.9077270731861], [-77.0330095313206, 38.9077080413484], [-77.0333470490341, 38.9075976550509], [-77.0338362059608, 38.9075824294136], [-77.0340563255448, 38.9079288127292], [-77.0339438196403, 38.907993521874], [-77.0337432653632, 38.9076966212646]]], [[[-77.0563137351174, 38.9091282430975], [-77.0559668578569, 38.909116853999], [-77.0558395243604, 38.9091271043975], [-77.0558157396666, 38.9090787008903], [-77.0559156323262, 38.9089129907145], [-77.0561366367507, 38.9088708516822], [-77.0565225314372, 38.9088662213712], [-77.0568011169731, 38.9088628786554], [-77.056896252155, 38.9088811014171], [-77.0569767501875, 38.9088822401211], [-77.0569972416575, 38.9091020487974], [-77.0565288843229, 38.9091100203993], [-77.0563137351174, 38.9091282430975]]], [[[-77.0669630696728, 38.9097243343434], [-77.0669484747444, 38.9095517152261], [-77.0671177703445, 38.9095562581158], [-77.0671148508199, 38.9097197921635], [-77.0669630696728, 38.9097243343434]]], [[[-77.057639766156, 38.9098423295618], [-77.0576426928672, 38.9098013297704], [-77.0571816559039, 38.9098081633036], [-77.0571970233834, 38.9096161174228], [-77.0577710333753, 38.9095840865415], [-77.0577524643, 38.9098446069389], [-77.057639766156, 38.9098423295618]]], [[[-77.0556349321561, 38.909469863475], [-77.056785525813, 38.9094504001134], [-77.0567854952703, 38.909451286464], [-77.0567765435585, 38.9097136988756], [-77.0567718606409, 38.9098509721308], [-77.0567718444713, 38.909851440468], [-77.0567673771493, 38.9098513950323], [-77.0557577129908, 38.9098411922712], [-77.0554209534554, 38.9098377887875], [-77.0554194667436, 38.9098377734093], [-77.0556349321561, 38.909469863475]]], [[[-77.0687535881039, 38.9136270100615], [-77.0687326061538, 38.9132823216119], [-77.0684926957858, 38.9132874360259], [-77.0684992687587, 38.9128015692469], [-77.0680095863176, 38.9128015699459], [-77.0679800092869, 38.9125560780758], [-77.0690743980514, 38.9125381770914], [-77.0690743980514, 38.9127299683255], [-77.068883783633, 38.913180033954], [-77.0689133624603, 38.9136249837373], [-77.0687535881039, 38.9136270100615]]], [[[-77.0642892539926, 38.9146331606473], [-77.0643274826978, 38.9140709882713], [-77.0655660672352, 38.914079911311], [-77.0665599920116, 38.9140828861233], [-77.0669996131386, 38.9146956242027], [-77.0654094854912, 38.9146857492527], [-77.0642892539926, 38.9146331606473]]], [[[-77.0417985582289, 38.9143804093603], [-77.0428482064007, 38.9143760638879], [-77.0428314573123, 38.9147540113544], [-77.0418208912452, 38.9147409798977], [-77.0417985582289, 38.9143804093603]]], [[[-77.0394504339415, 38.9146690817766], [-77.0394643533368, 38.9144178347918], [-77.0413906530213, 38.914411337206], [-77.0413906530213, 38.9145802791369], [-77.0396321712083, 38.914542974013], [-77.0396298903858, 38.9148046861125], [-77.0395400894001, 38.9148169640768], [-77.0394547108205, 38.9148254823238], [-77.0393620361242, 38.9148129904787], [-77.0392978209545, 38.9147755163283], [-77.0391836477768, 38.9146935133344], [-77.0394504339415, 38.9146690817766]]], [[[-77.0393468195616, 38.9153291782181], [-77.039312838091, 38.9150489218631], [-77.0415079703025, 38.9150594978188], [-77.0415123468945, 38.9153103664932], [-77.0393468195616, 38.9153291782181]]], [[[-77.0422005525219, 38.9155272776661], [-77.0422508006857, 38.9149060599838], [-77.0429822044984, 38.9149277794926], [-77.0429877875279, 38.9155403096774], [-77.0427812082502, 38.9155403096774], [-77.0422005525219, 38.9155272776661]]], [[[-77.0346365967941, 38.9155347697623], [-77.0346496448236, 38.9144687334588], [-77.0364198864821, 38.9144788866272], [-77.0364024879117, 38.9155550757926], [-77.0346365967941, 38.9155347697623]]], [[[-77.0571648502215, 38.916239325225], [-77.056507293315, 38.915804063233], [-77.0567477426722, 38.9156704297584], [-77.057424928666, 38.9161247829647], [-77.0576607822421, 38.915889730943], [-77.0577453550329, 38.9160010654015], [-77.0577572163879, 38.9160875366654], [-77.0571942934033, 38.9165447710476], [-77.0569980070221, 38.9164111375699], [-77.0571648502215, 38.916239325225]]], [[[-77.0297026530967, 38.9158369027903], [-77.0314576198021, 38.9158317878611], [-77.0314379017816, 38.9167779064963], [-77.029705939134, 38.9167855773898], [-77.0297026530967, 38.9158369027903]]], [[[-77.0386654393338, 38.917889739865], [-77.0386292524992, 38.9177273030951], [-77.0403857481372, 38.9177316343838], [-77.0402450009968, 38.9179141542387], [-77.0386654393338, 38.917889739865]]], [[[-77.0371789584056, 38.918626117741], [-77.0371260700932, 38.9184246972586], [-77.0377496113932, 38.9183099090086], [-77.0384155855139, 38.9183026772063], [-77.0384133963196, 38.9184489800501], [-77.0381207782006, 38.9184404643347], [-77.0377493499834, 38.9185256270338], [-77.0371789584056, 38.918626117741]]], [[[-77.0464956602034, 38.9194752951928], [-77.0474276973449, 38.9191516719173], [-77.0477589160717, 38.919235575011], [-77.0469270141348, 38.9204341699181], [-77.0464956602034, 38.9194752951928]]], [[[-77.039883509045, 38.9194282301785], [-77.0401570873715, 38.9193630701732], [-77.0405758298547, 38.9203751996589], [-77.0403301675739, 38.9204794520548], [-77.039883509045, 38.9194282301785]]], [[[-77.0281611000517, 38.9206597332407], [-77.0281405591744, 38.9193373136779], [-77.0295373028973, 38.919341309388], [-77.0295373028973, 38.9204879388703], [-77.0289159570799, 38.9206037999105], [-77.0287721754305, 38.9206277716426], [-77.0281611000517, 38.9206597332407]]], [[[-77.0473628668292, 38.9216403827982], [-77.0473855025777, 38.9214672363411], [-77.0478291831915, 38.9215324384446], [-77.0477108687804, 38.9218047521352], [-77.047714435092, 38.9218891587884], [-77.0479603435112, 38.9219782430208], [-77.0478713977216, 38.922095815306], [-77.0476929303225, 38.9221511128684], [-77.0474265439081, 38.9219810770249], [-77.0473628668292, 38.9216403827982]]]]}, "properties": {"TrashRouteArea": "IC20", "CollectionDays": "Tuesday/Friday", "RunsPerWeek": 2, "TrashStatusUpdate": "Scheduled Other Day", "TStatus": "Scheduled Other Day", "ServiceArea": "Inner City"}}, {"type": "Feature", "geometry": {"type": "MultiPolygon", "coordinates": [[[[-77.0166215458295, 38.9069428056938], [-77.0166020604727, 38.9065139039091], [-77.0167106236714, 38.9065160702451], [-77.0167217591876, 38.9067370200933], [-77.0184559855897, 38.9067456840117], [-77.0184504187299, 38.906951469587], [-77.0166215458295, 38.9069428056938]]], [[[-77.0143201456149, 38.9139949340955], [-77.0156815361398, 38.9138934058482], [-77.0156815352415, 38.9142453710762], [-77.0143636411426, 38.9147056319543], [-77.0143201456149, 38.9139949340955]]], [[[-77.0184504187299, 38.9157195479929], [-77.0182973161611, 38.9149073334906], [-77.0183585570089, 38.9148748443817], [-77.0185450634316, 38.9149549837375], [-77.0185673326675, 38.9151520812245], [-77.0193217073004, 38.9154401473033], [-77.0192020094837, 38.9155701005178], [-77.0185868189226, 38.915310192453], [-77.0186146550184, 38.915710884471], [-77.0184504187299, 38.9157195479929]]], [[[-77.0153640230093, 38.9174569797019], [-77.015337926052, 38.9172742364089], [-77.0151335000361, 38.9172810049204], [-77.0150268322826, 38.9164494635705], [-77.0145753165629, 38.9164485766084], [-77.0145650542091, 38.9163252642999], [-77.0152115438713, 38.9162888917901], [-77.0153232826146, 38.9171600599661], [-77.0155342169247, 38.9171432050566], [-77.0155763326402, 38.9174339623441], [-77.0155206047532, 38.9174400591629], [-77.0153640230093, 38.9174569797019]]], [[[-77.0226743537897, 38.9246266015454], [-77.0226456077006, 38.9244298392732], [-77.0231960890185, 38.9243822547924], [-77.0232034291527, 38.9245078782279], [-77.025021241097, 38.9243632211309], [-77.0250163497703, 38.9241652679531], [-77.0250236881079, 38.9240129966546], [-77.0252203329168, 38.9239901561413], [-77.0253235475463, 38.9245016925615], [-77.0253273716745, 38.9248764195522], [-77.0230107602872, 38.9250845999702], [-77.0229113670909, 38.9246384976276], [-77.0226743537897, 38.9246266015454]]], [[[-77.0346099563561, 38.9266231376451], [-77.0354730576811, 38.9265755539366], [-77.0355004050932, 38.9268383733526], [-77.0349214022651, 38.9268513669468], [-77.0348434590411, 38.9269921278189], [-77.0335769530681, 38.9270725323276], [-77.0335361749441, 38.9268134700637], [-77.0345759739872, 38.9267605997269], [-77.0346099563561, 38.9266231376451]]], [[[-77.0193351038762, 38.9282515191681], [-77.0201310606253, 38.9281229421147], [-77.0201832536416, 38.9282887381175], [-77.019374248863, 38.928427466043], [-77.0193351038762, 38.9282515191681]]], [[[-77.0182270714991, 38.9292528494857], [-77.0185108762468, 38.9289235851854], [-77.0192962310789, 38.9287808399908], [-77.0193696279292, 38.9289273923722], [-77.0189708352319, 38.9290149422387], [-77.018990406827, 38.9291557826761], [-77.0194625981712, 38.9290682336823], [-77.0194944039222, 38.9292128811855], [-77.0188900973491, 38.9293118501023], [-77.0188436122281, 38.9292109775997], [-77.0187408557394, 38.9292300106594], [-77.0184276922515, 38.9292909141798], [-77.0184105667689, 38.9293346889022], [-77.0184619450133, 38.9295212075895], [-77.0183029162585, 38.9295459498988], [-77.0182270714991, 38.9292528494857]]], [[[-77.0255607997994, 38.9291070196588], [-77.0261043533098, 38.9290512600065], [-77.0261163000048, 38.9292092459237], [-77.025883347987, 38.9292417717963], [-77.0259012666819, 38.9294276366344], [-77.0239002747765, 38.9296739059212], [-77.0238704093865, 38.9294276366344], [-77.025566773596, 38.929265004753], [-77.0255607997994, 38.9291070196588]]], [[[-77.0215544286166, 38.9313121403633], [-77.0214848082837, 38.9307497535212], [-77.0211688393573, 38.9307818573083], [-77.020274597933, 38.9308727158177], [-77.0201969466615, 38.9305985704214], [-77.0210929137494, 38.9305149330346], [-77.0211526445293, 38.9303197789815], [-77.0219291491592, 38.9302314941798], [-77.0231297439432, 38.9301710890201], [-77.0232014205197, 38.9305753379014], [-77.0230786522614, 38.9305813085046], [-77.0231740695143, 38.9311732070418], [-77.0215544286166, 38.9313121403633]]], [[[-77.0182662173843, 38.929799081131], [-77.0195800349283, 38.9295840144357], [-77.0196414473544, 38.929794717036], [-77.0194383616249, 38.9297714842528], [-77.0194622541165, 38.9299248214595], [-77.0195876894729, 38.930259373897], [-77.0197071519309, 38.9307286740692], [-77.0192830617769, 38.9308401899941], [-77.0194562812181, 38.9312909003546], [-77.0186797774866, 38.9314581731996], [-77.0183811208922, 38.9305335199055], [-77.0182662173843, 38.929799081131]]], [[[-77.0336364457945, 38.9312537284025], [-77.0338036923374, 38.9310074646007], [-77.0359838765825, 38.9318252437915], [-77.0359898512775, 38.9323363512598], [-77.0357091151748, 38.9322387764567], [-77.0356195172083, 38.9319925160751], [-77.0336364457945, 38.9312537284025]]], [[[-77.036855378952, 38.9333675652047], [-77.0370266391677, 38.9331106411433], [-77.0375184039037, 38.9332762144563], [-77.0374401130317, 38.9334037249163], [-77.0370731233904, 38.9332609894366], [-77.0369752609233, 38.9334246596248], [-77.036855378952, 38.9333675652047]]], [[[-77.0235115450069, 38.9346156602979], [-77.0236721026943, 38.9346067391419], [-77.0237485583081, 38.9349338360485], [-77.0236988626083, 38.9349843866886], [-77.0223494169818, 38.9351806438287], [-77.0223035436135, 38.9349278888708], [-77.0235344825894, 38.9347911029495], [-77.0235115450069, 38.9346156602979]]], [[[-77.0377629100527, 38.9355226048617], [-77.037502959169, 38.9354333985845], [-77.0374073901009, 38.9354542132063], [-77.0370480460209, 38.9353412175756], [-77.0371474401155, 38.9351598291268], [-77.0373438163282, 38.9352549430693], [-77.0374150347639, 38.9352341682185], [-77.0380916700905, 38.9342380107877], [-77.0383592647389, 38.9343391137227], [-77.0377323278071, 38.9352698511226], [-77.0378737702436, 38.9353293232882], [-77.0377629100527, 38.9355226048617]]], [[[-77.0280256502765, 38.9346103077442], [-77.0282238231198, 38.9346084043033], [-77.028245842624, 38.9349909285088], [-77.0280476688825, 38.9350118627489], [-77.0280329895124, 38.9352630717495], [-77.0281504253712, 38.9352744901922], [-77.0281724439771, 38.9354514775666], [-77.0282507357474, 38.9355256975638], [-77.0282898816325, 38.9356018208976], [-77.0281577655054, 38.935839706051], [-77.0279791642572, 38.935786419695], [-77.02805990214, 38.935592305922], [-77.0279620387746, 38.9355409227961], [-77.0279351252487, 38.9354305434564], [-77.0277883306498, 38.9354077059205], [-77.0277418455288, 38.935257362178], [-77.0277173790138, 38.9348824517467], [-77.0280378826358, 38.9348729359758], [-77.0280256502765, 38.9346103077442]]], [[[-77.0287743340821, 38.9351706075207], [-77.0287146033022, 38.9346223509895], [-77.0294134566607, 38.9346548743799], [-77.0294492949489, 38.9348593100718], [-77.0293716454741, 38.9356305831298], [-77.0295269453221, 38.9358117852045], [-77.0293895641691, 38.936095201759], [-77.0290610430831, 38.9360069241463], [-77.0291685588462, 38.9358071384837], [-77.0289475544217, 38.9357095684557], [-77.0288654969138, 38.9353076121208], [-77.0287743340821, 38.9351706075207]]]]}, "properties": {"TrashRouteArea": "IC21", "CollectionDays": "Tuesday/Friday", "RunsPerWeek": 2, "TrashStatusUpdate": "Scheduled Other Day", "TStatus": "Scheduled Other Day", "ServiceArea": "Inner City"}}, {"type": "Feature", "geometry": {"type": "MultiPolygon", "coordinates": [[[[-76.9849223485474, 38.8871642280001], [-76.9854422763658, 38.8871358286025], [-76.9854422763658, 38.8873239797313], [-76.9849360316858, 38.8873097797163], [-76.9849223485474, 38.8871642280001]]], [[[-76.9840329993481, 38.8886374744417], [-76.9840010741212, 38.8877180311141], [-76.9842108693676, 38.8877109304471], [-76.9842038714916, 38.8879533533201], [-76.9844822171773, 38.887956260703], [-76.9845737537081, 38.8879882502979], [-76.9850800055747, 38.8882078153015], [-76.9852219807121, 38.8882194475876], [-76.9854760413424, 38.8882179946008], [-76.9854797774357, 38.8882368967126], [-76.9854872496222, 38.888466639512], [-76.9853676919427, 38.8884710019533], [-76.9853583512604, 38.8883372268254], [-76.9853116487471, 38.8883415892746], [-76.9851024230326, 38.8883372268254], [-76.9849847329506, 38.8883386812082], [-76.9848633076736, 38.8883023293197], [-76.9846933113876, 38.8882659781118], [-76.9846708939297, 38.8883314113914], [-76.9846258991137, 38.8883712279111], [-76.9845255626864, 38.8883605773578], [-76.984220457985, 38.8883502554375], [-76.984224552506, 38.8886232746892], [-76.9840329993481, 38.8886374744417]]], [[[-76.9581953425325, 38.929768510797], [-76.9586273171998, 38.9295127616871], [-76.9587840525557, 38.9296792958847], [-76.9583788360057, 38.9299261226493], [-76.9581953425325, 38.929768510797]]]]}, "properties": {"TrashRouteArea": "IC21", "CollectionDays": "Tuesday", "RunsPerWeek": 2, "TrashStatusUpdate": "Scheduled Other Day", "TStatus": "Scheduled Other Day", "ServiceArea": "Inner City"}}, {"type": "Feature", "geometry": {"type": "MultiPolygon", "coordinates": [[[[-77.0689579027287, 38.9390182853911], [-77.0689169548231, 38.9374368988004], [-77.0692663374849, 38.9374249769149], [-77.0692607706251, 38.9376458305308], [-77.0710868596464, 38.9376220133802], [-77.0710896426272, 38.9376934655069], [-77.0710635456699, 38.9380531622409], [-77.0714245534297, 38.9380599280713], [-77.0713158159579, 38.9382392345697], [-77.0708678189391, 38.9382493843366], [-77.0704589669073, 38.9387230217371], [-77.0702327935766, 38.9387500861967], [-77.0692628592081, 38.9387365539682], [-77.0692395299602, 38.939020945431], [-77.0689579027287, 38.9390182853911]]], [[[-77.0531468449575, 38.9397453159348], [-77.0531852299696, 38.9397399574797], [-77.0538457935373, 38.9398037069275], [-77.0544573261586, 38.9406273292949], [-77.0539279678263, 38.9406868165312], [-77.0530888766722, 38.9401471059759], [-77.0529982258802, 38.9397583302221], [-77.0531468449575, 38.9397453159348]]], [[[-77.0791259900235, 38.9582910947926], [-77.0791206459459, 38.9579502997627], [-77.0797620035329, 38.9579502990642], [-77.0797538198807, 38.9577335581301], [-77.080032187126, 38.9577335581301], [-77.0800147894539, 38.9581258921389], [-77.0793449678488, 38.9580988350761], [-77.0793406191045, 38.9582882363938], [-77.0791259900235, 38.9582910947926]]], [[[-77.0773572521449, 38.9579629132407], [-77.078235326589, 38.9579462307858], [-77.0787113348749, 38.9579657122771], [-77.07881883357, 38.9579721416082], [-77.0788338156723, 38.9580587894308], [-77.0788254658318, 38.9581865005086], [-77.0788365995514, 38.9583064164236], [-77.0773436597363, 38.9583064164236], [-77.0773572521449, 38.9579629132407]]], [[[-77.07484849022, 38.958415775219], [-77.075088998866, 38.9584143893311], [-77.0750979065603, 38.9586083358407], [-77.076767218005, 38.9586097217249], [-77.0767779079569, 38.9589934576098], [-77.0765765928068, 38.9589879161988], [-77.0765676842141, 38.9587676494712], [-77.0748716496863, 38.9587648791062], [-77.07484849022, 38.958415775219]]], [[[-77.0764760461737, 38.9602709770567], [-77.0764537769378, 38.960093485144], [-77.074892137563, 38.9601129660451], [-77.074864300569, 38.9597428287081], [-77.0750953463618, 38.9597428294066], [-77.0750953463618, 38.9599311443266], [-77.0766709042335, 38.9599333090316], [-77.0766764710933, 38.9602666476673], [-77.0764760461737, 38.9602709770567]]], [[[-77.0718690712734, 38.960729855913], [-77.0697924520007, 38.9607276919308], [-77.0697562642678, 38.9609138402569], [-77.0694862477614, 38.9609354856068], [-77.0695168686345, 38.9606692504172], [-77.0692886076191, 38.960446304534], [-77.0692941744789, 38.9603965194566], [-77.0695335710106, 38.9603900267808], [-77.06964491719, 38.960506910919], [-77.0697796321433, 38.9605153657029], [-77.0705611799152, 38.9605047965243], [-77.0721854417467, 38.9605100814631], [-77.0722058299104, 38.9609592613969], [-77.07189412349, 38.9609376502811], [-77.0718690712734, 38.960729855913]]], [[[-77.0765818263916, 38.9609874335813], [-77.0765623401365, 38.9607363499546], [-77.0748726522062, 38.9607471726575], [-77.0748726513079, 38.9604008488381], [-77.0750897777053, 38.9603986848459], [-77.0750925624827, 38.9605675172521], [-77.07679616891, 38.9605285563932], [-77.0768045196489, 38.9609874335813], [-77.0765818263916, 38.9609874335813]]]]}, "properties": {"TrashRouteArea": "OR11", "CollectionDays": "Monday", "RunsPerWeek": 1, "TrashStatusUpdate": "Scheduled Other Day", "TStatus": "Scheduled Other Day", "ServiceArea": "Outer Ring"}}, {"type": "Feature", "geometry": {"type": "MultiPolygon", "coordinates": [[[[-76.9881413382988, 38.8928375132907], [-76.9882756076877, 38.8928238821107], [-76.9882902026161, 38.8929397463585], [-76.9881938789632, 38.8929533775163], [-76.9879399351138, 38.8932509872136], [-76.9882434992045, 38.8932532588304], [-76.9882434992045, 38.8933713932916], [-76.9881705272573, 38.8933713932916], [-76.9877268565251, 38.8933759372166], [-76.9877268556267, 38.8933077825061], [-76.9881413382988, 38.8928375132907]]], [[[-76.9941852673108, 38.8930725598419], [-76.9941638883053, 38.8921962143361], [-76.994477441662, 38.8922017602677], [-76.9945059470026, 38.8930392811581], [-76.9946413437771, 38.8931335706051], [-76.9946413437771, 38.8935162743689], [-76.994019984485, 38.8934963430828], [-76.9940112277076, 38.8930805996652], [-76.9941852673108, 38.8930725598419]]], [[[-76.9871479812576, 38.8941009157139], [-76.9873273191243, 38.8938726461063], [-76.9873778403759, 38.8938765285863], [-76.9882053208049, 38.8938493819852], [-76.9882165290847, 38.89394098066], [-76.9879475240813, 38.8939395277902], [-76.9879493916788, 38.8941416260288], [-76.9878317024951, 38.8941401724639], [-76.9878204942153, 38.893939527091], [-76.9874151186636, 38.8939526127065], [-76.9872600667506, 38.8941067320739], [-76.9872563306573, 38.8941692514463], [-76.9871405099694, 38.8941692514463], [-76.9871479812576, 38.8941009157139]]], [[[-76.9855891670845, 38.8945884752074], [-76.9855906960171, 38.8944628176878], [-76.9857766320095, 38.8944646047465], [-76.9857995884566, 38.8944509074583], [-76.9858324910505, 38.8943538342936], [-76.9859113056403, 38.8942085081586], [-76.9859617433485, 38.8940602060749], [-76.9859486674713, 38.8939235343345], [-76.9855881250387, 38.893938073522], [-76.985588125937, 38.8938159407591], [-76.9860084467602, 38.8938217571424], [-76.986142949711, 38.8938406584622], [-76.9861840458386, 38.8938392048912], [-76.9862176724747, 38.8938333892084], [-76.9862475621191, 38.893807217232], [-76.9863521745272, 38.8937141641119], [-76.9863671206969, 38.8936283808446], [-76.9865296429998, 38.8936312886944], [-76.9865053579444, 38.8937228883496], [-76.9863951409473, 38.8938537440958], [-76.9862344844452, 38.8939991401743], [-76.9860607529642, 38.8942782980486], [-76.9859083510813, 38.8945369882741], [-76.9858852868364, 38.8945706095443], [-76.9858454986558, 38.8945849024946], [-76.9855891670845, 38.8945884752074]]], [[[-76.9907327667894, 38.8951655393705], [-76.9907327667894, 38.8950093548939], [-76.9911842825091, 38.8950271043866], [-76.9911979647492, 38.8950803479439], [-76.9911842825091, 38.8954956538721], [-76.9911797217624, 38.8960777878649], [-76.9909334405424, 38.8960848869963], [-76.9909972900979, 38.8951797378151], [-76.9907327667894, 38.8951655393705]]], [[[-76.9856161470857, 38.8965144306722], [-76.9856068064034, 38.8963632242676], [-76.9882511914783, 38.8963822004185], [-76.988249660749, 38.8965364389608], [-76.9864606478944, 38.8965214878115], [-76.9856161470857, 38.8965144306722]]], [[[-76.985582521348, 38.896959322717], [-76.9878229969217, 38.8969261332467], [-76.9878340569795, 38.8967625739232], [-76.9879862666229, 38.8967686473486], [-76.9880076761711, 38.896942282633], [-76.9882408141401, 38.8969264653373], [-76.9882348915475, 38.8971102656764], [-76.9855768197409, 38.8971047187298], [-76.985582521348, 38.896959322717]]], [[[-76.9798097290416, 38.898079723913], [-76.9799279617061, 38.897520114893], [-76.979963830537, 38.8973861253947], [-76.980911921471, 38.8975461687462], [-76.9816019902043, 38.8976698185], [-76.9816379309005, 38.8975402827547], [-76.9818135668099, 38.8975657374447], [-76.9815838675918, 38.8984133743177], [-76.9798097290416, 38.898079723913]]], [[[-76.9988384901769, 38.8979305147546], [-76.9988384147183, 38.8977480826382], [-76.9985407166265, 38.8977471520963], [-76.9985407992715, 38.8975898931393], [-76.9994438316091, 38.8975685961941], [-76.9994347101158, 38.8977886650191], [-76.9990926532151, 38.8977851155386], [-76.9990835308234, 38.8985198584123], [-76.9991473812772, 38.8985411543732], [-76.999366298017, 38.898558902284], [-76.9993617372703, 38.8987292759901], [-76.998964950511, 38.8986973310824], [-76.9988463710968, 38.898590847254], [-76.9988403586726, 38.8984669907653], [-76.9988384901769, 38.8979305147546]]], [[[-76.9987675026081, 38.8992389859385], [-76.9991168349643, 38.8992389859385], [-76.9991168349643, 38.8998132522285], [-76.9991149682651, 38.8998815824643], [-76.9987899191677, 38.8998830359116], [-76.9987675026081, 38.8992389859385]]], [[[-76.9884888695328, 38.9011180149671], [-76.9884751863944, 38.9004684847408], [-76.9899802399911, 38.9004755834333], [-76.9899802390928, 38.9011215642809], [-76.9884888695328, 38.9011180149671]]], [[[-76.9929429143408, 38.9033984940236], [-76.992919562635, 38.9029464641814], [-76.9934829087261, 38.9029487354881], [-76.9934829087261, 38.9032008731468], [-76.9934799900997, 38.9034007653158], [-76.9929429143408, 38.9033984940236]]]]}, "properties": {"TrashRouteArea": "IC11", "CollectionDays": "Monday/Thursday", "RunsPerWeek": 2, "TrashStatusUpdate": "Scheduled Other Day", "TStatus": "Scheduled Other Day", "ServiceArea": "Inner City"}}, {"type": "Feature", "geometry": {"type": "MultiPolygon", "coordinates": [[[[-77.0104472515069, 38.8737960091762], [-77.0104535226459, 38.8730550197305], [-77.0092494810262, 38.8730621204634], [-77.0092403586345, 38.8728952366159], [-77.0094912014994, 38.8728987873402], [-77.0094810002311, 38.8721487077673], [-77.0092829818981, 38.8721443450232], [-77.0092699060208, 38.872081805568], [-77.0095762728552, 38.8720759874047], [-77.0104124768239, 38.8720856633618], [-77.0104416657825, 38.8729084450015], [-77.0108006882655, 38.8729198077359], [-77.0107964365393, 38.8729970983405], [-77.0107964365393, 38.8737738176017], [-77.0104472515069, 38.8737960091762]]], [[[-77.0098082654722, 38.8746832244778], [-77.0098345358044, 38.874351450886], [-77.0099892373744, 38.8743514515853], [-77.0099892373744, 38.8745741491945], [-77.0106138791106, 38.8745786936225], [-77.0106310144747, 38.8746163890051], [-77.0106324643555, 38.8757543836111], [-77.0106489062202, 38.8763807000693], [-77.0097936714421, 38.8763829715262], [-77.0098082654722, 38.8746832244778]]], [[[-76.9840811607254, 38.8790870321733], [-76.9840373786351, 38.8784462468629], [-76.9842212682653, 38.8784462468629], [-76.9842241868917, 38.878716649567], [-76.9850589894886, 38.8787121047043], [-76.9850589903869, 38.8790847594042], [-76.9849357109872, 38.8790868342676], [-76.9849288254006, 38.878834272527], [-76.9842424676077, 38.8788378467312], [-76.984217982228, 38.8788908611596], [-76.9842187448977, 38.8790867118877], [-76.9840811607254, 38.8790870321733]]], [[[-76.9848167219413, 38.8791665615644], [-76.9847816948318, 38.8791347491193], [-76.9850181251263, 38.879139293955], [-76.9850122878736, 38.8792733577355], [-76.9848926134132, 38.879466500381], [-76.9850473140849, 38.8794801341242], [-76.9850414759338, 38.8796323757807], [-76.9847583440243, 38.8796232861721], [-76.984621156009, 38.8795687519927], [-76.9847320736921, 38.8793869713256], [-76.9848167219413, 38.8791665615644]]], [[[-76.9860572504329, 38.879087031474], [-76.9862644908707, 38.879087031474], [-76.9862681110813, 38.8792676324701], [-76.9862323841841, 38.8794233270766], [-76.9859784403347, 38.8796891826611], [-76.986019304697, 38.8797596224864], [-76.9858791989537, 38.8798300615425], [-76.9858237387647, 38.8797800723166], [-76.9858266573911, 38.8796550976991], [-76.9858967107119, 38.8795551189658], [-76.9860601690593, 38.8793801551447], [-76.9860572504329, 38.879087031474]]], [[[-76.9837168813013, 38.8805863887021], [-76.983702628631, 38.8803256595565], [-76.9838359799417, 38.8803306294912], [-76.9839001097715, 38.8801929124504], [-76.9839235414274, 38.8801425927093], [-76.984251346556, 38.8801370458363], [-76.9844865111243, 38.8803256595565], [-76.9843226090092, 38.8804477036262], [-76.9841373269903, 38.880553104868], [-76.9837168813013, 38.8805863887021]]], [[[-76.9822360579628, 38.8795809654204], [-76.9820034589829, 38.879406995383], [-76.9818886111704, 38.8794701053231], [-76.9817526161179, 38.8793359880668], [-76.9819168038973, 38.8792010712433], [-76.9821196668447, 38.8793119870059], [-76.9823940419768, 38.8794869509948], [-76.9827384713281, 38.8797096325116], [-76.9830537117209, 38.8799095908013], [-76.9831345286554, 38.8799821604905], [-76.9832257444877, 38.8802129348821], [-76.9832713510564, 38.8804046553936], [-76.9833123977766, 38.8805750719485], [-76.9833625668886, 38.8808200464288], [-76.9834446603292, 38.881004663965], [-76.9833105741966, 38.8810707011296], [-76.9831266845664, 38.8807457734081], [-76.9830512593202, 38.8804979189557], [-76.9829551647376, 38.8801458787349], [-76.9828198353367, 38.8800212145526], [-76.9825370690414, 38.8798010899778], [-76.9822360579628, 38.8795809654204]]], [[[-77.0038858362974, 38.8825498954361], [-77.0055466847138, 38.8825385342414], [-77.0055525228649, 38.8826453267431], [-77.0055408474611, 38.8829497954676], [-77.0038741608937, 38.8829497947683], [-77.0038858362974, 38.8825498954361]]], [[[-76.9979312986394, 38.8843585154583], [-76.9981181077943, 38.8843539716557], [-76.9981181077943, 38.8847720380379], [-76.9979196223373, 38.8847720380379], [-76.9979312986394, 38.8843585154583]]], [[[-77.000659877416, 38.8883953902291], [-77.0006542728269, 38.8882136314448], [-77.0009587720639, 38.8882165402155], [-77.0009662451487, 38.8880435052097], [-77.0008466865709, 38.8880405971311], [-77.0008541596558, 38.8879097306752], [-77.0016312841232, 38.8879213630102], [-77.001633152619, 38.8882790647725], [-77.0013622800181, 38.8882674324961], [-77.0011306368457, 38.888261615658], [-77.0011306368457, 38.8883997526747], [-77.000659877416, 38.8883953902291]]], [[[-76.9873619949926, 38.8881414743147], [-76.9870438359735, 38.8880528657397], [-76.9866235160487, 38.8879597141815], [-76.9863625617469, 38.8879057178128], [-76.9862968041697, 38.887879660423], [-76.9862752841288, 38.8878349916886], [-76.9862728937118, 38.8876451469813], [-76.9864020166524, 38.8876423549585], [-76.9863984287812, 38.8878005589227], [-76.9864605993854, 38.8878107956171], [-76.98656878619, 38.8878138813089], [-76.9868196281567, 38.8878635802972], [-76.9871297607287, 38.8879132813484], [-76.9874626970343, 38.8879949300033], [-76.9877044175076, 38.8880623807973], [-76.9876907352675, 38.887682531268], [-76.9879187735007, 38.8876789812825], [-76.9879064270554, 38.8883328657744], [-76.9879381842973, 38.8886309486251], [-76.987848515364, 38.8887414574058], [-76.9876710468914, 38.8886411271646], [-76.9877420344601, 38.8885393424031], [-76.9877420353584, 38.8884608226902], [-76.9877308261803, 38.8882499840779], [-76.987662640457, 38.8882050890278], [-76.9875283710681, 38.8881846409232], [-76.9873619949926, 38.8881414743147]]], [[[-76.9901786248367, 38.8907248477332], [-76.9914975385234, 38.8907127327106], [-76.9914975681678, 38.8910196168449], [-76.9910968728387, 38.8910216347249], [-76.990928268043, 38.8910216347249], [-76.9907314256047, 38.8910205153119], [-76.9904726146831, 38.8910154419448], [-76.9902071580251, 38.8910034640142], [-76.9901786248367, 38.8907248477332]]], [[[-76.9999424145581, 38.8917197625218], [-76.9999453340828, 38.8910472847293], [-76.9998081460676, 38.8910495564166], [-76.9998139833203, 38.8908382703101], [-76.9999686848903, 38.890840542004], [-76.9999394959318, 38.8902952837245], [-77.0001321432377, 38.8902930120131], [-77.0001233864603, 38.8908382703101], [-77.0003277082717, 38.8908359979168], [-77.0003218701207, 38.8910609162503], [-77.0001700880753, 38.8910563721772], [-77.000170087177, 38.8917220334884], [-76.9999424145581, 38.8917197625218]]], [[[-76.9919942745362, 38.8919673953386], [-76.9919855177588, 38.8914312345077], [-76.9918162221586, 38.891442592882], [-76.9917870332001, 38.8912608425938], [-76.9919504906492, 38.8912699307136], [-76.9919388161438, 38.8910313808187], [-76.9922628124156, 38.8910268374429], [-76.9922832454951, 38.8914494079056], [-76.9921810836911, 38.8914448645566], [-76.9921694082873, 38.8919673946395], [-76.9919942745362, 38.8919673953386]]]]}, "properties": {"TrashRouteArea": "IC10", "CollectionDays": "Monday/Thursday", "RunsPerWeek": 2, "TrashStatusUpdate": "Scheduled Other Day", "TStatus": "Scheduled Other Day", "ServiceArea": "Inner City"}}, {"type": "Feature", "geometry": {"type": "MultiPolygon", "coordinates": [[[[-77.0145047494058, 38.9070152701734], [-77.0144802900772, 38.90692772252], [-77.0138101468753, 38.90692772252], [-77.0138443879589, 38.9067678506076], [-77.0145389895912, 38.9067602380499], [-77.0145438809179, 38.9065242364715], [-77.0147542187467, 38.9065356560448], [-77.0147591091751, 38.9070114639079], [-77.0145047494058, 38.9070152701734]]], [[[-77.0064923681629, 38.9109510296245], [-77.0064923690612, 38.9108101984833], [-77.0066244411709, 38.9106998184079], [-77.0067320548504, 38.9106389178014], [-77.0079207038377, 38.9106160806721], [-77.0085614999776, 38.9108063924213], [-77.0084294278679, 38.9109548363778], [-77.0077837412996, 38.9108101991823], [-77.0067662959341, 38.9108101991823], [-77.0066831388882, 38.910852067948], [-77.0066586813563, 38.9109586424319], [-77.0064923681629, 38.9109510296245]]], [[[-77.0125999428127, 38.9176993828072], [-77.0125758994041, 38.9170773852509], [-77.0127542194796, 38.9170805018223], [-77.0127602301072, 38.9173626617465], [-77.0131068495511, 38.9173704562885], [-77.0131268846769, 38.917746149126], [-77.0130908209115, 38.9178069457836], [-77.0130387276082, 38.9178209761504], [-77.0127095444639, 38.917824763664], [-77.0127046531372, 38.9180759510601], [-77.0125197987163, 38.9180753674538], [-77.0125258102422, 38.9177664153832], [-77.0125999428127, 38.9176993828072]]], [[[-77.0034860132324, 38.9181855585308], [-77.0035717915623, 38.91562291489], [-77.0036577073344, 38.915624460976], [-77.0050563887233, 38.9156066201765], [-77.005079318221, 38.9173192941065], [-77.005415612429, 38.9172598278087], [-77.0064309072278, 38.9172535394654], [-77.0064609603656, 38.9172675692427], [-77.0065090462844, 38.9173611038164], [-77.0065620738357, 38.9176047366749], [-77.0048259106658, 38.9182099161895], [-77.0034860132324, 38.9181855585308]]], [[[-77.0052939356238, 38.9187153318763], [-77.0052596954384, 38.9185364575792], [-77.0056118862338, 38.9184337001274], [-77.0058858149033, 38.9184108648073], [-77.0059693770893, 38.9181778940791], [-77.0068401967392, 38.9181772629464], [-77.0067124886452, 38.9186163796281], [-77.0059298386404, 38.91860876904], [-77.0056412359908, 38.9185973507101], [-77.0052939356238, 38.9187153318763]]], [[[-77.012499012599, 38.9202096332742], [-77.0124864900839, 38.9192158711038], [-77.0127463286781, 38.9192183075336], [-77.0127431989477, 38.9196396842225], [-77.0134976732936, 38.9196591692519], [-77.0134976741919, 38.9197906963801], [-77.0127588511932, 38.9197833892461], [-77.0127682439778, 38.9201950204897], [-77.012499012599, 38.9202096332742]]], [[[-77.012574146791, 38.9212447877807], [-77.0125553630184, 38.9203168031539], [-77.0127557205644, 38.9203119317675], [-77.012752590834, 38.9206845897665], [-77.0133004463763, 38.9205530628973], [-77.0138232559902, 38.9205165276126], [-77.0138201253614, 38.9204556368275], [-77.0139860468894, 38.9204434583847], [-77.0139860477877, 38.9205822904126], [-77.0139296973682, 38.920601776581], [-77.0135978534141, 38.9206553608955], [-77.0131063482912, 38.9207406082992], [-77.0127776358641, 38.9208185506698], [-77.0127682430795, 38.921164411612], [-77.0127212845463, 38.9212350458338], [-77.012574146791, 38.9212447877807]]], [[[-77.0231432492152, 38.9367298042693], [-77.0239258983216, 38.9365357566646], [-77.0238085010904, 38.936802096488], [-77.0232606464464, 38.9374375046071], [-77.0231725980738, 38.9374451145728], [-77.0231432492152, 38.9367298042693]]], [[[-77.0219847315191, 38.9382922130387], [-77.0222883989161, 38.9379026033068], [-77.0224511898152, 38.9379513050771], [-77.0221099548731, 38.9384310115343], [-77.0215245326839, 38.9384456212613], [-77.0215026191809, 38.9382946481146], [-77.0219847315191, 38.9382922130387]]], [[[-77.0174140548445, 38.9384553615435], [-77.0171229090643, 38.9382581226656], [-77.0172356108015, 38.93813149924], [-77.0175580628694, 38.938326304094], [-77.017905559069, 38.9382751682035], [-77.0184252389525, 38.9382849085091], [-77.0184283695813, 38.9380852333754], [-77.0189699629677, 38.9380681877917], [-77.0189793539557, 38.9384943226587], [-77.0184628055994, 38.938506497304], [-77.0184502839826, 38.9384066601194], [-77.0178116402061, 38.9384188361773], [-77.0176018907738, 38.9384504914026], [-77.0176175439176, 38.9385990291521], [-77.0174359692459, 38.9386112044783], [-77.0174140548445, 38.9384553615435]]], [[[-77.0153705555581, 38.9402568176921], [-77.0169700966513, 38.9402339900951], [-77.0170141203884, 38.940838929763], [-77.0153999044167, 38.94088078081], [-77.0153705555581, 38.9402568176921]]], [[[-77.0177576388811, 38.9400209282091], [-77.0187555162448, 38.9399904908444], [-77.0187897573285, 38.9409416547621], [-77.0182803029679, 38.94095443686], [-77.0181832040689, 38.9409568725432], [-77.0181734205171, 38.9405992370539], [-77.0177576388811, 38.9400209282091]]], [[[-77.0208577150451, 38.9417426002949], [-77.0211144248072, 38.9413286605074], [-77.0211238157952, 38.9411752585222], [-77.0215057489113, 38.9411460387925], [-77.0215147805732, 38.9412637302282], [-77.0212731768809, 38.9412669987526], [-77.0212678238201, 38.9413237905638], [-77.0212327769476, 38.9414741633668], [-77.0211613824421, 38.9415599803449], [-77.0213022607365, 38.9415429355966], [-77.0213147823533, 38.9418156482829], [-77.0211457301966, 38.9418302580112], [-77.0211457301966, 38.941706076622], [-77.0210417484058, 38.9417243147051], [-77.0209704167824, 38.9418132133279], [-77.0209735474111, 38.9419325253264], [-77.020823279027, 38.9419373959269], [-77.0208138862424, 38.94183512792], [-77.0208577150451, 38.9417426002949]]], [[[-77.019545994169, 38.9410462060231], [-77.0201282857294, 38.9410194212227], [-77.0201126316872, 38.9411192547286], [-77.0197870489906, 38.9415137167172], [-77.019703926979, 38.9415797437237], [-77.0197507354936, 38.9419593097819], [-77.0195960833309, 38.9419593097819], [-77.019545994169, 38.9410462060231]]], [[[-77.0157391837265, 38.9411606479602], [-77.0166721030137, 38.9411241246862], [-77.0167065390318, 38.9420445315845], [-77.0158111872898, 38.9420786215345], [-77.0157391837265, 38.9411606479602]]], [[[-77.0290082329242, 38.94950535772], [-77.0288321370774, 38.9494330791518], [-77.0275701127993, 38.94944068783], [-77.0275456552674, 38.9492771077041], [-77.028983774494, 38.9492580870108], [-77.0291305214821, 38.9493455831353], [-77.0290082329242, 38.94950535772]]]]}, "properties": {"TrashRouteArea": "OR30", "CollectionDays": "Wednesday", "RunsPerWeek": 1, "TrashStatusUpdate": "In Progress", "TStatus": "Scheduled Other Day", "ServiceArea": "Outer Ring"}}, {"type": "Feature", "geometry": {"type": "MultiPolygon", "coordinates": [[[[-77.0291625715748, 38.9368204511255], [-77.0291525535628, 38.9367172030838], [-77.0273242825336, 38.9368107106187], [-77.0273117609169, 38.9366256428333], [-77.029257741791, 38.9365555109625], [-77.0292827859228, 38.9368009701107], [-77.0291625715748, 38.9368204511255]]], [[[-77.0288583606972, 38.9370363336709], [-77.0288450036472, 38.9369331285669], [-77.0290943247661, 38.9369413541801], [-77.0290982378275, 38.9370235382893], [-77.0288712685895, 38.9372853114094], [-77.0273529280114, 38.9373370573149], [-77.0273294478465, 38.9371544253195], [-77.0287616543619, 38.9370752599298], [-77.0288583606972, 38.9370363336709]]], [[[-77.0236251657207, 38.9383983815727], [-77.0236201567147, 38.9380555260543], [-77.0239983330762, 38.938047733086], [-77.0240358997231, 38.9380263050391], [-77.0240534312442, 38.9382366932848], [-77.0238054890393, 38.9382366939836], [-77.023807992644, 38.9383905893409], [-77.0236251657207, 38.9383983815727]]]]}, "properties": {"TrashRouteArea": "OR11", "CollectionDays": "Thursday", "RunsPerWeek": 1, "TrashStatusUpdate": "Scheduled Other Day", "TStatus": "Scheduled Other Day", "ServiceArea": "Outer Ring"}}, {"type": "Feature", "geometry": {"type": "MultiPolygon", "coordinates": [[[[-76.9898145834662, 38.8615421972148], [-76.9892337112439, 38.8609422950374], [-76.9890197055937, 38.8610518011404], [-76.9889030512693, 38.860909812016], [-76.9892737141218, 38.860677742437], [-76.9900591623787, 38.8614184083354], [-76.9898145834662, 38.8615421972148]]], [[[-76.9892621932283, 38.8616193581947], [-76.9893968345197, 38.861579418964], [-76.9896625642656, 38.8618252927045], [-76.9898536520962, 38.8620137542702], [-76.9897494654895, 38.8620699184202], [-76.9892621932283, 38.8616193581947]]]]}, "properties": {"TrashRouteArea": "OR21", "CollectionDays": "Friday", "RunsPerWeek": 1, "TrashStatusUpdate": "Scheduled Other Day", "TStatus": "Scheduled Other Day", "ServiceArea": "Outer Ring"}}, {"type": "Feature", "geometry": {"type": "Polygon", "coordinates": [[[-76.9990535980598, 38.8794107835474], [-76.9992005848982, 38.8792787242535], [-76.999253166885, 38.8792843621041], [-76.9994010664117, 38.8791858821754], [-76.9995011836501, 38.8790606848304], [-76.9995183073361, 38.8788436692362], [-76.9995180028072, 38.8775634668249], [-76.9995148640936, 38.8765203574708], [-77.0020079324505, 38.8765197602355], [-77.0020392459247, 38.8798875864519], [-77.0020406814325, 38.880051516104], [-77.0020408027051, 38.88020224884], [-77.0020406437032, 38.8802764147364], [-76.9990535980598, 38.8794107835474]]]}, "properties": {"TrashRouteArea": "IC610", "CollectionDays": "Monday/Thursday", "RunsPerWeek": 2, "TrashStatusUpdate": "Scheduled Other Day", "TStatus": "Scheduled Other Day", "ServiceArea": "Inner City"}}]}