{"type": "FeatureCollection", "features": [{"type": "Feature", "geometry": {"type": "Polygon", "coordinates": [[[-76.99391635814753, 38.87770787939502], [-77.00335675450492, 38.88034379471702], [-77.00350857019625, 38.880392012734696], [-77.00350378874546, 38.88052385462623], [-77.0046854349195, 38.88052739795448], [-77.0051599889193, 38.88052763524605], [-77.00561711260129, 38.88051713964025], [-77.0055089266519, 38.88021444088434], [-77.00546477647964, 38.88009138832744], [-77.00542062645964, 38.87996833575124], [-77.0053764765987, 38.879845373239625], [-77.00533221163396, 38.87972232063006], [-77.00528794682863, 38.879599358085066], [-77.005243566927, 38.87947639552581], [-77.00522178047984, 38.87941595018603], [-77.00519918717835, 38.87935343294708], [-77.00517993679009, 38.87930010411583], [-77.00515849626753, 38.8792406496703], [-77.00515434650445, 38.879229299278116], [-77.00515019674268, 38.87921794888582], [-77.0051080074826, 38.8791012920457], [-77.00506570310615, 38.87898454510909], [-77.00496103661949, 38.8786782642132], [-77.00493890506287, 38.87861998084162], [-77.00491700403693, 38.87856169745549], [-77.00489521828794, 38.87850332397594], [-77.00487838911289, 38.878458282708465], [-77.00486167520609, 38.87841324143344], [-77.00483285813887, 38.87833504976527], [-77.0048053090744, 38.8782601911428], [-77.00477799056118, 38.87818533250341], [-77.00475090259842, 38.878110473847286], [-77.00472381468651, 38.87803552509998], [-77.0046969573183, 38.87796048625218], [-77.00467033050487, 38.87788553747197], [-77.0046438189877, 38.87781049859617], [-77.00457627279549, 38.87762384730739], [-77.00454468988956, 38.87753664727005], [-77.00451287652993, 38.877448816644026], [-77.00449627828463, 38.87740296454876], [-77.00432626266482, 38.87693165167259], [-77.00422575280852, 38.87665329588697], [-77.00416107608406, 38.876489034588985], [-77.00435682517498, 38.876489145682115], [-77.00461845635479, 38.87648913562391], [-77.00490123120153, 38.87648912409373], [-77.00531778484849, 38.876489105861566], [-77.00556625228572, 38.87648909427892], [-77.00573409072068, 38.87648908615574], [-77.0058032003679, 38.87648908274083], [-77.00587490016227, 38.876489552658576], [-77.00594882628762, 38.876489548914975], [-77.00600730686962, 38.87648989837397], [-77.0064978125763, 38.87648987210402], [-77.0066107473451, 38.87648986576383], [-77.00670008375033, 38.87648986067109], [-77.00683324455615, 38.87648985295325], [-77.00694786476808, 38.87648984618838], [-77.00720238827819, 38.87648983076421], [-77.00734566318275, 38.876489821837694], [-77.0074620244021, 38.87649080256728], [-77.00751296210463, 38.876489538124936], [-77.0075642455277, 38.87648818355398], [-77.0076226740651, 38.876486738973306], [-77.00768110259999, 38.87648529323732], [-77.00773964636673, 38.876483757943554], [-77.00779807489685, 38.876482312712085], [-77.00785650342463, 38.876480867451406], [-77.00791493195004, 38.87647942216147], [-77.007973360463, 38.87647788675831], [-77.0080317889836, 38.87647644140993], [-77.00808998701389, 38.87647499604828], [-77.00814023330227, 38.876474361968064], [-77.00822286308606, 38.87647327517015], [-77.00831482762649, 38.87647218764934], [-77.00841220860812, 38.87647091949805], [-77.00874526369147, 38.87647170578251], [-77.00884402793817, 38.87647322977078], [-77.00894590377568, 38.87647475343713], [-77.00901113197382, 38.87647573934492], [-77.00910017537744, 38.87647705047996], [-77.00910006917823, 38.87564447518604], [-77.00910467909601, 38.87490115125488], [-77.00909740656846, 38.87471981666882], [-77.0090901487571, 38.874648038863484], [-77.00908528480808, 38.87440437101569], [-77.00908523045432, 38.87419247034675], [-77.0090851168673, 38.87375296790504], [-77.00908507411182, 38.87341720956423], [-77.00908600458894, 38.873150788804125], [-77.00908598332917, 38.872983851278434], [-77.0090869251718, 38.872812392580705], [-77.00908498241212, 38.87269708179179], [-77.00908789789212, 38.87247626814047], [-77.00908877245618, 38.87217253002774], [-77.00908876237528, 38.87209339513849], [-77.00908682678308, 38.87203988536738], [-77.00908596860727, 38.871923774983], [-77.00908379476965, 38.87172997002244], [-77.00908378102874, 38.87162204426515], [-77.00907346211639, 38.869875857831445], [-77.00585186516267, 38.86856250829031], [-77.00606248198726, 38.86825945463254], [-77.00620073658209, 38.868003788685], [-77.00639313931369, 38.86764875683639], [-77.00665179156704, 38.86723678773132], [-77.00721759653635, 38.86639861143465], [-77.00793696737587, 38.865402864769294], [-77.00810838554834, 38.8650665688656], [-77.00818522059409, 38.864888917556684], [-77.0082087309441, 38.864827019084075], [-77.00821091955926, 38.86482126255271], [-77.00843289284788, 38.864364249798335], [-77.00878647772544, 38.863862184670666], [-77.00893943830098, 38.86359642475454], [-77.00911558093763, 38.86342389994017], [-77.00941018603974, 38.86318650475748], [-77.0101006380584, 38.86264702297147], [-77.01152429793375, 38.861819305643664], [-77.01152648691244, 38.86181802623193], [-77.01402665537985, 38.86066386397648], [-77.01454382776929, 38.86039589022327], [-77.0151888919607, 38.860147653068005], [-77.02016383867918, 38.85733789280334], [-77.0321990922766, 38.850659945496545], [-77.03219646815249, 38.85063992046457], [-77.0321921916534, 38.85060884253572], [-77.03218791527983, 38.85057803485968], [-77.03218352374857, 38.85054731729945], [-77.0321785564952, 38.850517230488194], [-77.03217347461238, 38.850488404889425], [-77.03216931398389, 38.85045876827704], [-77.03216492332042, 38.85042994248717], [-77.03216168841313, 38.850409404141], [-77.03216041758039, 38.850401386981744], [-77.03215660370411, 38.85037427263551], [-77.03215302055881, 38.85034787890044], [-77.03214932193045, 38.85032085460634], [-77.03214550867119, 38.850295091524806], [-77.03214042868342, 38.850270409804395], [-77.03213120282058, 38.85024879209371], [-77.03211702337701, 38.85022735591391], [-77.0320985829438, 38.85020916394168], [-77.03207864603388, 38.85019349474033], [-77.03205905704344, 38.85018296024951], [-77.03204211882486, 38.85017494739042], [-77.0320364690198, 38.85016395864694], [-77.03203945794996, 38.85014990466358], [-77.03204855388883, 38.850138821788114], [-77.03206606215784, 38.850133592086024], [-77.03208852465157, 38.85012962220091], [-77.03211329121147, 38.85012574176199], [-77.03213817268605, 38.85012123069552], [-77.03216224847844, 38.850118341364556], [-77.03218459572005, 38.85011428140826], [-77.03219795424482, 38.850103557683305], [-77.03219852756976, 38.85009761195613], [-77.03219933076898, 38.8500904950686], [-77.03218792189556, 38.85008176003017], [-77.03216660717322, 38.850076270758336], [-77.03214391125543, 38.850073484394365], [-77.03212352058183, 38.85007339992298], [-77.03210278661375, 38.85007845035213], [-77.03207963398152, 38.850084762623595], [-77.03205751835955, 38.85009152502757], [-77.03203978010193, 38.85009765563532], [-77.03202215498153, 38.85009919190596], [-77.0320057941267, 38.850094151667655], [-77.03199565184508, 38.850083974913126], [-77.03199207442636, 38.8500701929835], [-77.0319910311951, 38.85005586985301], [-77.03199275283514, 38.85004163604911], [-77.0319993123208, 38.85002604965339], [-77.03201116988784, 38.850007849357496], [-77.03202510082768, 38.84998910798521], [-77.0320408762322, 38.84997315872079], [-77.03206195322839, 38.849962432892305], [-77.03208637262995, 38.8499552194322], [-77.03211044630174, 38.84994773580899], [-77.03213417387842, 38.84993917126346], [-77.03215594270637, 38.8499298865776], [-77.03217413915861, 38.84991808050966], [-77.03218887863899, 38.84990420345136], [-77.03220211952511, 38.8498881647794], [-77.03221397697699, 38.84986987437809], [-77.03222329890363, 38.849849152397134], [-77.03222985502661, 38.849826269153795], [-77.03223491227283, 38.84980059370809], [-77.03224065905219, 38.849771224611764], [-77.03224421717476, 38.84974221645718], [-77.03224731436944, 38.84971293817651], [-77.03225167880974, 38.84968374962989], [-77.03225708070372, 38.84965600214646], [-77.03226098547418, 38.849629336089066], [-77.03226350864941, 38.84960447210101], [-77.03226499497752, 38.84957951831501], [-77.03226613602892, 38.84955528529944], [-77.03226773922513, 38.84953402494077], [-77.03226968899897, 38.84951492651157], [-77.03227002547774, 38.849494747515564], [-77.03227082300207, 38.84947510889836], [-77.03227219701625, 38.84945655113443], [-77.03227172513712, 38.849432048311044], [-77.03227136760333, 38.84940565368373], [-77.03227101035482, 38.84937988964699], [-77.0322712284964, 38.849352774185206], [-77.03227375182121, 38.84932827053331], [-77.03227523712171, 38.84930106463656], [-77.03227591748725, 38.849277102000315], [-77.03227567873702, 38.84925863476603], [-77.03227486810096, 38.849249266213405], [-77.03227886962966, 38.84918188198133], [-77.03228035105506, 38.84914611806754], [-77.03228045020396, 38.84911062478896], [-77.03228135664698, 38.84907711314363], [-77.03228341533014, 38.84904414168579], [-77.03228616569798, 38.84901225104917], [-77.03228799422243, 38.848979820160935], [-77.03228878664247, 38.84894892099384], [-77.03228957951008, 38.84891901275483], [-77.03229071830127, 38.84888982509515], [-77.03229185855861, 38.84886388047327], [-77.03229311425895, 38.84883847632565], [-77.03229402562394, 38.84881586488957], [-77.03229447790311, 38.84879703712515], [-77.03229892767081, 38.84870199685262], [-77.03230452692932, 38.84860146111187], [-77.03230518995146, 38.84853921260656], [-77.03230507161334, 38.84853227614032], [-77.03230989736467, 38.84850443872424], [-77.03230988810873, 38.84848398956729], [-77.03231033993309, 38.84846417087348], [-77.03231102239926, 38.848444892622155], [-77.03231124447821, 38.84842651534229], [-77.03231077560982, 38.84840867876], [-77.03230984672209, 38.84839255390868], [-77.03230937960764, 38.84837859095526], [-77.03230925914922, 38.848366970100365], [-77.03230844831499, 38.84835715112462], [-77.03230763772564, 38.84834787265523], [-77.03230659441547, 38.84833345943912], [-77.03230520314574, 38.84831382142371], [-77.03230277549838, 38.848295084539096], [-77.03230115334442, 38.84827436557455], [-77.03230056785455, 38.848253376069835], [-77.03229871538699, 38.84823283733766], [-77.0322965178147, 38.848213379713755], [-77.03229697053773, 38.848195542875814], [-77.03229788413509, 38.848177886079114], [-77.03229914361202, 38.84816085977753], [-77.0323028222506, 38.848143832806464], [-77.03230811382498, 38.848127165726446], [-77.03231444189481, 38.848109867768336], [-77.03231950221117, 38.84809130897915], [-77.03232421664504, 38.848072119694585], [-77.03232985266091, 38.84805293015454], [-77.03233733135238, 38.848032659090784], [-77.03234480950906, 38.84801121692929], [-77.03235136640414, 38.84799049569783], [-77.03235746221783, 38.84796914400294], [-77.03236263583227, 38.8479464412971], [-77.03236711792952, 38.84792301810739], [-77.03237079314897, 38.84789851412827], [-77.03237331577537, 38.847872659202416], [-77.03237503185245, 38.847846444162414], [-77.03237651777813, 38.847820769692596], [-77.03237834892782, 38.84779428436719], [-77.03238052595508, 38.84776842953658], [-77.03238281854604, 38.847743385433475], [-77.0323845349026, 38.84771780098362], [-77.03238613638744, 38.84769293724085], [-77.03238877464815, 38.84766807321023], [-77.03239095248526, 38.847644020067], [-77.03239209423964, 38.84762149864621], [-77.03239208463324, 38.84760032881108], [-77.0323929982812, 38.84758285218072], [-77.03239633311556, 38.84756987909926], [-77.03239851724372, 38.847559698953965], [-77.03240231584999, 38.84755330190599], [-77.03240795867482, 38.84754924654072], [-77.03241164024183, 38.847538795726166], [-77.03241485909626, 38.84752411107231], [-77.03241738693005, 38.84750978694792], [-77.03241818762359, 38.84749726499148], [-77.03241691485023, 38.84748492377971], [-77.03241587312613, 38.8474740238544], [-77.03241805831215, 38.84746618590316], [-77.03242197198612, 38.84745951856924], [-77.03242772778962, 38.84745059861295], [-77.0324334815861, 38.84743726452042], [-77.03243854247881, 38.847420147074565], [-77.0324419889324, 38.84739933661595], [-77.0324456654504, 38.84737780541783], [-77.03244957289243, 38.84735744525278], [-77.03245244351912, 38.847336995291386], [-77.03245704217909, 38.84731672501821], [-77.03246198609924, 38.84729573397343], [-77.03246704455769, 38.847273301545734], [-77.03247141138169, 38.84724987838154], [-77.03247520205524, 38.84722609503967], [-77.03247680362044, 38.84720150154684], [-77.0324780589388, 38.847175466799506], [-77.03248230908095, 38.84714880062772], [-77.03248851760223, 38.84712222399508], [-77.03249507211851, 38.8470965481099], [-77.03250277863584, 38.8470709619879], [-77.03251002407467, 38.84704474540271], [-77.03251508143346, 38.847019970777275], [-77.03251921742309, 38.846995646830294], [-77.03252254629695, 38.846969701588364], [-77.03252541405496, 38.84694303579926], [-77.03252759071559, 38.84691655037146], [-77.03252896083713, 38.846889704830495], [-77.0325320586534, 38.84686231830139], [-77.03253815127822, 38.846834300346245], [-77.03254516661653, 38.84680880449745], [-77.03255333403317, 38.84678357858009], [-77.03256299890937, 38.846758172075454], [-77.03257185822939, 38.84673456748332], [-77.03257967991709, 38.84670907140701], [-77.0325869245508, 38.84668123329598], [-77.03259440043419, 38.846655286892826], [-77.03260141503543, 38.84662825960478], [-77.03260704777662, 38.84660231371534], [-77.03261175886595, 38.846576187914195], [-77.03261693094025, 38.84655051240604], [-77.03262267956511, 38.84652609791852], [-77.0326291194828, 38.846501953490666], [-77.03263579048745, 38.8464793404331], [-77.03264004328888, 38.84645870990884], [-77.03264429584067, 38.84643753887779], [-77.03264993114702, 38.8464172683041], [-77.0326554528207, 38.846400420970355], [-77.03265855716144, 38.846387447943336], [-77.03266085678229, 38.84637807851876], [-77.03266338394899, 38.84636249320445], [-77.03266740650984, 38.846342223080946], [-77.03267165945891, 38.846321952892765], [-77.03267522090435, 38.8463009622224], [-77.03267901282052, 38.84628015165625], [-77.03268418736509, 38.8462599712938], [-77.03268936252563, 38.84624114219745], [-77.03269522918406, 38.84622303358262], [-77.03269994397138, 38.84620510545899], [-77.03270581045908, 38.84618663650584], [-77.03271121591601, 38.846167627174836], [-77.03271535434911, 38.84614888845203], [-77.03271926218375, 38.846129699371446], [-77.0327239756786, 38.846108978629324], [-77.03272845828538, 38.84608717693844], [-77.0327345536586, 38.846065464879466], [-77.03274191658424, 38.84604465330899], [-77.03274985527284, 38.846023391154205], [-77.03275687264676, 38.84600266976398], [-77.03276308439786, 38.84598357011932], [-77.03276848928667, 38.845963389687554], [-77.03277285770993, 38.84594384013749], [-77.03277538301693, 38.84592429110476], [-77.0327780244272, 38.84590672389704], [-77.03278124263633, 38.84589095821603], [-77.03278642055791, 38.845878254855485], [-77.03279229130024, 38.84586915467773], [-77.03279862443325, 38.845863567662974], [-77.03280565005713, 38.84586086315542], [-77.0328134829531, 38.845860140278205], [-77.03282166168098, 38.84585995780987], [-77.03282742037116, 38.84585770407944], [-77.03282937631644, 38.845852568716154], [-77.03282856697209, 38.84584608286395], [-77.03282476186713, 38.845838066418665], [-77.03281819168159, 38.84582914990626], [-77.0328102390814, 38.84582005361323], [-77.03280597125635, 38.8458078033286], [-77.03280584852726, 38.84579140799446], [-77.032808489304, 38.84577248951916], [-77.03281170505733, 38.845751408855484], [-77.03281676321365, 38.84572879623816], [-77.03282089931561, 38.84570510286644], [-77.03282422868241, 38.84568059896135], [-77.03282675164627, 38.84565600519841], [-77.0328307734994, 38.845634383800444], [-77.03283617817688, 38.84561384302662], [-77.03284308045714, 38.84559348200003], [-77.03284860057074, 38.84557348169965], [-77.03285135660508, 38.84555474335918], [-77.03285365381053, 38.845540239116744], [-77.0328546873641, 38.845533302323396], [-77.03285572071006, 38.845525915107935], [-77.03285939804344, 38.84550663600112], [-77.03286514596216, 38.84548105039982], [-77.03286939577576, 38.84545420403774], [-77.03287318535031, 38.845428528902815], [-77.03287697479756, 38.845402583514364], [-77.03288237695436, 38.84537663767139], [-77.03288835536631, 38.84535132225681], [-77.03289583183114, 38.845327177517504], [-77.03290492149985, 38.84530411333631], [-77.03291205312098, 38.84528159021311], [-77.03292137212718, 38.8452562738545], [-77.03293000004881, 38.84523113785888], [-77.03293609308481, 38.845204651311086], [-77.0329408037952, 38.84517816515293], [-77.03294586070598, 38.84515303016355], [-77.03294930490641, 38.84512789562907], [-77.03295274927072, 38.845103121432196], [-77.03295642472622, 38.845079878605596], [-77.03296055957968, 38.84505366286204], [-77.03296803511525, 38.84502762634366], [-77.03297528025907, 38.845001589889755], [-77.03298148811875, 38.8449743826305], [-77.0329870061892, 38.84495014835276], [-77.03299275393411, 38.844924382573964], [-77.03299873176925, 38.84489798613854], [-77.03300471068295, 38.84487393189831], [-77.03300919166848, 38.84484897723671], [-77.03301275089987, 38.84482357241322], [-77.03301561922186, 38.84479870829169], [-77.03301929389119, 38.844773843941915], [-77.03302354560506, 38.84475132162457], [-77.03302883450898, 38.84472978994254], [-77.0330353896535, 38.84470636612822], [-77.03304459493279, 38.844684472999], [-77.03305299435894, 38.84466366111071], [-77.0330596655581, 38.844642129035535], [-77.03306414751128, 38.84461933639762], [-77.03306482873565, 38.84459789610309], [-77.03306608646442, 38.84457762674313], [-77.03306826535612, 38.844556546362], [-77.03307297968921, 38.84453807771175], [-77.03308149724619, 38.84452366178421], [-77.03309162870347, 38.84451185784788], [-77.03310521730567, 38.84450302571741], [-77.03311800035236, 38.84449590541872], [-77.03313182071254, 38.84449004600666], [-77.03314863724151, 38.84448670810704], [-77.03316649129482, 38.84448508151499], [-77.03318169600823, 38.844483635842295], [-77.0331955184972, 38.84448237072963], [-77.03320749707095, 38.84447930445069], [-77.0332168250475, 38.844473716559875], [-77.03322281190172, 38.84446695852134], [-77.03322142649215, 38.844460292665424], [-77.03321255316773, 38.844452728095696], [-77.03319907140167, 38.84444354331578], [-77.03318432260845, 38.844434539063435], [-77.03317095524639, 38.84442364264292], [-77.03316104193809, 38.844409051776594], [-77.03315803848919, 38.84439085556822], [-77.03316263613131, 38.84436923399079], [-77.0331694220853, 38.84434689111552], [-77.03317563257717, 38.84432562941693], [-77.0331846080504, 38.844305177692064], [-77.03319577166332, 38.84428364433056], [-77.03320912379067, 38.84426184009189], [-77.03322466417855, 38.844239224468595], [-77.03323824574966, 38.844215438302875], [-77.03325044513576, 38.84419192278262], [-77.03326057139743, 38.844169128527504], [-77.03326931539354, 38.844146424749866], [-77.03327817428188, 38.84412309034745], [-77.03328599690137, 38.844100747168945], [-77.033292206875, 38.84407849453429], [-77.03329876216745, 38.84405570129388], [-77.03330796728206, 38.8440338081416], [-77.03331751796564, 38.844011914889876], [-77.033327989839, 38.84398930069848], [-77.03333823115446, 38.84396632623406], [-77.03334835697724, 38.84394272121042], [-77.03335710058106, 38.84391929674967], [-77.03336457753734, 38.84389686357948], [-77.03337228482948, 38.843874340258374], [-77.03338229526823, 38.84385037492647], [-77.03339230603737, 38.8438271302693], [-77.03340312330707, 38.843804245718275], [-77.03341370989222, 38.84378073064088], [-77.03342464267656, 38.84375856673041], [-77.03343523042933, 38.84373757401582], [-77.03344535732717, 38.843716401263286], [-77.03345813382376, 38.843695678172686], [-77.03347206201151, 38.84367450432806], [-77.03348345535626, 38.84365197994169], [-77.03349185385677, 38.84362972666691], [-77.03349679730188, 38.843608915734656], [-77.03350070377275, 38.84358756459285], [-77.03350691388849, 38.843565852451704], [-77.03351496734902, 38.843544770372205], [-77.03352808919763, 38.84352368683633], [-77.0335433994927, 38.843502242332086], [-77.03356043763871, 38.84348079732898], [-77.03357689990604, 38.843459532657924], [-77.03359128813918, 38.843437007398684], [-77.0336022202645, 38.84341367237227], [-77.03361303778593, 38.843391598560466], [-77.0336254681799, 38.84336997470536], [-77.03363743818643, 38.84334916174181], [-77.03364526116061, 38.8433279896345], [-77.03365469705055, 38.84330735756846], [-77.03366447816627, 38.843286004726124], [-77.03367195512963, 38.8432639318718], [-77.03367862630877, 38.84324303034766], [-77.03368575850011, 38.8432226691969], [-77.03369358178628, 38.843202217761686], [-77.03369392693178, 38.843201316817215], [-77.03370186565867, 38.843181405854935], [-77.03371014999409, 38.84316158487668], [-77.03372027719676, 38.84314140302754], [-77.03373086553722, 38.8431220318045], [-77.03374191467482, 38.843102750531706], [-77.03375169692897, 38.84308392004656], [-77.03376171041003, 38.84306689118329], [-77.033773222038, 38.84305130323741], [-77.0337840424359, 38.84303553532145], [-77.03379624506562, 38.84301967691973], [-77.0338104061317, 38.8430042683719], [-77.03382318482767, 38.84298868005389], [-77.03383296794124, 38.842971741335504], [-77.03384148357783, 38.84295399222334], [-77.0338496534699, 38.84293588287289], [-77.03385644099518, 38.842917593753775], [-77.03386380455113, 38.84289948463607], [-77.03387208983472, 38.84288182567284], [-77.03388026048032, 38.84286533784052], [-77.03388900766912, 38.84285011102304], [-77.03389706341692, 38.84283425381422], [-77.03390431244893, 38.84281758607877], [-77.03391110050526, 38.84280046805431], [-77.03391558545204, 38.84278479205045], [-77.03391960955305, 38.84276893601133], [-77.0339225966044, 38.84275235959751], [-77.0339244316311, 38.84273551326494], [-77.03392684256141, 38.84271857668041], [-77.03393063584922, 38.84270181986294], [-77.03393615697624, 38.84268506254294], [-77.03394190907895, 38.84266956633829], [-77.0339457029175, 38.84265398061838], [-77.03394765329695, 38.8426374945896], [-77.03394810664307, 38.84262190984106], [-77.03394821609191, 38.84260983848759], [-77.03394855694741, 38.84259992909455], [-77.03394763123524, 38.842591101083755], [-77.03394624390957, 38.842580471517365], [-77.03394531048755, 38.842555428300514], [-77.03394622600392, 38.84254281620552], [-77.03394737031329, 38.8425268709178], [-77.03394908923958, 38.842508132843705], [-77.03395218906302, 38.842486511664085], [-77.03395505910629, 38.84246615173405], [-77.03395712243923, 38.84244498127813], [-77.03395745729364, 38.84242246005759], [-77.03395710195689, 38.84240192089665], [-77.03395640049658, 38.84238021073789], [-77.0339561588067, 38.842356428501915], [-77.0339583371107, 38.84233480758967], [-77.03396028503583, 38.84231318674437], [-77.03396108021508, 38.842289764544454], [-77.03396302788092, 38.842267603192084], [-77.03396612781825, 38.8422462522647], [-77.03396911089327, 38.842221388075835], [-77.0339727857409, 38.842197874952916], [-77.03397565426614, 38.842174362064505], [-77.03397725464377, 38.842148597432654], [-77.03398012325131, 38.842125264712934], [-77.03398264620586, 38.84210175192465], [-77.0339841314767, 38.84207616749493], [-77.03398550250154, 38.842052564957285], [-77.03398733376426, 38.842027881271534], [-77.03398893422015, 38.842002296807905], [-77.03399249381877, 38.841978693632626], [-77.03399570669222, 38.84195265827659], [-77.03399961155043, 38.84192842440878], [-77.03400593685862, 38.8419073427931], [-77.03401110835077, 38.841882207710704], [-77.03401535880695, 38.84185806382593], [-77.0340179975724, 38.84183590226962], [-77.03401787006445, 38.841810048054874], [-77.03401590079446, 38.84178680682738], [-77.03401381702444, 38.84176500698513], [-77.03401230756424, 38.84173978376435], [-77.03401460084855, 38.8417178024774], [-77.03401896867089, 38.84169825286726], [-77.03402506396391, 38.84167798207733], [-77.03403277325603, 38.84166059352055], [-77.03404163686993, 38.84164833944326], [-77.0340507315867, 38.84163761673443], [-77.0340628220403, 38.841628694840786], [-77.03407871407104, 38.8416205825965], [-77.03409495234965, 38.841613911600945], [-77.03410900309272, 38.84160940327053], [-77.03412075038246, 38.84160552620336], [-77.03413007946243, 38.841603181278714], [-77.03413595269718, 38.84160038694153], [-77.03413848471448, 38.84159597206027], [-77.03413894275103, 38.841590296602476], [-77.03413824891132, 38.8415846214816], [-77.0341376698717, 38.84157813556661], [-77.0341321396605, 38.84157561481778], [-77.0341310989667, 38.841567237263114], [-77.03413132438885, 38.84155687747913], [-77.034132125275, 38.841545526597244], [-77.03413269604427, 38.84153471628969], [-77.03413315188423, 38.84152444652271], [-77.03413349223511, 38.84151354619797], [-77.0341340622716, 38.84150120445399], [-77.03413520807297, 38.84148850220353], [-77.03413692976807, 38.841475709700056], [-77.03413853623202, 38.84146282714579], [-77.03414025783972, 38.84144985447323], [-77.03414197957602, 38.84143715205416], [-77.03414347033389, 38.84142318851949], [-77.03414461677862, 38.84141183753618], [-77.03414496057412, 38.84140814397081], [-77.0341476019973, 38.84139165773319], [-77.03415082000213, 38.841376522594395], [-77.03415438348118, 38.84136120718532], [-77.03415771576523, 38.841344180238146], [-77.03416058630746, 38.841325081482225], [-77.03416368812776, 38.841307874433205], [-77.0341666756218, 38.841292469107664], [-77.03416954788426, 38.84127697373129], [-77.034173341211, 38.841260577239986], [-77.03417943961443, 38.84124697269335], [-77.03418703687075, 38.8412363404962], [-77.0341955568294, 38.84122823039452], [-77.03420488447651, 38.841223002759804], [-77.03421467373373, 38.84121957667925], [-77.0342250391412, 38.84121660085151], [-77.034235749288, 38.841211913315966], [-77.03424473046145, 38.84120479400497], [-77.03425313457446, 38.84119533266535], [-77.03426153868514, 38.84118587132514], [-77.03426856059338, 38.84117650047459], [-77.0342735088753, 38.8411665897255], [-77.0342775348386, 38.841154967641316], [-77.03428075423271, 38.841142805286786], [-77.03428178429627, 38.841129022053984], [-77.03428027985912, 38.84111442880498], [-77.03427762368405, 38.84110010614768], [-77.03427312486697, 38.84108650470746], [-77.03426782004675, 38.84107353409522], [-77.03426193838665, 38.84105867187736], [-77.03425432866857, 38.84104326965921], [-77.03424499206035, 38.841029759721984], [-77.03423358265674, 38.84101742149059], [-77.034221366907, 38.84100499341], [-77.03421076299774, 38.84099094333445], [-77.03420200199263, 38.84097671254884], [-77.03419612182141, 38.84096491320043], [-77.0341940433708, 38.84095428383671], [-77.03419484514626, 38.84094482472782], [-77.03419818098305, 38.84093527479201], [-77.0342012862731, 38.840925364585495], [-77.03420393142046, 38.840916715697006], [-77.03420703809017, 38.84090968819443], [-77.0342119881753, 38.84090356099661], [-77.0342190117031, 38.84089761335969], [-77.03422730249717, 38.84089211577334], [-77.03423236949375, 38.84088959192094], [-77.0342360545976, 38.8408877891498], [-77.03424607422362, 38.84088445308336], [-77.03425828338618, 38.84088318831725], [-77.0342733727293, 38.84088300371835], [-77.03428915392695, 38.840884350351004], [-77.03430505100417, 38.84088713829975], [-77.03432210020756, 38.84089046641458], [-77.034339033966, 38.84089325405384], [-77.03435470032738, 38.84089532138754], [-77.03437082583095, 38.840894055456886], [-77.03438764188888, 38.84089161822187], [-77.0344059543282, 38.84088701851495], [-77.03442737606166, 38.840880886451345], [-77.034446724348, 38.84087457482673], [-77.03446457455453, 38.8408669123735], [-77.03448357670877, 38.84085942974625], [-77.03450269382782, 38.8408514966593], [-77.03451835312849, 38.840838970281624], [-77.0345329740467, 38.840822930912886], [-77.03454483026758, 38.840806441937964], [-77.03455253837977, 38.840787071485344], [-77.03455725029224, 38.84076490929926], [-77.03455896748974, 38.840743018253164], [-77.03455999483356, 38.84072373986223], [-77.03455940834905, 38.840701939582644], [-77.03455778414288, 38.840677977581734], [-77.03455627621402, 38.84065626765926], [-77.03455465096346, 38.840630143630015], [-77.0345532561298, 38.840604109616926], [-77.03455186282315, 38.840581228561426], [-77.03454989180003, 38.84055465421156], [-77.03454826742602, 38.84053033187195], [-77.03454583710072, 38.84050673044689], [-77.03454329054506, 38.84048096702763], [-77.03454316494162, 38.84045943686422], [-77.03454384437445, 38.840435294011364], [-77.0345456745744, 38.84040889870478], [-77.03454946519643, 38.84038718721293], [-77.03455256483315, 38.84036574617903], [-77.03455428110686, 38.84034196335686], [-77.03455542319577, 38.840321784085575], [-77.03455345496899, 38.84030097514329], [-77.03455160031568, 38.840276833039965], [-77.03455170564787, 38.840256473906344], [-77.03455204139442, 38.84023620478893], [-77.03455295123656, 38.84021215195147], [-77.03455605099536, 38.8401909811704], [-77.03456341356926, 38.84017179098643], [-77.03457192616007, 38.84014881691124], [-77.03458216730981, 38.84012746384471], [-77.03459528943752, 38.8401089025436], [-77.03461025377922, 38.84008880925777], [-77.03462613911331, 38.8400677247669], [-77.03464582825801, 38.84005222438548], [-77.03467047276051, 38.84004167717784], [-77.0346953491582, 38.840034282854525], [-77.03472149376992, 38.84002932043084], [-77.03475132425727, 38.84002426681942], [-77.03478069351738, 38.840018222408005], [-77.03481006105936, 38.84000866469312], [-77.03484265333549, 38.839998205162935], [-77.03487351839853, 38.83998891723855], [-77.03490680273556, 38.83998043934328], [-77.03494181519265, 38.83997268159738], [-77.03497394837017, 38.839965645380005], [-77.03500803827248, 38.839955725861955], [-77.03503959321172, 38.83994400540441], [-77.03506872806183, 38.839929853383154], [-77.03509820796802, 38.839914710321025], [-77.03512492413326, 38.83990100943566], [-77.03515106591621, 38.83989046167567], [-77.03517836233675, 38.83988558888714], [-77.03520347032986, 38.83988089692139], [-77.03522765564053, 38.83987377294641], [-77.0352528767649, 38.839864937047494], [-77.0352778673352, 38.83985574087469], [-77.03530135996209, 38.83984546413521], [-77.03532588835375, 38.83983338538687], [-77.03535145295398, 38.83982040547421], [-77.03537644251399, 38.839809227420844], [-77.03540362155897, 38.83980003055766], [-77.03543103096642, 38.83979083361822], [-77.03545521434492, 38.83977992604625], [-77.03547882210592, 38.83976964923592], [-77.03550358273725, 38.83976144401434], [-77.03552776856039, 38.8397554910758], [-77.03554999749632, 38.83975206109517], [-77.03557280365519, 38.8397512433858], [-77.03559468918958, 38.83975213755883], [-77.0356139266906, 38.8397554648182], [-77.03563247353514, 38.83975969313056], [-77.03565240133827, 38.83976139865121], [-77.0356757829271, 38.83975958981611], [-77.03570008473073, 38.83975525832797], [-77.03572069872924, 38.83974714441312], [-77.03574234672391, 38.83973371519054], [-77.03576802784161, 38.83972361785579], [-77.03579405653834, 38.83971757421268], [-77.03582019978255, 38.83971026934518], [-77.03584922182168, 38.839701342066036], [-77.03587709300376, 38.839694396993146], [-77.03590450294395, 38.83968646112568], [-77.03593375415299, 38.83967519155713], [-77.0359598937827, 38.83966076998125], [-77.03598534197695, 38.83964571802095], [-77.03601286388991, 38.839631476175995], [-77.03603762136532, 38.839617235178146], [-77.03606157335888, 38.83960461594544], [-77.0360911703816, 38.83959397682217], [-77.03611927118344, 38.83958568035233], [-77.03614587426259, 38.83957675374776], [-77.0361761634172, 38.83956818633285], [-77.0362050720885, 38.839563042550594], [-77.03623409667142, 38.839559340077784], [-77.03626554044297, 38.83955626743785], [-77.03629375964555, 38.839554366891136], [-77.03632244031739, 38.839553907546545], [-77.0363535408692, 38.83955542930099], [-77.03638049432674, 38.839556051494505], [-77.03640571960615, 38.839555863460035], [-77.03643382431024, 38.83955531418323], [-77.03645905050935, 38.839556927827644], [-77.03648093700801, 38.839559803694016], [-77.03650420654985, 38.839564300645364], [-77.03651180927024, 38.83956537928171], [-77.0365301249662, 38.83956807608675], [-77.03655086008865, 38.83957185314572], [-77.03656802546669, 38.8395775230947], [-77.03658484427869, 38.839581211290024], [-77.03660281359693, 38.839582286670606], [-77.03661836173316, 38.839578858581284], [-77.03662964518045, 38.8395698465872], [-77.0366355144518, 38.83955984536172], [-77.03663493279792, 38.83954867506192], [-77.03663435058944, 38.839536423747866], [-77.03664148628364, 38.83952525102549], [-77.03665829694596, 38.83951308433451], [-77.0366777552668, 38.83949785393488], [-77.03669824982065, 38.839481812445314], [-77.03671736164522, 38.839464780457206], [-77.03673578212394, 38.83944729826085], [-77.03675719849441, 38.83943197714692], [-77.03678172682267, 38.839420528683526], [-77.03680625704715, 38.83941277368037], [-77.03697038442431, 38.83939344371703], [-77.03704571205549, 38.839388104844765], [-77.03707266414617, 38.83938620451188], [-77.03710767879225, 38.839383671017906], [-77.03714419082867, 38.83938113703689], [-77.03717966615905, 38.83937851329017], [-77.03721963361791, 38.83937579801575], [-77.0372522299527, 38.83937434626401], [-77.03728563346853, 38.83937460585155], [-77.03731777028956, 38.83937549642629], [-77.0373421902981, 38.83937738039126], [-77.03736545860886, 38.839379534973475], [-77.03738619287161, 38.839381690362735], [-77.03740174253122, 38.83938132504275], [-77.03741176170347, 38.83937780853471], [-77.03741855463542, 38.83937222111578], [-77.03742039446375, 38.83936627494639], [-77.03742085246118, 38.83936104989636], [-77.03742465126749, 38.83935672462049], [-77.03743651328489, 38.83935302735033], [-77.03745966314509, 38.83934896611858], [-77.0374869597686, 38.83934517380406], [-77.03751345071663, 38.839342552841124], [-77.03754074842432, 38.83934083245807], [-77.03756988945388, 38.83933983215162], [-77.0375906219088, 38.83933856429267], [-77.03759741747976, 38.83933802159664], [-77.03760905063578, 38.83933720708788], [-77.03763266240402, 38.839335397786435], [-77.0376612268924, 38.83933322654406], [-77.03768921550665, 38.83933114556522], [-77.03772181095475, 38.83932807216089], [-77.03775348440428, 38.83932400811577], [-77.03778308487261, 38.83932057532494], [-77.03781464408571, 38.839318312991], [-77.03782881118765, 38.83931731747027], [-77.03784078984178, 38.83931641274187], [-77.03786175246194, 38.839314784421994], [-77.0378905470161, 38.839312072541645], [-77.0379180740662, 38.839308460220565], [-77.03794329729111, 38.839304578388315], [-77.03797347303906, 38.83929997426313], [-77.0380036490228, 38.83929582055277], [-77.0380299092778, 38.83929265904045], [-77.03805962432742, 38.83928814512764], [-77.03808864870248, 38.83928444219351], [-77.03811295125601, 38.8392820920622], [-77.03813713958651, 38.83928154365395], [-77.03815718379988, 38.839285680991665], [-77.03817112471319, 38.83929252285825], [-77.0381811491829, 38.839299005666305], [-77.03818886848174, 38.83930269660699], [-77.03819750828899, 38.8393045855551], [-77.03820833519346, 38.83930386133501], [-77.0382238835779, 38.83930115370789], [-77.03824611209807, 38.83929745296], [-77.03827179627838, 38.83929402132843], [-77.03829794186849, 38.839291850723335], [-77.03832800371003, 38.83928967882642], [-77.03835795041418, 38.83928759704416], [-77.03838524774154, 38.839285245871956], [-77.03840908940458, 38.839282625576935], [-77.03841726702535, 38.83928181212469], [-77.03844502503553, 38.839279370702315], [-77.03845827069834, 38.83927846549323], [-77.0384599986024, 38.83927873517747], [-77.03853060239216, 38.83927141504339], [-77.03855144975086, 38.83926969655312], [-77.03857782510714, 38.83926644479498], [-77.03860374011524, 38.83926391385942], [-77.03862332142215, 38.83926399746589], [-77.03863633890593, 38.839267146116406], [-77.03864901127818, 38.83927110564061], [-77.03866559868432, 38.83927281175305], [-77.03868897993914, 38.83927082214518], [-77.03871535602235, 38.8392689216238], [-77.03874495715493, 38.83926683985684], [-77.0387789351262, 38.839264486374624], [-77.03880819085038, 38.839262674960025], [-77.03884251436908, 38.83926032134447], [-77.03887603154952, 38.839257877902774], [-77.03890482663131, 38.83925624678644], [-77.03893753860153, 38.83925578545545], [-77.03896863907919, 38.83925730651316], [-77.03899801263671, 38.839260359576805], [-77.0390317629376, 38.83926296074683], [-77.03906297909715, 38.839265382586184], [-77.03909408051894, 38.839268615216426], [-77.03912702379947, 38.8392698653611], [-77.03915478454758, 38.839272468503246], [-77.03916480603972, 38.83927336598632], [-77.03917759204433, 38.839274442709744], [-77.03918738292208, 38.8392748898456], [-77.03920143491132, 38.83927407436602], [-77.03922032516789, 38.83927424818892], [-77.03924117429338, 38.839275772618315], [-77.03926755274205, 38.839278196029326], [-77.03929853904428, 38.839281518728384], [-77.03932653081606, 38.83928529285093], [-77.03935463737737, 38.83928834625172], [-77.03938435636692, 38.839291128848046], [-77.03941061939352, 38.83929310184297], [-77.03943722742602, 38.83929408378544], [-77.03946740591178, 38.83929461409185], [-77.03949297729037, 38.83929559637216], [-77.03951670497882, 38.83929522800296], [-77.03954423328739, 38.83929404758053], [-77.03957084042332, 38.839293407971105], [-77.03959364574003, 38.83929141837724], [-77.03961909953563, 38.839288076611886], [-77.03964662693926, 38.839285274643835], [-77.03967058424047, 38.83928355489728], [-77.03969292906619, 38.839282015863255], [-77.03970295036606, 38.83928255296206], [-77.03970951624926, 38.83928327140472], [-77.03971815534263, 38.83928380897245], [-77.03972817679333, 38.83928461632265], [-77.03973877416382, 38.83928542347592], [-77.03975017822317, 38.839286951029806], [-77.03976261878766, 38.83928820797584], [-77.0397755196867, 38.83928874408734], [-77.03979187570164, 38.83928855834324], [-77.03980972850458, 38.83928729107184], [-77.03982746647469, 38.83928665442868], [-77.03984313203914, 38.83928764001202], [-77.03985764611694, 38.83928925657824], [-77.03987262057886, 38.83929024239361], [-77.03988724903657, 38.83929041756447], [-77.03990395025089, 38.8392896010949], [-77.03992065131364, 38.83928851436935], [-77.03993562461737, 38.839287428232595], [-77.03994529971281, 38.83928679433001], [-77.03995359260125, 38.839286160899825], [-77.03995992746407, 38.83928570830843], [-77.03996822045312, 38.83928525504621], [-77.03997778071722, 38.83928525177203], [-77.03999045089635, 38.839285157347014], [-77.04000461816328, 38.8392845219003], [-77.04001855496121, 38.839283706361776], [-77.04002961312098, 38.839284603415216], [-77.04004090124465, 38.83928477971234], [-77.04005276508566, 38.83928459547266], [-77.0400623259564, 38.83928567320586], [-77.04006981321362, 38.839286211142905], [-77.0400730386664, 38.839286750542776], [-77.04010195230666, 38.839291154754655], [-77.04010817340205, 38.83929322456149], [-77.04011796585748, 38.83929646423948], [-77.04012891050745, 38.839300334112316], [-77.04014020136898, 38.83930537496408], [-77.04015195286642, 38.83931023548727], [-77.04016496991933, 38.83931248312203], [-77.04017741074904, 38.839314190446444], [-77.04018881532947, 38.83931661880269], [-77.04020010482823, 38.83931922736658], [-77.04021254550774, 38.83932066443371], [-77.0402252162004, 38.83932147082847], [-77.0402376568808, 38.83932290789293], [-77.04024940640707, 38.839324255109815], [-77.04026104049592, 38.8393251519427], [-77.04027336599373, 38.8393265890431], [-77.0402853462451, 38.839328566768586], [-77.04029674981449, 38.83932919342381], [-77.04030884352166, 38.839328108233325], [-77.04032116754547, 38.83932693287753], [-77.04033314596609, 38.83932566755528], [-77.04034397275016, 38.83932476296804], [-77.0403544545423, 38.83932484942903], [-77.04036436092386, 38.83932583693349], [-77.04037357655848, 38.83932745526779], [-77.04038187148602, 38.83933042518805], [-77.04038867004178, 38.839335197316295], [-77.04039362708171, 38.83934249244863], [-77.04039651040269, 38.83934906762212], [-77.04040826284259, 38.83935554964081], [-77.04041863129136, 38.83935887917872], [-77.04042899984303, 38.839362388884716], [-77.04043959866178, 38.83936571834096], [-77.04044800944402, 38.839369859315354], [-77.04045607441994, 38.83937354998633], [-77.04046494542969, 38.83937678995458], [-77.04047277983483, 38.83938012036616], [-77.04047957610291, 38.83938083868559], [-77.04048821480517, 38.83938065552015], [-77.04049835258644, 38.83938344462373], [-77.04050860626823, 38.83938749486978], [-77.04051828428649, 38.83939199573744], [-77.04052750126273, 38.83939595625712], [-77.0405364876161, 38.839399466433505], [-77.0405448977941, 38.83940252638663], [-77.04055042898429, 38.83940666835391], [-77.04055826365258, 38.83941044918231], [-77.04056736534694, 38.83941422956986], [-77.04057623585487, 38.83941656868445], [-77.04058453018669, 38.83941845757598], [-77.04059282451894, 38.83942034646693], [-77.04060158061274, 38.83942403688746], [-77.04061010721038, 38.839429258824346], [-77.04061920962745, 38.83943430039108], [-77.04062865698307, 38.83943826082261], [-77.04063764411592, 38.839443122258984], [-77.04064663130126, 38.839448073779195], [-77.04065561802615, 38.839452214538], [-77.04066460398232, 38.83945500402832], [-77.04067266846583, 38.839457793839046], [-77.04067877476743, 38.839460494247184], [-77.0406848813262, 38.839463645077565], [-77.04069237030122, 38.839467155763856], [-77.04070020508637, 38.83947111675177], [-77.0407086163071, 38.839475978383476], [-77.04071817931988, 38.839480749528256], [-77.0407286629854, 38.83948407899835], [-77.04073914624074, 38.83948668779134], [-77.04074985950531, 38.83948866591131], [-77.0407605729248, 38.839490914283886], [-77.04077117152076, 38.83949379328736], [-77.04078038795822, 38.83949676285732], [-77.0407882224427, 38.83950018333217], [-77.04079525063814, 38.839503604088314], [-77.0408021612817, 38.83950288099643], [-77.04080883980579, 38.83949909511095], [-77.04081586357289, 38.83949476859712], [-77.04082473105967, 38.83949179270614], [-77.04083521246459, 38.839491158447785], [-77.04084661719874, 38.839493766908745], [-77.04085675604128, 38.83949835767154], [-77.04086459114836, 38.8395028591555], [-77.0408689712442, 38.83950826269415], [-77.0408701265421, 38.839514297953656], [-77.04087013035834, 38.83952096420808], [-77.04087024884316, 38.839526729577], [-77.04087324621362, 38.83953123275427], [-77.04088050509425, 38.839535193931724], [-77.04088972210916, 38.839539154422724], [-77.0408979037562, 38.83954536738923], [-77.04090585529423, 38.839552030858464], [-77.04091254016723, 38.83955932536297], [-77.04091922468015, 38.839565989275414], [-77.04092613951146, 38.83957256302219], [-77.04093386011819, 38.83957823564057], [-77.04093448396296, 38.839581460448215], [-77.04105473665024, 38.839621812118246], [-77.04109342565944, 38.83961928514469], [-77.04109985864586, 38.83960916638622], [-77.04110561387338, 38.83960222785018], [-77.04111113878288, 38.83959537947951], [-77.04111781600216, 38.839589341463494], [-77.0411257603523, 38.839583483169655], [-77.04113439601507, 38.8395779849698], [-77.04114372288656, 38.83957266669472], [-77.04115454756874, 38.83956806856711], [-77.0411656025663, 38.83956338027265], [-77.0411772343674, 38.839560223210846], [-77.04119001853076, 38.83955796658654], [-77.041202686469, 38.83955390831115], [-77.04121477926437, 38.8395512015055], [-77.04122618183706, 38.83955002637958], [-77.04123804514678, 38.839548851089695], [-77.04124979321975, 38.83954758575482], [-77.04126211721389, 38.8395463202152], [-77.04127455644398, 38.839545144718045], [-77.04128722599026, 38.83954387905355], [-77.04129978035168, 38.83954261342843], [-77.04131118297381, 38.839541528378696], [-77.04132316141289, 38.83954026295486], [-77.04133548545663, 38.839539087492014], [-77.04134827018501, 38.83953782178009], [-77.04136163078238, 38.839536465778174], [-77.04137579766929, 38.83953510948889], [-77.04138892789696, 38.83953375356549], [-77.0414007912013, 38.83953257825912], [-77.04141300042396, 38.839532033420525], [-77.04142601635463, 38.83953220897065], [-77.04143972265925, 38.83953112309072], [-77.0414523922, 38.83952985740828], [-77.04146437110558, 38.83952940273066], [-77.0414754290598, 38.83952984922448], [-77.04148625633161, 38.839529755291984], [-77.04149823513214, 38.83952912044186], [-77.04151055922344, 38.83952803504502], [-77.04152484123783, 38.839526588612166], [-77.04153935403949, 38.83952586277172], [-77.04155283039198, 38.839525497636615], [-77.04156492421812, 38.83952459248507], [-77.04157655714941, 38.839523417242866], [-77.04158922705383, 38.83952278213721], [-77.04160304948334, 38.83952331771836], [-77.04161813873009, 38.83952349250807], [-77.04163334289858, 38.83952321683209], [-77.04164693459202, 38.8395231218986], [-77.04166006560087, 38.83952311721248], [-77.04167354200483, 38.839522842148014], [-77.04168690332953, 38.83952274729208], [-77.04170049491768, 38.83952247218332], [-77.04171443232157, 38.83952264737207], [-77.0417275634883, 38.83952291293194], [-77.04173942799659, 38.83952380953506], [-77.04175129266326, 38.83952497639053], [-77.04176350261972, 38.839525692698565], [-77.04177582776067, 38.839526408964105], [-77.04178896003565, 38.83952856629192], [-77.04180243918292, 38.83953297560753], [-77.04181591885957, 38.83953828576676], [-77.04182767029843, 38.839542785782925], [-77.04183919063095, 38.83954602469721], [-77.04185151672677, 38.839548362476094], [-77.0418638426649, 38.839550430000095], [-77.04187570802485, 38.83955276794167], [-77.04188838036315, 38.8395562766914], [-77.04190197438896, 38.83956014544701], [-77.04191464641255, 38.83956311368678], [-77.04192708743358, 38.83956500099371], [-77.04193952834952, 38.83956670813027], [-77.04195220005813, 38.83956913585884], [-77.0419660236643, 38.83957165325645], [-77.04198053753008, 38.83957272905149], [-77.04199459113573, 38.839574615771205], [-77.04200829993115, 38.83957776379688], [-77.04202258443749, 38.839580551275475], [-77.04203560159856, 38.83958279870155], [-77.0420489642075, 38.83958486583265], [-77.04206313347939, 38.839587563263265], [-77.04207695719923, 38.83959026081675], [-77.04208974410116, 38.83959268848885], [-77.04210149429113, 38.83959502644896], [-77.04211278385065, 38.83959754474321], [-77.04212441907043, 38.83960024308067], [-77.04213824290139, 38.83960312079592], [-77.0421529884215, 38.8396063585148], [-77.04216807933669, 38.83960932585341], [-77.04218259395834, 38.83961166280664], [-77.04219607176135, 38.839613729879254], [-77.04220862798314, 38.839615617114504], [-77.0422217602343, 38.83961768430909], [-77.0422361595151, 38.83961975104372], [-77.0422518259856, 38.83962208757151], [-77.04226691706815, 38.83962532515092], [-77.04228039578314, 38.83962892365057], [-77.04229260672324, 38.83963126142455], [-77.04230355015456, 38.83963278889582], [-77.04231622151356, 38.83963458599325], [-77.04233119688317, 38.83963692276092], [-77.04234755403984, 38.839638538349035], [-77.04236298950774, 38.839639793931255], [-77.04237750376765, 38.83964150026861], [-77.0423908667184, 38.83964410786762], [-77.04240561193741, 38.83964680504747], [-77.0424215086278, 38.8396488712152], [-77.04243751991456, 38.8396499464092], [-77.04245203353551, 38.83965057172306], [-77.04246585637132, 38.83965173779369], [-77.04247864281507, 38.83965335466253], [-77.04249246613443, 38.83965533149058], [-77.0425068658061, 38.83965802878346], [-77.04252184113311, 38.83966027544214], [-77.04253647063915, 38.839662071802245], [-77.04254994824716, 38.839663778495925], [-77.04256146793381, 38.83966584624018], [-77.04257229656778, 38.839668004319854], [-77.0425816267826, 38.839668451339016], [-77.04258750087084, 38.83966790868863], [-77.0426008639954, 38.83967078651718], [-77.04261376546881, 38.83967213307563], [-77.04262701298049, 38.83967429026708], [-77.04263956965467, 38.83967689813209], [-77.04265155056855, 38.83967977645975], [-77.04266272535307, 38.839682925334465], [-77.04267562785307, 38.839685983491876], [-77.04269048832992, 38.83968877067811], [-77.04270730656825, 38.83969092655441], [-77.04272377893044, 38.839692542047636], [-77.04273886961785, 38.83969505888986], [-77.04275292418478, 38.839698476955], [-77.04276651844641, 38.83970261586339], [-77.04278034324068, 38.83970702493932], [-77.0427948594683, 38.8397119742673], [-77.04280764776684, 38.839716653973625], [-77.04281951431996, 38.839720883594], [-77.04283115034326, 38.83972484304418], [-77.04284290101175, 38.83972790160576], [-77.04285545829816, 38.839731500377184], [-77.04286859161715, 38.83973527910479], [-77.04288253122998, 38.83973905753464], [-77.04289531834831, 38.839741755371996], [-77.04290637791453, 38.83974481418119], [-77.04291582505905, 38.83974814383577], [-77.04292492681296, 38.83975174387024], [-77.04293460454524, 38.839755433776624], [-77.04294624101401, 38.839760113891444], [-77.04295995135064, 38.83976569408714], [-77.04297343094042, 38.839770643774415], [-77.04298207152748, 38.83977352329792], [-77.04302331959023, 38.83979332669851], [-77.04303760971852, 38.8398053026733], [-77.04305155728521, 38.83982223342201], [-77.04306470008645, 38.83984168683292], [-77.04307761279702, 38.83986159074987], [-77.04308580358766, 38.839882577422884], [-77.04308950276999, 38.8399045566834], [-77.04309331539962, 38.839923653196735], [-77.0431057655981, 38.839940584491536], [-77.04312478167331, 38.83995805386637], [-77.0431449506424, 38.83997723441805], [-77.04316270035501, 38.839995785269096], [-77.04317779983934, 38.84001271557625], [-77.04319001921276, 38.84002883618641], [-77.04319659691865, 38.8400489226027], [-77.04320190966283, 38.840072432698946], [-77.04321274928327, 38.840092607621116], [-77.04322612145775, 38.84011025923751], [-77.04323972450044, 38.84012872152756], [-77.04325378725433, 38.840145472039566], [-77.04326047957383, 38.840164567479555], [-77.04326026077564, 38.840183665480836], [-77.0432540510821, 38.84020069375818], [-77.043247956953, 38.840218352584], [-77.04324854625033, 38.8402404230751], [-77.04325247723673, 38.84026465435652], [-77.04325905509108, 38.840284920937535], [-77.04327542060827, 38.84030004907152], [-77.0432908645932, 38.84031508746046], [-77.04329813341279, 38.84033508352923], [-77.04330263909272, 38.8403572426513], [-77.04331151991795, 38.84037624719127], [-77.04332454584763, 38.84039263774074], [-77.04333446247973, 38.84041020054199], [-77.04334414885469, 38.84042794359689], [-77.04335106990055, 38.84044424632562], [-77.04335787368474, 38.84045712588551], [-77.04336329338123, 38.84046694308534], [-77.04336467976965, 38.840473788994196], [-77.04336548918947, 38.84047892351139], [-77.04336652952821, 38.84048495878799], [-77.04336733905774, 38.84049027347416], [-77.04336469990633, 38.84050694009176], [-77.04335836840355, 38.840513068191584], [-77.04335146293958, 38.840522439547065], [-77.04334709211092, 38.84053271080615], [-77.04334548519637, 38.84054208019339], [-77.04334790847678, 38.84054928605536], [-77.04335367111094, 38.84055477907099], [-77.0433613903752, 38.84055774899288], [-77.04337083573307, 38.84055792565256], [-77.0433794729282, 38.84055503973807], [-77.04338776308664, 38.8405497216698], [-77.04339674337365, 38.84054278182293], [-77.04340583840678, 38.84053512125649], [-77.0434151634262, 38.840526830012095], [-77.04342610115563, 38.840518718336], [-77.04343888251438, 38.840511686987064], [-77.04345212461405, 38.84050465546516], [-77.04346398415178, 38.84049708394947], [-77.04347469133481, 38.84048870210107], [-77.04348390120921, 38.840480500978515], [-77.04349242002152, 38.84047239019728], [-77.04350162939777, 38.840463378312805], [-77.04351106886877, 38.8404539159192], [-77.04352131436312, 38.84044400280161], [-77.0435313297578, 38.84043454019155], [-77.04354042421322, 38.84042597876946], [-77.0435487114322, 38.84041588621086], [-77.04355665265197, 38.8404050731046], [-77.04356494025103, 38.84039561113633], [-77.04357449489042, 38.840386148694506], [-77.04358450999486, 38.84037623565726], [-77.04359383387269, 38.84036614270828], [-77.04360269755549, 38.840356950775714], [-77.04361086995723, 38.840347488847165], [-77.0436204248042, 38.84033838673951], [-77.04362940416124, 38.84033000552239], [-77.04363930555141, 38.84032252480509], [-77.04365105007382, 38.840315313651274], [-77.04366498300914, 38.8403079215085], [-77.04367926089195, 38.840299538305196], [-77.04369250155028, 38.840290254643165], [-77.04370447566093, 38.840281782214596], [-77.04371575904186, 38.840273940635136], [-77.04372796384907, 38.840266008624894], [-77.04374016848799, 38.84025780635984], [-77.0437530648993, 38.840250684848506], [-77.04376596230212, 38.8402451848569], [-77.04377874473847, 38.840240045245096], [-77.04379175737813, 38.84023463529189], [-77.04380661259566, 38.84022859405405], [-77.04382181297986, 38.84022192209297], [-77.04383609143551, 38.84021452979996], [-77.0438488732527, 38.84020839925085], [-77.04386200206287, 38.84020461076771], [-77.04387789664959, 38.84020298327207], [-77.04389655690325, 38.840203336593824], [-77.0439157943586, 38.84020576163956], [-77.04393169293554, 38.84021062022118], [-77.04394459791418, 38.84021746178741], [-77.04395681111707, 38.84022322259838], [-77.04396902365626, 38.840227902393956], [-77.0439833088133, 38.84023141030841], [-77.0439987448822, 38.84023338635023], [-77.04401417934143, 38.84023274993929], [-77.0440290370398, 38.84023076247599], [-77.04404366408862, 38.84022832467516], [-77.04405863613682, 38.840224985896974], [-77.04407475992646, 38.84022146651293], [-77.04409157427064, 38.840217046020506], [-77.04410596916279, 38.840211725594635], [-77.04412151601805, 38.840206584900585], [-77.04413844542978, 38.8402019841888], [-77.04415606572876, 38.84019702287509], [-77.04417380137781, 38.84019233176863], [-77.04419050113692, 38.840188902235155], [-77.04420766185908, 38.84018583286275], [-77.04422574462059, 38.84018366398375], [-77.0442468223117, 38.84018167413575], [-77.04426766968685, 38.840179774455784], [-77.04428736543099, 38.8401782355472], [-77.04430533434459, 38.8401782287278], [-77.04432572231809, 38.84017849124056], [-77.04434818418763, 38.84017965380708], [-77.04436857400924, 38.84018288910116], [-77.04438723638852, 38.84018666555576], [-77.04440520760144, 38.84019035218581], [-77.04442490598018, 38.84019304722592], [-77.04444345205803, 38.840195022025206], [-77.04445934904169, 38.840197268084225], [-77.0444724820823, 38.84020032595506], [-77.04448492395557, 38.840203294003224], [-77.04449840216151, 38.840205721147825], [-77.04451349307618, 38.840208327844884], [-77.04452950530646, 38.840210663934975], [-77.04454540240873, 38.84021309015126], [-77.04456049338292, 38.840215786926805], [-77.0445750077562, 38.840217402906205], [-77.04459101886528, 38.84021793729766], [-77.04460864217631, 38.84021784047907], [-77.04462522926907, 38.84021846473024], [-77.04464054937894, 38.840219179548114], [-77.04465448726421, 38.840219894892876], [-77.0446690014151, 38.840221150522524], [-77.04468478277511, 38.84022267591889], [-77.0446997586275, 38.84022546280497], [-77.04471231643353, 38.84022960188341], [-77.04472303217699, 38.840235183018784], [-77.04473317318029, 38.84024265614853], [-77.04474446643546, 38.84025075942743], [-77.04475633601592, 38.84025949307592], [-77.04476843580078, 38.84026795638128], [-77.04477903857254, 38.840277050851405], [-77.04478699287125, 38.84028740752027], [-77.04479402574454, 38.84029785462672], [-77.04480117346628, 38.84030776118145], [-77.04480751489098, 38.84031766804532], [-77.04481374101876, 38.84032739478397], [-77.0448200822208, 38.840336941309076], [-77.0448261931663, 38.84034666809127], [-77.0448326496139, 38.84035630465593], [-77.04484060319365, 38.840365490222425], [-77.04485039968945, 38.840374584995715], [-77.0448612336514, 38.840384940552774], [-77.04487149163134, 38.84039520624572], [-77.04488082829837, 38.8404057425456], [-77.04488970416872, 38.84041618893739], [-77.04489823437102, 38.84042645529244], [-77.04490711024648, 38.84043690168288], [-77.04491598623791, 38.84044752824165], [-77.0449241710037, 38.84045797489672], [-77.0449321255138, 38.840468601808915], [-77.04494042564039, 38.84047931867196], [-77.04494953161665, 38.84048931454788], [-77.04496013535208, 38.84049985035331], [-77.04497235180645, 38.84051056570543], [-77.04498468379084, 38.840521821518884], [-77.04499597904925, 38.840532987646164], [-77.04500692881014, 38.84054424399007], [-77.0450176475777, 38.84055450949224], [-77.0450283668029, 38.84056549566945], [-77.04503885543208, 38.84057612159651], [-77.04504853844452, 38.84058782884789], [-77.04506006528939, 38.840600886654435], [-77.04507285855932, 38.84061295304105], [-77.0450864576809, 38.84062429843878], [-77.04509994082395, 38.84063438269637], [-77.04511204190854, 38.84064473774016], [-77.04512391313683, 38.84065590363222], [-77.04513601451325, 38.84066670909597], [-77.04514811538067, 38.84067670379795], [-77.0451615972886, 38.840684806189365], [-77.0451758855599, 38.8406929983516], [-77.04518925263004, 38.84070164129135], [-77.0452015840543, 38.84071190615202], [-77.04521426166838, 38.840723161807006], [-77.04522763017565, 38.84073405685484], [-77.04524099748808, 38.84074306012662], [-77.04525413426008, 38.84075179323267], [-77.04526669498968, 38.840760346391576], [-77.04527994723996, 38.840769529872546], [-77.04529400671228, 38.840780154391055], [-77.0453081812036, 38.840790508609636], [-77.0453212043503, 38.84080167403426], [-77.04533319030892, 38.84081202909952], [-77.04534621186133, 38.840820672155374], [-77.04536015467905, 38.84082895451361], [-77.04537375291407, 38.84083876844101], [-77.04538827230061, 38.84084804150148], [-77.04540371352626, 38.84085785470865], [-77.04541742753231, 38.840868569431095], [-77.0454301037751, 38.84087757294995], [-77.04544393050963, 38.84088441399097], [-77.04545706687358, 38.84089242639799], [-77.04547066456028, 38.84090133946905], [-77.04548483806823, 38.84091007214504], [-77.04549912711059, 38.84091934528138], [-77.04551214841551, 38.84092753789605], [-77.04552413258473, 38.84093501023763], [-77.04553646168414, 38.84094149151368], [-77.04554844545592, 38.84094833326127], [-77.04556019851192, 38.840954634590574], [-77.0455701069742, 38.84095841427233], [-77.045577941676, 38.8409615641714], [-77.04557069935306, 38.84098417821338], [-77.04559005634674, 38.84099299893718], [-77.04561423783196, 38.840980918164135], [-77.04562310910288, 38.84098388748602], [-77.04563681913503, 38.84098829626776], [-77.04564983954664, 38.84099504751505], [-77.04566343664315, 38.841002969634005], [-77.04567876183111, 38.84101134149768], [-77.0456952388897, 38.84101971290841], [-77.04570998826682, 38.84102826516242], [-77.04572542801769, 38.841035646045384], [-77.04574040696721, 38.84104293702238], [-77.04575573113353, 38.84104968735502], [-77.04577232183726, 38.8410556264283], [-77.04578925764184, 38.84106084468767], [-77.0458042353316, 38.84106615379756], [-77.04581898264998, 38.841071462995906], [-77.04583465106, 38.84107614123912], [-77.04585124160288, 38.841081810047655], [-77.04586852321141, 38.84108738849775], [-77.04588407730986, 38.841093418046995], [-77.04589801879536, 38.84109944822829], [-77.04591242079879, 38.841105117888716], [-77.04592751363577, 38.84111033685293], [-77.04594341278303, 38.84111555549777], [-77.0459593121646, 38.84112113447849], [-77.04597452065943, 38.8411270740672], [-77.04598869201057, 38.841132293386465], [-77.04600309292489, 38.84113625143024], [-77.046018645884, 38.84114047927166], [-77.04603419919347, 38.841145247617895], [-77.04604848527461, 38.8411497462085], [-77.04606196394488, 38.8411525335102], [-77.04604919162013, 38.84117334807308], [-77.0460677416598, 38.84118099793708], [-77.04608327689672, 38.84115774999938], [-77.04608915259288, 38.84115954936975], [-77.04610274703526, 38.84116323746616], [-77.046115419518, 38.84116620524912], [-77.04612878329812, 38.84116944301102], [-77.04614306909893, 38.84117349116755], [-77.04615793106917, 38.84117789943256], [-77.04617187131251, 38.84118194772221], [-77.0461855807756, 38.84118536550991], [-77.04619894543683, 38.8411899545312], [-77.04621265630217, 38.841195534343505], [-77.04622774918032, 38.84120075326883], [-77.04624479994791, 38.84120552099392], [-77.04626161975987, 38.84120938796292], [-77.04627682730596, 38.84121379607578], [-77.04629099782031, 38.84121766409085], [-77.04630539859335, 38.84122135184384], [-77.04632152775783, 38.84122593975429], [-77.04634042205656, 38.8412315174944], [-77.04635816361026, 38.84123574442158], [-77.04637383115542, 38.84123898124041], [-77.0463885769714, 38.84124185808541], [-77.04640412927367, 38.84124500486144], [-77.0464216400503, 38.84124860127912], [-77.04643961175286, 38.84125246776428], [-77.04645620086062, 38.84125579428989], [-77.04647163763, 38.84125840059584], [-77.04648753450361, 38.841260015786816], [-77.04650596496566, 38.84126081920555], [-77.04652474181138, 38.841262883666516], [-77.04654098571658, 38.84126675082479], [-77.04655515690196, 38.841271609737156], [-77.04656921290209, 38.841276468693785], [-77.04658545681288, 38.84128033584583], [-77.04660469476728, 38.84128294061702], [-77.04662324124739, 38.84128500515411], [-77.04663982972397, 38.841287340724186], [-77.04665457532518, 38.8412898571976], [-77.04667012717842, 38.841292283262234], [-77.04668947991394, 38.84129425738192], [-77.04670871764021, 38.84129650179798], [-77.04672542136835, 38.84129892739431], [-77.04673970599036, 38.84130108370344], [-77.04675525708204, 38.841302338658366], [-77.04677599118324, 38.84130296094266], [-77.04679822259968, 38.84130340245386], [-77.04681768993812, 38.84130447566121], [-77.04683473893775, 38.84130645068081], [-77.04685489757796, 38.84130779385813], [-77.04687908723734, 38.84130832465238], [-77.04690085844008, 38.84130957708955], [-77.04691882876304, 38.84131128147314], [-77.04693725971707, 38.84131280549969], [-77.04695857029193, 38.84131423828034], [-77.04697930475405, 38.84131540103545], [-77.04699692940018, 38.84131692537714], [-77.04701397781449, 38.84131799952568], [-77.04703540268942, 38.841318080978525], [-77.04705878574646, 38.84131816163802], [-77.04707882807833, 38.841317793217726], [-77.04709633593535, 38.841316885309624], [-77.04711660780866, 38.84131525560706], [-77.04713964423266, 38.84131371486898], [-77.04715945612895, 38.84131325644342], [-77.04717535201826, 38.84131334010438], [-77.04719193879257, 38.84131306314578], [-77.04721255664109, 38.841312063878256], [-77.04723363493969, 38.84131061399821], [-77.0472510276655, 38.841309796197955], [-77.04726600181833, 38.841309519881676], [-77.04728454677317, 38.84130924211694], [-77.0473068926655, 38.84130860247072], [-77.04732681962709, 38.84130796380112], [-77.04734236929677, 38.841307056650024], [-77.04735999269364, 38.841306689162565], [-77.04738372112946, 38.841306499363306], [-77.04740721907115, 38.84130612948375], [-77.04742576420408, 38.84130612195006], [-77.04744338831864, 38.841306835463904], [-77.04746423767418, 38.84130754766361], [-77.04748589334018, 38.841308259531544], [-77.04750409333182, 38.841308882717414], [-77.04751918237075, 38.84130815589931], [-77.04753715036873, 38.84130634689256], [-77.04755857380044, 38.84130426622167], [-77.04757872975198, 38.84130155547188], [-77.0475943929227, 38.841298125874545], [-77.04760256994882, 38.84129623076515], [-77.04760809809068, 38.84129496732729], [-77.04762491349052, 38.84129207776297], [-77.0476381589895, 38.84129054092101], [-77.04764001550947, 38.84131080917914], [-77.04765683247525, 38.841310261807], [-77.04765509029589, 38.841288732319214], [-77.04766568679027, 38.84128764697824], [-77.0476807753418, 38.8412861994633], [-77.04769448146664, 38.841284482257734], [-77.04771256421984, 38.8412820425855], [-77.04773444826725, 38.841279781524975], [-77.04775425912591, 38.84127779156214], [-77.04776957798748, 38.84127625385693], [-77.04778524240974, 38.841274716008286], [-77.047805859515, 38.84127263562211], [-77.04782843473947, 38.84127046434534], [-77.04784686340814, 38.84126856501762], [-77.04786252800822, 38.841267297412124], [-77.04788153357731, 38.84126683919462], [-77.04790088482832, 38.841266561001184], [-77.04759045783132, 38.84082076961577], [-77.0474783119938, 38.840647042241905], [-77.04747669944834, 38.840647132982355], [-77.04746725472738, 38.84064794758437], [-77.04745205034192, 38.840648224020214], [-77.0474329289706, 38.84064751111613], [-77.04741150369821, 38.840646528891156], [-77.04738685303634, 38.84064527771827], [-77.04735909300814, 38.840645018731585], [-77.04732684078226, 38.840644851644356], [-77.04729389738029, 38.84064459474372], [-77.04726210577978, 38.84064424728291], [-77.0472287020511, 38.840644621141976], [-77.0471910364366, 38.84064499671463], [-77.04714749633082, 38.840645374648254], [-77.04710395598683, 38.84064539222763], [-77.04706318034663, 38.84064576901408], [-77.04702275002697, 38.84064578530908], [-77.04698162746435, 38.84064409026275], [-77.04694372863322, 38.84064014179238], [-77.04690594451903, 38.840635472587344], [-77.04686516574915, 38.84063107482614], [-77.04682335007355, 38.84062631712853], [-77.04678337679003, 38.840620657832275], [-77.04674536084978, 38.840613736555085], [-77.04670999390103, 38.84060636378283], [-77.04667934817284, 38.840596827083246], [-77.04665077450572, 38.84058530768786], [-77.04662162515336, 38.84057414885356], [-77.04659224543808, 38.840562990103905], [-77.04656275066353, 38.8405520115618], [-77.04653187490003, 38.840542925337765], [-77.04650019348837, 38.84053483035635], [-77.04646505504104, 38.84052448462941], [-77.04642841819143, 38.84051260805101], [-77.04639120577595, 38.84050127219701], [-77.04635399255334, 38.840488675148066], [-77.04631620242124, 38.840474546879236], [-77.04627864285091, 38.8404606887603], [-77.0462433868939, 38.840446649547566], [-77.04620974366803, 38.840432789854724], [-77.04617782771665, 38.840418118708094], [-77.04615040279799, 38.84040155400193], [-77.0461237844247, 38.84038534930875], [-77.0460973963184, 38.84036896434943], [-77.04607515339502, 38.84035023555015], [-77.04605567505361, 38.84033168582481], [-77.04603780833271, 38.84031160402352], [-77.0460214392659, 38.84029188196704], [-77.04600564613571, 38.84027215968123], [-77.045991003534, 38.84025036499567], [-77.04597290462442, 38.84022740057074], [-77.04595491934622, 38.8402020038159], [-77.04593762594641, 38.84017777788474], [-77.04592286773602, 38.84015526255959], [-77.04590615300722, 38.84013527036889], [-77.04589012957297, 38.84011554815755], [-77.04587986297655, 38.840092040130855], [-77.04586994072693, 38.84006664019268], [-77.04586071144689, 38.84004412268634], [-77.04584987311048, 38.84002710096773], [-77.04584825241972, 38.84001448976979], [-77.04586161070604, 38.84000952987248], [-77.04588740920877, 38.840004925421646], [-77.04591424298319, 38.839998158529106], [-77.04594349789932, 38.839994903974144], [-77.04597309819388, 38.83999137902218], [-77.0460000473143, 38.83998488231804], [-77.04602296640586, 38.83998063931014], [-77.04604738656053, 38.83998207103113], [-77.04607134841764, 38.839987286478284], [-77.0460933538192, 38.839995115144674], [-77.04611559122506, 38.840005466082125], [-77.04613863627195, 38.84001788864032], [-77.0461614511897, 38.84003067162314], [-77.0461865703426, 38.840044264450455], [-77.04621307289304, 38.84005965841523], [-77.0462393454347, 38.84007559297229], [-77.04626619362216, 38.840091076872596], [-77.04629165813827, 38.840104309202154], [-77.04631619866883, 38.84011366825793], [-77.04634027554107, 38.84011852326607], [-77.04636181576709, 38.84011941555743], [-77.04638001164173, 38.84011418342567], [-77.04639325203159, 38.84010507962597], [-77.0464055672474, 38.84009030086712], [-77.04642168128447, 38.840072007299355], [-77.04643860283979, 38.840055605183196], [-77.04645218272951, 38.84003722253476], [-77.0464655303071, 38.84001586718765], [-77.04648048988084, 38.83999361035161], [-77.0464937224916, 38.83997261538503], [-77.04650373038454, 38.839952342377984], [-77.04650417733463, 38.839931172334374], [-77.04649989835873, 38.839904869355095], [-77.04649388985305, 38.83987586452845], [-77.04648476749122, 38.83984091536221], [-77.04647587521454, 38.839805515680766], [-77.04647032517897, 38.83977299737297], [-77.0464636219536, 38.83973840757947], [-77.04644989335468, 38.8397051718495], [-77.0464354747161, 38.83967355791399], [-77.04642094061298, 38.839641493599714], [-77.04640375833505, 38.83961105185808], [-77.04638496267115, 38.83957934957138], [-77.04636512966293, 38.83954656667915], [-77.0463465652204, 38.83951612547766], [-77.04632938370587, 38.839486764738645], [-77.0463119725384, 38.8394584851026], [-77.0462994003452, 38.83943209531977], [-77.04628556008497, 38.83940408451662], [-77.04626757315158, 38.839375985271005], [-77.046251429118, 38.83934779520769], [-77.04623390242291, 38.83931888501338], [-77.04621246013059, 38.83929096729664], [-77.0461930916309, 38.839263769431504], [-77.04616923278283, 38.83923936596019], [-77.04614410704586, 38.83921514315384], [-77.0461215174053, 38.83919407229899], [-77.04609754731845, 38.839175704521224], [-77.04607530308077, 38.839154363267234], [-77.04605155914449, 38.83912941921884], [-77.0460288511804, 38.83910339374239], [-77.04601178804035, 38.839078627219976], [-77.04599956534844, 38.83905809276111], [-77.04599114667865, 38.83904215111393], [-77.0459871057975, 38.83902746892494], [-77.04598030109499, 38.83901368867011], [-77.04596877474413, 38.839001261542734], [-77.04595505846257, 38.83898658316277], [-77.0459420318957, 38.838969742480536], [-77.04592831429281, 38.838952992153295], [-77.04591459652246, 38.8389359715708], [-77.04589926659779, 38.83891958221248], [-77.04588082690506, 38.83890346432825], [-77.0458580105462, 38.838887798583464], [-77.04583600215717, 38.838874744968784], [-77.04582263517732, 38.83886583184701], [-77.04579475309374, 38.83885377146039], [-77.04577977725528, 38.83885062437607], [-77.04576779508392, 38.83884576450953], [-77.04575442921487, 38.83883856298587], [-77.04574014072895, 38.83882956013125], [-77.04572631263295, 38.838820016587206], [-77.04571156278722, 38.8388100229798], [-77.04569393469372, 38.838802102441974], [-77.04567550072582, 38.83879481280869], [-77.04565856362346, 38.83878671182601], [-77.0456453121533, 38.838778249061356], [-77.04563793531074, 38.83877023442103], [-77.04563482266151, 38.838766001664204], [-77.04563309157585, 38.838760777437074], [-77.04562997794851, 38.83875501324313], [-77.04562409918037, 38.838748079030815], [-77.04561199759476, 38.83873655293811], [-77.0455889530531, 38.838724130273356], [-77.04556360399756, 38.83871035723543], [-77.04554482055241, 38.8386968518838], [-77.04554216898838, 38.83869315945184], [-77.04546611324834, 38.83863823752669], [-77.04545723998108, 38.83863166481054], [-77.04544848166897, 38.838624731710716], [-77.04544052975302, 38.838617978465386], [-77.04543269411049, 38.83861293678079], [-77.04542554933677, 38.83860753448853], [-77.04542001729526, 38.83860240182189], [-77.04541632898147, 38.838598529621365], [-77.04541459952044, 38.83859582775773], [-77.04541298564342, 38.83859375644098], [-77.04540964287874, 38.83858988410578], [-77.04540514714097, 38.83858421052793], [-77.04540042000713, 38.83857691551796], [-77.04539557734785, 38.83856908004539], [-77.04539107949326, 38.83856007333936], [-77.04538681189075, 38.83855088637448], [-77.04538219937112, 38.838542690473616], [-77.04537747195607, 38.83853494504004], [-77.0453733202265, 38.838526839044256], [-77.04537055028916, 38.83851810191925], [-77.0453683560939, 38.83850909431676], [-77.04536650693201, 38.83849927581909], [-77.0453661600675, 38.83849720400916], [-77.04536477272426, 38.8384890969385], [-77.04536303891757, 38.838479548649595], [-77.04536130551212, 38.83847063095234], [-77.04536060886467, 38.83846189302128], [-77.04536071832366, 38.83845288452324], [-77.04536071288625, 38.83844432649261], [-77.04537725857755, 38.838380450111174], [-77.04537748630864, 38.838376306133036], [-77.045380126801, 38.83836261225387], [-77.0453827672352, 38.838348828290066], [-77.04538771194566, 38.838336034360275], [-77.04539599820268, 38.838325220990846], [-77.04540151973735, 38.838313868188976], [-77.04540623493688, 38.83830242561597], [-77.04541072051511, 38.83829215423131], [-77.04541566659196, 38.838281522329076], [-77.0454209572971, 38.83826944893954], [-77.04542520992743, 38.83825512383986], [-77.04542888567043, 38.83823926752699], [-77.04543463583781, 38.838225212097655], [-77.0454431488268, 38.83820872330923], [-77.04545131483161, 38.83818998254131], [-77.04545809876171, 38.83817142248014], [-77.04546200485723, 38.838155566076345], [-77.04545957404525, 38.83813673935018], [-77.04545495471874, 38.83811782339169], [-77.04545321695177, 38.83810205927042], [-77.04545481997881, 38.83808710460915], [-77.04545780168965, 38.838066654252636], [-77.04546089840865, 38.8380459335975], [-77.04546284474127, 38.8380274655044], [-77.04546467520255, 38.83800791644154], [-77.04546247189029, 38.837984585398296], [-77.04546050226989, 38.83796647916849], [-77.04545876387445, 38.837949724116996], [-77.0454560994375, 38.83792576266106], [-77.04545182555596, 38.83790666639818], [-77.04544582636044, 38.83789135435854], [-77.04544166709185, 38.83787135720489], [-77.04543785061847, 38.83784703585854], [-77.0454334621956, 38.83782893056949], [-77.0454276909088, 38.83780974480376], [-77.04542053372192, 38.837784704080256], [-77.04541176875587, 38.83776714100071], [-77.04540162282001, 38.83775147023356], [-77.04539320111586, 38.83773030363637], [-77.04538604669787, 38.83770958696855], [-77.04537993166458, 38.83769319395529], [-77.04537427695847, 38.83767617017076], [-77.04536896436413, 38.837653741178904], [-77.04536687810706, 38.8376332927932], [-77.04536629080967, 38.83761536619265], [-77.04537077033943, 38.83759563593114], [-77.04537467212887, 38.83757302318784], [-77.0453783463593, 38.83755482467668], [-77.04537879660548, 38.837538339025656], [-77.04537613255431, 38.8375149180736], [-77.0453734675888, 38.837490055768676], [-77.04537126655504, 38.83747023801909], [-77.04536871694559, 38.83744564592276], [-77.04536639804314, 38.83742159424398], [-77.04536638544981, 38.83740177564343], [-77.04536729121195, 38.83737709211907], [-77.04536935009797, 38.83735448009152], [-77.04537210373122, 38.837337633206275], [-77.04537554713075, 38.83731871410766], [-77.04537760738664, 38.83729826410892], [-77.04537886458316, 38.83728285915835], [-77.04538334798255, 38.83726925464473], [-77.04538736790872, 38.837251326251675], [-77.04538735473689, 38.8372306068051], [-77.0453830828623, 38.83721457341226], [-77.04537316880365, 38.837201154665436], [-77.04536094953573, 38.837185214445604], [-77.0453525303711, 38.83716792147927], [-77.04534733849478, 38.83715414055681], [-77.04534041931434, 38.837140990897154], [-77.04533580225763, 38.83712549814392], [-77.04533475390744, 38.83710703121339], [-77.04533566528272, 38.83709117597426], [-77.04533554020621, 38.83707559139141], [-77.04533207352787, 38.83705784607666], [-77.04532895187742, 38.837039289866524], [-77.04532721473646, 38.83702442658621], [-77.04532490049401, 38.83700767175386], [-77.04531855277283, 38.83698749527372], [-77.04531312838316, 38.83697029122574], [-77.045309778668, 38.836955338486455], [-77.04530734782261, 38.83693633158441], [-77.04530261280532, 38.83691642473091], [-77.04529695652167, 38.83689678848837], [-77.04529176273289, 38.83687994468798], [-77.04528760310923, 38.83685922684917], [-77.04528148457186, 38.83683715850149], [-77.045271914068, 38.83682049656713], [-77.04526741222676, 38.836805003765726], [-77.04526659243105, 38.83678365403846], [-77.04526496649109, 38.83676248479292], [-77.04526472539405, 38.83674554898549], [-77.04526390811267, 38.836728162978545], [-77.04526239684054, 38.8367061829271], [-77.04526019700387, 38.83668816686413], [-77.04525938143748, 38.83667348339375], [-77.04525706756505, 38.83665726906643], [-77.04524922404337, 38.83663943536059], [-77.04524103721307, 38.83662511508583], [-77.04523849572695, 38.83661322490622], [-77.04523698925975, 38.836598811957046], [-77.04523478800593, 38.836578543779275], [-77.04523281791136, 38.836559536695994], [-77.04523108034552, 38.83654395273661], [-77.04522646266628, 38.83652737896283], [-77.04522034314921, 38.8365036890887], [-77.045213765657, 38.83648432345152], [-77.04520926413477, 38.83646928106986], [-77.04520441296974, 38.83644775273335], [-77.04519863963195, 38.83642505365411], [-77.04519137330111, 38.83640920158099], [-77.04518180384488, 38.8363940710757], [-77.04517039021438, 38.83637686933786], [-77.04516151241192, 38.836362639408996], [-77.04515332808076, 38.836352192763705], [-77.0451458353966, 38.83634264669613], [-77.04514502093991, 38.83632967483089], [-77.04514777413077, 38.83631210727167], [-77.04515306268432, 38.83629679084619], [-77.04515363060355, 38.836284178784425], [-77.04515085810246, 38.83627120767656], [-77.04514750737171, 38.83625454332427], [-77.04514542201643, 38.83623535611391], [-77.04514264775295, 38.836219592384246], [-77.0451376856606, 38.83620473034653], [-77.04513226097546, 38.836186895696], [-77.04512188439848, 38.83617032414397], [-77.0451077115912, 38.83616114099443], [-77.04509365618549, 38.83615547109676], [-77.04508224949721, 38.836149169582136], [-77.04507164781171, 38.836140885894615], [-77.04506357903908, 38.83613097970557], [-77.04505988530053, 38.83611827920475], [-77.04505653630373, 38.836104317386415], [-77.04505445558195, 38.83609242702392], [-77.04505721265188, 38.83608098521678], [-77.04506492160951, 38.83606828031339], [-77.0450748183909, 38.83605467371862], [-77.04508333342267, 38.83604169824886], [-77.04509277084779, 38.83603025386014], [-77.04510405226623, 38.836020610449815], [-77.045116140615, 38.83601204774155], [-77.04512845897646, 38.83600294443555], [-77.04514020092918, 38.835993030589805], [-77.04514192769679, 38.83599158856852], [-77.04515102179195, 38.83598365760681], [-77.0451618433356, 38.83597536563755], [-77.04517266544671, 38.83596797451301], [-77.04518268216103, 38.83596193496812], [-77.04519200854362, 38.83595706678933], [-77.04521296111034, 38.83594138395559], [-77.04524025482054, 38.83593569804993], [-77.04527929616093, 38.83592910673496], [-77.04528908587524, 38.83592838225982], [-77.04529507487075, 38.83592792951276], [-77.04530486481342, 38.83592756537457], [-77.0453108539231, 38.83592729279586], [-77.04531661261862, 38.83592693022163], [-77.04532398375568, 38.83592647693646], [-77.04533285209857, 38.83592584290004], [-77.04534241134047, 38.835924938340774], [-77.0453507036761, 38.835924124357604], [-77.04535807452652, 38.8359232206474], [-77.04536544497604, 38.83592168634472], [-77.04537534958068, 38.835920511394754], [-77.04538963027969, 38.83591825372705], [-77.04540702091094, 38.83591617501691], [-77.04542314492198, 38.835914637304676], [-77.04543535332327, 38.835913821791344], [-77.04544675484428, 38.83591201566042], [-77.04545884743541, 38.835910209259225], [-77.04546852110634, 38.83590813354538], [-77.04547692723987, 38.83590515747872], [-77.0454864864772, 38.83590425290763], [-77.0454984641173, 38.83590280688548], [-77.0455110174193, 38.8359010002993], [-77.04552345571459, 38.835899464010346], [-77.0455373908694, 38.83589720645932], [-77.04555385994884, 38.83589494791767], [-77.04556629858709, 38.83589395213159], [-77.04557562723495, 38.835892687304884], [-77.04558483995635, 38.83589025142302], [-77.04559370817728, 38.835889437197665], [-77.04559923559097, 38.835887633346424], [-77.04559865572894, 38.83588141773608], [-77.04559796109137, 38.83587583276278], [-77.04559738140225, 38.83586988740615], [-77.04559668647723, 38.83586385200992], [-77.04559610707597, 38.83585835707617], [-77.0455956433709, 38.8358536728585], [-77.04559483223233, 38.83584601598499], [-77.04558769151957, 38.835846559281926], [-77.0455780168828, 38.835847103567964], [-77.04557191271745, 38.835847556374546], [-77.04556534783862, 38.83584800936066], [-77.04555682498516, 38.835848553195305], [-77.04554680578975, 38.83585062905133], [-77.04553793866482, 38.83585315487995], [-77.04553045356467, 38.83585549999961], [-77.04552124021419, 38.83585694494695], [-77.04551075984378, 38.83585830030297], [-77.04549716982895, 38.83585992712414], [-77.04548035464688, 38.8358612849468], [-77.04546526719717, 38.83586273217856], [-77.04545398034668, 38.83586372750531], [-77.04544672473942, 38.83586472126132], [-77.04543866299782, 38.83586589549989], [-77.0454291042236, 38.83586752074361], [-77.04541862362068, 38.83586851575314], [-77.04540791306161, 38.835870141443316], [-77.04540180912247, 38.835870954579285], [-77.04527029081883, 38.83589532850644], [-77.04523113306213, 38.83589993800248], [-77.0452276784507, 38.83590111044096], [-77.04522445368255, 38.835901472028915], [-77.04521984683012, 38.83590192423689], [-77.04521627646957, 38.8359021958739], [-77.04521282123028, 38.83590237738168], [-77.04520959640494, 38.83590264888465], [-77.04520418318914, 38.83590292123517], [-77.0451993447819, 38.83590148175558], [-77.04519439205183, 38.83590139358893], [-77.04518943943579, 38.83590148559119], [-77.0451814917812, 38.835900948160614], [-77.04517596161996, 38.83589842793274], [-77.0451647861771, 38.83589347760533], [-77.04515384069391, 38.83588789659573], [-77.04514266417209, 38.83588123465939], [-77.04513160226126, 38.83587367183174], [-77.04512307256925, 38.83586340548626], [-77.04511592262926, 38.83584935505392], [-77.04510854205083, 38.83583485428731], [-77.04510139331154, 38.83582269563], [-77.0450926316803, 38.835809907003245], [-77.04508248694587, 38.835795587471985], [-77.04507073000443, 38.835781718985366], [-77.04506093160906, 38.83576866050276], [-77.0450542438248, 38.83575686200285], [-77.04505158654038, 38.8357438908471], [-77.04505445621734, 38.835728395189186], [-77.0450591671514, 38.83571037645165], [-77.04506318883392, 38.835695240687045], [-77.04506341105927, 38.835682358504194], [-77.0450587962037, 38.83567010878099], [-77.04505325651455, 38.835652454338934], [-77.04505140076235, 38.835632005852084], [-77.04505000845157, 38.835615881246895], [-77.0450482709486, 38.83560029728246], [-77.04504434068933, 38.83557777765033], [-77.04503972033137, 38.83555678972249], [-77.04503475768146, 38.83554093674848], [-77.04503025387012, 38.83552211080545], [-77.0450289716875, 38.83549796862805], [-77.04502919045268, 38.83547959128575], [-77.04502768308583, 38.83546364689351], [-77.04502467426215, 38.83544112690473], [-77.04501729027969, 38.83542113097223], [-77.04501014006398, 38.835406540024955], [-77.04500655785895, 38.83538798397901], [-77.04500423948603, 38.835364472792584], [-77.04500227028124, 38.83534672688582], [-77.04500030204271, 38.83533051241677], [-77.04499533549995, 38.8353084436046], [-77.04498910422214, 38.835289888579105], [-77.04498448849652, 38.83527619749895], [-77.04497860496987, 38.83526115563819], [-77.04496926311688, 38.83524134062581], [-77.04495969295658, 38.835224768746194], [-77.04494828279918, 38.83521270180449], [-77.0449362962488, 38.83519982432213], [-77.04492752950839, 38.835178747900365], [-77.04492026092743, 38.835159022170245], [-77.04491414672947, 38.83514343988713], [-77.04491056427926, 38.835124433414556], [-77.04490916787367, 38.83510173263196], [-77.04490904181715, 38.83508443643664], [-77.04490914736138, 38.83506912201344], [-77.04490832831593, 38.83504876320813], [-77.04490670240841, 38.8350274137826], [-77.04490577198334, 38.83501309068852], [-77.04490380536228, 38.8349993985853], [-77.04489999160502, 38.834978860762675], [-77.04489594828911, 38.83495958421263], [-77.04489248340884, 38.83494436124716], [-77.04488694381705, 38.83492670679517], [-77.04487921196092, 38.83490283734803], [-77.04487102296947, 38.834884643406255], [-77.04486214439325, 38.83486879192871], [-77.04485268552303, 38.8348459140741], [-77.04484242234564, 38.83482609940436], [-77.04483124104136, 38.83481150999353], [-77.04482213150767, 38.834794667670806], [-77.04481532307953, 38.8347739508256], [-77.04480932411401, 38.8347583684918], [-77.04480321161394, 38.834745398654874], [-77.04479663648812, 38.834729366118516], [-77.04479178663952, 38.83470954936603], [-77.0447902797375, 38.834694235560846], [-77.0447888894253, 38.8346811738261], [-77.0447872672351, 38.83466567989586], [-77.04478506639448, 38.834645772041696], [-77.04478044956312, 38.834630189175755], [-77.04477399222803, 38.83461830048465], [-77.04477052863307, 38.83460505937569], [-77.04476959479508, 38.83458524111964], [-77.04476704944979, 38.83456695492005], [-77.04476116766513, 38.83455452549973], [-77.04475206213333, 38.83454398909207], [-77.04474099618078, 38.83452957979696], [-77.04473050487215, 38.83451318841909], [-77.04472393119478, 38.83449940799277], [-77.04471989100048, 38.834484996003034], [-77.04471699935321, 38.834465448750194], [-77.04471445233314, 38.83444446001137], [-77.04470983677126, 38.83443085900313], [-77.04470314917023, 38.83441906048062], [-77.04469450115404, 38.83440338907007], [-77.04468274102179, 38.83438393529661], [-77.04467052289739, 38.83436880575867], [-77.0446592278199, 38.83435628831998], [-77.04465196221372, 38.83434106680028], [-77.04464676538298, 38.8343188178887], [-77.04464410462117, 38.83430008130678], [-77.04464144611377, 38.83428494810843], [-77.04463579055833, 38.83426585233321], [-77.04463036349922, 38.83424378367797], [-77.04462540114405, 38.83422811085241], [-77.0446195185112, 38.83421424007076], [-77.04461132837041, 38.83419397416309], [-77.04460233144178, 38.83417280771696], [-77.0445932228313, 38.834157226558986], [-77.04458699468368, 38.83414335590753], [-77.04458502814782, 38.83412966379704], [-77.04458433270653, 38.8341226374626], [-77.04458340758934, 38.834116692231284], [-77.04458063791968, 38.83410795508139], [-77.044576368944, 38.8340959754579], [-77.04457255825348, 38.83408012202062], [-77.04456839939532, 38.83406003473909], [-77.04456009591031, 38.83404265157842], [-77.04454926081856, 38.834028872768236], [-77.04453911638994, 38.83401446310109], [-77.04453000455474, 38.833993657031115], [-77.04452192969613, 38.83397348115712], [-77.04451224558899, 38.83395844071959], [-77.0445027912189, 38.833942409262775], [-77.04449575255799, 38.83392160239939], [-77.04448618335806, 38.83390611149263], [-77.04447811424575, 38.83389512424443], [-77.04447257781183, 38.83388224425354], [-77.04446888373367, 38.833868642883445], [-77.04446657596642, 38.833861797331565], [-77.0444655362483, 38.83385675298892], [-77.04446322836955, 38.83384972726778], [-77.04445953861419, 38.83384306241147], [-77.04445423438875, 38.83383315512368], [-77.04444639535943, 38.83382171736241], [-77.04443717266194, 38.83380775775802], [-77.04442783255072, 38.833790194812714], [-77.04441930051865, 38.83377560435157], [-77.04441111513574, 38.8337628154503], [-77.0444026980613, 38.833747864605655], [-77.04439347230124, 38.83372895034462], [-77.04438321170778, 38.833712829099625], [-77.04437099527325, 38.83370013181294], [-77.044358894018, 38.8336874344812], [-77.04434817195559, 38.833670052223695], [-77.04433871743676, 38.83365366041446], [-77.04433041651588, 38.833640240958815], [-77.04432246084292, 38.833626370948366], [-77.04431392728645, 38.83360925811026], [-77.04430470274166, 38.83359223561844], [-77.04429352324938, 38.83358007843752], [-77.04428015711798, 38.83357062462391], [-77.04426656097597, 38.833561711403775], [-77.04425215816809, 38.833552077810886], [-77.04424132432656, 38.83354010066306], [-77.04423878222374, 38.83352676910217], [-77.04424292052728, 38.83351388543203], [-77.04424797983508, 38.83350037082015], [-77.04425177210926, 38.833486676519136], [-77.04425683158105, 38.83347343216064], [-77.04427052802173, 38.83345838283346], [-77.04427317547125, 38.83345585945961], [-77.04427444099419, 38.83345360686388], [-77.04427720283567, 38.833449822261805], [-77.0442806562267, 38.83344684815893], [-77.04428341968791, 38.833445676010264], [-77.04428733545272, 38.83344540427053], [-77.04429159662911, 38.83344495223031], [-77.04429816051261, 38.83344323813118], [-77.04430610621004, 38.83344107308398], [-77.04431393684429, 38.833439088249186], [-77.04432211356072, 38.8334380041287], [-77.0443302895497, 38.833435748907746], [-77.0443388109498, 38.83343331338578], [-77.04434767899177, 38.83343267942398], [-77.04435758220451, 38.83342979295239], [-77.04436771587727, 38.833427086561635], [-77.04437761808067, 38.83342257856545], [-77.0443884413982, 38.83341761979494], [-77.04440030089197, 38.83341203003689], [-77.04441181418818, 38.83340535939379], [-77.0444219447728, 38.83339769834499], [-77.04443011638159, 38.83338841651776], [-77.04443782667401, 38.833378143934716], [-77.04444473085589, 38.83336805182734], [-77.04445082999317, 38.833359851803394], [-77.04445439490108, 38.833351022152065], [-77.04445588599746, 38.83334111227501], [-77.04445680026832, 38.833329671178944], [-77.04445806000561, 38.83331813986664], [-77.04445966644332, 38.83330850019942], [-77.04446081280066, 38.83329985163838], [-77.04446218928176, 38.83329084265113], [-77.04446402657166, 38.833282013657524], [-77.04446563407367, 38.83327408559771], [-77.04446643485107, 38.8332653470836], [-77.04446850226367, 38.833256157663705], [-77.04447091570322, 38.833247778873556], [-77.04447240831006, 38.833240301280526], [-77.04447217313626, 38.833232554092], [-77.04447147771482, 38.83322552775592], [-77.04447101404452, 38.833220753447186], [-77.04447031929662, 38.83321480812635], [-77.04446950819649, 38.83320697107258], [-77.04446869737706, 38.83319958444186], [-77.04446800133921, 38.83319156717498], [-77.04447007020826, 38.8331847199548], [-77.04447409765301, 38.83317886291912], [-77.04447847084377, 38.83317336609008], [-77.04448226928608, 38.83316967117255], [-77.0444848014311, 38.83316696766852], [-77.04448744869386, 38.83316417403588], [-77.04449055693307, 38.83316183065065], [-77.04449251371267, 38.833159938127416], [-77.04446333547153, 38.83309698009017], [-77.04445930152359, 38.83309238731079], [-77.04445480873137, 38.83309076749881], [-77.04445123862057, 38.833091219281826], [-77.04444709387394, 38.833093653145426], [-77.0444417978364, 38.83309680812435], [-77.04443604160728, 38.833100774039956], [-77.04443120749775, 38.83310591070442], [-77.04442637355575, 38.833111317622496], [-77.04441992611275, 38.833115013546504], [-77.04441301724482, 38.83311753854557], [-77.04440852921468, 38.833123575923715], [-77.04440750015698, 38.83313564765584], [-77.04440866220638, 38.83315222278576], [-77.04440936333617, 38.833168437752484], [-77.0444086817051, 38.83318357222978], [-77.04440777017385, 38.83319942747153], [-77.0444073210195, 38.833217985076196], [-77.04440629498573, 38.833234921377034], [-77.04440584364565, 38.83324996568186], [-77.0444044704077, 38.833264199575794], [-77.04440263792898, 38.833280775844734], [-77.04439896221331, 38.8332966321378], [-77.04439344118718, 38.8333084353244], [-77.04438642154955, 38.833318077049555], [-77.04437917139346, 38.83332744860804], [-77.04437353535542, 38.83333952209124], [-77.04436594275118, 38.83335384843363], [-77.04435477884346, 38.833366734778764], [-77.0443411945355, 38.83337682941899], [-77.04432472940994, 38.8333845829514], [-77.04430688051103, 38.83338963446802], [-77.04429018251527, 38.833393334275755], [-77.04427521213395, 38.8333970334257], [-77.04426173901834, 38.83340073200589], [-77.04425010835702, 38.83340388937822], [-77.04423951443188, 38.83340731661027], [-77.04423168541749, 38.83341191389364], [-77.04422650546985, 38.833416600257316], [-77.04422178549403, 38.83342011534631], [-77.04421948418108, 38.83342362951869], [-77.04421729776347, 38.83342669322439], [-77.04421338333825, 38.83342912699233], [-77.04421027518984, 38.833431650539296], [-77.04420371353622, 38.83343696801771], [-77.0441915107855, 38.83344625135544], [-77.0441776946968, 38.83345409394858], [-77.04416341740561, 38.83346112595295], [-77.04415271107872, 38.83346905745096], [-77.04414062131839, 38.83347482744012], [-77.04412657214145, 38.833478255968686], [-77.04411194653393, 38.8334807838671], [-77.04409996988412, 38.83348322067821], [-77.04409352038792, 38.83348367353817], [-77.04408741635959, 38.83348403618269], [-77.04407900856218, 38.83348394927387], [-77.04406990893915, 38.833482601440934], [-77.04405919526076, 38.83347864176246], [-77.04404905556665, 38.83347161898905], [-77.04404167906254, 38.83346297364885], [-77.0440369495734, 38.833451084262826], [-77.04403221897476, 38.83343739318449], [-77.04402633507814, 38.833421180171456], [-77.04401860955976, 38.83340685962985], [-77.04400996559231, 38.83339731391928], [-77.04400097726983, 38.833389660115074], [-77.04399014871235, 38.83338615089666], [-77.04397632650976, 38.833384084159356], [-77.04396020259531, 38.83338490099545], [-77.04394430919555, 38.83338598799644], [-77.04392749440022, 38.83338707534206], [-77.04391010373246, 38.83338816290192], [-77.04388983348288, 38.83338889120367], [-77.04387140497141, 38.83338790720161], [-77.0438558542708, 38.833384399745725], [-77.04384168411548, 38.833378369399604], [-77.04383015998664, 38.83336747348817], [-77.0438225493007, 38.83335252229799], [-77.04381678212559, 38.83333874151533], [-77.04381389342545, 38.833323518297675], [-77.04381584049759, 38.83330577089496], [-77.04382227870018, 38.83328694079033], [-77.04383205872068, 38.83327099213838], [-77.04384379741704, 38.83325621384992], [-77.04385680296886, 38.833241344999564], [-77.04387049917254, 38.833225845295736], [-77.04388292867662, 38.83321070640503], [-77.04389259455138, 38.83319646939873], [-77.04389972648217, 38.833182053175435], [-77.04390271148014, 38.8331665574962], [-77.04390155004647, 38.83315079312275], [-77.04389854776802, 38.83313818240377], [-77.04389128455242, 38.83312638404891], [-77.04388355870543, 38.83311143290543], [-77.04387675131899, 38.833091706930624], [-77.04387040634776, 38.83307477340516], [-77.04386440778657, 38.83305928110321], [-77.04385967453544, 38.83304117587106], [-77.04385471038576, 38.8330221698791], [-77.04385020903615, 38.833006586929045], [-77.04384409558793, 38.83299154509224], [-77.04383429674897, 38.83297677489322], [-77.04382277052972, 38.83296236568049], [-77.04381066955227, 38.83294975837504], [-77.04379730354754, 38.83294021442053], [-77.043782211157, 38.83293265297413], [-77.04376688842233, 38.83292509161215], [-77.0437512200043, 38.832917260123864], [-77.04373750887912, 38.83290834688431], [-77.04372563965222, 38.83289799159894], [-77.0437172254157, 38.83288727467963], [-77.04371088518816, 38.83287799833711], [-77.04370719340257, 38.83286782015606], [-77.04370591899395, 38.832855569123026], [-77.0437064848805, 38.8328392635922], [-77.04370739606654, 38.83282259759347], [-77.04370727273155, 38.83280926511365], [-77.04370576726019, 38.83279584306675], [-77.04370195732868, 38.83278080035934], [-77.04369641781317, 38.83276251525242], [-77.04369030392223, 38.8327466626454], [-77.04368396134069, 38.832733512662706], [-77.04367830836854, 38.83271802022103], [-77.04367334373859, 38.832698113374235], [-77.04367045316646, 38.83267973718993], [-77.04366641306747, 38.832664964821106], [-77.04365834185298, 38.83265010387554], [-77.04364911571598, 38.832630018452306], [-77.04364150327442, 38.83261200437155], [-77.04363446791346, 38.832595971936534], [-77.04362869824861, 38.83257795716587], [-77.04362384826483, 38.83255714942729], [-77.0436207284659, 38.83254057501981], [-77.04361772439158, 38.83252490141534], [-77.0436135668281, 38.83250634553338], [-77.04361009936905, 38.83248625795446], [-77.0436079011247, 38.83246995345603], [-77.04360604828989, 38.83245346865912], [-77.04360177314022, 38.83243094909627], [-77.04359703878713, 38.832410861990034], [-77.04359380355302, 38.83239383720135], [-77.0435903356099, 38.83237293885992], [-77.04358721296711, 38.83235168005073], [-77.04358524518746, 38.83233555563474], [-77.0435800519142, 38.83231835140746], [-77.04357324402756, 38.83229754439703], [-77.04356770562693, 38.832280970890444], [-77.04356251494521, 38.832268000639466], [-77.04353759916047, 38.83220486060194], [-77.04353217391564, 38.83218495391942], [-77.04352351022763, 38.83214270745245], [-77.04351958662456, 38.832130006980684], [-77.04351577588935, 38.832113522911605], [-77.0435113894591, 38.83209730931092], [-77.04350700330521, 38.83208154613314], [-77.04350353606141, 38.832061728803595], [-77.04350018119258, 38.83203731711501], [-77.04349694051054, 38.83201128386003], [-77.04349358432934, 38.83198471014004], [-77.04349011391147, 38.831959667901366], [-77.04348560766081, 38.83193579714894], [-77.04347891199305, 38.831910035434305], [-77.04347037297534, 38.83188328347466], [-77.04346390651028, 38.831855629895976], [-77.04346043457366, 38.831828065286345], [-77.04345638727408, 38.831801311652605], [-77.04344888438537, 38.831773838627925], [-77.04343896234779, 38.831745465656596], [-77.04342904042768, 38.831717272853574], [-77.04342061749996, 38.83169196220075], [-77.04341415320762, 38.83166782191907], [-77.04340688271863, 38.83164368193682], [-77.04339546589496, 38.831619273241856], [-77.04338128468956, 38.831594415150064], [-77.04336549185956, 38.83157081884045], [-77.04334866309884, 38.8315482138446], [-77.04333298589863, 38.83152533816471], [-77.04331834481331, 38.831501741420816], [-77.0433033588248, 38.83147913573417], [-77.04328722173378, 38.83145752140368], [-77.04326809063691, 38.83143662885821], [-77.04324631072261, 38.83141591746038], [-77.04322372435003, 38.83139475593391], [-77.04320044723659, 38.83137404508192], [-77.04317659488028, 38.83135432536927], [-77.04315066918551, 38.83133415599503], [-77.04312301566773, 38.831313536830166], [-77.04309363612303, 38.8312954406664], [-77.04306529389284, 38.83127860529762], [-77.04303936977747, 38.83126095826828], [-77.04301252490443, 38.83124430250368], [-77.04298406841048, 38.83122890851169], [-77.04295618805416, 38.83121396472395], [-77.04292784762185, 38.83120001203003], [-77.04289858605044, 38.831186420006375], [-77.04287093677343, 38.8311726472138], [-77.04284420887342, 38.831158874076436], [-77.04281725161454, 38.831146722540886], [-77.04279087194625, 38.83113745349638], [-77.04276737274056, 38.8311301652529], [-77.04274560153215, 38.83112359704905], [-77.0427262499372, 38.83111873956384], [-77.04270966319669, 38.83111514224879], [-77.04269411531051, 38.831115418191715], [-77.04267753433379, 38.83112145992858], [-77.04266268032333, 38.83112651010046], [-77.04265266197545, 38.83112903613282], [-77.04264817096202, 38.83113011878998], [-77.04263193608196, 38.83113715132508], [-77.04261351429811, 38.831146436772954], [-77.04259198338183, 38.83115653411456], [-77.04256907078566, 38.83116726254873], [-77.04254742602795, 38.83117961204003], [-77.04252773916728, 38.831191960813875], [-77.04250931858928, 38.83120331819183], [-77.04248974522442, 38.831212874293485], [-77.04246636966091, 38.83121981932035], [-77.04244391428205, 38.8312247821454], [-77.0424277919082, 38.83122740046287], [-77.04241662065145, 38.83122794503158], [-77.04240971045067, 38.83122803762758], [-77.042399345069, 38.83122804139385], [-77.04239035975942, 38.83122471152557], [-77.04233624471249, 38.83125049538108], [-77.04228362295481, 38.83126970249045], [-77.0421767650443, 38.83130487417363], [-77.04211320205911, 38.83132426532889], [-77.04211285612085, 38.83132354477648], [-77.04210721922018, 38.83133453713841], [-77.04210721927332, 38.83133462722308], [-77.04210204321464, 38.83134588967243], [-77.04209179973154, 38.83135733411864], [-77.04207787018495, 38.83136778896178], [-77.04206290510217, 38.831379955784904], [-77.0420455238069, 38.8313961772861], [-77.04202607032346, 38.83141393097], [-77.04200719173252, 38.83143006291993], [-77.04198888792976, 38.83144439296685], [-77.04197242643653, 38.83145800167104], [-77.04195872756594, 38.831469087009424], [-77.04194997962846, 38.83147773828098], [-77.04194457075764, 38.831484856912745], [-77.04193835616266, 38.83149278659563], [-77.04193202861694, 38.83150449987421], [-77.0419267402564, 38.83152071701175], [-77.04192548654248, 38.831543148540675], [-77.04192665195724, 38.83156648004698], [-77.04192873784538, 38.83158827978344], [-77.0419326662675, 38.831609718519125], [-77.04193970448279, 38.83163142639108], [-77.04194893101558, 38.83165322356063], [-77.0419579263108, 38.83167348937341], [-77.04196692102856, 38.83169276425453], [-77.04197856427645, 38.83171131750501], [-77.04199262650722, 38.83173050047646], [-77.04199942852719, 38.831742209033266], [-77.04200311773239, 38.83174851363106], [-77.04200404006035, 38.83175013482275], [-77.04201487786679, 38.83176994954446], [-77.04202514066861, 38.83179120582656], [-77.04202963873281, 38.83180201436461], [-77.04203667370824, 38.83181813698301], [-77.04204612883481, 38.83183687118388], [-77.04205754358698, 38.83185848738644], [-77.0420678066796, 38.83188019408762], [-77.0420766885109, 38.83190325255551], [-77.04208200128913, 38.83192847434119], [-77.04208639280064, 38.83195387662807], [-77.0420937769847, 38.83197621495734], [-77.04210046992807, 38.83199819319678], [-77.04210647237362, 38.83202107253146], [-77.04211224511616, 38.83204503296428], [-77.04211386172494, 38.832052149067906], [-77.04211824985451, 38.83207178593705], [-77.0421239075922, 38.8320960166646], [-77.04213382644485, 38.83211979543021], [-77.04214581851329, 38.83214375361554], [-77.04215619897367, 38.83216906365135], [-77.04216565859372, 38.83219527486529], [-77.04217903328771, 38.83222013339379], [-77.04219136994763, 38.83224246992595], [-77.04219806166812, 38.83226228612795], [-77.04220405655266, 38.83227228335554], [-77.04221201033177, 38.8322839013978], [-77.0422201944055, 38.83229542927154], [-77.04222434589427, 38.832304346149186], [-77.04223115024487, 38.83231983824553], [-77.04223253428839, 38.83232317087645], [-77.04223922405602, 38.8323396539448], [-77.04224579828093, 38.83235550646212], [-77.04224983988102, 38.83237334175796], [-77.04225180831972, 38.832391087719564], [-77.04225631088111, 38.832409373271425], [-77.04226311546186, 38.83242522570414], [-77.04226738640274, 38.832441349308006], [-77.0422715413726, 38.83245612168408], [-77.04227777009665, 38.832471974324385], [-77.04228480306007, 38.83248449354133], [-77.04229149008022, 38.832496292206045], [-77.04229737259959, 38.83251097387041], [-77.0423019890189, 38.832527007262904], [-77.04230568405605, 38.832543040989215], [-77.04230960789286, 38.83255646217789], [-77.04231053280053, 38.83256240742871], [-77.04231284587125, 38.83257862182496], [-77.04231458200962, 38.832593034737585], [-77.04231919875846, 38.83260960863692], [-77.04232473395773, 38.83262122754792], [-77.04233096260118, 38.83263690001574], [-77.04233626938104, 38.832651762055924], [-77.04233950422024, 38.832668606709525], [-77.042342162233, 38.83268383004877], [-77.04234666350027, 38.83269986348089], [-77.04235024349, 38.832716077416364], [-77.0423534780148, 38.832732381561655], [-77.04235590552592, 38.832747334730236], [-77.04236178829294, 38.8327623767292], [-77.0423682482658, 38.83277967063417], [-77.0423740165597, 38.83279588377427], [-77.04237748047805, 38.83281056631201], [-77.04237886940363, 38.832822096640946], [-77.04238210388628, 38.83283831070057], [-77.04238890666404, 38.83285101016339], [-77.04239501904475, 38.832864790892145], [-77.04240147582514, 38.83287667971816], [-77.04240827753986, 38.832887577487455], [-77.04241450344213, 38.83289856555025], [-77.04241842549928, 38.83290892385767], [-77.04242188777303, 38.83292081377081], [-77.04242673314874, 38.83293441478905], [-77.04243388108988, 38.83294648353112], [-77.04244172018267, 38.832958732190704], [-77.0424508267782, 38.83297197131963], [-77.04246119921677, 38.8329834082946], [-77.04247329974739, 38.83299565540147], [-77.04248586086995, 38.83300772217014], [-77.04249542737084, 38.83301960985859], [-77.04250418878446, 38.83303338961671], [-77.04251306510703, 38.8330467189091], [-77.0425213657782, 38.83306040874909], [-77.04252309526402, 38.83306356108103], [-77.04253174323163, 38.83308022358654], [-77.04253531786199, 38.83308733896962], [-77.0425416611759, 38.833102020452365], [-77.04254570026171, 38.83311544158995], [-77.04254732123252, 38.833129764455215], [-77.04254871083603, 38.83314237579683], [-77.04254986901819, 38.833153185530186], [-77.0425513704143, 38.83316012149927], [-77.04255471314553, 38.83316462451198], [-77.04255632907207, 38.83317047942369], [-77.04255667663458, 38.83317390251288], [-77.0425611767458, 38.83318786398946], [-77.04256510104202, 38.83320191576039], [-77.0425686798712, 38.83321605774189], [-77.04257179800528, 38.83323019989125], [-77.04257434037719, 38.83324452241979], [-77.04257653717382, 38.83325875498971], [-77.04257815815407, 38.83327307785427], [-77.0425793184918, 38.83328749097138], [-77.04258001807926, 38.833301814171996], [-77.04258025702356, 38.83331622762527], [-77.04258002828678, 38.833318930247565], [-77.04257922636465, 38.83332613731032], [-77.04257819468462, 38.83333433538782], [-77.04257785120309, 38.833337758728945], [-77.04257681984518, 38.83334649731403], [-77.04257050319706, 38.83337658788367], [-77.042561306861, 38.83340613899529], [-77.04254923077984, 38.833435060563566], [-77.04253439001748, 38.83346317237643], [-77.04251689963866, 38.83349029422174], [-77.0424967595873, 38.83351633601363], [-77.04247420010351, 38.833541117497745], [-77.04244933630714, 38.833564548546164], [-77.04242228321156, 38.83358635886179], [-77.04238302558693, 38.83361492995057], [-77.04234054122016, 38.83364043931952], [-77.04229529075909, 38.83366279671355], [-77.04224738922207, 38.833681731833956], [-77.04219752755682, 38.8336970642586], [-77.04214616641603, 38.833708703733855], [-77.04209353605054, 38.833716470005484], [-77.04204009722127, 38.83372045299052], [-77.04198654088023, 38.83372047227005], [-77.04193321256112, 38.833716527719666], [-77.0419062590388, 38.83371212325445], [-77.04187953518273, 38.83370654760056], [-77.04185327139672, 38.83369989076005], [-77.04182746768184, 38.8336921527333], [-77.04180223916129, 38.83368324339475], [-77.04177770116907, 38.83367343295731], [-77.04175385354769, 38.833662451167605], [-77.04173081163083, 38.83365056823872], [-77.0417086905411, 38.83363769404532], [-77.0416873751568, 38.833623918713734], [-77.04111429716158, 38.83327909789261], [-77.04110738432281, 38.833274956434806], [-77.04106279646476, 38.83324812691225], [-77.04091831818903, 38.83316115590551], [-77.0408844453675, 38.83314080865043], [-77.04085978864727, 38.833124241713634], [-77.0408508002845, 38.833115866989615], [-77.04084261865675, 38.833108392828834], [-77.04083535800993, 38.833100197668216], [-77.04082475757892, 38.833092454098626], [-77.04081323447154, 38.833082458734935], [-77.04080056086406, 38.83307462580349], [-77.04078581577635, 38.83306967630271], [-77.04077118617317, 38.83306526726754], [-77.04075828428269, 38.833061037796455], [-77.0407464179302, 38.833055006269745], [-77.04073501150421, 38.83304762331184], [-77.04072314407692, 38.8330397000059], [-77.04071196764382, 38.833031686373076], [-77.04070217319612, 38.83302349208793], [-77.04069272365598, 38.83301421666611], [-77.04068223688698, 38.83300377050492], [-77.04067071484018, 38.832995576819286], [-77.04065930868803, 38.83298864427702], [-77.04064847830408, 38.8329815313638], [-77.04063661151262, 38.83297468906435], [-77.04062462944724, 38.832967666634566], [-77.04061299254664, 38.83296001349097], [-77.0406020460759, 38.83295127909043], [-77.04059294192567, 38.832941733286404], [-77.04058499048739, 38.83293389868881], [-77.0405762330913, 38.832926514794025], [-77.04056759040998, 38.832918320097015], [-77.040557565903, 38.83291057630274], [-77.04054569938783, 38.832904184417025], [-77.04053302752908, 38.83289932424857], [-77.04052104712255, 38.832895184515735], [-77.0405092973201, 38.83289149512478], [-77.04049754797873, 38.83288861649415], [-77.04048625933271, 38.83288573770255], [-77.04047497078975, 38.83288303907908], [-77.04046356676767, 38.83287979998674], [-77.0404553877086, 38.832876739944716], [-77.0404528533287, 38.83287574989223], [-77.04044513521995, 38.832873140112916], [-77.04043960612368, 38.83287179075937], [-77.04042958388158, 38.83286801067717], [-77.04042059820247, 38.83286423023501], [-77.04041460810727, 38.83286234053224], [-77.04040723608279, 38.83286072156147], [-77.04039006951756, 38.83285063802484], [-77.04037267250834, 38.832840374396135], [-77.0402480132332, 38.83276672822275], [-77.04023027064319, 38.832756284522596], [-77.04010768548876, 38.83268389866838], [-77.04008936687129, 38.83267309480611], [-77.03996586026459, 38.832600078526106], [-77.03994869382443, 38.83258999492416], [-77.039910213318, 38.83256730676121], [-77.03988878403109, 38.83255461215365], [-77.03985423106083, 38.8325527321809], [-77.03984063631859, 38.83254498954382], [-77.0397620631765, 38.832499883936826], [-77.03975918294955, 38.83249826339462], [-77.0397533035112, 38.83248817591798], [-77.03974350929825, 38.832480071636326], [-77.0397345214483, 38.83247223733318], [-77.03972553249766, 38.83246242116769], [-77.03971585251223, 38.83245260523665], [-77.0397060582082, 38.83244432078257], [-77.03969568784186, 38.83243567618501], [-77.03968289839771, 38.83242622164734], [-77.0396691870738, 38.83241586657524], [-77.03965662793233, 38.832406321871716], [-77.03964671866883, 38.832398397790215], [-77.03963842262661, 38.832391914514176], [-77.0396303579816, 38.83238732293637], [-77.03962206369191, 38.832383992620926], [-77.03961676409487, 38.832381021626944], [-77.0396069710115, 38.832374899195386], [-77.03959786986559, 38.83237039805175], [-77.03958888409336, 38.83236625720679], [-77.03958208715359, 38.83236310654985], [-77.03957402211591, 38.83235779429114], [-77.03956906779138, 38.83235437275473], [-77.0395610035044, 38.832350411764445], [-77.03954844723312, 38.83234600187277], [-77.03953450749421, 38.83233907007844], [-77.03952264006855, 38.83233069622645], [-77.03951250093372, 38.83232358297303], [-77.03950270786724, 38.83231746053268], [-77.03949199436784, 38.83231305001111], [-77.03948093584992, 38.83230954045168], [-77.03947298699453, 38.832306029839465], [-77.03946814795074, 38.832302788429004], [-77.03946181041826, 38.83229729540901], [-77.03945581920124, 38.83229324362586], [-77.03944994305786, 38.83228901163421], [-77.03944268409747, 38.832283428839965], [-77.0394341570454, 38.832275684442386], [-77.03942482353841, 38.83226748989344], [-77.039415144864, 38.83225992605275], [-77.03940719333255, 38.83225155086632], [-77.03939901140815, 38.83224308567246], [-77.03934935630289, 38.832214545593686], [-77.03934774324253, 38.83221337503722], [-77.03933841094477, 38.83220734251227], [-77.03932527612102, 38.83219797813613], [-77.03931260204024, 38.832188703688004], [-77.03930061984028, 38.832180960444404], [-77.03928829257174, 38.832174028077446], [-77.03927642624306, 38.83216754597734], [-77.03926617183488, 38.832160162487256], [-77.0392326451791, 38.83213927412554], [-77.03921052451338, 38.832125498609344], [-77.03920430278234, 38.83212108655202], [-77.03919335592029, 38.83211109083344], [-77.03917918290168, 38.832098663911545], [-77.03916512614748, 38.832088218811045], [-77.03916086314206, 38.83208524744831], [-77.03915153053107, 38.832078584315916], [-77.0391373579213, 38.83206687806589], [-77.03912398969537, 38.832051838412646], [-77.03911407743114, 38.832038238953906], [-77.03910393561574, 38.832026080925516], [-77.0390931010936, 38.832010860250364], [-77.03908088401738, 38.83199473919069], [-77.03906866891829, 38.83198222151486], [-77.03905622318365, 38.831969163406995], [-77.03904319927787, 38.83195187151291], [-77.03903155842792, 38.83193638084771], [-77.03902026423137, 38.83192296201221], [-77.03900816196489, 38.831906120229135], [-77.03899663531793, 38.83188882782925], [-77.03898741349272, 38.831874057028294], [-77.03897888171947, 38.83185748430319], [-77.0389683918803, 38.83184064197728], [-77.03895675312909, 38.83182893485883], [-77.03894050745822, 38.8318171391918], [-77.03892310791345, 38.83180138018283], [-77.03890743590443, 38.83178553051068], [-77.03889141961375, 38.83177193306731], [-77.03887436457617, 38.83175428215853], [-77.03885569694667, 38.83173627144556], [-77.03883933403476, 38.831720602163436], [-77.03882158755145, 38.831702140715095], [-77.03880338029273, 38.83168349924791], [-77.03878379299054, 38.8316685517071], [-77.0387637437385, 38.831651262115535], [-77.03874415567125, 38.83163487321387], [-77.03872894525534, 38.83162055480315], [-77.03871292693546, 38.83160308369567], [-77.03869794482488, 38.83158498164977], [-77.03868711094441, 38.8315706617822], [-77.0386757004303, 38.831554900750284], [-77.0386637138691, 38.83153877956946], [-77.03865576128682, 38.831528152214986], [-77.03865218770623, 38.83152211772698], [-77.03865207194967, 38.831521036749486], [-77.03864561908547, 38.831515003214804], [-77.03863040934846, 38.83150185589129], [-77.03861416171102, 38.831486186538854], [-77.03859941296335, 38.831473579566584], [-77.0385863918875, 38.83146115219049], [-77.03857429019097, 38.83144503103833], [-77.03856287957588, 38.83142899974116], [-77.03855112530059, 38.83141639177313], [-77.03853902473794, 38.83140234256387], [-77.03852634706035, 38.83138595134281], [-77.03851436192186, 38.83137235251605], [-77.03850283771526, 38.83135920395927], [-77.0384920034711, 38.8313440733113], [-77.03848209026022, 38.83132831176606], [-77.03847275460781, 38.83131570299245], [-77.03846445525537, 38.83130264345324], [-77.03845638479235, 38.83128688129833], [-77.0384472789098, 38.83127319143104], [-77.0384392105879, 38.83126139299896], [-77.03843298413081, 38.83124797243604], [-77.03842756222414, 38.8312314887295], [-77.03842363855959, 38.83121689630719], [-77.03841983089146, 38.83120383528568], [-77.03841406425408, 38.831188793046394], [-77.03840772137744, 38.83117303031919], [-77.03840068907759, 38.831160240612135], [-77.03839285014887, 38.83114664040808], [-77.0383844338681, 38.83113024776898], [-77.03837751587578, 38.831115836499016], [-77.0383723268024, 38.83110394703058], [-77.03836633134237, 38.83109169748828], [-77.03835918296771, 38.83107719620824], [-77.03835410902249, 38.83106521661643], [-77.03835041882, 38.831056389532634], [-77.03834546266083, 38.83104927447322], [-77.03830351010913, 38.83099253491525], [-77.03829359742349, 38.830977584114905], [-77.0382829940089, 38.830963174048215], [-77.03827515671782, 38.83095254662907], [-77.03826950887465, 38.83094417060792], [-77.03826409113233, 38.83093534408774], [-77.03825752004596, 38.830923455066966], [-77.03825094862397, 38.830910935453275], [-77.03824311168115, 38.830900938624396], [-77.03823435361883, 38.83089139252007], [-77.0382242115855, 38.83087824348195], [-77.0382139541928, 38.83086473414206], [-77.0382041599917, 38.83085590905197], [-77.03819609435934, 38.830848975173176], [-77.03819159900745, 38.8308420401255], [-77.03819055784926, 38.83083339233875], [-77.03818732657732, 38.83082123196688], [-77.03818017951852, 38.830809072876015], [-77.03817188143431, 38.83079817534644], [-77.03816277749831, 38.83078790867242], [-77.03815102200338, 38.83077268820814], [-77.03813696296599, 38.83075719824144], [-77.03812279083294, 38.83074558195035], [-77.0381086187044, 38.830733965657615], [-77.03809525152157, 38.83072000689912], [-77.0380822298541, 38.83070604802631], [-77.03806874866434, 38.830694251333824], [-77.03805446042455, 38.830680833379034], [-77.03803867411622, 38.830665794386775], [-77.03802634353758, 38.83065192536702], [-77.03801666278402, 38.8306397670914], [-77.0380076712312, 38.830624185373246], [-77.03799798760822, 38.83060662201709], [-77.03798922693059, 38.830592031153586], [-77.03798276989347, 38.83057788996298], [-77.03797677147786, 38.83055987498218], [-77.03796985271289, 38.83054375207837], [-77.03796247432565, 38.83052961118629], [-77.03795497938287, 38.83051285787632], [-77.03794748453939, 38.830496284735155], [-77.03794183389854, 38.83048250361854], [-77.03793664278994, 38.8304665603202], [-77.03793225715332, 38.830449265489854], [-77.03792925532498, 38.830435303342185], [-77.037926368476, 38.8304209808184], [-77.03792209763144, 38.83040296527286], [-77.03791828847194, 38.83038684135513], [-77.03791402011899, 38.83037351021114], [-77.03790779249896, 38.830357567248015], [-77.0378998375307, 38.83034198518418], [-77.03789211462602, 38.83032964609244], [-77.03788565820537, 38.830316585911724], [-77.0378795442845, 38.83029785028534], [-77.03787366156571, 38.830280736107554], [-77.03786893159436, 38.830265603418084], [-77.03786443010057, 38.830246957352166], [-77.03786062024594, 38.830229482162366], [-77.03785750288948, 38.8302147993725], [-77.03785380787313, 38.830196693552466], [-77.03785034334035, 38.83017885791149], [-77.03784768676049, 38.830164355141136], [-77.0378447981244, 38.83014660939777], [-77.03784202379947, 38.830127242093205], [-77.03784017245214, 38.830110937368055], [-77.03783808962174, 38.830092470685734], [-77.03783612114992, 38.83007247252685], [-77.03783450062069, 38.830057068573346], [-77.03783264903818, 38.83004031342458], [-77.03783045056552, 38.83002094593274], [-77.03782859984406, 38.83000581230765], [-77.0378266331431, 38.82998914728063], [-77.03782466482049, 38.829969419375225], [-77.03782304415292, 38.8299537451673], [-77.03782130779236, 38.829937080065456], [-77.03781922411304, 38.82991699185846], [-77.0378174878974, 38.82990059701042], [-77.03781678839205, 38.829884562165034], [-77.03781585707058, 38.82986573476983], [-77.03781538761707, 38.82984915934182], [-77.03781445777534, 38.82983312457091], [-77.03781283553887, 38.8298144775688], [-77.03781225044068, 38.8297970013313], [-77.03781062939811, 38.829780606445524], [-77.03780923664223, 38.829760337844654], [-77.03780749981262, 38.82974277189546], [-77.03780599456091, 38.82972754807275], [-77.03780391132126, 38.82970827062677], [-77.03780171377281, 38.82969061474195], [-77.03779997818657, 38.82967539099362], [-77.03779801069076, 38.829657194526035], [-77.03779615850726, 38.829639268275024], [-77.03779453775806, 38.82962341389661], [-77.03779256993133, 38.829604586836126], [-77.03779083272809, 38.82958630020895], [-77.03779093960021, 38.82957062544024], [-77.037792427108, 38.829552337768696], [-77.0377942599766, 38.829533779731186], [-77.03779655470886, 38.82951747366099], [-77.03779919356158, 38.829498555023555], [-77.03780171743554, 38.829479996761954], [-77.03780424259594, 38.8294638707862], [-77.03780757283437, 38.829445672601864], [-77.03781239992125, 38.82942684333967], [-77.03781745910686, 38.82941134713517], [-77.03782159623088, 38.829394499959044], [-77.03782630900174, 38.82937729225739], [-77.03783079358232, 38.82936413844018], [-77.0378335513113, 38.82935224636816], [-77.03783423687692, 38.829341976492124], [-77.03783480908848, 38.82933512987081], [-77.03783503622594, 38.82932909412344], [-77.0378360656717, 38.829315761256666], [-77.03783824674728, 38.829302337931814], [-77.03784042681949, 38.82928702282885], [-77.03784191407003, 38.82926828473252], [-77.03784340303865, 38.82925278968416], [-77.03784500746076, 38.82923783510638], [-77.03784614949248, 38.829219637629926], [-77.03784878913284, 38.82920225042984], [-77.03785212087593, 38.8291869349529], [-77.03785452965302, 38.82916855689591], [-77.03785613254259, 38.829150719608386], [-77.03785854294141, 38.82913540443001], [-77.03786383161922, 38.829118376708685], [-77.03787038622906, 38.82909963696726], [-77.03787728810593, 38.829084230246075], [-77.03788441978898, 38.829067832518284], [-77.03789005290612, 38.82904882282068], [-77.03789465109176, 38.82903278625346], [-77.03789947984914, 38.829017200034606], [-77.03790304066408, 38.82899954227947], [-77.0379066020033, 38.82898287545561], [-77.03791166151964, 38.82896809992333], [-77.03791844744218, 38.828951251882046], [-77.03792546340895, 38.828933863257454], [-77.03793132918395, 38.82891926763154], [-77.03793581256774, 38.828903951777185], [-77.0379400643229, 38.828886203711335], [-77.0379436261744, 38.82887052781745], [-77.03794741893299, 38.82885593286461], [-77.03795190149536, 38.828839085570024], [-77.03795661477274, 38.82882295887771], [-77.03795983202636, 38.828808994704346], [-77.03796281899274, 38.828795120690465], [-77.03796373620946, 38.828787373108774], [-77.03796488304152, 38.82877827418196], [-77.03796660240285, 38.82876295922526], [-77.03796889802906, 38.828748454843215], [-77.03797142307803, 38.828732238777306], [-77.03797314214938, 38.828716383312354], [-77.03797532270178, 38.82870205913689], [-77.037979576208, 38.82868764420204], [-77.03798532573063, 38.82867106674747], [-77.03799314882743, 38.82865556963383], [-77.03800212454708, 38.82864187383812], [-77.03800683866328, 38.82862736866741], [-77.03800832729493, 38.828611333107375], [-77.03800889579156, 38.828597549964215], [-77.03801165178277, 38.82858250492287], [-77.03801659430778, 38.82856439628954], [-77.03802199898368, 38.82854908013087], [-77.03802475732088, 38.82853844923832], [-77.03802659341339, 38.82852610703697], [-77.03802888964361, 38.82851277375404], [-77.03803130219094, 38.82850160246578], [-77.03803716603731, 38.82848349353108], [-77.03804130243182, 38.828465475243874], [-77.0380447467217, 38.82844538523409], [-77.03804911378094, 38.82842799746417], [-77.03805232955847, 38.82841133074703], [-77.03805427749644, 38.82839277266452], [-77.0380569175837, 38.82837637638897], [-77.03806105583978, 38.828361871403295], [-77.03806461811881, 38.82834709635122], [-77.03806772025965, 38.828333312380785], [-77.0380703636077, 38.82832304186307], [-77.03807254753897, 38.82831511369725], [-77.03807507735266, 38.82830790609617], [-77.0380792174747, 38.828296914412235], [-77.03808346973472, 38.82828024735569], [-77.03808795266126, 38.82826421081647], [-77.03809370231684, 38.82824799369418], [-77.03809922019572, 38.82822907410633], [-77.03810427822468, 38.82821168610815], [-77.03811060384673, 38.8281957390509], [-77.0381172738097, 38.828177629848064], [-77.03812267713613, 38.828159881397376], [-77.03812681502957, 38.828144745816104], [-77.03812991498494, 38.82812690803281], [-77.0381319783977, 38.828108980503316], [-77.03813485008732, 38.82809501643646], [-77.0381396786325, 38.82807925003597], [-77.0381449661064, 38.82806024043602], [-77.03815175198399, 38.828043572548154], [-77.03815911397592, 38.82802744497963], [-77.03816417082042, 38.82800789494586], [-77.03816819223046, 38.82799032711391], [-77.03817186871942, 38.82797384041099], [-77.03817404651224, 38.82795447148773], [-77.03817564939104, 38.82793681436178], [-77.03817805900604, 38.82792023798825], [-77.03817954570604, 38.82790068912139], [-77.03817999625275, 38.82788177118642], [-77.03818159874308, 38.82786339338268], [-77.03818296998637, 38.82784330404517], [-77.03818319058641, 38.827825106862825], [-77.03818433265387, 38.827807179633055], [-77.03818639532108, 38.82778790083141], [-77.03818799881941, 38.827771414805795], [-77.03819075430737, 38.827755558996024], [-77.03819339390597, 38.82773835195351], [-77.0381968408167, 38.827723306679616], [-77.038200288738, 38.82771015318403], [-77.03820200860147, 38.827695919237584], [-77.03820407314053, 38.82768015373821], [-77.03820867319213, 38.82766790071211], [-77.03821200671479, 38.82765618860886], [-77.03821476368753, 38.82764312542362], [-77.03822051422874, 38.82762870998734], [-77.0382263807043, 38.82761573586804], [-77.03823386001919, 38.82760375215185], [-77.03824364297024, 38.82759239827311], [-77.03825146724404, 38.8275794235109], [-77.03825710231811, 38.827564467602265], [-77.03826446529892, 38.82755032188913], [-77.03827286519594, 38.827536986597764], [-77.03827988195155, 38.82752148972649], [-77.03828597772304, 38.82750662374991], [-77.03829299597048, 38.82749391950329], [-77.0382979420209, 38.82748265729159], [-77.03829908704995, 38.82747031531072], [-77.03829861880462, 38.82745617216505], [-77.03830137531882, 38.827442298215175], [-77.03830551409933, 38.827428964319736], [-77.03830988224125, 38.827413828654606], [-77.03831390479041, 38.82739851293336], [-77.03831712244175, 38.827385539678644], [-77.03831941906442, 38.82737310723452], [-77.03832332731487, 38.82735941307517], [-77.03832700470261, 38.827344728059636], [-77.03832976111039, 38.82733067393943], [-77.038332978127, 38.82731652958311], [-77.03833653937868, 38.82730004291112], [-77.0383398702512, 38.82728346622992], [-77.03834377796072, 38.82726878113803], [-77.03834814550405, 38.82725256445474], [-77.0383537789353, 38.82723463574566], [-77.03836125610783, 38.82721877837864], [-77.0383687329382, 38.82720229041815], [-77.03837482706625, 38.82718445164117], [-77.03837977037082, 38.82716814468245], [-77.03838505926299, 38.82715201777923], [-77.03839092281193, 38.82713372865352], [-77.03839632642733, 38.82711679094953], [-77.03840104007202, 38.82710174525126], [-77.03840344946117, 38.82708489861685], [-77.03840344025566, 38.82706778252412], [-77.03840170557393, 38.82705436047249], [-77.0383989344639, 38.82704102884656], [-77.03839466704466, 38.827029229153], [-77.03838913514618, 38.82702175394154], [-77.03838394864445, 38.82701409844683], [-77.03838163974515, 38.82700364937924], [-77.03838255539232, 38.826993109166345], [-77.03838680842406, 38.826978153704594], [-77.03839232627236, 38.826959504353184], [-77.0383977308431, 38.826944368342666], [-77.03840336501277, 38.82692788098558], [-77.03841026472332, 38.82690905100896], [-77.03841739563045, 38.82689184248069], [-77.03842475724976, 38.8268753545537], [-77.03843119755479, 38.82685886692965], [-77.03843637231535, 38.82684472192466], [-77.03844120318293, 38.826833549828386], [-77.03844626432802, 38.82682228757133], [-77.03844787152815, 38.82681282814641], [-77.03844889970752, 38.82679742332082], [-77.03845015840793, 38.8267823787581], [-77.0384503804404, 38.826766974198016], [-77.03845186810895, 38.82674940718766], [-77.03845416216505, 38.82673229033509], [-77.03845622647496, 38.82671625457473], [-77.03845759936561, 38.82669940827971], [-77.03845793651125, 38.82668391359677], [-77.03845746867627, 38.82667058121238], [-77.03845723107145, 38.826657068582605], [-77.03845491950474, 38.826641664857156], [-77.03845260837558, 38.82662707189401], [-77.0384521405905, 38.82661382959414], [-77.03845293921535, 38.82659986619923], [-77.03845442785018, 38.82658410088245], [-77.03845683992624, 38.82657229898903], [-77.03845890820952, 38.82656365017416], [-77.03845994128348, 38.82655734390313], [-77.03846051166589, 38.82654725422633], [-77.03846315062115, 38.82652905624266], [-77.03846567518814, 38.82651229965217], [-77.03846819965688, 38.82649536289219], [-77.03847164421708, 38.826476173710695], [-77.03847716292675, 38.82645923596321], [-77.03848348806744, 38.8264428384579], [-77.03849061808494, 38.82642409848384], [-77.03849878553821, 38.82640715986154], [-77.03850557161321, 38.82639130271113], [-77.03851097548535, 38.8263749955928], [-77.03851810616915, 38.82635751680281], [-77.03852581358804, 38.82634174943169], [-77.03853236864423, 38.82632463116969], [-77.03853834705598, 38.826305981657335], [-77.03853891441084, 38.82629030672773], [-77.03854213031813, 38.82627427058447], [-77.03854891520378, 38.82625625139815], [-77.03855408838955, 38.82623931376063], [-77.03855834027027, 38.8262223764272], [-77.03856132370395, 38.82620237663203], [-77.03856534433073, 38.82618372776488], [-77.03856948026413, 38.8261653491136], [-77.03857373028748, 38.826144988560415], [-77.03857798142786, 38.82612669995538], [-77.03858119605343, 38.82610832160807], [-77.03858487040301, 38.82608823149879], [-77.03858797049546, 38.82607102429054], [-77.03858980331128, 38.826052916653964], [-77.03859209580264, 38.82603300717069], [-77.03859392934687, 38.82601625080465], [-77.03859564748426, 38.825999044053034], [-77.03859771086469, 38.825981386763516], [-77.03860058291335, 38.825968413612394], [-77.03860368684417, 38.82595832309584], [-77.03860656210537, 38.82595129553567], [-77.0386078141755, 38.82594537655468], [-77.03860701549773, 38.82593787276084], [-77.03861069041581, 38.8259188636668], [-77.03861655234417, 38.82589787198476], [-77.03862310543761, 38.825877240412574], [-77.03863000450129, 38.8258575095727], [-77.03863460046317, 38.82583804974908], [-77.03864023234588, 38.82581759865018], [-77.03864667070181, 38.82579777787699], [-77.03865149693075, 38.825778227891504], [-77.03865666898463, 38.82575930838441], [-77.03866126605476, 38.82574192050795], [-77.03866609388562, 38.82572534331738], [-77.03867391665834, 38.82571011640509], [-77.03868081725348, 38.82569326827267], [-77.03868725656305, 38.82567524919122], [-77.03869288963827, 38.82565705020719], [-77.03869944468927, 38.825640112103414], [-77.03870173801559, 38.82562182414163], [-77.03870207456606, 38.82560533852349], [-77.03870056950382, 38.825590655210746], [-77.03869791253138, 38.82557543177154], [-77.0386935271084, 38.82555831712589], [-77.03868936976579, 38.82553705850657], [-77.03868567253555, 38.82551480880241], [-77.03868335827242, 38.82549445041907], [-77.03868334768237, 38.82547490203465], [-77.03868322124741, 38.82545409250225], [-77.0386827482543, 38.8254313012204], [-77.03868250538936, 38.82540814952324], [-77.03868237729553, 38.82538427711008], [-77.03868271023808, 38.825361125221896], [-77.03868223831935, 38.825340315803594], [-77.03868188273346, 38.82532166838043], [-77.03868279353229, 38.82530229985956], [-77.03868520001232, 38.82528031838528], [-77.03868829775155, 38.825258877190166], [-77.03869231868255, 38.82524094899369], [-77.03869645526096, 38.82522392160607], [-77.03869955445892, 38.8252051829522], [-77.03870288383125, 38.82518617396763], [-77.03870782604356, 38.82516824546486], [-77.03871034908879, 38.82514887640846], [-77.03871033844254, 38.82512923793825], [-77.0387084856103, 38.82511032075702], [-77.03870767108378, 38.82509482645146], [-77.0387057065592, 38.82508230532385], [-77.03870374325588, 38.82507203631441], [-77.03870419935876, 38.82506365828204], [-77.03870557699331, 38.82505573036767], [-77.0387076436399, 38.825044198835066], [-77.03871350839836, 38.82502861222895], [-77.03872029351312, 38.82501131370697], [-77.03872730743176, 38.8249912224816], [-77.03873443572547, 38.8249696898618], [-77.03874029705072, 38.8249477973232], [-77.03874638888944, 38.82492626504667], [-77.03875040773384, 38.82490455328862], [-77.03875419581455, 38.8248820308443], [-77.0387572923422, 38.82485842761249], [-77.03876177118623, 38.82483554459937], [-77.03876578992312, 38.824813652671025], [-77.03876957975484, 38.824794373276184], [-77.03877187332961, 38.824776625818956], [-77.03877485845302, 38.824759959148906], [-77.03878014683299, 38.82474338179804], [-77.03878647003953, 38.82472383130624], [-77.0387917558204, 38.82470247946393], [-77.03879796420243, 38.82468355960284], [-77.03880429004239, 38.824668873685454], [-77.03881050067044, 38.82465409772127], [-77.03881220207576, 38.82464863801959], [-77.03890226783707, 38.82449860791171], [-77.03903098367606, 38.82429052320271], [-77.03920548130351, 38.82419947009598], [-77.03951666846702, 38.8240174389642], [-77.04011959889486, 38.82363225600362], [-77.0409201734471, 38.823396208163814], [-77.04105330672942, 38.82335401073914], [-77.04092419022824, 38.822869850446224], [-77.04072007588705, 38.82210638127352], [-77.03990590739564, 38.82183401193132], [-77.0395775170499, 38.82147969417197], [-77.03996750029904, 38.82065423133966], [-77.03974403733713, 38.820021182615456], [-77.0390269172749, 38.819484077740974], [-77.03892142624973, 38.819377911979785], [-77.03884997551891, 38.81925269986948], [-77.038848555768, 38.819246475480796], [-77.0388467073151, 38.81923539566279], [-77.03884693070866, 38.81922269362811], [-77.03884749926267, 38.81920945096958], [-77.03884921987058, 38.81919719886051], [-77.03885128627543, 38.81918557723006], [-77.0388527764812, 38.81917314502791], [-77.0388529989913, 38.819158821466566], [-77.03885425830518, 38.81914530832334], [-77.03885620906611, 38.81913278588297], [-77.03885839042334, 38.81912080387467], [-77.0388620682573, 38.81910792051964], [-77.03886781915729, 38.81909566706773], [-77.03887483755354, 38.81908494463528], [-77.03888220203923, 38.81907539318986], [-77.03888864516537, 38.819065571796514], [-77.03889531810178, 38.8190548494779], [-77.0389025668414, 38.81904421705177], [-77.03891039197326, 38.81903475553572], [-77.03891890810863, 38.819025473958284], [-77.0389280006853, 38.81901745337555], [-77.03893755376652, 38.81900925246874], [-77.03894745200432, 38.819000510936945], [-77.0389575804438, 38.81899158915778], [-77.03896759387703, 38.81898293767062], [-77.03897772290155, 38.81897509690744], [-77.03898739190947, 38.81896833731502], [-77.03899625510356, 38.818962028415235], [-77.039003621184, 38.818955449760715], [-77.03900995095229, 38.81894896153705], [-77.03901455340389, 38.81894238380576], [-77.0390173138309, 38.8189365273689], [-77.03901823188959, 38.81893076163284], [-77.03901938020087, 38.818924905734946], [-77.03902006840009, 38.81891995083923], [-77.03901902746303, 38.81891157329822], [-77.03909849312734, 38.81893244637812], [-77.0391248339509, 38.818879918093344], [-77.0390512405437, 38.818858142217714], [-77.03907401283111, 38.81880768708915], [-77.03897416158178, 38.81877943384697], [-77.03896206887656, 38.81877601466195], [-77.03897379975767, 38.81874943571903], [-77.03897437492158, 38.81874835450895], [-77.03897632958403, 38.81874303885096], [-77.03897954987205, 38.818735830988686], [-77.03898219381551, 38.818727542300884], [-77.03898311000556, 38.81871835334196], [-77.03898241310189, 38.818707363225286], [-77.03897975789887, 38.81869502249031], [-77.03897629718296, 38.81868367295751], [-77.03897249081949, 38.8186719632007], [-77.03896891461102, 38.818659983112354], [-77.0389659136654, 38.81864710198345], [-77.03896222063763, 38.81863205904957], [-77.03895599257893, 38.81861386399275], [-77.03894930411772, 38.818596029428555], [-77.038943307742, 38.81858035666894], [-77.03893788717045, 38.8185647738017], [-77.03893235095963, 38.81854829012438], [-77.03892658341934, 38.81852991474241], [-77.03892231327917, 38.818512349624164], [-77.03891896458953, 38.81849523462254], [-77.03891377442858, 38.81847983184676], [-77.03891042922746, 38.81846911286697], [-77.03891042893295, 38.81846857235802], [-77.03890789184646, 38.818461636671714], [-77.03890224020584, 38.818444612522214], [-77.03889589619442, 38.81842488605811], [-77.0388898988145, 38.818407321514144], [-77.03888390084903, 38.81838867595199], [-77.03887859359148, 38.81836966981995], [-77.03887374610366, 38.81834913209224], [-77.03886855419798, 38.81833048626054], [-77.0388646296323, 38.8183131011942], [-77.03886174127192, 38.81829544552804], [-77.03886011941613, 38.818277519185486], [-77.03885999402094, 38.81825869149608], [-77.03886159612036, 38.81824031365544], [-77.03886481100432, 38.818223196465354], [-77.03886802544555, 38.81820526851174], [-77.03886801465893, 38.81818544985069], [-77.03886569930663, 38.8181627492424], [-77.03886292472919, 38.81814257116247], [-77.03886003637611, 38.8181249154958], [-77.0388555354378, 38.81810635951764], [-77.03885195432731, 38.81808528085745], [-77.03885090651195, 38.81806420135359], [-77.03885239272458, 38.81804447227852], [-77.03885272675394, 38.81802348239926], [-77.03885064171087, 38.818000781713394], [-77.03884763503174, 38.81797727057071], [-77.03884451418507, 38.817955561162734], [-77.03884093171358, 38.817931960126586], [-77.03883504576596, 38.817907459008424], [-77.03882916065498, 38.81788448933198], [-77.0388246591032, 38.81786476224921], [-77.03881946616832, 38.817844134547755], [-77.03881530889451, 38.817822245313636], [-77.03880977002798, 38.817800716878274], [-77.03880400179642, 38.81778090013084], [-77.03879834832571, 38.81776036266623], [-77.03879257995376, 38.81774027566364], [-77.03878612103289, 38.8177208194842], [-77.03877943279564, 38.81770316507745], [-77.0387706719273, 38.817685601443856], [-77.03876306358059, 38.81766992920846], [-77.03875937489975, 38.81766272364613], [-77.03875545474828, 38.8176533561242], [-77.0387481901446, 38.81763453080393], [-77.0387402341622, 38.81761480486424], [-77.03873273843796, 38.817594448177225], [-77.03872432074535, 38.8175726504381], [-77.03871613228107, 38.817548870755594], [-77.03870817519412, 38.817527072862276], [-77.03870033365124, 38.81750599560887], [-77.03869329722691, 38.81748320647576], [-77.0386862597335, 38.81745843547579], [-77.03868025999796, 38.81743627659191], [-77.03867368496196, 38.81741492866199], [-77.0386669938546, 38.81739186915793], [-77.03865926597562, 38.817367999233284], [-77.03865130965742, 38.81734755260804], [-77.03864300794714, 38.81732719618143], [-77.03863412981704, 38.81730557875712], [-77.03862398423134, 38.81728243030912], [-77.03861614303253, 38.817261893558275], [-77.03860910802281, 38.81724162679463], [-77.03860322488987, 38.81722208032821], [-77.03859953060017, 38.81720442491925], [-77.03859872168943, 38.817199110180525], [-77.03859410485283, 38.81717893270064], [-77.03859318059973, 38.81717325766062], [-77.03858994992605, 38.81716118735882], [-77.03858418419203, 38.81714578475565], [-77.03857565432037, 38.81712930204777], [-77.03856585826087, 38.81711363052147], [-77.0385554874378, 38.81709976088132], [-77.03854523264202, 38.817087512729245], [-77.03853969892127, 38.81707526301695], [-77.03853865622011, 38.81706346224541], [-77.03854176030747, 38.81705436264976], [-77.03854751357693, 38.81704670353656], [-77.03855211444098, 38.81703733319157], [-77.03855510293978, 38.81702742287003], [-77.03855567332991, 38.81701751334748], [-77.03855416984057, 38.81700535238881], [-77.03855243561809, 38.81699238074261], [-77.0385503550284, 38.81697769759855], [-77.03854907930797, 38.81696085215197], [-77.03854768722464, 38.81694175462234], [-77.03854525954078, 38.816924008707645], [-77.03854375624964, 38.81691220808803], [-77.03854260029847, 38.81690392066303], [-77.03854144123608, 38.8168898678082], [-77.03854027954887, 38.8168709503719], [-77.03853808012302, 38.816849420817405], [-77.03853519078453, 38.81682969318785], [-77.03853276364227, 38.81681293820585], [-77.03852953061349, 38.816796453744395], [-77.03852433866756, 38.81677735746875], [-77.03851995149418, 38.8167559187208], [-77.03851660162292, 38.81673628132737], [-77.03851256125706, 38.81671736484061], [-77.03850921100104, 38.81669700676811], [-77.03850493811018, 38.816673946454145], [-77.03850158814976, 38.816654128890335], [-77.03849927699436, 38.81663890531152], [-77.03849754361633, 38.81662746510618], [-77.0384965032595, 38.81661998840596], [-77.03849488507821, 38.81660863824738], [-77.03849142148155, 38.81659161335129], [-77.03848680655929, 38.8165748590894], [-77.03848472652933, 38.816561166876525], [-77.03848437409715, 38.816548194772686], [-77.03848379093363, 38.81653441198116], [-77.03848251591641, 38.816518827720515], [-77.0384807790976, 38.816500991490585], [-77.03847858135134, 38.81648252481859], [-77.03847626894444, 38.81646495903288], [-77.03847407163724, 38.81644730312429], [-77.03847175801934, 38.81642748521722], [-77.03846863754883, 38.816406136133416], [-77.03846551766232, 38.81638586806761], [-77.03846274418882, 38.81636740158476], [-77.03846008566964, 38.81634857472443], [-77.0384576566209, 38.81632821634564], [-77.03845453644986, 38.81630740777022], [-77.03845164812648, 38.816289481833934], [-77.0384481850891, 38.816273447869065], [-77.03844460729438, 38.816258134620796], [-77.03844033886324, 38.816243272024245], [-77.038433997599, 38.81622804977086], [-77.03842742691654, 38.81621444912024], [-77.0384206269125, 38.81620265024209], [-77.03841417259297, 38.816191301674], [-77.0384078333253, 38.81617977289795], [-77.03840137804106, 38.81616662263214], [-77.03839757001703, 38.81615139954282], [-77.03839445248654, 38.816135455547204], [-77.0383892634335, 38.816121584185005], [-77.03838407554443, 38.81610987485899], [-77.03837865765455, 38.816098706117536], [-77.03837324015362, 38.81608825805468], [-77.03836863051875, 38.8160812329509], [-77.0383640201105, 38.81607276648926], [-77.0383573348414, 38.81606015680564], [-77.0383501876345, 38.81604502489708], [-77.03834269518488, 38.81603025344099], [-77.03833428200248, 38.816016293050716], [-77.03832667436448, 38.81600143154652], [-77.03831929658726, 38.81598575920245], [-77.03831237833526, 38.815968104839875], [-77.03830557561956, 38.81595117111787], [-77.03829681633866, 38.81593594965019], [-77.03828874769745, 38.81592027753078], [-77.03828021944067, 38.81590640725902], [-77.03827399522122, 38.81589460818285], [-77.03827122804387, 38.81588776264036], [-77.03826627299348, 38.8158807376456], [-77.03825866567365, 38.81586641664578], [-77.0382512880218, 38.81585092446685], [-77.03824391013194, 38.81583498186309], [-77.03823630147087, 38.81581813848573], [-77.03822846179806, 38.81579994391048], [-77.03822039207836, 38.815782199834345], [-77.0382125536186, 38.81576625737929], [-77.03820506045552, 38.81575004455605], [-77.03819722123181, 38.81573266074222], [-77.03818926599891, 38.815713655438], [-77.03818108091197, 38.81569546097232], [-77.03817232120754, 38.815679338646106], [-77.03816425185231, 38.81566222515978], [-77.03815583778562, 38.815646463058684], [-77.03814742343387, 38.81563016044776], [-77.03813820248861, 38.815612777081384], [-77.0381290972226, 38.81559638461005], [-77.03613999575857, 38.81481249548385], [-77.03613145923823, 38.8142805018186], [-77.03649457130403, 38.81298676061681], [-77.03705484555161, 38.81098106839881], [-77.03748327734118, 38.809405778193835], [-77.03833476795413, 38.80510197042172], [-77.03878466395481, 38.80278290681727], [-77.03899557468269, 38.80162601824478], [-77.03918531704123, 38.800590967264355], [-77.03914415281355, 38.79767679119174], [-77.03912356837824, 38.79687525670016], [-77.03904278218035, 38.79321388081104], [-77.03902263587355, 38.79188239246392], [-77.03902288570282, 38.79164435125649], [-76.96177462268585, 38.851942038450005], [-76.96178979565533, 38.8519409984383], [-76.96184544112693, 38.85193768351562], [-76.96189820571625, 38.85193580897593], [-76.9619672143992, 38.851933399199076], [-76.96229474640579, 38.851921884555], [-76.96232873172092, 38.85192180544146], [-76.96236271646606, 38.851922807330084], [-76.96239670069006, 38.851924800136516], [-76.9624304655064, 38.85192778379041], [-76.9624640915119, 38.8519318484021], [-76.96247849091466, 38.85193401505524], [-76.9624974981598, 38.85193681377723], [-76.96253067383634, 38.85194286008088], [-76.96256350338581, 38.85194989719203], [-76.96259598685666, 38.85195783502658], [-76.96261096120524, 38.85196207378768], [-76.96272430263518, 38.851999765289655], [-76.96277071996383, 38.85201905815192], [-76.96281586912978, 38.85204015227881], [-76.9628596349776, 38.852062957550785], [-76.96290178710012, 38.85208747389622], [-76.96294232554531, 38.85211361123247], [-76.96298113510971, 38.85214136952468], [-76.96301822740759, 38.85217056860949], [-76.96305322226338, 38.85220120836822], [-76.96321824356016, 38.85235386336089], [-76.96352211076393, 38.85264213851814], [-76.96399307367915, 38.85309315683655], [-76.96412998756827, 38.85322508244807], [-76.96434543507957, 38.85343270274418], [-76.9646498978696, 38.85372322720201], [-76.96468743750445, 38.85375945246131], [-76.96472509238471, 38.85379567774314], [-76.96476263214038, 38.853831812893546], [-76.96480028709696, 38.85386803815069], [-76.96483782692876, 38.85390417327643], [-76.964875482006, 38.85394030842461], [-76.96491313707718, 38.85397653364468], [-76.96495090743846, 38.85401266880268], [-76.96498856263017, 38.85404880391372], [-76.96502621790425, 38.85408484892809], [-76.96508333448587, 38.85413900670026], [-76.96513964447836, 38.854193614624734], [-76.96519503262917, 38.85424876275265], [-76.96524961414542, 38.85430445111961], [-76.9653032738182, 38.85436067969244], [-76.96535612689874, 38.854417358422324], [-76.96543973465529, 38.85451035021438], [-76.96550927040323, 38.85459036564776], [-76.96555855139157, 38.85464902508333], [-76.96557478608706, 38.85466920875729], [-76.96562659891495, 38.85473381447441], [-76.96571004704269, 38.854848831634584], [-76.9658309728303, 38.85498827255423], [-76.96589038541912, 38.855062339226734], [-76.96589902095756, 38.85507315186602], [-76.96596706924676, 38.85515803113699], [-76.96603511774055, 38.85524282028281], [-76.96610316635324, 38.85532769947205], [-76.96617121512786, 38.855412578620445], [-76.96623914885417, 38.85549745769469], [-76.96629257557177, 38.85556260407948], [-76.96634508053481, 38.855628110510615], [-76.96639700937261, 38.85569397708879], [-76.96644813166343, 38.855760203748495], [-76.96649856261644, 38.855826790523906], [-76.96654818701971, 38.85589373738287], [-76.96659700491381, 38.85596095424216], [-76.96664513146598, 38.85602853121988], [-76.96669245146396, 38.85609646828405], [-76.9667390801591, 38.85616467538423], [-76.96678306076124, 38.856229278340045], [-76.96682715665436, 38.85629388131143], [-76.9668710221626, 38.85635857428428], [-76.96691500300363, 38.85642317718839], [-76.96695886867086, 38.85648787012689], [-76.96700273445931, 38.8565524729639], [-76.96704660028561, 38.85661716586805], [-76.96709046619134, 38.85668185875502], [-76.96713421696458, 38.856746551592366], [-76.9671780830293, 38.856811244445055], [-76.96721688347324, 38.85686800844174], [-76.96722540347427, 38.85688044246416], [-76.96726742775118, 38.856941981815005], [-76.96727272401105, 38.856949640463284], [-76.96731992938581, 38.85701892849446], [-76.96735872993185, 38.857075962694886], [-76.96741416761161, 38.85715745940681], [-76.96746120042125, 38.85722679237237], [-76.96750817573628, 38.85729608026004], [-76.96755515110165, 38.85736545821227], [-76.96760201134506, 38.857434836112795], [-76.96764875646622, 38.8575042139618], [-76.9676709781104, 38.85753629011658], [-76.9677241705947, 38.85761611949423], [-76.96777597933317, 38.85769883116122], [-76.96779566598778, 38.85773180743417], [-76.96781489172454, 38.8577649637451], [-76.96783378327798, 38.857798300129105], [-76.96785219091035, 38.857831726460944], [-76.9678772860414, 38.85787947802764], [-76.96787935818935, 38.85788326213675], [-76.96792114307156, 38.85796732224156], [-76.9679306969345, 38.857987143403655], [-76.9679549835706, 38.858039579111924], [-76.96796350072697, 38.85805894956526], [-76.9679782332333, 38.85809219469878], [-76.96800056109429, 38.85814508028072], [-76.9680218519375, 38.858198235826656], [-76.96804222097522, 38.85825166136872], [-76.96806166824611, 38.85830526682313], [-76.96807996327836, 38.85835914221161], [-76.96810285706698, 38.8584350894957], [-76.96812356169981, 38.858511306429484], [-76.9681421923049, 38.85858797321403], [-76.96815863374091, 38.85866490965038], [-76.96817300121633, 38.858742115770866], [-76.96817552892456, 38.85875788120369], [-76.96818517954928, 38.85881950146062], [-76.9681952839484, 38.8588970667517], [-76.96819700463617, 38.85891400305905], [-76.96820331440692, 38.85897481164466], [-76.96820904048649, 38.85905273607716], [-76.9682102960653, 38.85907922118727], [-76.96821269269165, 38.85913065994378], [-76.96819197884591, 38.859591615366206], [-76.96816817937199, 38.85999536642143], [-76.96816259397376, 38.860118600126604], [-76.96816213161695, 38.86012193311702], [-76.96814895043015, 38.86022588672278], [-76.96816680531725, 38.86023453967772], [-76.96821507042903, 38.86025950615721], [-76.968262759045, 38.860285463386404], [-76.96826517801804, 38.86028681530726], [-76.96830953711482, 38.86031223110695], [-76.96835537003368, 38.860339899394745], [-76.96840040762534, 38.86036837820722], [-76.96844463832893, 38.8603977576264], [-76.96848783174872, 38.86042794750669], [-76.96853010310289, 38.86045894788045], [-76.9685714523919, 38.86049075874848], [-76.9686383676468, 38.86055104308585], [-76.96870516771756, 38.86061150752179], [-76.96877173742517, 38.86067206194149], [-76.96885023654606, 38.86085504396011], [-76.96891711075672, 38.86101090747721], [-76.96895221962815, 38.861086587559015], [-76.96917933537372, 38.861576525668745], [-76.96918509100102, 38.86158895880844], [-76.9692610698376, 38.861742932743084], [-76.96926820782431, 38.86175608691586], [-76.96927580677206, 38.861769061041066], [-76.96927822480646, 38.861772755129685], [-76.96928398193992, 38.86178176506472], [-76.96929261806912, 38.86179428904057], [-76.96930183038008, 38.86180663299879], [-76.96931138843253, 38.86181879687877], [-76.96932152270591, 38.861830690656674], [-76.96933200275966, 38.86184231427194], [-76.96934294381431, 38.86185366775462], [-76.96935446109016, 38.861864751134846], [-76.96935986894457, 38.86188222888943], [-76.96937183756147, 38.86191556318443], [-76.96938507373089, 38.861948627557766], [-76.96939957745423, 38.861981422008974], [-76.9694153488104, 38.8620137663692], [-76.96943238772376, 38.86204584080634], [-76.96945057909059, 38.86207737503718], [-76.9695453418781, 38.86222702964521], [-76.96958255773608, 38.862282296992234], [-76.9697307308362, 38.86250237515142], [-76.96975730701395, 38.862542307351994], [-76.96976999633631, 38.862561390469764], [-76.96980926193935, 38.862620315690194], [-76.96984841234755, 38.86267933095121], [-76.96988756282046, 38.86273834619854], [-76.96992671335826, 38.86279736143217], [-76.96996576026089, 38.862856376625416], [-76.97000478414596, 38.86291548188324], [-76.97004381965552, 38.86297449704626], [-76.97008273996977, 38.86303360225026], [-76.97012166034847, 38.86309270744074], [-76.97015505403246, 38.86314244245012], [-76.97018833250291, 38.863192267504296], [-76.9702216110198, 38.86324209254851], [-76.97025488958316, 38.86329191758287], [-76.97027149430413, 38.8633168571128], [-76.97042036116311, 38.863541402709345], [-76.97045329429807, 38.86359131768124], [-76.9704747131318, 38.86362195171892], [-76.97049590142579, 38.8636528559468], [-76.9705166288077, 38.86368385013848], [-76.97053701050051, 38.86371493432326], [-76.97055704642932, 38.863746288669674], [-76.97057662144493, 38.863777732980495], [-76.97059585077022, 38.863809267285], [-76.97060476288739, 38.863824277552105], [-76.9706147343306, 38.86384107175167], [-76.97063316853574, 38.86387287610214], [-76.97065123393057, 38.8639049506093], [-76.970676217624, 38.863953242001855], [-76.97069935751155, 38.86400216351526], [-76.97072053844018, 38.86405153495337], [-76.97073999081707, 38.864101446459095], [-76.97075748426491, 38.8641517178073], [-76.97076093637325, 38.864162979192734], [-76.97077313400382, 38.864202349027664], [-76.9707855591833, 38.86424883556714], [-76.97078682476908, 38.86425343017625], [-76.97079855666739, 38.86430469100132], [-76.97080269604513, 38.8643259518995], [-76.97080844488204, 38.864356221616326], [-76.97081638570718, 38.8644080219959], [-76.97082188319443, 38.86446126311062], [-76.97082531813217, 38.86451459379346], [-76.97082680574057, 38.86456801407342], [-76.97082619625988, 38.86462143382897], [-76.97082352428966, 38.86467476298453], [-76.97081889349089, 38.864728091650136], [-76.97081218870777, 38.86478123962832], [-76.97080514262412, 38.86482366750554], [-76.97080340993584, 38.864834206918836], [-76.97079267243257, 38.864886903465816], [-76.97077986093154, 38.86493941932412], [-76.97076820539198, 38.8649828369702], [-76.9707549367557, 38.865026074042504], [-76.97074040073328, 38.865069040542984], [-76.97072436687158, 38.86511173641338], [-76.97070683524203, 38.86515398148483], [-76.97068803621961, 38.86519595598271], [-76.97066773942491, 38.86523747968039], [-76.97064617530735, 38.86527855263485], [-76.9706231134133, 38.86531917478755], [-76.97059878419253, 38.86535934619556], [-76.97053894308335, 38.86545337896549], [-76.97052268418025, 38.865482472042366], [-76.97050665567909, 38.865511655259134], [-76.97049074235385, 38.86554092858685], [-76.97047505946826, 38.865570201970506], [-76.97046707952907, 38.865585370122936], [-76.97045960698522, 38.86559956549436], [-76.97044428120132, 38.86562901913222], [-76.97042916277509, 38.865658562904606], [-76.97041417108542, 38.86568810670696], [-76.97039940983653, 38.86571765056569], [-76.97038487895395, 38.86574737464912], [-76.97036342667894, 38.865795834476046], [-76.9703430112286, 38.86584474498271], [-76.97032387469353, 38.8658938359787], [-76.97030586724354, 38.865943197510724], [-76.97028902344901, 38.86599282958802], [-76.97027344701661, 38.86604273223754], [-76.97025890753181, 38.866092815316925], [-76.97024563541383, 38.866143168969444], [-76.9702344387968, 38.866190099951865], [-76.97023363074025, 38.86619361302727], [-76.97022277824877, 38.866244237545516], [-76.97021492639364, 38.86628351222653], [-76.97021100031239, 38.86630350990323], [-76.97020072024019, 38.86636296280976], [-76.97019205326355, 38.86642259629478], [-76.97018950926154, 38.866444125753354], [-76.97018499942403, 38.866482320274564], [-76.97017944349781, 38.86654213472001], [-76.97017550071654, 38.866602039660684], [-76.97017305585625, 38.866662035067364], [-76.97017222418654, 38.866722030885455], [-76.97017300571144, 38.866782027115015], [-76.97017540047273, 38.8668419336718], [-76.97017906135868, 38.866905173663994], [-76.97018445075518, 38.86696823392847], [-76.97019156862929, 38.86703120454912], [-76.97020041498534, 38.867094085525636], [-76.97021098986563, 38.867156786773506], [-76.9702207637619, 38.867206065281316], [-76.97022329327459, 38.86721930829223], [-76.97023732521662, 38.867281650081374], [-76.97023882067812, 38.867287686098585], [-76.97025308577126, 38.86734363197198], [-76.97026516685978, 38.86738678534206], [-76.97027045963858, 38.867405434102324], [-76.97028956212678, 38.86746687633275], [-76.97030901314699, 38.86752156233921], [-76.97032973187216, 38.867575888327586], [-76.97035160303764, 38.86762994435201], [-76.97037474187562, 38.867683730441065], [-76.97039903315888, 38.867737246564886], [-76.97042447696441, 38.86779031255442], [-76.97045118844967, 38.86784310860641], [-76.97047905246164, 38.867895454522554], [-76.97050806896509, 38.867947440386224], [-76.97053812273181, 38.867999066167464], [-76.9706364629531, 38.86816052165872], [-76.9706939241776, 38.868255034320725], [-76.97073261175957, 38.8683280121484], [-76.97073641153138, 38.86833494957672], [-76.97079767126378, 38.86844018314492], [-76.97088357347747, 38.86858749210088], [-76.97089681492737, 38.86861235861337], [-76.9709084429282, 38.86863776522692], [-76.97091845751532, 38.8686636218579], [-76.97092202520875, 38.86867461300644], [-76.97092685876034, 38.868689748338554], [-76.9709335314303, 38.8687161446406], [-76.9709385907549, 38.86874281079293], [-76.97094180630582, 38.86876965665435], [-76.9709426074616, 38.868783079384265], [-76.97094352381261, 38.86879659222692], [-76.97094339757852, 38.86882361742471], [-76.97094154294338, 38.86885046202416], [-76.97094000831179, 38.869223409791005], [-76.97094154571398, 38.86940970407094], [-76.97094220791452, 38.869481411169474], [-76.97094286791581, 38.86955852331178], [-76.9709428671823, 38.869560324993294], [-76.97093990403512, 38.869904022058904], [-76.97093911816522, 38.86999452933845], [-76.9709432329775, 38.87033177812014], [-76.9709435784191, 38.87036072221903], [-76.97094149069969, 38.870676916789584], [-76.97094099997811, 38.870750064930874], [-76.97094051431732, 38.87081078147133], [-76.97094050914548, 38.870823483323456], [-76.97093985024577, 38.8711681537964], [-76.97093933996311, 38.871430829777815], [-76.97093921335606, 38.871458755803964], [-76.97093906870141, 38.871531003181076], [-76.97093892312947, 38.871605502658454], [-76.97093797040436, 38.87196421711562], [-76.97093828915236, 38.872030428970625], [-76.97093901947423, 38.87221789405331], [-76.9709392253348, 38.872278340498504], [-76.97093943236946, 38.872335904254], [-76.97093953685898, 38.87236229890463], [-76.97093845069415, 38.87276569496469], [-76.97093854102427, 38.87282686204777], [-76.970938879508, 38.87295781729335], [-76.97093933670553, 38.87313684140467], [-76.97093886716758, 38.873157920951066], [-76.97093943477681, 38.87317900075545], [-76.97094115477294, 38.87320008084649], [-76.97094391195498, 38.873221071111466], [-76.97094805119644, 38.87324404356871], [-76.97095345814027, 38.873266836173], [-76.97096013278764, 38.87328944892414], [-76.97096819045184, 38.87331170168245], [-76.97104991155678, 38.87327037339943], [-76.9710627056897, 38.87326389052012], [-76.97138463106744, 38.8731055120329], [-76.97175392813133, 38.87292138008747], [-76.97203965943258, 38.87277902598504], [-76.97213105306462, 38.872753644131755], [-76.97223016841157, 38.87272610202635], [-76.97228877262259, 38.87285971057184], [-76.97239947277039, 38.872913057526134], [-76.97243221737058, 38.87292883897444], [-76.97267888684877, 38.873043871191356], [-76.9729158442256, 38.87315437841458], [-76.9732222676317, 38.87329728631092], [-76.97339843654385, 38.87338110471595], [-76.97349591146188, 38.87342752015107], [-76.97359004513973, 38.87347240332045], [-76.97365721769307, 38.87350448840393], [-76.9737245056123, 38.87353639330652], [-76.97379190889718, 38.87356811802799], [-76.97385942754724, 38.87359966256811], [-76.97392706152934, 38.873631117010724], [-76.97399492614818, 38.87366230121332], [-76.97406290613142, 38.87369330523385], [-76.9741310130024, 38.87372412907469], [-76.97419921215645, 38.87375486281199], [-76.97423112837538, 38.87376909412531], [-76.9743954324975, 38.8738458007714], [-76.97445914912011, 38.87387635320539], [-76.97452275052525, 38.87390699566331], [-76.97458623664895, 38.873937908313366], [-76.97464950383993, 38.87396891096527], [-76.97471943071011, 38.87400342830112], [-76.97478915012044, 38.874038215802116], [-76.97485861600717, 38.874073183374705], [-76.97492056784401, 38.874109464519094], [-76.97496729740395, 38.87414321100784], [-76.97509670942492, 38.87425004228042], [-76.97538860914338, 38.874395616861], [-76.97546626602967, 38.87444004461669], [-76.97554520267862, 38.87448303124422], [-76.97569445915047, 38.874560471589746], [-76.97581215683513, 38.87462199637622], [-76.97592447407185, 38.874680240876586], [-76.97608571439675, 38.874763808901335], [-76.97629712958364, 38.8748868526975], [-76.97632972297347, 38.87491217291239], [-76.97636105992639, 38.87493848378777], [-76.97639124421909, 38.874965605177664], [-76.97646092009164, 38.87503289397304], [-76.97650367976965, 38.8750876015879], [-76.97651256116922, 38.8750989539582], [-76.97652108529265, 38.875110396340034], [-76.97652948262323, 38.875121928779684], [-76.97657890480508, 38.875207428415244], [-76.9766276125457, 38.87529310805366], [-76.97667575565777, 38.87537896772569], [-76.97672333413969, 38.875465007432055], [-76.97685980302627, 38.87571708955835], [-76.97687513243284, 38.87574609963907], [-76.97692452973274, 38.875839886840986], [-76.97797560003501, 38.87685715591981], [-76.9786739619121, 38.87665478575946], [-76.98233477045179, 38.875559164834506], [-76.98323572957871, 38.875194340344244], [-76.98386847117034, 38.87491264670289], [-76.98436970286937, 38.874699215770356], [-76.985116308527, 38.8743446525648], [-76.98647581443133, 38.87366450342118], [-76.98729478831822, 38.87320021224206], [-76.98874395153979, 38.872234299712694], [-76.98910041054397, 38.872033536190166], [-76.98933067373392, 38.87189897188767], [-76.99012583205857, 38.871434505397424], [-76.99014828297467, 38.87146509026614], [-76.99031776707628, 38.871680973975906], [-76.99048687774793, 38.87189638051884], [-76.99062291045689, 38.872080653927966], [-76.99070911479026, 38.87218604000336], [-76.99081693840853, 38.87232646871733], [-76.9909182717607, 38.87247774519395], [-76.99102256299068, 38.872650657176145], [-76.99114456952339, 38.87288300897427], [-76.99122968573553, 38.8730891721339], [-76.99131721935079, 38.87330308826029], [-76.99136268992474, 38.8734501149505], [-76.99139327023921, 38.87356203928471], [-76.9914125042391, 38.87364111194861], [-76.99142976770521, 38.87372002569064], [-76.99144250830851, 38.8737848037895], [-76.99145242809807, 38.873840433085036], [-76.99147401953338, 38.87398650082587], [-76.99148194058294, 38.87405502774961], [-76.99149138275519, 38.8741603310174], [-76.99149642921019, 38.874241828700036], [-76.99149891188229, 38.87430261419211], [-76.99150062306383, 38.87443080385984], [-76.9915005892632, 38.874533200658014], [-76.99150054360328, 38.87461421714129], [-76.9915324401557, 38.87540333050684], [-76.99153599722986, 38.876505328132794], [-76.99153589006642, 38.87723286878104], [-76.99153799061345, 38.87758352469189], [-76.99206630517583, 38.87758340806185], [-76.99216661381357, 38.8776326619568], [-76.99226942939592, 38.87767644237479], [-76.99234973962388, 38.87770598287599], [-76.99243112798084, 38.87773240841815], [-76.99251347369837, 38.87775567978964], [-76.99267128691928, 38.87779906492429], [-76.99283033293847, 38.87783768676241], [-76.99341107973287, 38.87799538026465], [-76.99357451959614, 38.87787205486596], [-76.99363535950684, 38.877872058196374], [-76.99364302058723, 38.877872221933934], [-76.9936505975763, 38.87787107816857], [-76.99365786896256, 38.87786866033798], [-76.9936646221687, 38.87786503912689], [-76.99367065976628, 38.877860320400565], [-76.99367580524756, 38.87785464210988], [-76.99367990818558, 38.87784817025834], [-76.9936828486319, 38.87784109404903], [-76.99368454062325, 38.87783362035329], [-76.99368455810145, 38.8776360724329], [-76.99391635814753, 38.87770787939502]]]}, "properties": {"WARD": 8, "NAME": "Ward 8", "REP_NAME": "Trayon White, Sr.", "WEB_URL": "https://www.dccouncil.us/council/councilmember-trayon-white-sr"}}, {"type": "Feature", "geometry": {"type": "Polygon", "coordinates": [[[-77.0327047038158, 38.88261798802224], [-77.03236273164272, 38.88314629012071], [-77.03216348819089, 38.88344731538587], [-77.03208609420223, 38.88380586146456], [-77.03202429299141, 38.88408596717694], [-77.03199102410672, 38.88438119011035], [-77.03196793641426, 38.88486597368032], [-77.03196494483946, 38.88492885302574], [-77.03196456141202, 38.88497343562709], [-77.03195938163773, 38.88558044900406], [-77.031959401859, 38.88562559000965], [-77.03195955855357, 38.88597538549723], [-77.03195390115773, 38.88757500542651], [-77.03187160277508, 38.88757187498015], [-77.03171181693543, 38.8875757019936], [-77.03169676389538, 38.887576066415015], [-77.03117438521774, 38.88757539625912], [-77.03072152117683, 38.8875751559218], [-77.03003571293935, 38.88757506404998], [-77.0299703709856, 38.887575080835404], [-77.02936742461907, 38.8875752339989], [-77.02881052466877, 38.88757364309136], [-77.02832355540093, 38.887575266599505], [-77.02818356980592, 38.8875751653374], [-77.02811800838896, 38.887574001041735], [-77.02807543050226, 38.887573623924084], [-77.02795932708152, 38.88757329144042], [-77.02599306346907, 38.887574078901864], [-77.02581265572142, 38.88757447924835], [-77.0254656946874, 38.887575249060255], [-77.02495923392902, 38.887575088139414], [-77.02438592150313, 38.88757556958663], [-77.02424729574915, 38.8875747156275], [-77.02401812007967, 38.88757330362387], [-77.02400850720647, 38.88757320650813], [-77.02388083085346, 38.88757089951352], [-77.02371777047406, 38.88757268036663], [-77.02353632588353, 38.88757466288274], [-77.02323065198773, 38.887576525758774], [-77.02293432503228, 38.887575953737056], [-77.02258508155545, 38.88757602179504], [-77.02223376322394, 38.88757563878483], [-77.02212708783222, 38.88757395645999], [-77.02191796719377, 38.88757065378294], [-77.02168475907756, 38.8875746970363], [-77.02166575249343, 38.88757502486541], [-77.01990962245586, 38.88757482396033], [-77.01989520316293, 38.88757470930857], [-77.01977198834628, 38.88757518065207], [-77.01959782782917, 38.88757584059315], [-77.01925055537667, 38.887576078517725], [-77.01875116020426, 38.88757597959754], [-77.01820951005301, 38.88757597522188], [-77.01782233377655, 38.887575584528406], [-77.0177498919261, 38.88757655044902], [-77.01755654075895, 38.887579138054804], [-77.017549187031, 38.88757905808462], [-77.01737627067597, 38.887577102095946], [-77.01728913245472, 38.88757611509791], [-77.01721651671242, 38.88757297289202], [-77.01721341616809, 38.88757297334905], [-77.01693840106762, 38.88757184246999], [-77.01667363281894, 38.88757097973234], [-77.01659388313936, 38.887571018115885], [-77.01639308545502, 38.8875711095322], [-77.01628094757483, 38.887572836810904], [-77.01599233158919, 38.88757170559957], [-77.01565287407766, 38.887572742511544], [-77.0153874373807, 38.887572147199336], [-77.01537066681173, 38.887572302550225], [-77.01518028915179, 38.88757406606847], [-77.01517445013991, 38.8881925191233], [-77.0151805791624, 38.888828572926855], [-77.0152019437638, 38.89064258699085], [-77.01518509598311, 38.891464532999834], [-77.01639023177397, 38.89179045577552], [-77.01756694617951, 38.89211716367862], [-77.01858690410117, 38.892400815732], [-77.01990172231088, 38.892766454998466], [-77.01992667497123, 38.89360554676207], [-77.0199034952653, 38.89441881341909], [-77.01900939159886, 38.89468664886221], [-77.01893674239574, 38.89481026561917], [-77.01892800115533, 38.89613561807582], [-77.01893098916766, 38.89734444962607], [-77.01893366973725, 38.89831483015969], [-77.01893043805656, 38.89906041457047], [-77.01893360670401, 38.89981724478294], [-77.01893088897553, 38.900870690153035], [-77.01892921747829, 38.90113174534467], [-77.01906543813504, 38.90117988187628], [-77.01916362319481, 38.90121458402382], [-77.01948194115643, 38.901326595348074], [-77.0195186050725, 38.90133965134716], [-77.01973927933713, 38.901413581895774], [-77.01979900204385, 38.90143329108464], [-77.01992075438015, 38.90147678075509], [-77.02001485979373, 38.90151360885364], [-77.0200767845498, 38.901533164380815], [-77.02026066819181, 38.90159125455795], [-77.02042610730186, 38.90165181596177], [-77.02070281849406, 38.901748607094774], [-77.020753548914, 38.90176619141552], [-77.02077020925218, 38.90177197182003], [-77.02091575960564, 38.90182243769443], [-77.02123237608798, 38.90193201228612], [-77.02152834334474, 38.90203294180207], [-77.02160684848319, 38.902057430039484], [-77.02165043017212, 38.90207012375398], [-77.02170359181208, 38.90208191483693], [-77.02191730457591, 38.90210914323232], [-77.02191879642487, 38.902274392253396], [-77.0219199698559, 38.902528905134226], [-77.02192033988604, 38.902607557024524], [-77.021920432718, 38.902909616195174], [-77.02192135485716, 38.90294662516293], [-77.02171029883627, 38.902972968976705], [-77.0199080403762, 38.90358992488377], [-77.01893069485955, 38.90392365433185], [-77.01822373827046, 38.90417136586927], [-77.01618252252867, 38.904886570498796], [-77.01522453396842, 38.90521496419852], [-77.01477813276104, 38.90536926533971], [-77.01490285141718, 38.90565956726851], [-77.01517747342524, 38.90646565486056], [-77.01544287183907, 38.907242624549], [-77.01548837889327, 38.90740486788982], [-77.01574823692148, 38.90812251921048], [-77.01577840548437, 38.90820794129589], [-77.01591034044975, 38.90858156260156], [-77.01594010463079, 38.90866146257683], [-77.01598578942969, 38.90878460042762], [-77.01600620948439, 38.90884089979478], [-77.01611972019042, 38.909153834120616], [-77.0161452281896, 38.909224014617884], [-77.01615637281095, 38.909254668476585], [-77.016162406608, 38.90927129704755], [-77.01619875946638, 38.909371644978926], [-77.0161994516787, 38.90937353663544], [-77.01620855433212, 38.90939866865588], [-77.01623970460167, 38.90948667586128], [-77.01629174879112, 38.9096336848036], [-77.01629692900526, 38.90964836768301], [-77.0162975173933, 38.909649989102974], [-77.01632738679932, 38.90973241128605], [-77.01645067227999, 38.910072179730435], [-77.01650067442468, 38.91021000934935], [-77.01651671111176, 38.91025405788431], [-77.016555256962, 38.91036008063336], [-77.01657382043442, 38.91041133547598], [-77.01659689601834, 38.91047934519302], [-77.0166136373662, 38.91052861845155], [-77.01663117482589, 38.91058014367974], [-77.01672657715832, 38.91084254309129], [-77.01680135166723, 38.911050174659024], [-77.01682915713984, 38.911127372151185], [-77.0168554630906, 38.911201687182505], [-77.01695294546492, 38.911476607674615], [-77.01707732094525, 38.91181710486805], [-77.01708137066603, 38.911828184535686], [-77.01709762716936, 38.91187232302928], [-77.01712613677238, 38.91195015092009], [-77.01721866915798, 38.91220183036013], [-77.0173384342066, 38.91253872457426], [-77.01736497185705, 38.91261321960427], [-77.01739045960771, 38.91268483211479], [-77.0173929980413, 38.91269212849214], [-77.01750745480486, 38.91300461069384], [-77.01762237638984, 38.91332763245192], [-77.01764248735414, 38.913382463174244], [-77.01772819297437, 38.913616243608026], [-77.017763836083, 38.913719473749346], [-77.01778221727648, 38.91377259312248], [-77.01780065618556, 38.91382585661683], [-77.01782465681713, 38.91389521715901], [-77.01783504171635, 38.913925213338885], [-77.0178602995505, 38.91399583484781], [-77.0178960689709, 38.914095461587415], [-77.01801328384248, 38.914399456938085], [-77.01811124250071, 38.914653494906766], [-77.01815716229669, 38.91467348628652], [-77.01816016058815, 38.914674837071004], [-77.01841616939505, 38.914791815287906], [-77.01855339843735, 38.914849717178775], [-77.0187912895069, 38.91494994194095], [-77.01892979917649, 38.91500829359897], [-77.01898917701195, 38.9150333271374], [-77.0191017286278, 38.915080782720466], [-77.01932566774008, 38.91517579284447], [-77.01955378203817, 38.91527258548953], [-77.01974083137137, 38.91535191747085], [-77.01975537335113, 38.91535840101443], [-77.01977473575676, 38.915367045740894], [-77.01990194648876, 38.91542368657052], [-77.01997823151453, 38.91545767100858], [-77.02004263850426, 38.915486360533784], [-77.020092456958, 38.91550707114807], [-77.02011908449923, 38.91551823690153], [-77.02040556442869, 38.91563770080046], [-77.02054774410631, 38.91569805875139], [-77.02056676062227, 38.91570616290686], [-77.02066040168923, 38.91574587314244], [-77.02066547208221, 38.91573506224402], [-77.02067123437008, 38.915724431389584], [-77.02067745796407, 38.915714070703295], [-77.02068437342622, 38.915703799977514], [-77.02069175022031, 38.91569388950299], [-77.02069958829381, 38.91568415911297], [-77.0207080145108, 38.9156746988682], [-77.02071687897171, 38.91566550879516], [-77.02072576672748, 38.91565712946744], [-77.02073268335573, 38.91565091248917], [-77.02073924274006, 38.915645416240736], [-77.02074813083134, 38.91563820799477], [-77.02075758410976, 38.91563163023117], [-77.02077234062573, 38.91562198869014], [-77.02078790455059, 38.91561324783711], [-77.02080426432765, 38.91560531759039], [-77.02082132776401, 38.91559837813287], [-77.020838852689, 38.915592339424016], [-77.02085660846238, 38.91558711142151], [-77.02087482577812, 38.91558296433399], [-77.02087446868346, 38.91550540263245], [-77.02087446602017, 38.915496304214365], [-77.02087473485562, 38.915272356948755], [-77.02087494627447, 38.91508861388732], [-77.02087509922522, 38.914941480708194], [-77.02087508220438, 38.914922725355424], [-77.02087477603439, 38.91458582263621], [-77.02087442805077, 38.91422423705941], [-77.02087361638877, 38.91416937643001], [-77.02087325182454, 38.914145053984114], [-77.02087208382702, 38.91409397691933], [-77.02094300779292, 38.914094054310965], [-77.0211987075785, 38.914094062246605], [-77.0212445527419, 38.914094062927795], [-77.02129401847382, 38.914094062931184], [-77.02139902649691, 38.91409406176237], [-77.0217844332447, 38.91409624262217], [-77.02191812908312, 38.91409621761773], [-77.02205154819012, 38.91409619251254], [-77.02222253357913, 38.914096160115875], [-77.0224124405256, 38.91409628599091], [-77.02243478658859, 38.91409629971887], [-77.0228592464881, 38.91409657777717], [-77.0229468781147, 38.914096650682474], [-77.02304903813791, 38.91409672065682], [-77.02308306456484, 38.91409671393929], [-77.0234316184749, 38.91409430238903], [-77.02344988273816, 38.91409428070802], [-77.02382781690615, 38.91409377184297], [-77.02396998757617, 38.914093562595376], [-77.02412921123556, 38.9140916380701], [-77.02430816340141, 38.91408934889149], [-77.02436651106864, 38.91409951615909], [-77.02449698967796, 38.91409881324954], [-77.02468003562014, 38.914097828851936], [-77.02498443980495, 38.91409686332122], [-77.02558679095571, 38.91409457096144], [-77.02565966114624, 38.914087888810734], [-77.0258859934651, 38.914089730635816], [-77.02599266211257, 38.914090391587855], [-77.0262088609305, 38.914097045493826], [-77.02637788630553, 38.91409745787304], [-77.02678711403162, 38.91409655401701], [-77.02686239632166, 38.914096086316135], [-77.02703742951195, 38.91409764942713], [-77.02720554419885, 38.914098619336784], [-77.02729340661409, 38.91409913934547], [-77.02768949005318, 38.914099406482705], [-77.02779169634016, 38.914099814616435], [-77.02798928286293, 38.914100596217736], [-77.02802582296994, 38.914100677542024], [-77.02808186103736, 38.914100574003484], [-77.02816892760964, 38.91410046296143], [-77.02830720096568, 38.914100213342905], [-77.02840402229644, 38.91410004571189], [-77.02889014626543, 38.91409794468749], [-77.02949908149726, 38.91409635119853], [-77.02962210000236, 38.914096049824416], [-77.02975229113714, 38.91409736799532], [-77.02977281549234, 38.914097633017256], [-77.02998151702084, 38.914097489566444], [-77.03026539719563, 38.914097236209784], [-77.030401860561, 38.91409770524829], [-77.0307865062289, 38.91409901883858], [-77.03092540253495, 38.914099495632904], [-77.03133645262304, 38.91409992661224], [-77.03148580683153, 38.91409985042654], [-77.03167337302105, 38.91409974568088], [-77.0317846531796, 38.91409872454441], [-77.03195371427977, 38.914101579116114], [-77.03195429503369, 38.91418822114975], [-77.03195558213503, 38.91448738768377], [-77.03195478078503, 38.9147576380117], [-77.03195458642053, 38.91483853292814], [-77.03195449955773, 38.91487627788211], [-77.03195451384666, 38.91490816738948], [-77.0319547796857, 38.91526985201465], [-77.0319547979306, 38.91531056968773], [-77.03195695612371, 38.915495059811946], [-77.03195781113513, 38.915576134597124], [-77.03195738999227, 38.91566558748191], [-77.03195427758439, 38.916207980170434], [-77.0319538561912, 38.91629689254482], [-77.03195332839577, 38.91637994952972], [-77.03195332948559, 38.916382381779606], [-77.03195308770677, 38.91687216494565], [-77.03195302064478, 38.9170055783775], [-77.03215309359587, 38.91700453257641], [-77.032189531295, 38.91700434237721], [-77.03247988031976, 38.91700399177822], [-77.03324363274297, 38.917004659794905], [-77.03326132121806, 38.91700467277767], [-77.0340412751987, 38.91700652006779], [-77.034385487301, 38.91701038294564], [-77.03440404067678, 38.91701055765089], [-77.03453446687942, 38.91700988859189], [-77.0346986670824, 38.91700893911262], [-77.03498601749355, 38.917007412093646], [-77.0350287051393, 38.917007588479166], [-77.03534013352689, 38.917008836943545], [-77.03552356798578, 38.9170091957027], [-77.035928627436, 38.91700998169524], [-77.03617947169384, 38.917010111485915], [-77.03624691645928, 38.91701063108313], [-77.0363380107788, 38.917010332539085], [-77.03636038081005, 38.91701032558001], [-77.03649460085873, 38.91701001348587], [-77.03677987617681, 38.917009473620354], [-77.03679822190838, 38.917009467844146], [-77.03686164214552, 38.91700953793732], [-77.03730476512136, 38.91701004590367], [-77.03747888250538, 38.91701024241762], [-77.03775494506984, 38.917010603959625], [-77.03814398792197, 38.91701110818859], [-77.03831925831807, 38.917011140923954], [-77.03847469549088, 38.91701117992867], [-77.0386299020449, 38.91701121880294], [-77.03883192428047, 38.91701133200528], [-77.0389437744219, 38.917011267755065], [-77.03920749860536, 38.917011116502046], [-77.03966980892795, 38.91701130277662], [-77.04008240993096, 38.91701253123472], [-77.0400935719051, 38.91701256343857], [-77.040730299505, 38.9170130458725], [-77.0408052506417, 38.91701301972196], [-77.04102001464122, 38.91701323279101], [-77.0411443297498, 38.91701318908283], [-77.04122593566292, 38.91701561959395], [-77.04122973961421, 38.917013438235095], [-77.04129276986903, 38.91697723851068], [-77.04143109508887, 38.916897943235675], [-77.04154565416978, 38.9168373845741], [-77.0416584092766, 38.91678807785151], [-77.04179458486854, 38.91672144862701], [-77.04218903485446, 38.91652819521337], [-77.04273983649331, 38.916250709495884], [-77.04287094819117, 38.91618436012025], [-77.04314686525154, 38.916044746476125], [-77.04323478361552, 38.91600025784407], [-77.04334717355889, 38.91594236467507], [-77.04343326997011, 38.91589813781031], [-77.04343795008847, 38.91589588398672], [-77.0434473101541, 38.91589109708061], [-77.04354925615816, 38.91583855855016], [-77.04357915755946, 38.91582320620653], [-77.04385364993374, 38.91567769996301], [-77.0439242410531, 38.91564023480431], [-77.04393073076864, 38.91563685423861], [-77.04402726910531, 38.91558586675517], [-77.04407199363672, 38.91556216697926], [-77.04414506286427, 38.915523466609564], [-77.04422107144656, 38.91548332374769], [-77.04424339906791, 38.91547148735018], [-77.04425889142969, 38.915463599188854], [-77.04439001197746, 38.91539753636146], [-77.04447573871514, 38.91535429077285], [-77.04464072185769, 38.915265693927196], [-77.0447206831328, 38.915222729618684], [-77.04483667602122, 38.915158924159954], [-77.04491556444832, 38.91511554574535], [-77.04501533916763, 38.91506088980299], [-77.04504091638653, 38.915046241398976], [-77.04526711155302, 38.91491722666817], [-77.04554159043288, 38.91476143792496], [-77.04574258782853, 38.91464777328364], [-77.04596410269127, 38.91452438923639], [-77.04597887949056, 38.91451607773514], [-77.04599471691589, 38.91450748655599], [-77.04608980119208, 38.91444142697999], [-77.04616832332754, 38.914386787435355], [-77.04619077564499, 38.91447949237491], [-77.04619722694407, 38.914506136487546], [-77.04622107483722, 38.91459930930107], [-77.04623661284043, 38.91468023405789], [-77.04624928688582, 38.91477214110828], [-77.04625473781813, 38.91483857543782], [-77.04627398280896, 38.91507025323741], [-77.04629902386837, 38.91534907836024], [-77.04632553189195, 38.91564929767961], [-77.0463473663197, 38.915996812590876], [-77.04637339258474, 38.916105190553644], [-77.04639793536795, 38.916184138867315], [-77.04642246903651, 38.91623128775614], [-77.04650003807998, 38.91635694119964], [-77.04660067126296, 38.9165211680892], [-77.04669446856575, 38.91668764970283], [-77.04670096875174, 38.91670031282283], [-77.04670674138441, 38.91671128266647], [-77.04670781486689, 38.916712975804174], [-77.046715387248, 38.91672535923638], [-77.04673307324389, 38.91675688133343], [-77.04674209050437, 38.91677461513631], [-77.046776727902, 38.91684272229666], [-77.04698311000749, 38.91724787938068], [-77.04705924393761, 38.91739732401484], [-77.04720175682101, 38.91767779502332], [-77.04723712267501, 38.91774759530844], [-77.04727067561025, 38.91781345967418], [-77.04727211876194, 38.917816125556726], [-77.0474730926795, 38.91821269895259], [-77.04752433455927, 38.91831275167858], [-77.04757160066006, 38.91839901424371], [-77.04758494412461, 38.91841914243112], [-77.04759972851845, 38.918438558371804], [-77.04761595394453, 38.918457415206824], [-77.04763363174229, 38.91847542466432], [-77.04765238147348, 38.9184927220238], [-77.04767221459126, 38.91850919017172], [-77.0476934769168, 38.918524657808135], [-77.04771546515592, 38.918539287369455], [-77.04773853667889, 38.918552934575914], [-77.04776269138893, 38.91856545529367], [-77.0477681013053, 38.91856811954823], [-77.04777963599503, 38.91857333065602], [-77.04779152805094, 38.9185783884748], [-77.0478034314525, 38.91858316702949], [-77.04781532313716, 38.9185876663295], [-77.04782757210334, 38.91859188622382], [-77.0478401897852, 38.918595682574306], [-77.04785280737171, 38.918599334790194], [-77.04786541314418, 38.91860256361798], [-77.04787838782549, 38.91860565716829], [-77.04789100475637, 38.91860832747224], [-77.04794183127669, 38.918620972343305], [-77.04799047804131, 38.91863305957096], [-77.04813140254562, 38.918669602456674], [-77.04817826212876, 38.918681825467196], [-77.04823664570189, 38.91870038556723], [-77.04830800459403, 38.918722876915076], [-77.04831521313243, 38.91872512601742], [-77.04846661318146, 38.91876878975617], [-77.0485226754151, 38.91878190063575], [-77.0485563064427, 38.91879064276295], [-77.04861050164509, 38.91880521372571], [-77.04865534404793, 38.918818338216866], [-77.04867451370197, 38.91882527565623], [-77.04868896592718, 38.918830521492005], [-77.04871141632358, 38.91884604249737], [-77.04873384302715, 38.91886062664188], [-77.04875253361651, 38.91887521234085], [-77.04878058205061, 38.918898559236375], [-77.04880114271947, 38.91891606284588], [-77.048817964275, 38.91892918996532], [-77.04883478883491, 38.91894669512966], [-77.04884601874932, 38.918961292939635], [-77.04887406271158, 38.9189948462526], [-77.04889007681943, 38.9190243688605], [-77.04891521219535, 38.91907072421753], [-77.04894116689997, 38.91911791700035], [-77.04896038776965, 38.91914890661266], [-77.048978617373, 38.91918049118692], [-77.04899683763371, 38.91921523768595], [-77.04901100282123, 38.91923892365356], [-77.0490272040497, 38.91927209453655], [-77.04905960219521, 38.919332103441164], [-77.04909198016948, 38.91937948266621], [-77.04912436971192, 38.919426852868675], [-77.04915271070989, 38.9194726483072], [-77.04917940465621, 38.91952119197219], [-77.04918073269972, 38.919524002012054], [-77.0491905690606, 38.91954088848959], [-77.04945527480312, 38.919994841590004], [-77.04972820455102, 38.92046342908753], [-77.04995344364185, 38.92085024069315], [-77.05021712245232, 38.921305894974445], [-77.05058825722504, 38.92068880861386], [-77.0509229470117, 38.920088978830385], [-77.05101390820057, 38.91994551755148], [-77.05122203550472, 38.91978035788166], [-77.05137265054265, 38.91973718690683], [-77.05166363277507, 38.91964057940919], [-77.05185273544618, 38.919576734691546], [-77.05222176430314, 38.919611261430354], [-77.05304127353362, 38.92004269756914], [-77.05351599667497, 38.92011544858435], [-77.05393394732452, 38.920030334907956], [-77.0546657372209, 38.91988645613835], [-77.05493674448627, 38.91962682609364], [-77.055145805818, 38.91916144736751], [-77.05533631758232, 38.91900216208429], [-77.05569426381608, 38.91885977750558], [-77.05600627407486, 38.91872483671704], [-77.05602936327331, 38.918714853425406], [-77.05628921033119, 38.918601133481715], [-77.05669343295818, 38.91852390781684], [-77.05712504086024, 38.918446180917506], [-77.05794857546489, 38.917978927599556], [-77.05819813268049, 38.91768351041844], [-77.05836277477968, 38.917798284547146], [-77.05849302757002, 38.91789397799599], [-77.05864710779785, 38.91800834262342], [-77.05879868472138, 38.91812083457206], [-77.05889600853884, 38.91819198741777], [-77.05908642553041, 38.91832123292122], [-77.05933077996937, 38.91833226142081], [-77.05935004868115, 38.918332431802135], [-77.05936144160597, 38.918332597173276], [-77.059368498756, 38.91833269267956], [-77.05944056002946, 38.91833634946112], [-77.05948174049524, 38.91833957150535], [-77.05972538956006, 38.918348095222505], [-77.06006661497962, 38.91835611789685], [-77.06041519918844, 38.9183662977701], [-77.06067534878375, 38.91837391014092], [-77.06094610772129, 38.918382237066105], [-77.06119680002061, 38.91838769120861], [-77.06145349120376, 38.91839620449155], [-77.06163637791444, 38.91839890074845], [-77.06186031895406, 38.918405448575115], [-77.06202211652906, 38.91840968680741], [-77.06223993804637, 38.91842020082073], [-77.06247518512242, 38.918432867112344], [-77.06267065508742, 38.91843852777177], [-77.0628530845961, 38.91844563645245], [-77.06303561457747, 38.9184489612946], [-77.06323246853184, 38.91845480043432], [-77.06329046801865, 38.91845214760948], [-77.06331028931709, 38.91845124504698], [-77.06332412528722, 38.918449616049955], [-77.06333116939501, 38.91844799073255], [-77.06334395426687, 38.91844438046981], [-77.06335122859707, 38.918442304609805], [-77.06336262932597, 38.91843824467876], [-77.06336805842722, 38.918435899568294], [-77.06337727696057, 38.918428687902896], [-77.06337907310129, 38.91842562409575], [-77.06346145573801, 38.91843002049069], [-77.06353006950724, 38.91843368563106], [-77.06355611967764, 38.918435076764865], [-77.06361631868161, 38.9184420885224], [-77.06368072696232, 38.918449530355026], [-77.06382628899571, 38.91845393708613], [-77.06682420034487, 38.91865112004439], [-77.06689553327203, 38.91862743235719], [-77.06731394534678, 38.91867856659188], [-77.06738250735604, 38.91772389601881], [-77.06738276336925, 38.91771415786246], [-77.06738469969021, 38.91770100457856], [-77.06738804305411, 38.91768812073318], [-77.06739287417744, 38.917675506279636], [-77.06739908936541, 38.917663251360864], [-77.0674066887023, 38.91765144606], [-77.06741554551658, 38.91764027061646], [-77.06743582396825, 38.91762314308087], [-77.06744412001322, 38.91761647212571], [-77.06745669091926, 38.91760646561858], [-77.06747812330735, 38.917590238242745], [-77.0675000174386, 38.91757455109617], [-77.06752260376324, 38.91755922387885], [-77.06754565183118, 38.91754443689025], [-77.06756926542191, 38.91753019007007], [-77.06759323689197, 38.91751639345473], [-77.06761779694718, 38.91750313699391], [-77.0676427956847, 38.91749042077401], [-77.06792656376248, 38.91735837414571], [-77.06815477593258, 38.9172519429121], [-77.06861178457413, 38.91703727709032], [-77.06862192738573, 38.91703267688337], [-77.06875434944212, 38.916973504362815], [-77.06882384852457, 38.91705931288106], [-77.06886240791079, 38.91710694425478], [-77.06919612323549, 38.91750863593906], [-77.06925353416626, 38.91757775890854], [-77.06925930633189, 38.917584601821325], [-77.06938480499656, 38.91773334504537], [-77.06939642773739, 38.91772090664255], [-77.06940715052576, 38.91770792827305], [-77.06941669661693, 38.91769441010157], [-77.06942521609021, 38.91768053220587], [-77.0694327088584, 38.91766620450288], [-77.06943892141439, 38.917651607310106], [-77.06944408437981, 38.91763674049078], [-77.06944799028416, 38.91762169425156], [-77.06945080065057, 38.91760655858004], [-77.06945234225104, 38.917591063329134], [-77.0694382908216, 38.9172408276393], [-77.06942609474072, 38.916924822496746], [-77.06941632419435, 38.91670763733562], [-77.0694160899815, 38.916703944057176], [-77.06941253707224, 38.91660773714315], [-77.06951492703975, 38.91660335227323], [-77.06996876638703, 38.91658685738205], [-77.07003643870058, 38.91658439359779], [-77.07016201744537, 38.9165802645097], [-77.0702383494217, 38.91657778640015], [-77.07032044656171, 38.91657503452118], [-77.07038317254407, 38.91657301492124], [-77.07039493385437, 38.91657282766955], [-77.07040669516452, 38.91657264041663], [-77.0704184562968, 38.91657227299593], [-77.07043021733992, 38.91657181549075], [-77.07044197838293, 38.91657135798441], [-77.07045373924784, 38.91657072031024], [-77.07046550011243, 38.9165700826349], [-77.07047726079885, 38.916569264791754], [-77.0704890213959, 38.916568356864154], [-77.07050065515315, 38.91656744901187], [-77.07053662781372, 38.91656373388438], [-77.07057236922925, 38.916559388301955], [-77.07060800614903, 38.916554322104844], [-77.07064351559958, 38.91654862539045], [-77.07067879371299, 38.916542208138274], [-77.07071382904655, 38.9165351604389], [-77.07074875988053, 38.91652739212537], [-77.07078334415513, 38.916518993427786], [-77.07081769717826, 38.916509964276614], [-77.07085171517123, 38.91650030473493], [-77.07105067945878, 38.91644162973734], [-77.0711554518006, 38.91640994672238], [-77.07118127270962, 38.91640173340972], [-77.0712072209017, 38.91639397043057], [-77.07123337691309, 38.916386477569056], [-77.0712597870476, 38.9163794349635], [-77.07128617447542, 38.916372752699274], [-77.07131291971452, 38.916366430544144], [-77.07133966539946, 38.91636055879944], [-77.07136664205721, 38.91635504724098], [-77.07139361907164, 38.9163498960095], [-77.07142082714985, 38.91634519504736], [-77.0714490859743, 38.916341934770244], [-77.07147732218596, 38.91633912491691], [-77.07150568568616, 38.91633676539564], [-77.0715340496363, 38.9163348562841], [-77.07156252934516, 38.91633339751155], [-77.071591009505, 38.91633238914857], [-77.07161950164725, 38.916331831188145], [-77.07164797117986, 38.916331723651474], [-77.07167656800428, 38.91633206644661], [-77.07170506150436, 38.91633285971493], [-77.07173514698471, 38.916334372665865], [-77.07176512941409, 38.916336606339286], [-77.0717951122988, 38.916339290421526], [-77.07182486511344, 38.916342515137714], [-77.0718546185661, 38.91634637042944], [-77.07188426878932, 38.91635076627731], [-77.07191379272196, 38.91635570269557], [-77.07194308658734, 38.916361179748165], [-77.07197215047674, 38.9163672875186], [-77.07200108798672, 38.91637384577652], [-77.07202566611684, 38.916379686047584], [-77.07204999084553, 38.916385796719794], [-77.07207421225607, 38.916392357867515], [-77.07209833025773, 38.916399279407464], [-77.07212219495001, 38.91640656143224], [-77.07214585254752, 38.916414293996795], [-77.07216938358438, 38.91642229688479], [-77.07219255753495, 38.91643066032215], [-77.07221562816946, 38.91643947423549], [-77.07223846846645, 38.916448558536835], [-77.07226812478069, 38.916458899785354], [-77.07229811485894, 38.9164686102363], [-77.0723283350144, 38.91647778003697], [-77.07235888884118, 38.91648622895629], [-77.07238979958318, 38.91649413714629], [-77.07242083643965, 38.91650132458306], [-77.07245220714829, 38.91650797130443], [-77.07248368090791, 38.916513897286556], [-77.07251540771063, 38.91651919251962], [-77.07254734143211, 38.91652385703207], [-77.07256556211978, 38.916525737468596], [-77.07258378253336, 38.91652734765232], [-77.07260200258092, 38.916528597500005], [-77.07262034919349, 38.91652957701609], [-77.07263867246957, 38.91653028629374], [-77.07265701844057, 38.91653063522095], [-77.07267534107464, 38.9165307139097], [-77.07269368640317, 38.91653043224804], [-77.07271200848618, 38.91652997043121], [-77.07273035326314, 38.91652914826398], [-77.07275236503803, 38.91652850397745], [-77.07285821560167, 38.91652573552355], [-77.07294731801004, 38.916574126763095], [-77.07487437143028, 38.91653166766561], [-77.07488914566021, 38.91687510100725], [-77.07572065093272, 38.916862926361226], [-77.07572767236721, 38.917426753519024], [-77.08171105910498, 38.917436784639996], [-77.08172487644256, 38.91723831233719], [-77.08100917973685, 38.91623072380643], [-77.08056317033089, 38.915038976785745], [-77.08042461064915, 38.91486861644082], [-77.0793816351594, 38.91406251570281], [-77.07922214749016, 38.913856558148815], [-77.07908701102073, 38.91370084142649], [-77.07889397739255, 38.91329165089721], [-77.07883454646313, 38.912985965892595], [-77.07881160365712, 38.91275866485156], [-77.07949186490205, 38.912736953344314], [-77.07946400055197, 38.91263731299936], [-77.0792391499094, 38.912637862070845], [-77.07919810823851, 38.912414825301326], [-77.07918527416302, 38.91238280933888], [-77.07917413710946, 38.91199952086545], [-77.07916542546576, 38.91195221494482], [-77.07913943115587, 38.91191618116078], [-77.07908458257381, 38.9118643932937], [-77.07898355817782, 38.91178335049637], [-77.07894603143887, 38.91174507237748], [-77.07891138476928, 38.91170454021505], [-77.07888248168356, 38.91165499581991], [-77.0788477977275, 38.91158066435365], [-77.0785221941752, 38.910894609865636], [-77.07848714109214, 38.91085087988188], [-77.07844161084866, 38.910820831591], [-77.0783646049028, 38.910812685669946], [-77.07828004144605, 38.91081011191966], [-77.07794737673292, 38.91014300502402], [-77.07770279061333, 38.9096951648082], [-77.07764026292996, 38.90951348998135], [-77.07757603883819, 38.90909689652784], [-77.07756400680094, 38.90863494736436], [-77.07791508457785, 38.90810870720171], [-77.07790654455471, 38.90783732732577], [-77.0778896666808, 38.906888290719394], [-77.07788651648065, 38.906748564263786], [-77.07795421255517, 38.90666058858364], [-77.07831747844695, 38.906745924986346], [-77.07828931338129, 38.902377233416686], [-77.07828890989101, 38.902377242695444], [-77.07827466094788, 38.90237759456103], [-77.07825306667142, 38.90237646496589], [-77.0782491813144, 38.90237626037609], [-77.07822392938841, 38.90237231360881], [-77.0781999434357, 38.90236638414953], [-77.07818056407793, 38.90235603750626], [-77.07816584373897, 38.902347029988256], [-77.07816129843211, 38.90234424944617], [-77.07814076238053, 38.90233039030987], [-77.07813522508607, 38.902327123978836], [-77.07811711352552, 38.902316443167784], [-77.07809651328009, 38.902307115271554], [-77.07809069999435, 38.90230447970809], [-77.07807308825633, 38.90229752801707], [-77.07806290412913, 38.90229350808575], [-77.07803430216015, 38.902283347747606], [-77.07800247387769, 38.90227472097783], [-77.07797468309914, 38.902268379628026], [-77.07796822549213, 38.90226690656695], [-77.07796244886768, 38.90226616272821], [-77.07793421142523, 38.902262515166484], [-77.07790008493002, 38.90226073625548], [-77.07786353527638, 38.902256977110376], [-77.07782352666695, 38.902252859923685], [-77.0777839815619, 38.90225090442111], [-77.07775576073023, 38.90225190511889], [-77.07775043474408, 38.902252097839174], [-77.0777195423392, 38.90225590190614], [-77.07771082869432, 38.902257691357974], [-77.0776909578989, 38.90226177635287], [-77.07766607198265, 38.90226568451139], [-77.07766387040087, 38.9022660282927], [-77.07765907400133, 38.9022655540381], [-77.07763781301817, 38.90226343318811], [-77.07761140282152, 38.90225444237659], [-77.07759052222181, 38.90224166437551], [-77.0775875896481, 38.902237693636465], [-77.07757782210037, 38.90222446684231], [-77.07757476069585, 38.902218640466316], [-77.07756754043301, 38.902204925528316], [-77.07755080641027, 38.902188721589994], [-77.07752220622068, 38.902180092546345], [-77.07748819232049, 38.9021757910995], [-77.07745088096797, 38.902171221578094], [-77.07744945123316, 38.90217104235877], [-77.07744686855618, 38.90217078282849], [-77.07740898165197, 38.902167015419316], [-77.07736724520598, 38.90216416039163], [-77.0773223962528, 38.90216148757635], [-77.07727443225507, 38.90215665479795], [-77.07723050344744, 38.90215199949957], [-77.07719060787915, 38.902145720015014], [-77.07715024805856, 38.90213655814817], [-77.077106316058, 38.902128930046366], [-77.07706803334041, 38.90212156845217], [-77.07703263033176, 38.9021119528566], [-77.07699445844328, 38.9021004473196], [-77.07695801205605, 38.902085427372946], [-77.07694351416617, 38.90207938330455], [-77.07691960476616, 38.90206941778642], [-77.07691226920484, 38.90206625167335], [-77.07688604112388, 38.9020549364208], [-77.07685639826, 38.90204144338579], [-77.07684058259446, 38.90203211212001], [-77.07682940434688, 38.9020255163439], [-77.07680632965622, 38.902009136301096], [-77.0767959593038, 38.90200336875975], [-77.07678025959906, 38.90199464997803], [-77.07675747076485, 38.901986773629766], [-77.07674773707554, 38.90198341089798], [-77.07674137178643, 38.90198197374185], [-77.07671395030147, 38.90197577598311], [-77.0766854128317, 38.90197169591521], [-77.07667947472919, 38.90197084401871], [-77.07667249911914, 38.90197004685298], [-77.07664280951937, 38.90196663414945], [-77.07660695430864, 38.90196521632926], [-77.07657455842555, 38.901964516899454], [-77.07654504061007, 38.90196003206361], [-77.0765181713593, 38.901952752893855], [-77.0764911841241, 38.901942951454274], [-77.07647083771036, 38.90193351500447], [-77.07646500138088, 38.901930807308254], [-77.07643685870474, 38.90191857435509], [-77.0764147961221, 38.90191059837271], [-77.07640352840663, 38.90190652495517], [-77.07637146818355, 38.90189627638753], [-77.07634287037487, 38.90188962889261], [-77.07633944565943, 38.9018889284785], [-77.07631300501538, 38.90188352272036], [-77.07630494431314, 38.901881393004174], [-77.07628209988071, 38.90187534529651], [-77.07625857536728, 38.901869388111955], [-77.07625050323611, 38.90186734848304], [-77.07624231575302, 38.90186524587037], [-77.0762186758363, 38.90185917164437], [-77.07615663293103, 38.9018408350509], [-77.07614094649381, 38.901833638587355], [-77.07612791209226, 38.90182689081156], [-77.0761240950673, 38.90182586634575], [-77.07611188288232, 38.90182257724287], [-77.07609093170309, 38.90181891547982], [-77.0760903205781, 38.901818807777545], [-77.07608916744131, 38.901818538277766], [-77.07606645209893, 38.90181458939184], [-77.0760466548004, 38.901811890764066], [-77.07604604370427, 38.90181181008663], [-77.07604353048521, 38.901811802714214], [-77.0760270216097, 38.90181173238387], [-77.0760135344354, 38.901812822163585], [-77.07600258506305, 38.901815351628414], [-77.07599013487557, 38.90181590022919], [-77.07597797084661, 38.901814520853335], [-77.07597514602243, 38.90181419838948], [-77.07595738793577, 38.90181024625831], [-77.07594274272365, 38.90180646325978], [-77.07593859132852, 38.901805393963485], [-77.0759179500708, 38.90180045278076], [-77.07590329296055, 38.90179631845895], [-77.0758978844733, 38.90179479055156], [-77.07589134519831, 38.90179232650903], [-77.07587712487023, 38.901786966763154], [-77.07585532531374, 38.901776891556196], [-77.07583156534784, 38.90176627711602], [-77.07580734338829, 38.90175485221837], [-77.07579707747458, 38.901749616013674], [-77.07578300509903, 38.901742436471466], [-77.07577772213004, 38.90173968334006], [-77.07576005071311, 38.90173047024006], [-77.0757356002164, 38.901720937231396], [-77.07570746281552, 38.9017134785299], [-77.07570251587896, 38.90171232866549], [-77.07567967232593, 38.90170701051657], [-77.07567268420179, 38.901705249404664], [-77.0756522272176, 38.90170009185491], [-77.07562305169883, 38.901692093303694], [-77.07559433637056, 38.901683193611355], [-77.07557444226964, 38.90167612591131], [-77.0755657349979, 38.90167303266774], [-77.07554473412274, 38.90166592063669], [-77.07553494293985, 38.90166260288273], [-77.07550461117101, 38.90165136203966], [-77.07548397889482, 38.90164394347519], [-77.07547485640643, 38.901640661317515], [-77.07546619573365, 38.90163801845445], [-77.07544395013907, 38.90163122250194], [-77.07541316030746, 38.90162286460631], [-77.07538133301743, 38.901614597455634], [-77.07534939073585, 38.901606600621236], [-77.07531952348717, 38.90159851235664], [-77.07528665903897, 38.90159060618325], [-77.07525125862473, 38.90158297188499], [-77.07524820295906, 38.90158237930145], [-77.07521701210749, 38.90157632775272], [-77.0751900290868, 38.90157021943738], [-77.07518091864345, 38.90156740568376], [-77.07517722833543, 38.90156626399674], [-77.0751718083527, 38.90156473606314], [-77.07506851785507, 38.90153608382704], [-77.07503088954631, 38.90152564028493], [-77.0749736357977, 38.90151135374895], [-77.0748051034998, 38.90146930265734], [-77.07479714727815, 38.90146777633033], [-77.07476359284746, 38.90146140187277], [-77.07472404335793, 38.90145476098956], [-77.07468530143146, 38.901448660078366], [-77.07465180604787, 38.90144360978006], [-77.07465140248694, 38.90144354697939], [-77.07465089516086, 38.90144347523668], [-77.07462004036594, 38.90143897275187], [-77.07459318653117, 38.901435035231046], [-77.07458764050244, 38.90143421901129], [-77.07455120503644, 38.90142883725188], [-77.07454485172727, 38.90142774228604], [-77.07451534515006, 38.90142264436144], [-77.07448363465458, 38.901415638062026], [-77.07446103287641, 38.90140983306902], [-77.0744531914452, 38.90140782019391], [-77.07442182625104, 38.90140027315599], [-77.07441320097413, 38.90139834185277], [-77.07438607979554, 38.901392278481424], [-77.07435840486322, 38.90138583710506], [-77.0743494105115, 38.90138374388156], [-77.07434301041978, 38.90138200033252], [-77.07431677580553, 38.9013748463692], [-77.07428494706467, 38.901364957415495], [-77.0742591388825, 38.90135767705099], [-77.07425277332428, 38.90135587942492], [-77.07422026810829, 38.90134953116948], [-77.07421691265691, 38.90134887569084], [-77.07421392619901, 38.901348301053], [-77.07418243578029, 38.90134223140152], [-77.07417676235143, 38.90134083870805], [-77.0741528001856, 38.90133495344384], [-77.07412570225053, 38.90132902512268], [-77.07409975809621, 38.9013239968995], [-77.07407369819371, 38.90131851832591], [-77.07406787479675, 38.90131702663024], [-77.07404706047245, 38.90131168885854], [-77.07402847087114, 38.90130609743929], [-77.07402134409357, 38.90130395796522], [-77.07399620264518, 38.90129478536429], [-77.07397163659554, 38.90128462147388], [-77.0739470714869, 38.90127535841379], [-77.07393987541376, 38.901273092861544], [-77.07392250797159, 38.90126762676893], [-77.07389806049221, 38.901260615714385], [-77.0738929175215, 38.90125935779696], [-77.07387119252135, 38.90125405660335], [-77.0738484645355, 38.90124873802302], [-77.07384317171612, 38.90124749821491], [-77.07381849517515, 38.90124192862628], [-77.07381278702698, 38.90124039180325], [-77.07379681574015, 38.90123608688835], [-77.07378261968758, 38.901231645724664], [-77.07377698047848, 38.90122988364736], [-77.07377324399434, 38.901228642853134], [-77.07375887466492, 38.901223859478264], [-77.07374111433357, 38.90121747475388], [-77.07373547518249, 38.90121576672463], [-77.07372093332339, 38.90121136180516], [-77.07371491389478, 38.90120980715708], [-77.07369763974545, 38.90120534090021], [-77.07367238625295, 38.901199231142996], [-77.0736448269019, 38.90119294266673], [-77.07361519216784, 38.90118638524091], [-77.07360869994976, 38.90118470476818], [-77.07358601755224, 38.90117883659803], [-77.07357801453219, 38.901176589548506], [-77.0735562656878, 38.90117047755878], [-77.07352340107504, 38.90116203038741], [-77.07348776965944, 38.90115358494729], [-77.07346232019295, 38.90114744824284], [-77.07345386778694, 38.90114540865967], [-77.07344606098903, 38.90114338668677], [-77.07342365537326, 38.901137590377935], [-77.0733951731492, 38.90113067183744], [-77.07336830657061, 38.9011253737804], [-77.07334259533421, 38.901122507249426], [-77.07332436674504, 38.90112034767705], [-77.07332368648773, 38.90112026702874], [-77.07331746061104, 38.901119730434566], [-77.07331158114114, 38.90111973412434], [-77.07330876804234, 38.90111956473083], [-77.07329278869078, 38.90111857482901], [-77.07326546404296, 38.901116249794974], [-77.07323802392817, 38.90111374465972], [-77.07321506902666, 38.901111894317445], [-77.0732103535253, 38.90111150991313], [-77.07318095340638, 38.90110882582549], [-77.07317898187017, 38.90110864689328], [-77.07314682619611, 38.90110569427229], [-77.07311073999689, 38.90110337468767], [-77.07307753589235, 38.901101053289025], [-77.07304780156161, 38.90109846846892], [-77.07304559944942, 38.90109828067029], [-77.0730436740365, 38.9010981107153], [-77.07301400885994, 38.90109550782661], [-77.07297965118815, 38.90109246645225], [-77.07294674600142, 38.90108933407722], [-77.07294483210815, 38.90108915510505], [-77.07294379441693, 38.90108902062758], [-77.0729138166559, 38.901085120704636], [-77.07288832333133, 38.90108111888409], [-77.07288810425553, 38.901081082987325], [-77.07288787365144, 38.901081047097755], [-77.07286446733202, 38.901077404304345], [-77.07284333246167, 38.90107411141605], [-77.07284313645191, 38.901074084513205], [-77.07281927034515, 38.901071757218205], [-77.07281533880499, 38.90107139933436], [-77.07279690320318, 38.90106969923514], [-77.07277972410198, 38.901067908266604], [-77.0727693485743, 38.90106791473003], [-77.07276130153726, 38.9010676855249], [-77.07276001032369, 38.901067650295666], [-77.07275708179763, 38.901067336826934], [-77.0727440994359, 38.90106594861565], [-77.07272788911438, 38.901064544395766], [-77.07272449947241, 38.90106424923002], [-77.0727215595009, 38.90106401684276], [-77.07270547611174, 38.90106272964952], [-77.07268977377409, 38.90106204577713], [-77.07268714518794, 38.901061930303925], [-77.07268449367363, 38.90106194096207], [-77.07266650950972, 38.901062033225315], [-77.07264195446312, 38.901062408831066], [-77.07261773361049, 38.90106265810685], [-77.07261394081563, 38.90106269649788], [-77.07260990598024, 38.9010627890894], [-77.07258673451999, 38.90106334399077], [-77.0725604504014, 38.90106390082095], [-77.0725386623624, 38.90106447287028], [-77.07253566506111, 38.90106454679825], [-77.07253277151518, 38.90106462066176], [-77.07251099500405, 38.90106519269876], [-77.07249020993198, 38.901065764116474], [-77.07248747778297, 38.90106583787868], [-77.07248426145186, 38.90106592094962], [-77.07246107847047, 38.901066484841614], [-77.07243237357616, 38.90106722331167], [-77.07240193942671, 38.90106796284649], [-77.07237288868022, 38.90106870151631], [-77.07234452963505, 38.901069439750586], [-77.0723157094547, 38.90107017826338], [-77.07228539058633, 38.90107091769646], [-77.0722590941494, 38.90107069974737], [-77.07225541656462, 38.901070665988584], [-77.07225237298505, 38.901070577787415], [-77.07222809351954, 38.90106987213237], [-77.07220238563154, 38.90107024835848], [-77.07218132354657, 38.901070495591476], [-77.07217794577215, 38.90107053371191], [-77.07217460255558, 38.901070544785775], [-77.07215281402851, 38.901070639320324], [-77.07212537724952, 38.90107137693174], [-77.07209540422963, 38.901072116101965], [-77.07206935081682, 38.90107281681304], [-77.07206473959828, 38.901072945774764], [-77.07203419015879, 38.90107368528486], [-77.0720047935553, 38.90107442407642], [-77.07200049356594, 38.90107451681028], [-77.0719755121439, 38.90107507270594], [-77.07194824827769, 38.90107580116088], [-77.0719445016588, 38.901075902560265], [-77.07194060518941, 38.90107602206853], [-77.07191187738356, 38.90107691356699], [-77.07187936884488, 38.90107837491143], [-77.07184870448053, 38.90107947477818], [-77.07181884746359, 38.901080934475], [-77.07179401738449, 38.90108295860174], [-77.07178876087544, 38.90108338522501], [-77.07178119940913, 38.90108452492494], [-77.07175810004179, 38.90108799832673], [-77.07173712272542, 38.90109229919015], [-77.07172859349032, 38.901094052049466], [-77.07172135506077, 38.90109543477292], [-77.07170254435808, 38.90109902263939], [-77.07167926248357, 38.901104441943666], [-77.07166523650274, 38.9011084772863], [-77.07165759539201, 38.90111067100535], [-77.07165004623629, 38.90111259441662], [-77.0716345445301, 38.90111654057703], [-77.07161526094616, 38.901119921527076], [-77.07160826445386, 38.901121150953045], [-77.0715792169318, 38.90112513243354], [-77.07157339588059, 38.90112591071914], [-77.07155005403239, 38.901129023893894], [-77.07152332319237, 38.901132490465024], [-77.07152146736794, 38.90113273482696], [-77.07149334102293, 38.90113563471878], [-77.07149043605291, 38.90113581666377], [-77.0714662510561, 38.901137362882885], [-77.07144060113346, 38.901138090231974], [-77.07143708507816, 38.90113819147408], [-77.07140307727188, 38.90113911310106], [-77.07139788962006, 38.901139233380384], [-77.07136699426704, 38.90113994590234], [-77.071337217346, 38.90114083790034], [-77.07133333240041, 38.9011409573813], [-77.07132970109711, 38.901141094723975], [-77.0713023222395, 38.90114214739936], [-77.07130139996934, 38.901142147962254], [-77.07119395226596, 38.90113897048248], [-77.07116937430818, 38.90113952595986], [-77.07116513195575, 38.90113961862791], [-77.07116124698298, 38.90113971107805], [-77.07113907845526, 38.90114026508141], [-77.07111463883713, 38.90114082046302], [-77.07109400372637, 38.90114151765811], [-77.07109019948788, 38.90114164609021], [-77.07108592265783, 38.90114184687666], [-77.07106437709201, 38.90114283288808], [-77.07104052558999, 38.901143559055306], [-77.07103728621495, 38.901143660117114], [-77.07103428890883, 38.90114373400659], [-77.07101192441434, 38.90114430612165], [-77.07099013632045, 38.901144859865454], [-77.07098644732955, 38.901144952190705], [-77.07096177714106, 38.90114550768046], [-77.07093826068578, 38.90114696330057], [-77.07093356931715, 38.901147650784665], [-77.07091532252915, 38.9011503103207], [-77.07089330673006, 38.901153746860246], [-77.07087163588527, 38.90115628235026], [-77.07085697301359, 38.901157525390225], [-77.07085342256823, 38.90115782481956], [-77.07085066756308, 38.901158105749644], [-77.07084028155832, 38.90115918404306], [-77.07083473733837, 38.90116012427447], [-77.07083440306907, 38.90116017852731], [-77.07083398805638, 38.90116018778734], [-77.0708309446448, 38.90116027070787], [-77.07082794744501, 38.9011604526923], [-77.07082113561289, 38.90116190716816], [-77.07081907247122, 38.90116234982859], [-77.07081571894693, 38.90116359501532], [-77.07080720262194, 38.90116677112056], [-77.07079567933788, 38.90117191287019], [-77.0707834644386, 38.90117714512136], [-77.070770903418, 38.901182107330094], [-77.0707643579329, 38.901184768761695], [-77.07075914920368, 38.90118688888158], [-77.07074808552936, 38.90119049892671], [-77.07074468525472, 38.90119110454611], [-77.07073540654021, 38.901192758694755], [-77.07072134298284, 38.90119384821263], [-77.07070969967157, 38.901194215595076], [-77.07070173378987, 38.901194454633746], [-77.07070036194777, 38.90119449149744], [-77.07069888635026, 38.901194528423886], [-77.07069033252091, 38.90119476781759], [-77.07068016471759, 38.90119500818714], [-77.07067845855231, 38.901195045252855], [-77.07067640653557, 38.901195082527764], [-77.07066439419053, 38.90119532401189], [-77.07064836973555, 38.901195333703775], [-77.0706338318802, 38.9011947749679], [-77.07063211408847, 38.90119471294797], [-77.07061885662426, 38.90119490113005], [-77.07061470563879, 38.90119412892018], [-77.07059614151586, 38.90119068092937], [-77.07059510378302, 38.90119050138926], [-77.0705891075969, 38.901189063674785], [-77.07058815275575, 38.90119110014134], [-77.07058709437301, 38.90119335287112], [-77.07058194707106, 38.90118765368857], [-77.07057398378757, 38.90117886633918], [-77.07035240404785, 38.90103444281648], [-77.07033087052959, 38.90102424030065], [-77.07032588795236, 38.90102188310954], [-77.07032805080712, 38.901017341593395], [-77.0703210831064, 38.9010127064817], [-77.0703187067111, 38.901011131448946], [-77.07031476157167, 38.90100865652421], [-77.07030993974482, 38.90100564162533], [-77.07030569327057, 38.901001545376566], [-77.07029863121531, 38.900994748313614], [-77.07027487517678, 38.90098701541583], [-77.07026966272018, 38.9009853520044], [-77.07024985075864, 38.90097901302506], [-77.07022586309938, 38.90097019925319], [-77.07020302872395, 38.900961835201436], [-77.07018054038154, 38.90095365110452], [-77.07015770504222, 38.90094429612469], [-77.07013636777339, 38.90093430965569], [-77.0701270252637, 38.9009296849665], [-77.07011272316001, 38.90092261297891], [-77.0700952272487, 38.90091507447118], [-77.07008515874206, 38.900910738481805], [-77.07007522866516, 38.900906492492105], [-77.07005782507703, 38.900899044006984], [-77.07004877171423, 38.90089536501606], [-77.07003106863364, 38.900888159932265], [-77.07001338879894, 38.90088114400745], [-77.07000454311869, 38.90087763604752], [-77.06999524765753, 38.900873948189144], [-77.06997663368152, 38.90086657248401], [-77.06994883856466, 38.90085451792556], [-77.06991954397984, 38.900841653505445], [-77.06991562267073, 38.90083994426363], [-77.06989082599834, 38.9008289689002], [-77.0698638375404, 38.90081655350439], [-77.0698376553687, 38.90080341695146], [-77.0698103184352, 38.900788299243096], [-77.06978321278461, 38.90077390205906], [-77.06975645387531, 38.90076040549785], [-77.06973496743088, 38.900751013596235], [-77.0697286587489, 38.90074826080326], [-77.06972251127011, 38.900745309729786], [-77.06970224650112, 38.9007355747752], [-77.06967502604928, 38.900721628052594], [-77.0696631811012, 38.90071613100754], [-77.06964400082728, 38.90070723317376], [-77.0696117083835, 38.900693739878015], [-77.06960466185603, 38.90069094247617], [-77.06957976259176, 38.90068105711937], [-77.06954723995729, 38.90066792427733], [-77.06952453090136, 38.90065784842923], [-77.06951783006296, 38.90065487965751], [-77.06950187868574, 38.90064694377359], [-77.06949141744839, 38.90064174316376], [-77.06948186794828, 38.90063756896403], [-77.06946546772987, 38.90063040806117], [-77.0694601741027, 38.90062821316847], [-77.06944182516887, 38.90062060300287], [-77.06942589940702, 38.90061527951825], [-77.0694216440823, 38.9006138587259], [-77.06941809247448, 38.900612941983475], [-77.06940803728038, 38.900610353549844], [-77.06939927507851, 38.900609638086515], [-77.06938993541067, 38.90060784196212], [-77.06937936230388, 38.90060613665314], [-77.06937713699354, 38.900605777640216], [-77.06936226357267, 38.900603804632574], [-77.0693468133878, 38.900601471630935], [-77.06934637525157, 38.900601408832486], [-77.0693294033074, 38.9005990497068], [-77.06931416126417, 38.900597365179394], [-77.06931072546658, 38.9005969888667], [-77.06930683988196, 38.90059642364519], [-77.06929158579521, 38.900594207628615], [-77.06927140691737, 38.90058971541484], [-77.06925260933747, 38.90058306037188], [-77.0692342715809, 38.90057505379907], [-77.06921443506423, 38.900566958027724], [-77.06919517435443, 38.90055823132665], [-77.06917821956762, 38.900549773507734], [-77.06916253350695, 38.90054194552058], [-77.06915628276899, 38.900539462913194], [-77.06914442712254, 38.90053474954924], [-77.06913815347774, 38.90053242009657], [-77.06912482197843, 38.9005274643783], [-77.06910210586196, 38.900521892633066], [-77.06908385338143, 38.90051857934278], [-77.06907985236309, 38.90051785203145], [-77.06907611668713, 38.90051732274704], [-77.06905783030442, 38.90051471212496], [-77.06903476965674, 38.900510491824626], [-77.0690117084017, 38.90050564093471], [-77.06898933727788, 38.90049916812756], [-77.06896788737471, 38.9004916137688], [-77.06894666717082, 38.90048315843431], [-77.06892360027288, 38.900472452095016], [-77.06890674736984, 38.90046200332846], [-77.06890110666266, 38.90045850240263], [-77.06887734399545, 38.90044356253432], [-77.06887064256921, 38.900439936115305], [-77.06884954635989, 38.90042853495561], [-77.06882918715745, 38.90041629558016], [-77.06882243921469, 38.900412245792744], [-77.06881584074901, 38.90040779054061], [-77.06879671443006, 38.90039487480607], [-77.06877237330883, 38.90037777324994], [-77.06874665011149, 38.9003620237564], [-77.06872081181669, 38.900346454492094], [-77.06869428071056, 38.90032971454232], [-77.0686677489232, 38.90031225391791], [-77.06864363911934, 38.900295872867765], [-77.06862137471113, 38.9002803915649], [-77.06860141561302, 38.90026454856948], [-77.06858157180608, 38.900248705502946], [-77.06856103666048, 38.9002332231732], [-77.06853969454788, 38.90021774131333], [-77.06851685316961, 38.900201629743464], [-77.06849355101892, 38.90018587877375], [-77.06847174746049, 38.900170036837366], [-77.06845201899075, 38.900154193681004], [-77.06843401967552, 38.900138259424686], [-77.06841740340816, 38.90012196402104], [-77.0684055758991, 38.90011040420976], [-77.06840090260323, 38.900105848714645], [-77.06839631010905, 38.90010140127242], [-77.06838463271536, 38.90009009360523], [-77.06836997635142, 38.90007388713104], [-77.06836748311667, 38.90007060954618], [-77.0683565868015, 38.9000563286593], [-77.06835248946479, 38.900051295381985], [-77.06834285210257, 38.900039491056944], [-77.06832623717338, 38.90002454689372], [-77.06830627941999, 38.90000996501726], [-77.06828632288213, 38.89999664430742], [-77.06827155795115, 38.89998741035697], [-77.06826659786383, 38.8999843143788], [-77.06825813125936, 38.89997918455931], [-77.06824744995123, 38.89997270477867], [-77.06822899589007, 38.89996334686083], [-77.0682107760154, 38.89995777231579], [-77.06819463328357, 38.8999543585624], [-77.06818160101048, 38.89994869090077], [-77.06817190898524, 38.899939958445074], [-77.06816636495539, 38.89992897147748], [-77.0681642792087, 38.89991780232448], [-77.06816380955945, 38.899908884319224], [-77.06816357167894, 38.89990122734948], [-77.06816377424502, 38.89989605643095], [-77.06816390900212, 38.89989230887331], [-77.06816459087918, 38.89988203894166], [-77.06816444854685, 38.89987785914427], [-77.06816423539276, 38.8998719497825], [-77.06816376453867, 38.89986177060706], [-77.06816306217445, 38.899850600646694], [-77.06816198420142, 38.89984447558882], [-77.06816132356671, 38.89984078254543], [-77.06815947269044, 38.899834117436676], [-77.06815817940993, 38.899831893125544], [-77.06815543120523, 38.89982718335507], [-77.06815127641853, 38.899822321262945], [-77.0681473521097, 38.899817368952554], [-77.06814181230975, 38.89981079607902], [-77.06813442774715, 38.89980395403026], [-77.06812646488515, 38.89979513047842], [-77.06812451430342, 38.89979269935789], [-77.06811769307558, 38.899784235474186], [-77.06811495761634, 38.89978079587447], [-77.06810857490797, 38.899772800169444], [-77.06809910995267, 38.899760374146126], [-77.06808664561774, 38.89974578786309], [-77.06807643242335, 38.899734497327756], [-77.06807222021315, 38.89972985146687], [-77.0680676050426, 38.89972575535083], [-77.06805549021718, 38.8997149974151], [-77.06803807017215, 38.89970185535177], [-77.06801903885658, 38.89969150681666], [-77.0680118080918, 38.89968876347579], [-77.06799770406518, 38.89968341171005], [-77.0679907503638, 38.899681073582954], [-77.06797440975242, 38.89967558799068], [-77.06794846354393, 38.89966731539095], [-77.06792182462402, 38.89965796218462], [-77.06789633801007, 38.89964806780069], [-77.06787315651556, 38.89963763157014], [-77.06785020541923, 38.89962701503386], [-77.06782782910861, 38.89961468657031], [-77.06781871663607, 38.899609169734056], [-77.06780672047171, 38.89960190694844], [-77.06779712250255, 38.89959500310432], [-77.06778757068207, 38.8995881352661], [-77.06778076348994, 38.899582247746274], [-77.06777141804058, 38.89957418167464], [-77.06776743673878, 38.899569868978155], [-77.0677576854552, 38.89955932584086], [-77.06774464327931, 38.89954311835056], [-77.06774350038728, 38.89954142544102], [-77.06773286809018, 38.89952573903688], [-77.06772247465526, 38.89950664733195], [-77.06771185074922, 38.89948764584315], [-77.06770168797306, 38.89946864408612], [-77.06769796776688, 38.89946005226319], [-77.06769348506533, 38.899449731276135], [-77.06768767269286, 38.89943525820367], [-77.06768620517936, 38.899431628683374], [-77.06767719599692, 38.89941343700838], [-77.06766611013856, 38.899393534946384], [-77.06765502351739, 38.89937282213099], [-77.0676443984533, 38.8993525594654], [-77.06763308128316, 38.89933184678133], [-77.06762084127534, 38.89931050404471], [-77.06761512617442, 38.89930132782997], [-77.06760871834865, 38.899291052995466], [-77.06760280694908, 38.89928153457587], [-77.06759751904036, 38.89927304274866], [-77.06758666540908, 38.89925485213345], [-77.06757560601059, 38.899238490334064], [-77.06757442850055, 38.89923675240097], [-77.06756276800144, 38.899218652333815], [-77.06755329749895, 38.89920019066448], [-77.06754902074465, 38.899188184988226], [-77.0675467090164, 38.89918172732787], [-77.06754536498862, 38.899174575463945], [-77.06754358074545, 38.89916515374674], [-77.06754207403753, 38.899156641713795], [-77.06754091513349, 38.89915020140351], [-77.06753813509496, 38.89913614996277], [-77.06753673876469, 38.899122458056524], [-77.06753626612876, 38.899110297038106], [-77.06753612469628, 38.89910702708368], [-77.06753591252608, 38.89910209963111], [-77.06753625412016, 38.899097613268246], [-77.06753648176425, 38.89909453227607], [-77.06754039379388, 38.89908660265383], [-77.06754281116899, 38.899082889810096], [-77.0675471854451, 38.89907614902444], [-77.06755076554792, 38.899070741935724], [-77.06755558888712, 38.89906344237147], [-77.06756082673142, 38.89905561107379], [-77.06756468315525, 38.899049834481865], [-77.06756853908365, 38.89904353540502], [-77.0675735460059, 38.89903532588901], [-77.0675784146247, 38.89902715248623], [-77.06758217829224, 38.89902081742879], [-77.06759046388053, 38.89900540833205], [-77.06759233975721, 38.8990020381184], [-77.06759978570736, 38.89898864738039], [-77.06760763390612, 38.8989739592046], [-77.0676097973329, 38.89896990418853], [-77.06761221277075, 38.89896415545405], [-77.06761796378649, 38.89895044139466], [-77.06762232752645, 38.89893260230706], [-77.06762461733133, 38.898915935507226], [-77.06762414007024, 38.898898909974534], [-77.06762343335936, 38.89888305566203], [-77.06762249745485, 38.89886864282046], [-77.06762219245763, 38.898863084836094], [-77.06762167648927, 38.89885386957775], [-77.06762119331172, 38.898842762543886], [-77.06762085185204, 38.89883522274033], [-77.06761991219145, 38.89881684622036], [-77.06761931809802, 38.89881034252495], [-77.06761839792468, 38.89880036178952], [-77.06761653585473, 38.898781805636], [-77.06761576438473, 38.898770599676816], [-77.06761525009999, 38.898763159065204], [-77.06761454270925, 38.898746584083476], [-77.06761430615538, 38.898740260348305], [-77.06761395153802, 38.89873099995453], [-77.06761344709969, 38.898721784689315], [-77.0676131305758, 38.898716226711414], [-77.06761127081472, 38.89870010281471], [-77.06760871741207, 38.89868190739551], [-77.06760758058378, 38.89867443111059], [-77.06760604941398, 38.89866443271168], [-77.06760349746529, 38.89864776871343], [-77.0676023566853, 38.898636121557686], [-77.06760175136581, 38.898629933161274], [-77.06760098538905, 38.898624519577176], [-77.06759931427226, 38.898612818678124], [-77.06759744772677, 38.89860169442743], [-77.06759664781552, 38.89859696549867], [-77.0675938664218, 38.898581472720224], [-77.06759292798769, 38.89857654568751], [-77.0675905067535, 38.89856399843594], [-77.06758795958325, 38.89855237011039], [-77.0675864544706, 38.89854553363206], [-77.06758228904376, 38.89852932098478], [-77.06757766386629, 38.89851454994162], [-77.0675754561648, 38.89850836247184], [-77.06757269370556, 38.89850067993434], [-77.06756691539587, 38.89848554922308], [-77.06756427892672, 38.89847700180944], [-77.06756217443306, 38.89847023774428], [-77.06755708737798, 38.89845465621443], [-77.0675562323396, 38.89845257577656], [-77.06755027036651, 38.898438264931826], [-77.06754413795038, 38.89842656661124], [-77.06754114683253, 38.898420884062176], [-77.06753685059347, 38.89841259885002], [-77.06753179214728, 38.898402872739844], [-77.06752383384718, 38.89838644608185], [-77.06752266725798, 38.89838405053096], [-77.06752173146616, 38.89838190708092], [-77.06751400272326, 38.89836441730238], [-77.06750614642678, 38.89834613486088], [-77.06750038109521, 38.89833250853547], [-77.06749909862319, 38.89832947345735], [-77.06749769996003, 38.89832547455125], [-77.06749320344437, 38.89831263122013], [-77.06749055456761, 38.89830313793331], [-77.06748846097472, 38.898295698232964], [-77.06748406298118, 38.89827732370808], [-77.06748168022044, 38.89826885722092], [-77.06747862662586, 38.898258048946175], [-77.06747498590131, 38.89824807878848], [-77.0674720386756, 38.89824003602032], [-77.06747024551925, 38.89823334384037], [-77.06746706420934, 38.898221571743896], [-77.06746726246739, 38.89821179755269], [-77.067467394114, 38.89820472590963], [-77.06747222168856, 38.898189769234385], [-77.06747728041546, 38.89817544301101], [-77.06747787274229, 38.89816791167514], [-77.06747853331599, 38.89815940739635], [-77.06747816949209, 38.89815257926528], [-77.06747794652522, 38.898148417529086], [-77.0674948863907, 38.89814192171944], [-77.06751240230666, 38.89813506523977], [-77.06753268423039, 38.89812748648918], [-77.06755192898117, 38.8981202686695], [-77.06756771587382, 38.89811359334864], [-77.06757739486144, 38.898108903399645], [-77.06758788489662, 38.89810853699619], [-77.06759448629525, 38.89810422717771], [-77.06759767753913, 38.89810213539022], [-77.06758634077957, 38.898060523299606], [-77.06758209669385, 38.8980585979647], [-77.06757561524431, 38.89805566498695], [-77.06756708802783, 38.89805927326579], [-77.06755948159034, 38.89806134958922], [-77.0675544113541, 38.89806349651252], [-77.06755245239947, 38.898064326414996], [-77.06754577015333, 38.89806847412729], [-77.06754155307306, 38.8980707196487], [-77.06753747425897, 38.89807289302312], [-77.06752779459138, 38.89807686229995], [-77.06751846289083, 38.89808308346632], [-77.0675095934976, 38.89809056553603], [-77.06750291567924, 38.89809939759352], [-77.0675013849426, 38.89810201090411], [-77.06749819683269, 38.898107417765765], [-77.06748817822506, 38.89811868401144], [-77.06748474418424, 38.89812002824183], [-77.06748241641156, 38.89812093943151], [-77.0674748081756, 38.898121123993654], [-77.06747249323377, 38.898111225136745], [-77.06747145154033, 38.89810680263083], [-77.06747006309885, 38.89810141642997], [-77.0674667078116, 38.89808851838799], [-77.06746531558798, 38.89807913247484], [-77.06746427145042, 38.89807212456923], [-77.06746403526132, 38.8980661701758], [-77.06746368159544, 38.89805789169181], [-77.06746347807325, 38.8980499103972], [-77.06746332306511, 38.89804446943367], [-77.06746238488557, 38.89803979463359], [-77.06746042755067, 38.89803014780405], [-77.0674540409749, 38.89801781903908], [-77.06745338268519, 38.898016549239614], [-77.06744588002928, 38.89800646420175], [-77.06743941777935, 38.89799944140716], [-77.06743595541613, 38.897995209473976], [-77.06743249305343, 38.89799097754063], [-77.06742972117094, 38.89798548403742], [-77.0674282651856, 38.897981809464504], [-77.06742706346064, 38.897978819380654], [-77.06742544601737, 38.89797507283397], [-77.06742348198905, 38.89797053375108], [-77.06741770715944, 38.89795900637553], [-77.06740916530468, 38.89794712026173], [-77.06740462878649, 38.89794069991444], [-77.06740050783375, 38.897934873879336], [-77.0673960293905, 38.89792891292485], [-77.06739115852427, 38.89792244772808], [-77.06738100218307, 38.89790993195789], [-77.06737153581501, 38.89789561411568], [-77.06736698566579, 38.89788695969993], [-77.06736310534096, 38.89787958408574], [-77.06735686422581, 38.89786256187248], [-77.06735547586578, 38.897857247736965], [-77.06735212071281, 38.89784445779144], [-77.06734970119584, 38.89783365815532], [-77.0673478373803, 38.89782536252458], [-77.06734626324096, 38.897818634182485], [-77.06734355481538, 38.89780707801], [-77.06734068577494, 38.89779634169129], [-77.06733904305662, 38.897790234965925], [-77.06733756186438, 38.89778427228124], [-77.06733499292355, 38.897773932157534], [-77.06733151867353, 38.89775708851502], [-77.0673293656546, 38.89774772105497], [-77.06732769884547, 38.897740515322546], [-77.06732560997825, 38.89772583288924], [-77.06732490555578, 38.89771232074561], [-77.067324431775, 38.89769889855265], [-77.06732418455567, 38.89769345764181], [-77.06732384314137, 38.897685926844204], [-77.06732313820953, 38.89767187419876], [-77.06732151028774, 38.897657011332214], [-77.06731999085224, 38.89764716606328], [-77.06731930657122, 38.8976427793831], [-77.06731873712631, 38.89763792420168], [-77.06731756362787, 38.8976281868337], [-77.06731708112656, 38.89761773740652], [-77.06731674010443, 38.897610620993454], [-77.06731510861506, 38.897591974614734], [-77.06731426140696, 38.89758595751402], [-77.06731243936952, 38.8975730585829], [-77.06731080252554, 38.89756095228131], [-77.06730976936048, 38.89755333179839], [-77.06730744569663, 38.89753414531622], [-77.06730658685163, 38.89752801111336], [-77.06730500862601, 38.897516940739955], [-77.06730291722026, 38.897499555797076], [-77.06729944095154, 38.89748055014597], [-77.06729676678987, 38.897468633617294], [-77.06729469467405, 38.89745947330193], [-77.06729232271759, 38.89745018704212], [-77.06728925656277, 38.897438216688805], [-77.06728620243811, 38.89742677782209], [-77.06728381930445, 38.89741786091152], [-77.06727872873195, 38.89739840577093], [-77.0672743299982, 38.89737913039902], [-77.06726923951602, 38.89735976534152], [-77.06726768948623, 38.89735413600472], [-77.06726380286396, 38.89734004014838], [-77.06725802072182, 38.897320675488544], [-77.06725246956258, 38.897301761113724], [-77.0672473808752, 38.89728428781108], [-77.06724368261088, 38.897274335694334], [-77.06724171792561, 38.89726906693051], [-77.06723640412227, 38.897257359111826], [-77.06723501510378, 38.89725132430533], [-77.06723499191239, 38.89725118018479], [-77.06723489931687, 38.897250783869914], [-77.06722670714518, 38.89724286122164], [-77.06722012868985, 38.89723475747687], [-77.06721366432512, 38.897225392494626], [-77.06721131743701, 38.89721822318469], [-77.06721077407144, 38.897216565957756], [-77.06721330296007, 38.89720890739057], [-77.06721507637329, 38.89720693353774], [-77.06721848501091, 38.89720313905378], [-77.06722212536592, 38.89720057858268], [-77.0672242450608, 38.89719908197393], [-77.06722827892065, 38.89719817881573], [-77.0672356303918, 38.897194751405124], [-77.06723853410837, 38.89719339847873], [-77.06723074560716, 38.89717344942798], [-77.06722871184415, 38.89716827078723], [-77.0672263833182, 38.89716835320264], [-77.06722606055007, 38.89716836239676], [-77.06722306333914, 38.897168364121576], [-77.06722271749861, 38.89716835531225], [-77.06721914382457, 38.89716827629335], [-77.06721583385392, 38.89716667470858], [-77.06721487661054, 38.897166206824295], [-77.06721233787786, 38.89716341569116], [-77.06721118391623, 38.897162155183686], [-77.06720979795716, 38.897159363387246], [-77.06720920930438, 38.89715857999798], [-77.06720783578125, 38.89715675208967], [-77.06720414257863, 38.89715215994708], [-77.06720090955223, 38.897146576619264], [-77.06719698409887, 38.8971401829366], [-77.06719363504958, 38.89713380693901], [-77.06719201826562, 38.89713072700733], [-77.06718880750746, 38.897124305888205], [-77.0671849731159, 38.89711667800641], [-77.0671768869108, 38.89709884608939], [-77.06717164237354, 38.897087219302904], [-77.067167298883, 38.89707759185566], [-77.0671632800272, 38.89706993705405], [-77.06715494208885, 38.89705408712093], [-77.06714016473767, 38.89703085402709], [-77.06712941717008, 38.897014636133925], [-77.06712458020219, 38.89700735114412], [-77.06711072398525, 38.89698294642926], [-77.06711022742948, 38.89698202786103], [-77.06709744407799, 38.89695845129799], [-77.06708381987386, 38.89693557786898], [-77.06706881244003, 38.89691279531617], [-77.06705415050769, 38.896889652228325], [-77.06705401193838, 38.89688940007356], [-77.06704087241516, 38.89686704884639], [-77.06702701811625, 38.89684462596088], [-77.06701855288833, 38.89682819955493], [-77.06701443000881, 38.89682022050629], [-77.06701046872924, 38.89681246657402], [-77.06700230369393, 38.89679653545486], [-77.0669909860159, 38.89677465161189], [-77.06698036000485, 38.896752767371154], [-77.06697019366928, 38.896729351443284], [-77.0669595658111, 38.896705485360584], [-77.06695346733608, 38.89669284110739], [-77.0669483621691, 38.89668225019255], [-77.0669365853638, 38.896662438531685], [-77.06693292560394, 38.89665658518948], [-77.0669249249403, 38.89664379789074], [-77.06691384149666, 38.89662578750383], [-77.06690715632644, 38.89661442277245], [-77.06690402736675, 38.89660912764406], [-77.06689571276408, 38.896593457845206], [-77.06688019691181, 38.89656925223585], [-77.06686257996726, 38.896541768780914], [-77.06686252223619, 38.896541669721906], [-77.06686246452209, 38.8965415886796], [-77.06684676549962, 38.89651871640892], [-77.06683851239009, 38.896507136369806], [-77.06683706954604, 38.89650511932088], [-77.06682448544527, 38.896484857691576], [-77.06681403630716, 38.896467099166145], [-77.06680497271552, 38.89645171805666], [-77.06678580018168, 38.89641254261692], [-77.06675946706446, 38.896358957876664], [-77.06675328830684, 38.896346683001276], [-77.06674064209402, 38.896321583903976], [-77.06672439332372, 38.89629011794641], [-77.06672343479778, 38.896288262769964], [-77.06672305373, 38.896287560334905], [-77.06671708375372, 38.89627664560189], [-77.06670715174633, 38.896257103113896], [-77.06670104207943, 38.8962447291041], [-77.06669802768597, 38.89623864116802], [-77.06669504814528, 38.89623284147972], [-77.06668890430407, 38.89622089989041], [-77.06666766080508, 38.89618586946172], [-77.06664641059413, 38.89614363233769], [-77.06663543983096, 38.8961226851303], [-77.06663012769341, 38.89611256275377], [-77.06661142301017, 38.89608041354415], [-77.0665899509741, 38.896047455155696], [-77.06658880811503, 38.89604570818355], [-77.06657586726578, 38.896025933181235], [-77.06655577839979, 38.895992793830494], [-77.06654654039754, 38.89597568319218], [-77.06654036177697, 38.89596348037165], [-77.06653302830436, 38.89594902611628], [-77.06651363272773, 38.89591759795311], [-77.06650624670861, 38.895908593789216], [-77.06649078655072, 38.895894369366815], [-77.06648224895957, 38.89588662702855], [-77.06647162768569, 38.89586951717128], [-77.06646851945393, 38.895861654633514], [-77.06646689023731, 38.895857538735804], [-77.06646414005641, 38.8958504236888], [-77.06645891702804, 38.895836914106425], [-77.06645258563135, 38.895821549430224], [-77.06645163824349, 38.89581926184336], [-77.06645054066239, 38.895816614007146], [-77.06644574603665, 38.89580512205514], [-77.066439369643, 38.89579094650847], [-77.06643407908619, 38.89577918458693], [-77.06641567487246, 38.895747656750785], [-77.06640403660728, 38.89572774586226], [-77.06639548886676, 38.89570906736259], [-77.066389020322, 38.89569494591556], [-77.06638897409465, 38.89569481982464], [-77.06638869674734, 38.89569408129592], [-77.0663847670958, 38.89568301224299], [-77.06638395806706, 38.89568075160197], [-77.06637609841623, 38.89565823514421], [-77.06637487283942, 38.89565429918307], [-77.06636997057534, 38.89563860038015], [-77.06636024977637, 38.89559806823913], [-77.06635844367106, 38.89558966445618], [-77.06635735542062, 38.89558464741242], [-77.06634973128159, 38.89556744575689], [-77.06634718736134, 38.89555897933419], [-77.06634348843238, 38.89554808130755], [-77.06633193884613, 38.895524305770174], [-77.06632061897943, 38.89549962926409], [-77.06631702655154, 38.89549168592137], [-77.06630987641466, 38.89547594334981], [-77.06629809501281, 38.89545078065138], [-77.06629220432345, 38.89543820831002], [-77.06627788349685, 38.8954093896523], [-77.06627100198948, 38.89539739440765], [-77.06626298898723, 38.89538345399651], [-77.0662350802944, 38.895333004935196], [-77.06623354456906, 38.895330231227945], [-77.06621495663096, 38.895299252972514], [-77.06620396337881, 38.89527863904403], [-77.06619867461242, 38.8952687238257], [-77.06617535177149, 38.89522837954173], [-77.06615388789464, 38.89519129523015], [-77.06610803913354, 38.89511211959359], [-77.06602770052152, 38.894995596716846], [-77.06597314520681, 38.89492493885619], [-77.06595002820653, 38.89489501709371], [-77.06592981979243, 38.89486906637647], [-77.06590767249973, 38.89484063043925], [-77.0658956284207, 38.89481785506404], [-77.06588538576099, 38.894798483835686], [-77.0658779805539, 38.894768490136734], [-77.06587751396127, 38.89476253586659], [-77.065876697572, 38.894752275792385], [-77.06587675970677, 38.89474466368378], [-77.0658768006169, 38.89473903342878], [-77.06587848896349, 38.89473234826528], [-77.06588013131686, 38.89472578924484], [-77.06588909651609, 38.894697497902904], [-77.06589922767272, 38.89468352921252], [-77.06590969450787, 38.89467106472983], [-77.0659100514639, 38.894670641134965], [-77.06591773431698, 38.89466427688964], [-77.06593562257217, 38.89464945703149], [-77.06594769465053, 38.89464018961098], [-77.06595405322037, 38.89463530348376], [-77.06596832612145, 38.8946250709227], [-77.06599137700452, 38.89460852754134], [-77.06599778457817, 38.894606776297216], [-77.06601350387558, 38.89460247943009], [-77.06601612024373, 38.89460211761662], [-77.06597539490393, 38.89452809181283], [-77.06597063558368, 38.89452967096582], [-77.06596398636765, 38.89453188177187], [-77.06592722740702, 38.89454613575093], [-77.06591536085257, 38.89455325906114], [-77.06590418560153, 38.89456002164518], [-77.06588978045396, 38.894564353789875], [-77.06587352976976, 38.89456742580153], [-77.06585646901202, 38.89456707508652], [-77.0658382521142, 38.89456303158842], [-77.0658163381673, 38.89454998179922], [-77.06581197859971, 38.894547551995224], [-77.06581068687599, 38.89454683205326], [-77.06580653478376, 38.89454438411543], [-77.06579280982349, 38.8945363023292], [-77.06578015650722, 38.89452778753602], [-77.06577608484248, 38.89452505128393], [-77.06575947505682, 38.894513710087665], [-77.06573293137575, 38.894480213885714], [-77.06572534500864, 38.89446618311175], [-77.06570949104479, 38.89443689680687], [-77.06567178134729, 38.8943700488711], [-77.06565395414813, 38.89433846653281], [-77.06561170515648, 38.894274170496985], [-77.06559661634708, 38.894249523057574], [-77.06556379505246, 38.89419591464634], [-77.06551750159763, 38.89412063063106], [-77.06545472149143, 38.89404229298944], [-77.06545458294976, 38.89404205884937], [-77.06543844272937, 38.894014646407456], [-77.06542643714818, 38.89399582563455], [-77.06542043431868, 38.89398637020576], [-77.06540440836378, 38.89395783164836], [-77.0654036925119, 38.893956561868706], [-77.06540252555428, 38.893953607775984], [-77.06539548919561, 38.89393584720522], [-77.06538129173546, 38.89391513589633], [-77.06537033139404, 38.89390478240236], [-77.06536156485646, 38.8938983913636], [-77.06535049122894, 38.89389019994049], [-77.06534033887264, 38.89388101708003], [-77.06533526137545, 38.89387498431059], [-77.06532141545233, 38.89386048857455], [-77.06531680044833, 38.89385598696902], [-77.06530064323867, 38.89383509657841], [-77.06527538807438, 38.89378572679593], [-77.06527258195632, 38.89378025127348], [-77.06525296019447, 38.89375233628132], [-77.06525242893885, 38.89375123755664], [-77.06524591543068, 38.89373792682025], [-77.06523720393278, 38.89372866207046], [-77.06523380011181, 38.893725051613956], [-77.06522835035497, 38.893715289581344], [-77.06521682740677, 38.89369470287538], [-77.06521105196231, 38.893681734043014], [-77.06520273197987, 38.89365939792312], [-77.0651971879897, 38.8936474198818], [-77.0651916444954, 38.89363598234233], [-77.06518262468461, 38.89361727698562], [-77.0651818278043, 38.893615628898075], [-77.0651670448955, 38.893584828511095], [-77.06515780745588, 38.89356762767199], [-77.06515539365708, 38.89356256631284], [-77.06515053144606, 38.89355240758016], [-77.06514407662263, 38.893540204834814], [-77.06514094737761, 38.893534306095695], [-77.06513855689859, 38.89352953299106], [-77.06513367203277, 38.893519806672195], [-77.0651248475555, 38.89350038053187], [-77.0651238542229, 38.89349819205105], [-77.06511600080155, 38.89348180119032], [-77.06511458015146, 38.89347872111869], [-77.06510110136233, 38.89344955951958], [-77.06509197319426, 38.89342574646808], [-77.0650871202439, 38.893413083399665], [-77.06506932163208, 38.893361745588685], [-77.06506683671192, 38.89335452225753], [-77.0650622714394, 38.89334130050855], [-77.06505603028454, 38.893323197154395], [-77.06505007757346, 38.893305381907155], [-77.06504805480938, 38.89329932940675], [-77.06504158468013, 38.89328293777015], [-77.06503211216904, 38.893260692362], [-77.06502402513273, 38.893240878442576], [-77.06501603048198, 38.8932212446386], [-77.0650063491039, 38.89319746792092], [-77.06500373672465, 38.89318950597255], [-77.06500160986278, 38.89318305716071], [-77.06498756727308, 38.89314225704212], [-77.06497028858534, 38.893092090012956], [-77.06496428031407, 38.8930765088682], [-77.0649594148249, 38.89306268372049], [-77.06495676827655, 38.893055163200245], [-77.06495458347597, 38.89304837210138], [-77.06495064162407, 38.893036158938486], [-77.0649356164223, 38.89299220642817], [-77.06493269425343, 38.89297314633359], [-77.06493132599272, 38.892964282854344], [-77.06493499685722, 38.89294473264241], [-77.06493613718077, 38.89293112936389], [-77.06493219937134, 38.89291068254413], [-77.06492878084748, 38.892903522787115], [-77.06492192070661, 38.892889158243676], [-77.06491129943356, 38.89287114739853], [-77.06490376323644, 38.89286121534969], [-77.06490056641948, 38.89285701021527], [-77.0648973485976, 38.89285505718592], [-77.06489272369068, 38.89285224013429], [-77.06488561887352, 38.89284766782715], [-77.06488026719893, 38.89284422960094], [-77.06487639123115, 38.8928410608061], [-77.06487288440744, 38.89283819809084], [-77.0648573039098, 38.89281730731503], [-77.06484578718089, 38.89279060387987], [-77.06484425085189, 38.89278704642492], [-77.0648428646446, 38.89278378616304], [-77.06483651128774, 38.89276894388916], [-77.06483441976323, 38.89276329679947], [-77.06483269803707, 38.89275867645915], [-77.06482298423363, 38.892724450028304], [-77.06481879945456, 38.89271124607395], [-77.06481130847433, 38.89268761225648], [-77.06480613748809, 38.89266734628333], [-77.0648030950836, 38.89265545691713], [-77.06480163359802, 38.892645458432405], [-77.06479973146844, 38.8926325775123], [-77.06480432614839, 38.89261482846577], [-77.06480670994583, 38.892612304798355], [-77.06482021810073, 38.89259797398775], [-77.06482740255565, 38.89258873641686], [-77.06483184677711, 38.892583013632496], [-77.0648422027306, 38.892562829125374], [-77.06484302815423, 38.89255785604442], [-77.0648441515107, 38.8925509369892], [-77.06484324975094, 38.89253533498511], [-77.06484262917526, 38.89252472346442], [-77.06483903050365, 38.89250956436766], [-77.06483431278335, 38.89250606272863], [-77.06482496964192, 38.89249914948251], [-77.06480329953203, 38.89238562896073], [-77.06479857259205, 38.892371965878546], [-77.06478887980929, 38.892348117078654], [-77.06478736640759, 38.89234440646769], [-77.06478487086693, 38.89233811099779], [-77.06476968976332, 38.89229991489887], [-77.06476461790206, 38.89228721590246], [-77.06476194912605, 38.89228055118474], [-77.06475571067504, 38.89226524040595], [-77.06475369956591, 38.89225926896825], [-77.06475120306649, 38.892251910509835], [-77.06474794305886, 38.892241543677365], [-77.06474530732172, 38.892233176357976], [-77.06474438096447, 38.89222854656672], [-77.06474287562823, 38.89222101639953], [-77.06474170666613, 38.89220309038114], [-77.0647416424014, 38.89219578462456], [-77.06474157978816, 38.892190298558845], [-77.06474076432741, 38.89218084922537], [-77.0647375312784, 38.89216207756355], [-77.06472857386913, 38.89211017626995], [-77.06472316296707, 38.89209220755975], [-77.06471598972148, 38.89206293431467], [-77.06471228370526, 38.89204374852852], [-77.06471180414006, 38.892036073658446], [-77.06471146497339, 38.892030686837884], [-77.06471236007832, 38.8920008686196], [-77.06471506152536, 38.891980030750645], [-77.06471751106265, 38.89196104874648], [-77.06472026264318, 38.89194465197858], [-77.06472098162916, 38.89193670619305], [-77.06472241942082, 38.89192061643777], [-77.06461507321018, 38.891644758329036], [-77.0646093194631, 38.891629987775204], [-77.06460584825238, 38.89161545918478], [-77.06459934922229, 38.89159232926968], [-77.06459671260487, 38.891582943999964], [-77.06457729550223, 38.89152548129712], [-77.06457173115435, 38.891490712041374], [-77.06457092071405, 38.891486775829], [-77.06456929984189, 38.891478912412616], [-77.06456420562326, 38.89145414219396], [-77.0645617477705, 38.89143848699457], [-77.06456061160522, 38.89143126290479], [-77.06455760216288, 38.891417481752434], [-77.0645547920685, 38.89140744797431], [-77.06455171606771, 38.89139654053053], [-77.06450688859323, 38.89132036343962], [-77.0645037951293, 38.89131562674195], [-77.0645004099695, 38.891306989578304], [-77.06448750481785, 38.89127410712127], [-77.06448310518023, 38.89125257953029], [-77.06448234881513, 38.89124469761833], [-77.06448182526549, 38.891239337923345], [-77.06448091191191, 38.89122355575177], [-77.06447960073744, 38.89120123371835], [-77.06446849341546, 38.89116793588083], [-77.06446237920858, 38.891149625225445], [-77.06444783033042, 38.891134544222744], [-77.0644395348194, 38.89112594579976], [-77.06443642340834, 38.89112684835393], [-77.06440449511983, 38.89111501994755], [-77.06439733460519, 38.89111236642434], [-77.06436666481838, 38.8911028344499], [-77.06436234132639, 38.89110177384385], [-77.064338418014, 38.89109591356199], [-77.06431893081589, 38.89108817709022], [-77.06430849450905, 38.891083084095264], [-77.06430324753109, 38.89108052860489], [-77.06430180526631, 38.89107895293293], [-77.06429805537822, 38.89107485618576], [-77.06429090108088, 38.891066302165804], [-77.06427209178538, 38.891043341156156], [-77.06427078694209, 38.891040765478344], [-77.06425927429778, 38.89101803466918], [-77.0642456475951, 38.89099011619656], [-77.06423108003395, 38.89096699970448], [-77.06421852100367, 38.8909470710717], [-77.06419751544311, 38.89091717480674], [-77.06418269801212, 38.89089815725727], [-77.06417835895657, 38.890892592464375], [-77.0641678552993, 38.89087665340763], [-77.06416162357996, 38.890868549291525], [-77.0641515873168, 38.89085963651068], [-77.06414638499368, 38.89085544146404], [-77.06414097504454, 38.89085108438039], [-77.06413255406483, 38.89084388230251], [-77.06412528664876, 38.8908376705123], [-77.0641076400134, 38.89082569905719], [-77.0640951845302, 38.89081831902334], [-77.06408573044418, 38.890815891948925], [-77.06406647550207, 38.890809956982714], [-77.06404899573255, 38.890804084098605], [-77.06404318451769, 38.890802132467144], [-77.06403816740873, 38.89079880211827], [-77.06402161672368, 38.89078782097079], [-77.06400627214478, 38.89077215480379], [-77.06400187712819, 38.89075558179785], [-77.0640025544256, 38.89073963659888], [-77.06400392413244, 38.89072459185819], [-77.06401635590551, 38.89070557736922], [-77.06404143912951, 38.890655477040845], [-77.06404923554183, 38.890608989538066], [-77.06403951116708, 38.89056224139032], [-77.0640330415986, 38.890545939773695], [-77.06402488042718, 38.8905327739993], [-77.06402449949759, 38.890532161638404], [-77.0640121530362, 38.89051775500102], [-77.06399507612497, 38.89049830626258], [-77.06397107725323, 38.89047219511325], [-77.06395736847159, 38.89045533893727], [-77.06395180650526, 38.89044851363229], [-77.06394295385002, 38.89043544732269], [-77.06393276234733, 38.89042041791887], [-77.06392844366526, 38.89041180827339], [-77.06392479475633, 38.89040456753467], [-77.06391994380061, 38.890393670052184], [-77.06391900842362, 38.89039175177955], [-77.06390712582836, 38.89036755277013], [-77.06389650841419, 38.890353145174046], [-77.06389050891748, 38.89034684259131], [-77.06387111042739, 38.89033490809125], [-77.06386548233498, 38.890331451951546], [-77.06383988515512, 38.89032245756667], [-77.06383427967519, 38.890318505952315], [-77.06381624065907, 38.89030580498802], [-77.06380724135049, 38.89029626102379], [-77.06380306407203, 38.89029107447988], [-77.06380135624656, 38.890288967452335], [-77.06379452153038, 38.890276719791295], [-77.06378646306186, 38.89026231078741], [-77.0637748805562, 38.89019979896784], [-77.06377970006814, 38.89017556379898], [-77.06378150564575, 38.89017097754854], [-77.06378418521535, 38.89016412070947], [-77.06378736086333, 38.89015775005184], [-77.06378890266531, 38.890154659336126], [-77.06380501871841, 38.89013095849885], [-77.06381146701408, 38.89012357711443], [-77.06382286665115, 38.89011049972917], [-77.0638442887036, 38.89009102992477], [-77.06390108671894, 38.890059649708725], [-77.06394279794301, 38.89004287129795], [-77.06397885991122, 38.890024744710004], [-77.06398528866487, 38.8900213089963], [-77.06399740881679, 38.89001482533208], [-77.06401837991514, 38.89000670629938], [-77.06402136335855, 38.89000454265329], [-77.0640203022829, 38.890003840581414], [-77.06403078526681, 38.88999692540884], [-77.06405182034744, 38.88998304998111], [-77.06408103291768, 38.88996208046961], [-77.06412782946116, 38.88992210262747], [-77.06416878646017, 38.889887100599566], [-77.06417963465611, 38.88987617648437], [-77.06420542433247, 38.88984303850229], [-77.06420565459601, 38.889842741099194], [-77.0642182065357, 38.88982940179827], [-77.06422281301948, 38.889824804992365], [-77.06423053102161, 38.88981948580498], [-77.06423536925153, 38.88981624012794], [-77.06424873128421, 38.889806503729666], [-77.06426520418161, 38.889795324277685], [-77.06427695387009, 38.88978712018765], [-77.06427994892864, 38.8897850736374], [-77.0642851326823, 38.889781530491646], [-77.0642902359527, 38.889778212599424], [-77.06429190631876, 38.88977712166616], [-77.06429331173676, 38.889776211046296], [-77.06430690095557, 38.88976278108088], [-77.06431037911983, 38.889759617224904], [-77.06431599944926, 38.88975448836271], [-77.06432707555027, 38.8897406994435], [-77.06432751307116, 38.88974015869983], [-77.0643382202374, 38.88972627989895], [-77.06435346138464, 38.889704119898795], [-77.06436320006027, 38.88968996236939], [-77.06437862902244, 38.88967157677317], [-77.0643901408297, 38.88965526526148], [-77.06440648035056, 38.88962408726115], [-77.06441153794715, 38.88960849997633], [-77.06441773761843, 38.88958120116841], [-77.0644193741716, 38.889568201174626], [-77.06442082756902, 38.88955660658898], [-77.06442097217511, 38.88955080511297], [-77.06442116116263, 38.88954309383612], [-77.06442114619537, 38.889526518426514], [-77.06442094321683, 38.889518735298736], [-77.0644207880362, 38.88951282588752], [-77.06442018262268, 38.88950614200401], [-77.0644192747061, 38.88949634138803], [-77.0644183689289, 38.88948890997461], [-77.06441776511821, 38.88948400074089], [-77.06441358817112, 38.88945364480595], [-77.06441181559063, 38.889443646482306], [-77.06440767957133, 38.88942031706034], [-77.06440279656853, 38.88937392659847], [-77.06439746324676, 38.88933942744539], [-77.06438959199419, 38.88930258751226], [-77.06438303587272, 38.88927974587547], [-77.06438045739172, 38.88927079296732], [-77.06437384257943, 38.88923399738204], [-77.06436134292015, 38.889164594704006], [-77.06435462759934, 38.88913135748242], [-77.06435070209452, 38.889124134924515], [-77.06426274770422, 38.88885971532525], [-77.06426086991286, 38.88884804149746], [-77.06425996587242, 38.888842510849294], [-77.0642467460448, 38.888753965742055], [-77.06423678558839, 38.88870091185903], [-77.06423673618986, 38.888697254483695], [-77.06423666270044, 38.8886924440489], [-77.06423659648716, 38.88868291321861], [-77.06423653243152, 38.88867577861641], [-77.06423167335427, 38.88865578268361], [-77.06422335515656, 38.8886344373955], [-77.06422136826063, 38.88862959197918], [-77.06421746382242, 38.8886201173094], [-77.06421114716704, 38.88860707664689], [-77.06421065062588, 38.88860606798119], [-77.06419702164689, 38.888575086643044], [-77.06418500839358, 38.888546356510496], [-77.0641753015518, 38.88851888628266], [-77.06415635437133, 38.888469981183206], [-77.06415291357142, 38.88846336191314], [-77.06414561633734, 38.88844935788852], [-77.0641408361371, 38.888440126923165], [-77.06413857304968, 38.88843575910113], [-77.06412633425614, 38.888412524198145], [-77.06411859720275, 38.88839648451908], [-77.06410912798381, 38.888376860454514], [-77.06409319196943, 38.888343808441675], [-77.06408478665594, 38.88832804838668], [-77.06408083802434, 38.88832066368057], [-77.06407668409649, 38.88831570234147], [-77.0640659531546, 38.88830292533504], [-77.0640124479147, 38.88827710061667], [-77.06396609854647, 38.88826190184486], [-77.06394165278819, 38.88825074483731], [-77.06393179322987, 38.88824564248224], [-77.0639293139225, 38.88824435564078], [-77.06391155423185, 38.8882340958053], [-77.06390002035631, 38.88822563423747], [-77.06389404519611, 38.88822056578759], [-77.06387591210222, 38.888205198398666], [-77.06384685271951, 38.88819053062548], [-77.06383013469106, 38.88818504465029], [-77.06382194692014, 38.88818045484997], [-77.06381620938129, 38.88817042264808], [-77.06381144156623, 38.88816208349182], [-77.06381027781947, 38.88814965256126], [-77.06380808075289, 38.888141744402624], [-77.06380530556835, 38.88813181868235], [-77.06379422350957, 38.88811299721843], [-77.06378959199452, 38.888102396882964], [-77.06378902605559, 38.88810110899352], [-77.06379158934168, 38.88809319823462], [-77.06379281925325, 38.888089396025876], [-77.06379811537535, 38.888082726930875], [-77.06380536886692, 38.88807371458714], [-77.06380749650478, 38.888068434513265], [-77.06380916407475, 38.88806425371322], [-77.06380592681137, 38.88805317517238], [-77.06379646536848, 38.888042100031264], [-77.06376474617284, 38.88801752447024], [-77.0637487173518, 38.88800933559247], [-77.06373487997116, 38.88800276702542], [-77.06372184725848, 38.887993765754636], [-77.06371538563835, 38.88798602207145], [-77.06371484087158, 38.88798262620871], [-77.06371364704684, 38.887975212961834], [-77.06371382860289, 38.88797200587894], [-77.06371398736381, 38.88796908707665], [-77.06371905183302, 38.88796115693802], [-77.0637230828011, 38.88795755138618], [-77.06372371604463, 38.88795676731151], [-77.0637345962521, 38.88794322177722], [-77.06373644489541, 38.887935293392545], [-77.06373838534586, 38.8879269145386], [-77.06373770273835, 38.887924050245694], [-77.06373572433124, 38.887915745597304], [-77.06373364373349, 38.88790917061394], [-77.0637342102436, 38.887898198095726], [-77.06373466314899, 38.887889081366204], [-77.06375289183246, 38.887869658355], [-77.06375840764073, 38.8878637728708], [-77.06377210046544, 38.88786338704339], [-77.06377742396565, 38.88786157345195], [-77.06378005114905, 38.88786068018753], [-77.06378465817834, 38.887856804067496], [-77.06378472680414, 38.88785620947683], [-77.0637847725547, 38.88785581308304], [-77.06378501289004, 38.88785389416644], [-77.06378534459762, 38.887851038328215], [-77.06378280544466, 38.88784725619447], [-77.06377438429205, 38.88783942350059], [-77.06376757874527, 38.887833751935716], [-77.06375477682528, 38.88782502079383], [-77.06375049830166, 38.88782245574031], [-77.06374635817355, 38.88781998069493], [-77.06373021309062, 38.887810620788166], [-77.06371983417999, 38.8878046809187], [-77.06371538298274, 38.887802359184384], [-77.0636975781966, 38.88779307224554], [-77.06368581405427, 38.88778479094916], [-77.06367889213192, 38.88777785826904], [-77.06367058417078, 38.88776768332658], [-77.06366504579925, 38.88776120031052], [-77.06365798552653, 38.887754222662615], [-77.0636554706016, 38.887751746728206], [-77.06364877993299, 38.887745624674615], [-77.06364093524618, 38.88773793579093], [-77.06363205230225, 38.88772923853361], [-77.06362597508962, 38.88772598981836], [-77.06361994399839, 38.887722759094444], [-77.06361302987959, 38.88772456453674], [-77.06361061170495, 38.88772717828452], [-77.06360992058214, 38.887727683130294], [-77.06360899907973, 38.88772835025244], [-77.06360830965164, 38.887730755865896], [-77.06360750525047, 38.887733485843754], [-77.06360820043722, 38.88773753923706], [-77.06361742976007, 38.88774690292783], [-77.06361907919732, 38.88774823526995], [-77.06362423512589, 38.887752394334015], [-77.06362838732642, 38.887755490955534], [-77.06362965606158, 38.887756445152846], [-77.06363378543519, 38.88775979402132], [-77.06363830698967, 38.887763466977695], [-77.06364361427207, 38.8877693195342], [-77.06364846348019, 38.88777850544144], [-77.06364962204918, 38.88778517101277], [-77.06363039061809, 38.887804639596304], [-77.06361656445334, 38.887810592659804], [-77.06361405401798, 38.887813152407624], [-77.06361276425362, 38.88781446833386], [-77.06361299579018, 38.88781560326386], [-77.06361311156644, 38.88781617973724], [-77.06361326166433, 38.88781646792374], [-77.0636157672567, 38.88782140315235], [-77.06361807587543, 38.887825185415316], [-77.06362246419567, 38.88783455174222], [-77.06362319394694, 38.88783858709982], [-77.06362350669745, 38.88784031653875], [-77.06362213037848, 38.887847974413084], [-77.06361936560977, 38.887849687511576], [-77.06361259994623, 38.887849952439645], [-77.06361245011324, 38.88784996152963], [-77.06361137788484, 38.88784963781187], [-77.06360737720709, 38.887848432867465], [-77.06359988138398, 38.88784420300982], [-77.0635944606039, 38.88784033235719], [-77.06358349888586, 38.88782709600366], [-77.06357749497319, 38.88781556854304], [-77.06357513848612, 38.88780980446126], [-77.06357322095901, 38.887805121146386], [-77.06357064474398, 38.88779853742136], [-77.06356571181907, 38.887785937379725], [-77.06354931802855, 38.88775612855612], [-77.06353339556846, 38.887737850202726], [-77.06352705166039, 38.887732808959385], [-77.0635180427769, 38.887725048633584], [-77.06350813416138, 38.887716514075464], [-77.06349106366972, 38.887703371118164], [-77.06345945830918, 38.887676903650814], [-77.06345006463701, 38.887664152885066], [-77.0634272613657, 38.88763323048603], [-77.06343221362455, 38.887628723605516], [-77.06344581357149, 38.88762763521293], [-77.06344822161657, 38.88762658893251], [-77.06344892444201, 38.88762628226572], [-77.06345238085775, 38.88762465887924], [-77.06346043005432, 38.887616096543056], [-77.06346228400824, 38.88761411369164], [-77.06346328406235, 38.88761105029827], [-77.06346538758558, 38.887604563120085], [-77.06346578854203, 38.88760179732887], [-77.0634661893703, 38.8875988874036], [-77.06346612603369, 38.88759247346985], [-77.06346606409141, 38.887587626993835], [-77.06346406070958, 38.88757711530027], [-77.06345923175071, 38.88755177734457], [-77.06344503985456, 38.88752230061897], [-77.06344387357194, 38.88751989601438], [-77.06342229479814, 38.88749198174819], [-77.06341306497349, 38.887481987455146], [-77.06340909666442, 38.8874782691476], [-77.06340556671857, 38.88747496498756], [-77.06339275003526, 38.887462468309636], [-77.06337822601164, 38.88744831501439], [-77.06336721754528, 38.88743424088546], [-77.06335780150124, 38.887422201786144], [-77.0633483418913, 38.887413018366935], [-77.06334026846174, 38.887407257380595], [-77.0633328874026, 38.88740239685653], [-77.06332951954187, 38.88739989435231], [-77.06332585180931, 38.8873971758094], [-77.06331708433575, 38.88738862259914], [-77.06331464776025, 38.8873834891419], [-77.06331442836361, 38.88738303884172], [-77.06331459858579, 38.88738002994964], [-77.06331476855212, 38.88737673278946], [-77.06331706706716, 38.887369164502076], [-77.0633170062065, 38.88736552514847], [-77.06331694612943, 38.88736276861598], [-77.06330563803239, 38.88734872166863], [-77.06328326467995, 38.88733450054836], [-77.06325604843919, 38.887318120034806], [-77.06324935883572, 38.88731311499679], [-77.06324209254292, 38.887307677868286], [-77.06323688975769, 38.88730260896582], [-77.0632322868595, 38.887298134291576], [-77.0632254340097, 38.88729100336222], [-77.06320655986434, 38.88727139332], [-77.06319029109807, 38.887252304351335], [-77.06316767930035, 38.887229074954895], [-77.06315902521374, 38.88721835965931], [-77.06314863949993, 38.887204582449165], [-77.06314204992657, 38.88719537043602], [-77.06313929177892, 38.88719152534757], [-77.06313167640717, 38.88718234091347], [-77.0631276725627, 38.887177505575934], [-77.06312302257071, 38.887171895866544], [-77.06310652468176, 38.887154338434826], [-77.06310195626803, 38.88714973761935], [-77.06309498828794, 38.88714272385337], [-77.0630911354189, 38.88713916762337], [-77.06308679805518, 38.88713516123578], [-77.06307618574766, 38.88712579824907], [-77.0630700722097, 38.88712048660451], [-77.06306003828229, 38.88711346548354], [-77.06305334852077, 38.887108244233026], [-77.06303811773942, 38.887089785269126], [-77.0630318710533, 38.887077266987944], [-77.06302668668067, 38.887066910145094], [-77.06301098747197, 38.88704007363405], [-77.06299205890079, 38.88701089668277], [-77.06298355318724, 38.8869984606926], [-77.0629821336569, 38.886996398538365], [-77.062981406535, 38.88699529089932], [-77.0629754395387, 38.88698622267487], [-77.06294958517155, 38.88694551872], [-77.06293984619846, 38.886933101407955], [-77.06293666141613, 38.88692904034325], [-77.06291485416622, 38.88690301786425], [-77.0628864651607, 38.88686348634994], [-77.06287492241927, 38.886844574959106], [-77.06287133922503, 38.88683310020746], [-77.06287041455198, 38.8868301639722], [-77.06286976681409, 38.8868275789148], [-77.0628677543491, 38.886819715679316], [-77.06286266692756, 38.88680161156678], [-77.06286116385694, 38.8867962974295], [-77.06285850737902, 38.88679007406619], [-77.06284603353434, 38.88676090262449], [-77.06282572943553, 38.88674019426563], [-77.06278742822597, 38.88670075814134], [-77.0627595022356, 38.88666329827423], [-77.06274023291851, 38.88663961657755], [-77.06273879033441, 38.88663753641581], [-77.06273100044824, 38.8866263792125], [-77.06272434260221, 38.88661805003318], [-77.06272200024422, 38.88661512356638], [-77.0627126555291, 38.88660530944592], [-77.06270752117338, 38.886599312619], [-77.06270307910852, 38.886594144191506], [-77.0627000212994, 38.88659026321967], [-77.06269234795118, 38.88658054729253], [-77.06267999769409, 38.88656073547657], [-77.06267284159037, 38.886549388753], [-77.06267164117511, 38.88654744358624], [-77.06265229624401, 38.8865163390068], [-77.06263382504464, 38.88648265755768], [-77.0626317239027, 38.88647877607093], [-77.0626272445447, 38.886470499767974], [-77.0626186437309, 38.88645462259844], [-77.06261835513008, 38.88645410927529], [-77.0626180087808, 38.88645346085732], [-77.06260554071349, 38.886430694346245], [-77.06260141921288, 38.886423039428905], [-77.0626012691378, 38.886422769257855], [-77.06258187732962, 38.886390709802505], [-77.06256524687826, 38.88635306366646], [-77.0625609010529, 38.88633931920006], [-77.06254895014052, 38.886301634521246], [-77.06254319498564, 38.88628427844671], [-77.06254120728217, 38.88627830695226], [-77.0625396364804, 38.886274578322286], [-77.06252838676434, 38.88624786547758], [-77.06252208218527, 38.886234860745624], [-77.06252157412695, 38.88623381604502], [-77.06252083515454, 38.88623232104876], [-77.06251453089394, 38.88621967665159], [-77.06248775065134, 38.8861740184734], [-77.0624754702924, 38.88615490925104], [-77.06247009187746, 38.88614655234711], [-77.06245485175289, 38.886117012996245], [-77.06244375806378, 38.88608413832417], [-77.06244277660035, 38.88608212997913], [-77.0624300175968, 38.88605603950953], [-77.06242170378786, 38.88603874785461], [-77.06241868997006, 38.88603240756252], [-77.06241720039756, 38.886029291457454], [-77.06241412831251, 38.88602222151717], [-77.06240807654883, 38.88600830679665], [-77.06240184049072, 38.88599452729995], [-77.06239514229509, 38.88597948687596], [-77.06239009546837, 38.885968057931706], [-77.06238948340479, 38.88596669799256], [-77.06238875589305, 38.88596512191383], [-77.06238105372678, 38.88594868572557], [-77.06237297124811, 38.88593229478181], [-77.06236202732221, 38.885912446145504], [-77.06235692478914, 38.885903206266946], [-77.06233106817675, 38.885859078982755], [-77.06231352519355, 38.88583206318877], [-77.0623023066446, 38.885814466789334], [-77.06230129098087, 38.88581288185532], [-77.06229309658036, 38.88580027448706], [-77.06228109423334, 38.88578262445319], [-77.06227278458087, 38.88577001714491], [-77.06225824474008, 38.88575029653292], [-77.06224716707467, 38.88573561876962], [-77.06223198289848, 38.88571715967158], [-77.0622260523083, 38.88570995612325], [-77.06221518249085, 38.885695701640174], [-77.06221197462759, 38.88569149643305], [-77.0622022815784, 38.88567852952099], [-77.06219329360582, 38.88566785036251], [-77.06217205245538, 38.885642602159116], [-77.06214671886758, 38.885616473307664], [-77.06213075272545, 38.88560001447375], [-77.06210502652013, 38.88557300300018], [-77.0620775687909, 38.88554292959009], [-77.06206199287539, 38.88552453373627], [-77.06205599326508, 38.885517447324766], [-77.0620405876948, 38.885496114643885], [-77.06203706807324, 38.885491242976855], [-77.06200833394915, 38.88545126100395], [-77.06199887242579, 38.88543937495787], [-77.06198560268317, 38.88542208590079], [-77.06197452457714, 38.88540677752408], [-77.06194925374568, 38.88537309956829], [-77.06193494310598, 38.88535166719996], [-77.06192455555455, 38.88533518736201], [-77.06190262780638, 38.885302138210214], [-77.06188855216519, 38.885285840491285], [-77.0618745802705, 38.88526955172403], [-77.06186259283675, 38.88525558606756], [-77.06185278449604, 38.885242439018924], [-77.06182878294575, 38.885210291789576], [-77.06181757745111, 38.8851942087437], [-77.0618158348933, 38.88519171434306], [-77.06164901622056, 38.88497170061754], [-77.06164248289359, 38.88496042556627], [-77.06163145935554, 38.884941405671896], [-77.06162314797078, 38.884926546219944], [-77.06161593387783, 38.88491439771281], [-77.06160987405849, 38.88490421242454], [-77.06160727769917, 38.88490066448989], [-77.06160098872826, 38.88489205578964], [-77.06159263510207, 38.88488165550898], [-77.06158933519941, 38.884877558433345], [-77.06158713156516, 38.88487499220525], [-77.06158137442397, 38.88486828399302], [-77.06156937730718, 38.88485630916403], [-77.06156130399972, 38.88485018771682], [-77.0615369698382, 38.884832994522405], [-77.06152266906271, 38.884822732495735], [-77.06151125019204, 38.88481300945271], [-77.06149671557081, 38.88479887393977], [-77.06148517981988, 38.88478725919453], [-77.06146822286502, 38.88477087285652], [-77.0614547225504, 38.88475322352312], [-77.06144756620213, 38.88474115605036], [-77.0614368643532, 38.88472083876002], [-77.06143636794036, 38.884719902148895], [-77.06143627559493, 38.884719740046535], [-77.06142863414901, 38.88470648372064], [-77.06142292013791, 38.88469628923205], [-77.06141812961266, 38.88468775180073], [-77.06141074229755, 38.884675143943824], [-77.06139989130146, 38.884655601449516], [-77.06139946415236, 38.88465479091929], [-77.06139308020101, 38.884642903204636], [-77.06138361167959, 38.88462263931108], [-77.0613797311291, 38.8846134437876], [-77.06137772155662, 38.884608679407044], [-77.06137482161476, 38.884600555366035], [-77.0613695185469, 38.88458571233113], [-77.06136519774567, 38.88457386857263], [-77.06136431973931, 38.88457148181144], [-77.06136339592462, 38.88456943739298], [-77.06135519708388, 38.88455130781749], [-77.06134642492927, 38.884536628754724], [-77.06131388167418, 38.88448917164417], [-77.06128341285246, 38.88444144318415], [-77.06127533311764, 38.88442775467499], [-77.0612477525703, 38.88438795207055], [-77.06124312629943, 38.88438273864032], [-77.06123390839092, 38.88437237481988], [-77.06122237221065, 38.88436012946102], [-77.06120225330591, 38.8843389883122], [-77.06119007122045, 38.88432618476853], [-77.06116884222655, 38.884300792236644], [-77.0611472653164, 38.884272877534485], [-77.061120382304, 38.884239920908165], [-77.06109730540074, 38.88421002513622], [-77.06107838191026, 38.88418499171685], [-77.06106857424675, 38.88417229501907], [-77.06105927356809, 38.88415942689605], [-77.06105138070028, 38.88414852186483], [-77.06103891760479, 38.8841305116039], [-77.06103639027862, 38.88412675642709], [-77.06103049318513, 38.88411799434764], [-77.06101537833632, 38.88409896752194], [-77.06100937856476, 38.88409143063575], [-77.0610050753175, 38.88408653232069], [-77.06100003372259, 38.88408080561944], [-77.06099357205913, 38.88407225102586], [-77.06098852662367, 38.88406202914066], [-77.06098814562375, 38.88406126362665], [-77.06098283306028, 38.88404865465795], [-77.06097798598861, 38.88404127031079], [-77.06096264868594, 38.88403163934254], [-77.06095546762135, 38.88403093142798], [-77.06094455193524, 38.88402984710957], [-77.06094203905943, 38.88402950610207], [-77.06091896207626, 38.884026347188716], [-77.06091238893983, 38.884022206758694], [-77.06090892710377, 38.88401734403475], [-77.06090869151595, 38.884011398621716], [-77.06091121669077, 38.883999145897455], [-77.06090867775036, 38.883995273614815], [-77.06089991375268, 38.8839899632362], [-77.06089437953972, 38.88398771402484], [-77.06087604498795, 38.8839773639368], [-77.06087514370806, 38.8839746889154], [-77.06087130750089, 38.88396331332105], [-77.06087245391251, 38.88395610601329], [-77.06087452321727, 38.88394988914716], [-77.06087612527195, 38.88393637573036], [-77.06087748305569, 38.88393375358176], [-77.06087854165041, 38.88393169010914], [-77.06088407132312, 38.883928624374775], [-77.06088808176152, 38.883928072772434], [-77.06089594130292, 38.883926996676564], [-77.06089617181486, 38.88392699655638], [-77.06090527695852, 38.88392690172475], [-77.06095276564487, 38.88393066047359], [-77.06096947814437, 38.88393110216979], [-77.06098123409869, 38.8839309158645], [-77.0609908451446, 38.88392938842835], [-77.06099361091793, 38.88392895458136], [-77.06100001827902, 38.883927933287204], [-77.06099263927939, 38.88392487428907], [-77.06096946736727, 38.88391849043239], [-77.06096531815332, 38.88391849259835], [-77.06094894803869, 38.883914087032196], [-77.06093931018806, 38.88391121838562], [-77.06093776536615, 38.883910759763864], [-77.0609302484177, 38.88390811521959], [-77.06092243171221, 38.883905362730566], [-77.06091263119038, 38.88390095373226], [-77.0609000611447, 38.88389258248661], [-77.06089313971692, 38.88388546946906], [-77.06087906450892, 38.883869081540595], [-77.06086325785704, 38.883849631660766], [-77.06085529621495, 38.88383909599555], [-77.06085021812137, 38.88383108117605], [-77.06084190725902, 38.88381649191715], [-77.06083808600941, 38.8838091250463], [-77.0608362504318, 38.88380559471434], [-77.06081846702732, 38.88376569681691], [-77.06081177006558, 38.88375146705083], [-77.06080391793994, 38.883734175033744], [-77.06080188562525, 38.88372969892287], [-77.06079086956761, 38.88370544506786], [-77.06078346810763, 38.883689513081286], [-77.06078220951196, 38.88368680221148], [-77.0607811703163, 38.88368457768038], [-77.0607749351362, 38.88367122148533], [-77.06076685274738, 38.88365419983699], [-77.0607569214419, 38.88363150386525], [-77.06075068437642, 38.883615922597855], [-77.06073890861131, 38.88359277716438], [-77.06073246821873, 38.883582042514654], [-77.06072955965752, 38.88357719751407], [-77.06071732411074, 38.88355549365953], [-77.06071683924868, 38.8835545660476], [-77.06071028226616, 38.88354225498915], [-77.06069942849204, 38.88351901898832], [-77.06069584906393, 38.88351136371832], [-77.06069284698583, 38.88350496932255], [-77.06068291541817, 38.883481913008566], [-77.06067621674822, 38.8834656113055], [-77.06065866954242, 38.88343219929866], [-77.06065233449125, 38.883423329325915], [-77.0606370911806, 38.88340203240184], [-77.06061043725238, 38.88336673335344], [-77.06059762894579, 38.88334908355779], [-77.06059067233582, 38.883341159784884], [-77.0605880535227, 38.88333818837516], [-77.0605557478685, 38.88329784754794], [-77.06054672380941, 38.88328474502075], [-77.06054513134218, 38.88328244870712], [-77.06053832159502, 38.88327101158323], [-77.06053185654464, 38.88325831310582], [-77.06052818558571, 38.88325141458248], [-77.06052643093005, 38.883248136438276], [-77.06052316423522, 38.88324226466157], [-77.06051615758417, 38.88322967456457], [-77.06050252619463, 38.883192747232165], [-77.06048890322008, 38.8831657291215], [-77.06047369744901, 38.88313420763414], [-77.06047239278067, 38.883131505792946], [-77.06047108805133, 38.883128731884646], [-77.06046280946664, 38.88311124187909], [-77.06045726846575, 38.8831008851], [-77.06042933602845, 38.8830527046738], [-77.06041848539523, 38.8830329819151], [-77.06040278980915, 38.88300821696317], [-77.06038458065805, 38.88298223717614], [-77.0603692102082, 38.88296030969401], [-77.0603572046997, 38.88293779492557], [-77.06034935483102, 38.882922935139575], [-77.06034906623795, 38.88292239478535], [-77.06034369860691, 38.882912578414306], [-77.06033123224974, 38.882890244048944], [-77.06032522760228, 38.88287673456642], [-77.06031696060803, 38.88285924454376], [-77.06031564436428, 38.88285647063957], [-77.06030848718052, 38.88284296175132], [-77.06029694348891, 38.88282134757671], [-77.06029664334092, 38.88282077119474], [-77.06028851668984, 38.88280567732913], [-77.06027720420349, 38.88278487378815], [-77.06026889426501, 38.88277109524058], [-77.06025966199293, 38.88275695683268], [-77.06024696655035, 38.88273624408603], [-77.0602409649742, 38.8827263379531], [-77.06021395752185, 38.88268130993171], [-77.06020772445882, 38.88267023282572], [-77.06020030183502, 38.882656255630955], [-77.06019675793112, 38.882649609265904], [-77.06019323734469, 38.882643278182414], [-77.06018902421742, 38.882635740331445], [-77.06017067325007, 38.88260539151341], [-77.06015843864758, 38.88258440826754], [-77.06015469922235, 38.8825782394465], [-77.0601502442371, 38.88257089990324], [-77.06014054872145, 38.88255405920703], [-77.06013339167718, 38.8825406403912], [-77.06011608115296, 38.88251398446828], [-77.06010684750247, 38.8824981344543], [-77.06009876828941, 38.88248453594303], [-77.06009220083621, 38.88247323379281], [-77.06008918835472, 38.88246805551842], [-77.06008272489841, 38.882457068607806], [-77.06007572850156, 38.882442784900114], [-77.06006736977994, 38.88242572730845], [-77.06005864234203, 38.882408778006464], [-77.06005132330569, 38.88239456653025], [-77.06003515499752, 38.88235556851275], [-77.06003122713454, 38.882344580295616], [-77.06002706770495, 38.88233233102267], [-77.06002621222285, 38.882329232576105], [-77.06002348393729, 38.882319360782525], [-77.06002001572746, 38.88230675081844], [-77.06001728908794, 38.88229883384455], [-77.06001666519693, 38.8822970234787], [-77.06001611083676, 38.882295663496606], [-77.06001262299588, 38.88228711632641], [-77.06000177047319, 38.88226487117817], [-77.05999645988425, 38.8822542440057], [-77.05999138056073, 38.88224451755318], [-77.05998391214193, 38.88223080161056], [-77.0599776442221, 38.88221930111497], [-77.05996356591908, 38.88219858904585], [-77.05995040730285, 38.882175083901835], [-77.05994967989113, 38.88217351681526], [-77.05994220964874, 38.88215761183183], [-77.05993644131827, 38.88215085849933], [-77.05992651941413, 38.882138792347384], [-77.05991428965342, 38.882123394273975], [-77.05990505874558, 38.88211069717835], [-77.05989951805458, 38.88210052053876], [-77.0598928401805, 38.88208116493194], [-77.05989131512845, 38.882076742594165], [-77.05987792333102, 38.88204999454044], [-77.0598606095447, 38.882019194719405], [-77.05985676610716, 38.882012620564], [-77.0598521839941, 38.882004785612345], [-77.05984710516137, 38.881995599656385], [-77.05984315776456, 38.88198874629366], [-77.05983983365547, 38.881982991635134], [-77.05983798692837, 38.88197979460254], [-77.05983394722529, 38.881972815169334], [-77.05982654780541, 38.88195884694575], [-77.05982621305118, 38.88195822553824], [-77.05982593597618, 38.88195766715993], [-77.05982124902475, 38.88194849901883], [-77.05979989947957, 38.88191535907376], [-77.05979193768181, 38.88190419274537], [-77.05978432247494, 38.88189401716201], [-77.05977463242046, 38.88188348230441], [-77.05976402132875, 38.881874119008195], [-77.05975620876607, 38.88186223192966], [-77.05975282756413, 38.881857098876736], [-77.05974898455253, 38.881851011170504], [-77.05974867296312, 38.881850524876796], [-77.05974336425308, 38.88184205970499], [-77.05973343654202, 38.881822966993965], [-77.05973269737206, 38.88182111164345], [-77.05972823931778, 38.88180999756881], [-77.05972477397488, 38.88180072069817], [-77.05971530389179, 38.88177757397543], [-77.05970842280465, 38.88176319109289], [-77.05970779936331, 38.881761903211604], [-77.05970756849659, 38.88176147092688], [-77.05970237428154, 38.88175208683861], [-77.05968621844222, 38.881727592272206], [-77.05967801376411, 38.881715363069674], [-77.05967110154265, 38.88170507901867], [-77.05964363985164, 38.88166725780297], [-77.05963704169717, 38.881660414794986], [-77.05961837769226, 38.881641056282625], [-77.05960684283288, 38.881629531429354], [-77.05957523551105, 38.881595766089006], [-77.05956464023637, 38.881577655618045], [-77.05955573006946, 38.88156244498883], [-77.0595484594035, 38.8815507287789], [-77.05953207158751, 38.881524351554766], [-77.05951499031025, 38.881495623491425], [-77.0594949076879, 38.881461131583784], [-77.05948894092144, 38.88145125241758], [-77.05948625184821, 38.88144681265018], [-77.05945142172392, 38.88139032074446], [-77.05944955211434, 38.88138728586815], [-77.05942705346784, 38.88135783987744], [-77.05939206895012, 38.881323445617], [-77.0593625749438, 38.881294453590364], [-77.0593601181489, 38.88129213067402], [-77.05935277083046, 38.881285179929655], [-77.05932658817333, 38.88126051023899], [-77.05930686269454, 38.88123953070428], [-77.05928586646593, 38.88121494845441], [-77.05927479011615, 38.881200270397606], [-77.05927147703105, 38.88119381306197], [-77.05926867190634, 38.88118838242518], [-77.05926398148547, 38.88117489023408], [-77.05925838998004, 38.88115884011661], [-77.05925468818958, 38.88114229357851], [-77.05925156485732, 38.88112839521409], [-77.05924855548365, 38.88111293833988], [-77.05924496740089, 38.881094527006475], [-77.05924181155416, 38.88108310596605], [-77.05923875974865, 38.88107206322519], [-77.05918218028148, 38.88095782045375], [-77.05916321276982, 38.88091954439609], [-77.05916276276022, 38.88091890502818], [-77.0591390072175, 38.88088834257579], [-77.05913622671063, 38.8808847766603], [-77.05910888415329, 38.88085091894615], [-77.05907681663194, 38.88081742395135], [-77.05904705728942, 38.88078771130547], [-77.05902006175643, 38.88075529473739], [-77.05900410799474, 38.88073768238256], [-77.05899664445957, 38.88072945248209], [-77.05897218865717, 38.88070207931964], [-77.05894865845158, 38.88067902971324], [-77.05893542950702, 38.88066730746233], [-77.05892720612127, 38.880660032830455], [-77.0589144041765, 38.880648994999525], [-77.05889514360422, 38.88063239323758], [-77.05887322888749, 38.880611684983236], [-77.05886104926827, 38.880600592782336], [-77.05883159214915, 38.880573780630776], [-77.05880933424177, 38.88055613539074], [-77.0587813112237, 38.88053534011073], [-77.0587515617647, 38.88051733829428], [-77.05871570575334, 38.88050141147086], [-77.05868319253818, 38.88048611354431], [-77.05864134487089, 38.880471811219294], [-77.05859880734593, 38.88045949107195], [-77.05851869135444, 38.88043881193888], [-77.05840756821418, 38.88041220272271], [-77.05834912482926, 38.88039817884333], [-77.05831454224196, 38.8803890075552], [-77.05826013073968, 38.88037263943573], [-77.05819845526729, 38.88035231121786], [-77.05815106275247, 38.88033618277614], [-77.05814162114392, 38.880332971480556], [-77.05812895198893, 38.880329095169586], [-77.0580596578333, 38.880307878839204], [-77.05799141278011, 38.88028701327408], [-77.05793624242517, 38.88027267226882], [-77.05792743545592, 38.88027037949717], [-77.05792477278482, 38.88026989436459], [-77.05790219196611, 38.88026579773481], [-77.0578371877275, 38.8802618662523], [-77.05778232797925, 38.88026099256859], [-77.05772504907485, 38.880261471313936], [-77.05765889635346, 38.880262494916195], [-77.057627319443, 38.880264492348296], [-77.05758018448687, 38.88026738026614], [-77.05757834057337, 38.88026748927597], [-77.05754306557021, 38.88027127217035], [-77.05750746789235, 38.88027509124658], [-77.05748487010601, 38.880278516552934], [-77.05746333248759, 38.88028177918216], [-77.05744563189704, 38.88028404899686], [-77.05740049308785, 38.88028984557133], [-77.05725218149466, 38.880308944098594], [-77.05704886656673, 38.88033512289064], [-77.05702837755106, 38.880338213767935], [-77.05695478763423, 38.88034932099479], [-77.05687596304472, 38.88035755704724], [-77.05682848441295, 38.88036316536371], [-77.0568048599142, 38.880365428955265], [-77.05677086440005, 38.8803695893465], [-77.05670909536869, 38.8803760153156], [-77.05665838770206, 38.88037910278071], [-77.05660249598577, 38.88038498533835], [-77.05655712576541, 38.88038979978398], [-77.05655386445474, 38.88039014368224], [-77.05655165182134, 38.88039036095512], [-77.05651364518644, 38.88039403676043], [-77.0564638031586, 38.880398745232924], [-77.05646097974109, 38.88039901684975], [-77.05642140451076, 38.88040119799013], [-77.05638526359368, 38.880403197291166], [-77.05633432496637, 38.88040574422346], [-77.05631740641127, 38.88040598660144], [-77.05628234766185, 38.88040648995555], [-77.05626828697922, 38.88040630755457], [-77.05622806421484, 38.88040579543188], [-77.0561791963968, 38.88040365693514], [-77.05614966819313, 38.880402292851464], [-77.05612906068714, 38.88040133885938], [-77.0561079231012, 38.880400475202286], [-77.05607662011695, 38.880399202036756], [-77.05605074543529, 38.880397944274485], [-77.05603247756864, 38.88039706120963], [-77.05600170468892, 38.8803957247109], [-77.0559562931206, 38.88039196295272], [-77.05593911927946, 38.88038998933347], [-77.05590995800208, 38.88038621977253], [-77.05586327728146, 38.880380656907136], [-77.05581820950741, 38.880374372580754], [-77.0557760222925, 38.88036718602193], [-77.05574213355786, 38.88036058103294], [-77.0557368312394, 38.8803595475984], [-77.05573426084325, 38.880359143447414], [-77.05571354781529, 38.88035586526694], [-77.0556608816116, 38.880345134358194], [-77.05565222494626, 38.88034337283859], [-77.05563614525732, 38.88034044376374], [-77.05562260143839, 38.88033798191539], [-77.05560895336171, 38.88033483547721], [-77.055592976812, 38.88033114964227], [-77.05558889586881, 38.88032975528388], [-77.05556796086404, 38.88032260357416], [-77.05551147806342, 38.880309478181346], [-77.05548577308402, 38.88030408536077], [-77.055460756108, 38.88029418801119], [-77.05544530650545, 38.88028635804491], [-77.05542616603493, 38.880274836387045], [-77.05541129241072, 38.880266645807154], [-77.05538477427096, 38.88025296562834], [-77.05535906303109, 38.88023946522885], [-77.05534868717646, 38.88023514611791], [-77.05533243245581, 38.880229388448655], [-77.05530545753456, 38.8802211135042], [-77.05528701474641, 38.880217518879114], [-77.055285635516, 38.88022238406445], [-77.05530351266832, 38.880239671715366], [-77.05531400907846, 38.880250837152055], [-77.05533177476708, 38.88027298938372], [-77.05534111966392, 38.88028541653856], [-77.05534107642154, 38.88028910099185], [-77.05534101049244, 38.88029325389237], [-77.05533502133014, 38.88029821134652], [-77.05533202657392, 38.880300464863744], [-77.0553140474182, 38.880300293212784], [-77.05531214559595, 38.88030004187853], [-77.05529041870376, 38.88029715146408], [-77.0552589054619, 38.88029217572935], [-77.05525572416873, 38.880291672764514], [-77.055248715624, 38.880289946468814], [-77.05521445675956, 38.88028151279788], [-77.05517099954133, 38.88027126376722], [-77.05515268340368, 38.88026751591848], [-77.05515036650866, 38.88026703956777], [-77.05514704672932, 38.88026629343879], [-77.0551228169448, 38.88026083678294], [-77.05507186697118, 38.880248609405164], [-77.05502529554245, 38.88023511876713], [-77.0549813754362, 38.880222347533824], [-77.0549358422623, 38.880210117546355], [-77.05488788878611, 38.880197798594736], [-77.05484454213791, 38.88018133359912], [-77.05480246152881, 38.88016261589496], [-77.05477310818353, 38.88014865764725], [-77.05475911174157, 38.880142007008025], [-77.05474996887563, 38.88013738098039], [-77.05471518448687, 38.88011977686473], [-77.05467390538136, 38.88009412227555], [-77.05460922468116, 38.8800607313982], [-77.05457348018162, 38.880038407290826], [-77.05452747229022, 38.880007980410625], [-77.05450475655212, 38.879992856913105], [-77.05447235449437, 38.87997071138246], [-77.05445563491884, 38.87995972893946], [-77.05444381617569, 38.8799523115334], [-77.0544351106705, 38.87994685650485], [-77.05439498377993, 38.87992057069181], [-77.0543751379261, 38.87990559897483], [-77.05435727551021, 38.87989212172468], [-77.05431876100481, 38.87986430370781], [-77.05429145261905, 38.87984154318647], [-77.05428128116951, 38.87983306200751], [-77.05427130659196, 38.87982582389457], [-77.05424195943272, 38.87980452366876], [-77.05420551984848, 38.87977715507012], [-77.05417484247927, 38.879749423451386], [-77.05414289575249, 38.879719530398425], [-77.05413467183688, 38.879710769043434], [-77.05411406016381, 38.87968882513953], [-77.05409745097957, 38.879671275474365], [-77.0540823412566, 38.87965532860649], [-77.05405362069602, 38.879624262943366], [-77.05402513004448, 38.87959238641121], [-77.05399318208737, 38.879560691638204], [-77.0539842433177, 38.87955147117475], [-77.05396411667459, 38.879530707119336], [-77.05395597214171, 38.87952018006953], [-77.05393908322422, 38.879498378548405], [-77.05391532093623, 38.879470553582316], [-77.05390101892908, 38.87945578641727], [-77.05388620611227, 38.879436091894384], [-77.05386998586863, 38.87941454228951], [-77.05386787434239, 38.879411264207896], [-77.05386387054848, 38.879405086295954], [-77.05382626177003, 38.87935510704616], [-77.05380365402897, 38.87932989395897], [-77.05379799046952, 38.87932345556592], [-77.05379177324274, 38.87931638683999], [-77.05377084773302, 38.87929061445098], [-77.0537663950148, 38.87928513939708], [-77.05376403016086, 38.87928214069037], [-77.05375093699458, 38.879265598296236], [-77.05374481220015, 38.879258826802214], [-77.05373098239585, 38.87924353691162], [-77.05372259683769, 38.879234244105994], [-77.05371887120876, 38.87923011997501], [-77.05371857107465, 38.879229471508616], [-77.05371806318155, 38.87922840875166], [-77.05371687111833, 38.87922176110462], [-77.05371586430722, 38.87921624843007], [-77.05371078232658, 38.87920156708394], [-77.05370201070716, 38.87918463533553], [-77.05369070315545, 38.87916707416465], [-77.05368031928954, 38.87915176466676], [-77.05367270680642, 38.87914366061019], [-77.05367056218644, 38.879142328353375], [-77.05366763351262, 38.87914051000346], [-77.05366417111975, 38.87913393546628], [-77.05366325842309, 38.87913096311536], [-77.05366197605144, 38.87912681984291], [-77.05366125939204, 38.87912400054463], [-77.05366070459506, 38.87912186580995], [-77.05366064438299, 38.87911842463072], [-77.05366058426586, 38.87911510956903], [-77.05366074266628, 38.87911119084441], [-77.05366092350667, 38.879106461354006], [-77.05366575640937, 38.87909645981482], [-77.05367427603166, 38.87908483506996], [-77.05368244943237, 38.87907257989598], [-77.05368343910226, 38.87907063362775], [-77.05368900888233, 38.879059694875735], [-77.05369555763217, 38.87904790888421], [-77.05369625968287, 38.87904662936933], [-77.05369713463948, 38.87904539481687], [-77.05370408821265, 38.87903554544366], [-77.05370996380913, 38.87903281319786], [-77.05371572419786, 38.87903013505511], [-77.05371663472526, 38.87903022472031], [-77.05372724988497, 38.87903130084466], [-77.05373923385079, 38.87902886306411], [-77.05374982818905, 38.87901759769471], [-77.05376030570801, 38.879004251438786], [-77.05376997493944, 38.87898885163999], [-77.05377318406494, 38.87898049938009], [-77.05377653117495, 38.87897173267039], [-77.05378043568636, 38.878953263662254], [-77.05377811511192, 38.87893254542187], [-77.05376841636759, 38.878908767724155], [-77.0537536461828, 38.87888427168834], [-77.05373276997898, 38.87886257106266], [-77.05371062891057, 38.87884465454093], [-77.0536956634815, 38.878836328657094], [-77.05369137446924, 38.878833943404246], [-77.05369105177562, 38.87883394355258], [-77.05367270426825, 38.878833861902365], [-77.05365392024203, 38.878835672212865], [-77.05363951908281, 38.87884207478899], [-77.05363745518727, 38.87885612883371], [-77.05363764656542, 38.878865416401375], [-77.05363781467734, 38.878874415711095], [-77.0536379954924, 38.878884982475746], [-77.05363817660547, 38.878895945609635], [-77.0536381272161, 38.878906899841], [-77.05363807733913, 38.87891720546808], [-77.05363785950672, 38.87893405126722], [-77.05363786973216, 38.87894765393928], [-77.05363523415042, 38.87895243860764], [-77.05363015861633, 38.87896162049324], [-77.05361933830717, 38.87897892158037], [-77.05360897891708, 38.87899613237097], [-77.05359458313451, 38.879009741654954], [-77.05358329262363, 38.879014800545484], [-77.05357868425156, 38.879016865582315], [-77.05357776232142, 38.87901693807242], [-77.0535634723905, 38.87901804365159], [-77.05354998837053, 38.879018049835295], [-77.0535418027183, 38.87901399981064], [-77.05354156458384, 38.879003820433326], [-77.05354178595424, 38.878991658998444], [-77.05354131489042, 38.878978236705606], [-77.05353830647938, 38.87896229322539], [-77.05353137599091, 38.8789414870095], [-77.0535276198848, 38.87892742662621], [-77.05352478841196, 38.878916897109924], [-77.05351831568004, 38.87889176665354], [-77.05351654947614, 38.87888788484455], [-77.05350757993283, 38.87886816957719], [-77.05349304094926, 38.87884448415794], [-77.05347781062416, 38.878820979221274], [-77.05346327213265, 38.87879792438554], [-77.0534468533056, 38.87877245615855], [-77.05344654178606, 38.87877198786454], [-77.05342888913371, 38.87874560134322], [-77.0534112366292, 38.87871939498693], [-77.05341060199221, 38.87871835931167], [-77.05339404398171, 38.87869165699037], [-77.0533785800595, 38.87866391820104], [-77.05336404156468, 38.87864077326844], [-77.05335042909967, 38.87862303294832], [-77.05334130441743, 38.8786115153783], [-77.05333693242748, 38.87860601324535], [-77.053321014154, 38.87858710288334], [-77.05330244203401, 38.87857938215794], [-77.05325135892828, 38.878556605212374], [-77.05324561779163, 38.87855416655484], [-77.05322505125204, 38.87854556390359], [-77.05317483387203, 38.8785245611839], [-77.05322422064259, 38.87845175084749], [-77.05321649263574, 38.878443106309156], [-77.05319607677237, 38.87842014420081], [-77.0531745075119, 38.878395921438525], [-77.05314763623358, 38.87837080024561], [-77.0531211104468, 38.878345318553436], [-77.05309112800903, 38.878320829350166], [-77.05306506887592, 38.8783029144857], [-77.05305642093907, 38.878296972873436], [-77.05304077203506, 38.87828365656392], [-77.05302678374875, 38.87827176282494], [-77.0529997981923, 38.8782478127409], [-77.05297281178447, 38.87822269155943], [-77.05294686228183, 38.87819711948171], [-77.05292068177003, 38.87817082683105], [-77.05290084501773, 38.87815151280822], [-77.05289265659694, 38.87814354408636], [-77.05287780187707, 38.87812876803476], [-77.05286440035144, 38.87811545068372], [-77.05283510797669, 38.8780887990863], [-77.05282062441637, 38.87807719381496], [-77.05280431888609, 38.878064130005455], [-77.05279600491474, 38.878057782844785], [-77.05277260817824, 38.87803991175266], [-77.05274285501636, 38.87801344050792], [-77.0527189803731, 38.877988227777514], [-77.05269821899445, 38.87796517565248], [-77.05267745696405, 38.87794122268428], [-77.05265634967425, 38.877917900455735], [-77.05263455092091, 38.87789457853494], [-77.05261217508743, 38.87787008577844], [-77.05260823016789, 38.87786534013049], [-77.05259187376626, 38.877845682167255], [-77.05258554052587, 38.87783723514294], [-77.05257260874463, 38.87782001691039], [-77.05255426497546, 38.877793360311976], [-77.0525363834643, 38.87776841509805], [-77.05251608319249, 38.87774536273236], [-77.05250493152198, 38.877735332392376], [-77.05249244212682, 38.8777241135442], [-77.05247006705801, 38.877700521599095], [-77.0524523132309, 38.8776767474062], [-77.05245022522791, 38.87767395574088], [-77.05243176656097, 38.877647659510124], [-77.05241157829462, 38.87762010287692], [-77.05238816303108, 38.87759236751988], [-77.05238309933905, 38.877586370198756], [-77.05236370971518, 38.8775634615318], [-77.05233649283635, 38.877537709716066], [-77.0523191823843, 38.87752124111385], [-77.05230950653434, 38.87751204787457], [-77.05228620685557, 38.877484672780724], [-77.05228265405144, 38.87748025124822], [-77.05226498233968, 38.8774582876771], [-77.05225333232407, 38.87744433888277], [-77.0522427204324, 38.877431632781644], [-77.05223200495551, 38.877419106893875], [-77.05222022831455, 38.87740533832071], [-77.05221310089999, 38.877398170823184], [-77.05219612429357, 38.87738111650723], [-77.05217190286994, 38.87735392196993], [-77.05215591495079, 38.87733352509078], [-77.05214825551877, 38.87732375439987], [-77.05213629250318, 38.87730722933159], [-77.05212529854032, 38.87729205508914], [-77.05211569861505, 38.87727628566931], [-77.05210533716802, 38.87725927342948], [-77.05209783927161, 38.87724974588981], [-77.05208215138285, 38.87722982631146], [-77.05205631662267, 38.877202632469015], [-77.05202979060877, 38.87717570918066], [-77.0520054525632, 38.87714644272835], [-77.05198791563137, 38.877119425342855], [-77.0519703825182, 38.87709763282373], [-77.0519491628907, 38.87707764362149], [-77.051927019874, 38.8770556729783], [-77.05190614482609, 38.877034062103256], [-77.05188515677318, 38.87701551412991], [-77.05186463003764, 38.87699741636779], [-77.05185380255715, 38.87698916948327], [-77.05184145301074, 38.87697977019849], [-77.05183010766716, 38.87697253248224], [-77.0518156262172, 38.87696329629201], [-77.05180285064121, 38.876954401662395], [-77.05179118197962, 38.87694628126272], [-77.0517790162455, 38.876936062125495], [-77.05176823430035, 38.87692701346534], [-77.051759686673, 38.87691599097469], [-77.05175035465308, 38.87690395989038], [-77.05173350934484, 38.876876942159136], [-77.0517288482068, 38.876869692463266], [-77.05172001051558, 38.876855958570154], [-77.0517106444983, 38.87684470221986], [-77.05170628446919, 38.876839479279376], [-77.05169976556962, 38.8768290144066], [-77.0516937081982, 38.87681930603461], [-77.05168078450468, 38.87679679075861], [-77.05166855293801, 38.876775176014725], [-77.05165813295248, 38.87675665034884], [-77.0516564366884, 38.876753651302465], [-77.05165639053848, 38.876753579255656], [-77.05164074643717, 38.87673014632164], [-77.05163078099591, 38.87671863799462], [-77.05162171521944, 38.87670817424329], [-77.05160740896325, 38.87668610998983], [-77.05159402343217, 38.87666233373199], [-77.05157856410068, 38.87663936914439], [-77.05156160686548, 38.876616765551994], [-77.05154557217962, 38.87659497230571], [-77.05153287847607, 38.87657164615508], [-77.05152341115878, 38.87654768799165], [-77.05151817808982, 38.87653035814103], [-77.05151520925567, 38.87652057632957], [-77.05151292116174, 38.87651190225079], [-77.05150769784714, 38.87649211310241], [-77.05150184038176, 38.87647189183021], [-77.05149949511117, 38.876463830347454], [-77.05149743988821, 38.8764584532396], [-77.0514899117955, 38.87643879122411], [-77.0514815978585, 38.876416093724096], [-77.0514759733963, 38.87639934058127], [-77.05147409089322, 38.876393756203655], [-77.05146485482153, 38.87637078885676], [-77.05145469661106, 38.876347551663336], [-77.05144845623788, 38.87632368215505], [-77.0514468591008, 38.87631428709834], [-77.0514441741665, 38.876298640691765], [-77.0514400066274, 38.87627260825386], [-77.05143629883179, 38.87624486401735], [-77.05143333655818, 38.87622816374977], [-77.05143109176956, 38.876215589013], [-77.0514294125903, 38.87620428421134], [-77.05142680698398, 38.876186764022066], [-77.05142333091818, 38.876160731278596], [-77.05142262218928, 38.87613676924822], [-77.05142245299989, 38.87612587816775], [-77.051422260619, 38.87611478891274], [-77.05142547224084, 38.8760937078437], [-77.05142633980573, 38.87608221274383], [-77.05142718439964, 38.87607082575491], [-77.05143223776713, 38.87604677110257], [-77.05143345769612, 38.87604448243176], [-77.05144524258716, 38.87602226252731], [-77.05145905293101, 38.87599613208362], [-77.05146894408917, 38.87596874218961], [-77.05147675936988, 38.87593928127776], [-77.05148021081249, 38.87593117219653], [-77.05147974659076, 38.875926668201274], [-77.05148549925315, 38.875913513401535], [-77.05148840845338, 38.87590457578629], [-77.0514913636461, 38.87589549401627], [-77.05149361485478, 38.875885025263045], [-77.05149584304019, 38.8758745925535], [-77.0514986580668, 38.87586291642591], [-77.0515014730404, 38.87585116823103], [-77.05150836947314, 38.87582603175363], [-77.05151388227148, 38.87579990496213], [-77.05151962125875, 38.87576783252639], [-77.05152604942054, 38.875732606846114], [-77.05152933492153, 38.87571814691431], [-77.0515337461562, 38.875698641781476], [-77.05154077083921, 38.87567559519377], [-77.05154328865345, 38.875667288337524], [-77.05155432864495, 38.87563503339152], [-77.05155722312463, 38.87562169968131], [-77.05156156477705, 38.87560160903183], [-77.05156661240237, 38.87556971706595], [-77.05156958565966, 38.87553782601578], [-77.05157163808221, 38.87550746680003], [-77.05157392222476, 38.87547881907787], [-77.05157474194893, 38.87546495478751], [-77.05157540214373, 38.87545359490293], [-77.05157674396706, 38.87544458590978], [-77.05157849864365, 38.8754327841301], [-77.05157982899408, 38.87542384720915], [-77.05158113632183, 38.87541494633198], [-77.05158319902503, 38.875398820383836], [-77.05158455476061, 38.87539311746737], [-77.05158744996083, 38.87538080170481], [-77.05158890590972, 38.87537025222452], [-77.05159008665788, 38.87536161264663], [-77.0515910831095, 38.875353099267805], [-77.05159226277588, 38.875342964295875], [-77.05159331579293, 38.87533299153113], [-77.05159420853897, 38.87532449621484], [-77.051595839342, 38.87531670322766], [-77.05159799843419, 38.87530638765488], [-77.05160420775826, 38.875287377185586], [-77.05160695370297, 38.875275845219115], [-77.05160868857966, 38.8752685476478], [-77.05161005825704, 38.87525025998881], [-77.0516121199716, 38.875232782780024], [-77.0516153334525, 38.87521440422193], [-77.05161779989271, 38.87519883661502], [-77.05162026630586, 38.87518323297446], [-77.05162141540056, 38.875178638182], [-77.05162597161905, 38.87516846568318], [-77.05162682303329, 38.875166564534176], [-77.0516287443387, 38.8751620955179], [-77.05163430117045, 38.87514917501404], [-77.0516409714382, 38.87513016433844], [-77.05164487414066, 38.87510872261806], [-77.05164617938114, 38.87509695706906], [-77.05164727850315, 38.87508701130821], [-77.05164979908403, 38.875066651206915], [-77.05165416281196, 38.87504529936612], [-77.05165944455702, 38.87501854207828], [-77.05166141835099, 38.87500699243477], [-77.05166391999869, 38.87499232565088], [-77.0516661692751, 38.87497926247395], [-77.05166793655843, 38.87496899211462], [-77.05166954183134, 38.87495779396159], [-77.05167149097554, 38.87494403727039], [-77.05167290868411, 38.87492845210879], [-77.05167412045796, 38.874914938970605], [-77.05167686746302, 38.87488899355909], [-77.05167887538582, 38.87487684033701], [-77.05168088329499, 38.874864669098095], [-77.05168315374645, 38.87484902950841], [-77.05168489670999, 38.874837011529436], [-77.05168879540273, 38.87481007468339], [-77.0516903427023, 38.874798399110134], [-77.05169188994915, 38.874786651469634], [-77.05169367888224, 38.87477446231048], [-77.05169544480562, 38.8747623272118], [-77.05169888252578, 38.874735390569164], [-77.05170186188994, 38.874712057489866], [-77.05170329472094, 38.874701453966715], [-77.05170472751233, 38.87469079639315], [-77.05170605605109, 38.87467940017676], [-77.05170736160653, 38.87466809405454], [-77.05170833181381, 38.87465520260206], [-77.05170930190322, 38.87464214899831], [-77.05171020718439, 38.8746191771729], [-77.05171026847572, 38.874608340038414], [-77.05171030695375, 38.874597827216434], [-77.05170939918374, 38.87458555817509], [-77.05170856130265, 38.87457431606058], [-77.0517064679719, 38.87454810253795], [-77.0517056419096, 38.87453726579622], [-77.05170472297601, 38.87452549222174], [-77.05170346950509, 38.87451325035844], [-77.05170251786676, 38.87450405320141], [-77.05170182991817, 38.87449297317155], [-77.05170100224501, 38.87447991135507], [-77.05170006165281, 38.87445414774168], [-77.0516978507468, 38.87444060909215], [-77.05169647326798, 38.874432168829216], [-77.05169561383059, 38.87442298063956], [-77.0516944989063, 38.874411090042315], [-77.05169443199294, 38.87439826210728], [-77.05169436500123, 38.87438532607145], [-77.05169546034658, 38.87437019147091], [-77.0516963045118, 38.874358300006314], [-77.05169767101647, 38.87433568831177], [-77.05169805487178, 38.87432469789108], [-77.0516984611876, 38.87431289670423], [-77.05169774970882, 38.87428524122421], [-77.05169680740539, 38.8742730172394], [-77.05169577215298, 38.87425974832103], [-77.05169570640112, 38.87424852388079], [-77.05169564059709, 38.874237227373335], [-77.0516963146791, 38.8742132647245], [-77.05169648884339, 38.87419915748917], [-77.05169664055995, 38.87418587903678], [-77.0516968050927, 38.874174384242394], [-77.05169696905108, 38.874162096708794], [-77.05169856635848, 38.874139935331414], [-77.0516978571003, 38.87411534270643], [-77.05169530347928, 38.87409003022562], [-77.05169413567718, 38.87406877091236], [-77.05169342935785, 38.87404823206695], [-77.05169387380732, 38.87402544061134], [-77.05169416493433, 38.87401371154215], [-77.05169443317001, 38.87400219868467], [-77.05169211538514, 38.87398427298921], [-77.0516915560603, 38.87397575128774], [-77.05169106687148, 38.873968598832455], [-77.0516910541466, 38.873951032452595], [-77.05169077082348, 38.87394171788947], [-77.05169046430898, 38.87393220515174], [-77.05168699308547, 38.873912838622005], [-77.05168306593528, 38.873900417772596], [-77.05168087134938, 38.87389347326519], [-77.05167913922348, 38.87388860048576], [-77.05167359650179, 38.87387311749393], [-77.05166762599318, 38.873855697884395], [-77.05166562813295, 38.87384987934], [-77.05166375749975, 38.873844700335916], [-77.05165766068235, 38.873827902361455], [-77.0516491182774, 38.87380763723319], [-77.05164417648346, 38.87379446012512], [-77.05164184416476, 38.87378827238367], [-77.05163652769438, 38.873766924819314], [-77.05163453844283, 38.873757070505896], [-77.05163201725202, 38.873744676057946], [-77.05162902476627, 38.87373392134764], [-77.05162681798251, 38.87372603096214], [-77.05162472684277, 38.87371869904642], [-77.05162185010705, 38.87370864694017], [-77.05161607542765, 38.87369108310654], [-77.05160937681616, 38.87367072707584], [-77.05160653492995, 38.87366105330668], [-77.05160348514462, 38.873650731024284], [-77.05160109479755, 38.87364396676965], [-77.0515975958864, 38.87363406808046], [-77.05159043958474, 38.873618216452435], [-77.05158282239412, 38.873602455111545], [-77.05157336059754, 38.873585613576374], [-77.0515643374955, 38.873569852855084], [-77.05156355289232, 38.87356850194104], [-77.05155455355842, 38.87355373213282], [-77.05154578542243, 38.87353995314621], [-77.05153770859465, 38.873525993685746], [-77.05153666973753, 38.87352363394252], [-77.05153182176919, 38.873512663846526], [-77.0515269709271, 38.87349771203722], [-77.05152193742818, 38.8734851475352], [-77.05152062132848, 38.873481860048585], [-77.05151254477232, 38.87346826092228], [-77.05150921005195, 38.873462289821695], [-77.0515061984306, 38.87345691313314], [-77.05150423623923, 38.87345258095644], [-77.0515035437061, 38.873451058841695], [-77.05150331251286, 38.873450068019245], [-77.05149938983442, 38.87344376386678], [-77.05145876891798, 38.87336504832606], [-77.05144079638934, 38.87337163237923], [-77.05143156688754, 38.873357222998635], [-77.05141703068955, 38.873334888558645], [-77.05141610767528, 38.873333357536396], [-77.05141541513868, 38.873331826412695], [-77.05141527640419, 38.8733312048939], [-77.0514150683187, 38.873330295136725], [-77.05141483667273, 38.87332867372604], [-77.05141483550442, 38.873327052213895], [-77.05141506481374, 38.87332543060027], [-77.05141552460076, 38.873323808885125], [-77.05141621493038, 38.87332227715254], [-77.05141713580251, 38.873320835402495], [-77.05141828715229, 38.87331939355093], [-77.05123721241449, 38.873030636683666], [-77.05122988639025, 38.87301895599758], [-77.05122284880044, 38.87300774362155], [-77.05104587153735, 38.872725903100275], [-77.05090794648092, 38.872504239442094], [-77.0508318602157, 38.872381965471284], [-77.05082978607231, 38.87238214654225], [-77.05082960168616, 38.872382137614096], [-77.05082771173643, 38.872382057361115], [-77.05082592539114, 38.872381823920065], [-77.05082563727218, 38.87238178801187], [-77.05082435788772, 38.87238143724093], [-77.0508236778528, 38.87238124836039], [-77.05082183354251, 38.872380528490666], [-77.05082110727797, 38.8723801504537], [-77.05082010434116, 38.872379628402705], [-77.05081849024891, 38.872378548096535], [-77.05081766003991, 38.87237784580224], [-77.05081710656721, 38.872377377606], [-77.05081688743027, 38.87237711645761], [-77.05081595323185, 38.87237602684714], [-77.05081503024287, 38.87237449581989], [-77.05081430340749, 38.87237331603508], [-77.0507969173373, 38.872345496635646], [-77.05079668551619, 38.87234360497136], [-77.05079668423367, 38.87234180329086], [-77.05079684496944, 38.87234096543924], [-77.05079702859872, 38.87233991137597], [-77.05079771873972, 38.87233810939471], [-77.05079863941926, 38.87233639739719], [-77.05079990593873, 38.872334865417336], [-77.05080140299681, 38.87233342342122], [-77.05080324589484, 38.87233216144271], [-77.05080508892097, 38.87233107963224], [-77.05080727778704, 38.87233017783939], [-77.05081730066803, 38.872326299863815], [-77.05076426711787, 38.87224339155121], [-77.05071704811307, 38.87216959719459], [-77.05071704804905, 38.872169507110584], [-77.05064253246555, 38.872067384131086], [-77.05063157525322, 38.87205369610585], [-77.0506164664544, 38.8720356858445], [-77.05060527954507, 38.87202307892505], [-77.05059812911857, 38.872014974458416], [-77.05058186541523, 38.87199336133054], [-77.05057168135855, 38.87198115034324], [-77.05056675657795, 38.871975260978566], [-77.05055537469076, 38.87196393333224], [-77.05055038142159, 38.87195896285388], [-77.05053320012676, 38.87194338574821], [-77.05051302077524, 38.87192510741515], [-77.05049341666066, 38.87190547756892], [-77.05047577291587, 38.87188773863719], [-77.05046285457665, 38.87187098858545], [-77.05044878496152, 38.87185577045865], [-77.05043367828806, 38.87184064286204], [-77.05041834070268, 38.87182488477477], [-77.05040254345104, 38.87181092856505], [-77.0503870924871, 38.87179778296031], [-77.05037152597458, 38.87178418698296], [-77.05036510292906, 38.871777982961675], [-77.05035734224046, 38.871770500323194], [-77.05034816341588, 38.87176198232899], [-77.05034327419293, 38.87175744420023], [-77.05033748557457, 38.871752122727706], [-77.05032690002703, 38.871742407220104], [-77.05031701741086, 38.8717326733919], [-77.05030879535533, 38.87172457837731], [-77.05028953979054, 38.87170882196072], [-77.05026821258437, 38.87169675987932], [-77.0502516123339, 38.871687911760894], [-77.05024642475774, 38.87168514841247], [-77.05023631359062, 38.87167811719754], [-77.0502285543974, 38.87167272450001], [-77.05021125984382, 38.8716597598328], [-77.05019154578126, 38.871647426791476], [-77.05016906681885, 38.871636175943415], [-77.050144745352, 38.87162672756355], [-77.05012973727696, 38.87162056324909], [-77.05012261363022, 38.871617638574946], [-77.05011530537224, 38.87161438066857], [-77.05010140354965, 38.871608188850495], [-77.05008743229702, 38.87160158267379], [-77.05007950142624, 38.87159783857829], [-77.05005805993734, 38.87158703768418], [-77.05005283776089, 38.87158421128312], [-77.05003627205205, 38.87157524600988], [-77.05001598255768, 38.87156390410999], [-77.05000245957419, 38.87155563117589], [-77.04999788274266, 38.87155283152122], [-77.04998545609519, 38.87154682823415], [-77.04997701796415, 38.871542751037765], [-77.04995523174541, 38.871533301533226], [-77.04993275386475, 38.8715234919841], [-77.04990958457476, 38.871513682726146], [-77.04988883493009, 38.87150342200952], [-77.04986831551136, 38.87149280085464], [-77.0498555198913, 38.8714864553918], [-77.04984779641339, 38.87148263011628], [-77.04984290897808, 38.871480578285826], [-77.04982485774588, 38.87147300091113], [-77.04980480126294, 38.87146520818718], [-77.04979961424195, 38.871463192516295], [-77.04979177596746, 38.871459988866086], [-77.04977517727013, 38.8714532036041], [-77.04975246877942, 38.87144312386625], [-77.04973487800714, 38.871434825608915], [-77.04972975985565, 38.87143241353573], [-77.0497246765263, 38.87143036178375], [-77.0497054382654, 38.87142260472788], [-77.049678121242, 38.87141378811404], [-77.04965495252408, 38.87140469947768], [-77.04963408802527, 38.87139488918481], [-77.04961333883064, 38.87138516892328], [-77.04959120693846, 38.871375629413386], [-77.04956619390993, 38.87136573078603], [-77.04954314026986, 38.87135637182642], [-77.04952595374967, 38.87134934355132], [-77.04952135454057, 38.87134746274486], [-77.04951451928524, 38.87134489824748], [-77.04949853194597, 38.871338914435015], [-77.04947363655211, 38.871332438932484], [-77.04945248740643, 38.87132752930092], [-77.04944689758017, 38.8713262344575], [-77.04944158430082, 38.871324912471486], [-77.04942269392095, 38.87132020907151], [-77.04940033472127, 38.87131517382493], [-77.0493785520145, 38.871310588750674], [-77.04937288166926, 38.8713095011311], [-77.04935607808383, 38.87130627421673], [-77.04933302797805, 38.87130195992182], [-77.04931228320898, 38.871298545489566], [-77.04931018575347, 38.87129830314829], [-77.04929465073548, 38.871296481000805], [-77.04927690315189, 38.87129459672611], [-77.04925984729347, 38.871293162577274], [-77.04925897149079, 38.87129314492989], [-77.0492433684217, 38.871292899275474], [-77.04922698209896, 38.87129315841995], [-77.049226083274, 38.87129317681568], [-77.04922509225435, 38.87129318624184], [-77.04920960465083, 38.87129327384533], [-77.0491961222143, 38.87129345969441], [-77.0491835042059, 38.871293879396454], [-77.0491824094929, 38.87129391589114], [-77.04916720001238, 38.871296264481934], [-77.04916418144253, 38.871297139568334], [-77.04915072461486, 38.871301045873416], [-77.04913309729346, 38.87130645833571], [-77.04911431761354, 38.871311871280064], [-77.04909450019049, 38.87131638381702], [-77.04907629501031, 38.87131936424385], [-77.04906523431242, 38.871322161498], [-77.04905693889687, 38.871324417084956], [-77.04905514147518, 38.8713247871847], [-77.04904991051525, 38.871325861382516], [-77.04904215582702, 38.871326837547535], [-77.04904126858706, 38.871326946021036], [-77.04903158978563, 38.87132839143057], [-77.04902156546264, 38.871330107236574], [-77.04901292347165, 38.871331101788975], [-77.04900716292782, 38.87133290588806], [-77.04900464065338, 38.871334924829725], [-77.04900128912753, 38.87133759272455], [-77.04900079388035, 38.87133798029388], [-77.04899956152092, 38.87133894471052], [-77.04899517199564, 38.871340333846994], [-77.04899414662111, 38.871340658579875], [-77.04899401985571, 38.871340649624635], [-77.04898746264489, 38.87134021096376], [-77.04898008651296, 38.87133868262876], [-77.04897144303666, 38.87133751516112], [-77.0489627998079, 38.87133670802898], [-77.04896263847185, 38.87133669908821], [-77.04895588536105, 38.87133626050769], [-77.04894560730055, 38.871320860440775], [-77.04892763993423, 38.87133456074874], [-77.04889988823945, 38.871347076042014], [-77.04886324308016, 38.87136359478305], [-77.04885468609582, 38.871370940214824], [-77.04884642570107, 38.871373871402696], [-77.04883164603511, 38.87138129150285], [-77.0488250110287, 38.871385050782855], [-77.04882362867478, 38.87138574500813], [-77.04881763847003, 38.871388747312], [-77.0487992514946, 38.871395547336014], [-77.04878941280249, 38.8713991187762], [-77.04877933172641, 38.871402122787245], [-77.04876684256723, 38.871405632273884], [-77.0487540653543, 38.871409195929886], [-77.04874150692201, 38.87141251626621], [-77.04871371774632, 38.87142086063841], [-77.04868868089845, 38.87142656439333], [-77.04864783738752, 38.871437688781405], [-77.04862017380886, 38.8714443575154], [-77.04859769537056, 38.87145033944608], [-77.04859193464098, 38.87145190029777], [-77.04858760243047, 38.87145286599993], [-77.04857503209122, 38.87145564581887], [-77.04854854203508, 38.87145956648367], [-77.04852960002755, 38.87146363714875], [-77.04850189199882, 38.87147275615973], [-77.04847165065861, 38.87148465080486], [-77.04841540355045, 38.87150095232979], [-77.04832980989005, 38.87152326557597], [-77.04827290223608, 38.871534189286926], [-77.04823529537155, 38.871543303317786], [-77.04820167330757, 38.871548929438475], [-77.04817254449303, 38.87155314838456], [-77.04814938388418, 38.87155586045875], [-77.04812380392515, 38.87155947436607], [-77.0481009901741, 38.8715638978849], [-77.04808117316337, 38.87156922100602], [-77.04806239394112, 38.87157553462133], [-77.04804084941486, 38.871582389875684], [-77.04801630947472, 38.871590327366555], [-77.04799165417192, 38.87159808473153], [-77.04796711349437, 38.87160494120362], [-77.04794441568133, 38.87161044565294], [-77.04792517428191, 38.87161495775465], [-77.04791042660365, 38.871618747337024], [-77.04788934063637, 38.87162208909682], [-77.04786341553645, 38.87162660392917], [-77.04783864219034, 38.87163021744333], [-77.04780914452337, 38.87163437339093], [-77.04777607465375, 38.87163871096082], [-77.04774680709018, 38.871642326294186], [-77.04771972907037, 38.87164603080951], [-77.0476866586482, 38.87164955759767], [-77.04765416566678, 38.871654975906175], [-77.0476269736037, 38.87166048212772], [-77.04760058818957, 38.871665988014136], [-77.04756959428526, 38.87167293711701], [-77.0475391767959, 38.87168024631325], [-77.04751198555401, 38.87168701368452], [-77.04748398711399, 38.87169297062115], [-77.04745103309257, 38.87169829897648], [-77.04742061366473, 38.87170272545261], [-77.0473931897767, 38.87170624986449], [-77.04736438263262, 38.87170914424258], [-77.04733073652014, 38.871713481920004], [-77.0473000870835, 38.87171862913044], [-77.04727289473013, 38.87172377493336], [-77.04724535678332, 38.87172910103786], [-77.0472143619229, 38.871734698785815], [-77.0471847500122, 38.87174047613489], [-77.0471587102433, 38.87174598178168], [-77.04713416842323, 38.871751306649976], [-77.04710663051499, 38.87175672280573], [-77.04707839981762, 38.871760067301004], [-77.04705270318811, 38.87176169917124], [-77.04702827463198, 38.87176405119759], [-77.04700142789139, 38.871769106714005], [-77.04697400591402, 38.87177560380055], [-77.0469493499005, 38.87178255018892], [-77.04692711396433, 38.871789675767666], [-77.04690418512521, 38.87179454951901], [-77.04687826007785, 38.87179933438462], [-77.04685210609198, 38.87180646152192], [-77.0468283726565, 38.871814488523235], [-77.04680729053969, 38.871823865717836], [-77.0467883983821, 38.87183396270361], [-77.04677088929283, 38.87184441946862], [-77.04675211318735, 38.871855777578865], [-77.04673276142445, 38.871867946672985], [-77.04671513773083, 38.871879394400025], [-77.04669912746084, 38.87189102164732], [-77.04668311759815, 38.87190327948063], [-77.04666849050993, 38.871915446675025], [-77.04665536113893, 38.87192707276482], [-77.04664292165238, 38.871936356392126], [-77.04663474473996, 38.87194383663466], [-77.04662806331193, 38.87194735258098], [-77.04662115129243, 38.87195068845092], [-77.04661435456765, 38.871954114358445], [-77.04660755784232, 38.87195754026556], [-77.04660099170721, 38.871961146248395], [-77.0465945409257, 38.87196493235293], [-77.04659050934865, 38.87196754639915], [-77.04658659300803, 38.87197016039933], [-77.04658267678464, 38.87197295456737], [-77.04657887573889, 38.87197565860529], [-77.04657507475162, 38.871978452727106], [-77.04657115846854, 38.87198115681077], [-77.04656597522833, 38.87198485232414], [-77.0465605614555, 38.871988457845084], [-77.04655526291876, 38.871992063319915], [-77.04655007967703, 38.871995758832576], [-77.04654489649342, 38.87199954442898], [-77.0465399438415, 38.87200342001737], [-77.04653637338345, 38.87200630413013], [-77.04653291827921, 38.87200936836488], [-77.046529463116, 38.87201234251553], [-77.04652612330672, 38.8720154967882], [-77.04652278343829, 38.87201856097676], [-77.0465195588652, 38.872021715203324], [-77.04651656470647, 38.87202477925399], [-77.04651564345845, 38.87202577054558], [-77.04651184328809, 38.872029825841764], [-77.04650815841273, 38.87203397117599], [-77.04650447353693, 38.8720381165101], [-77.04650078866071, 38.87204226184405], [-77.04649710378408, 38.87204640717788], [-77.04649399473874, 38.87205001177803], [-77.04649088563447, 38.87205352629405], [-77.04648777652982, 38.87205704080994], [-77.04648455218818, 38.872060555371675], [-77.04648132784612, 38.872064069933316], [-77.04647810344508, 38.872067494410814], [-77.04647349696462, 38.87207209053101], [-77.0464688904248, 38.87207659656698], [-77.04646416864767, 38.87208110264857], [-77.04645933157441, 38.872085518691826], [-77.04645437920509, 38.8720898446967], [-77.04644931159831, 38.87209417074717], [-77.04644562595377, 38.87209714498698], [-77.04644194025029, 38.87210002914261], [-77.04643813925107, 38.87210282325994], [-77.04643433831004, 38.87210570746116], [-77.04643065260568, 38.872108591616424], [-77.04642696690108, 38.872111475771604], [-77.04642120810415, 38.87211616243187], [-77.04641544936504, 38.872120939175886], [-77.04640992109894, 38.87212571582799], [-77.04640439289078, 38.87213058256388], [-77.0463990952142, 38.87213553929197], [-77.0463939128324, 38.87214058605805], [-77.04639022782735, 38.872144551220394], [-77.04638654282186, 38.872148516382616], [-77.046382973053, 38.872152481498965], [-77.04637951857914, 38.87215653665347], [-77.04637606410498, 38.87216059180781], [-77.04637260963034, 38.87216464696208], [-77.04636811884204, 38.872169963704515], [-77.04636362805316, 38.87217528044674], [-77.046359252559, 38.872180687227086], [-77.0463548770642, 38.872186094007255], [-77.0463506168058, 38.87219150074154], [-77.04634612607268, 38.87219690756711], [-77.04634290201017, 38.87220087254497], [-77.0463396778888, 38.872204747438694], [-77.04633645382556, 38.87220871241642], [-77.04633322970358, 38.87221258730995], [-77.04633000563963, 38.872216552287476], [-77.04632678151685, 38.87222042718087], [-77.04632286661455, 38.87222529327274], [-77.04631883647475, 38.87223015941021], [-77.04631492157138, 38.87223502550181], [-77.0463108914304, 38.872239891639026], [-77.04630697652603, 38.87224475773035], [-77.04630306162103, 38.87224962382157], [-77.04629995284938, 38.87225367883652], [-77.04629684407726, 38.87225773385146], [-77.0462937353049, 38.87226178886626], [-77.04629062647365, 38.872265753796945], [-77.04628751770049, 38.87226980881161], [-77.04628440892708, 38.87227386382616], [-77.04628049431106, 38.872279180336704], [-77.04627646445742, 38.87228449689281], [-77.0462724346031, 38.87228981344877], [-77.04626852004374, 38.87229522004295], [-77.04626460542546, 38.87230053655297], [-77.0462608061021, 38.87230594310122], [-77.0462581580992, 38.872309727680374], [-77.04625562533322, 38.87231351221379], [-77.04625297738806, 38.87231738687684], [-77.04625044462153, 38.87232117141014], [-77.04624802715034, 38.87232504598178], [-77.04624560967892, 38.87232892055337], [-77.04624250154258, 38.87233396649106], [-77.04623927811024, 38.87233892239026], [-77.04623617003148, 38.872344058411834], [-77.04623329242675, 38.87234919434203], [-77.04623076053339, 38.872354330135295], [-77.0462289201802, 38.87235964582285], [-77.04622788532055, 38.872363159510485], [-77.04622708093542, 38.872366673106875], [-77.0462263917876, 38.8723701866576], [-77.04622593317262, 38.872373790201166], [-77.04622558979489, 38.87237739369907], [-77.04622547683344, 38.8723809070217], [-77.04622571028416, 38.872385501215845], [-77.04622628938856, 38.87239000518907], [-77.0462270990261, 38.87239459915508], [-77.04622813908013, 38.87239910294582], [-77.04622940966735, 38.87240369672933], [-77.04623056495899, 38.8724082004744], [-77.04623171990062, 38.8724121637153], [-77.04623287490062, 38.87241621704026], [-77.04623426031732, 38.87242018018987], [-77.04623564579242, 38.87242423342352], [-77.04623703120943, 38.872428196573104], [-77.04623853186388, 38.87243215967706], [-77.04624049399355, 38.87243693335466], [-77.04624245606513, 38.87244161694826], [-77.04624464867014, 38.87244639053453], [-77.04624684121707, 38.87245107403673], [-77.04624914900178, 38.872455757493256], [-77.04625145678679, 38.87246044094976], [-77.04625341821733, 38.872464133618834], [-77.04625537958981, 38.872467736203866], [-77.04625745625832, 38.87247142882721], [-77.04625953292698, 38.872475121450535], [-77.04626172477496, 38.87247872394413], [-77.04626380138569, 38.87248232648336], [-77.04626576264236, 38.87248574890014], [-77.04626783907828, 38.87248908118721], [-77.04626980027693, 38.8724924135199], [-77.04627187671322, 38.872495745806894], [-77.04627383791222, 38.87249907813954], [-77.0462757991114, 38.87250241047212], [-77.04627822166972, 38.87250637321015], [-77.04628064428682, 38.872510426032164], [-77.04628295160825, 38.872514388815766], [-77.04628537422589, 38.872518441637695], [-77.04628768154775, 38.87252240442121], [-77.04628998892841, 38.872526457288686], [-77.04629391150529, 38.872533392205334], [-77.04629771890377, 38.87254041725153], [-77.04630152630298, 38.87254744229762], [-77.04630533370295, 38.87255446734356], [-77.0463091410453, 38.87256140230534], [-77.04631306362589, 38.872568337221274], [-77.04631514030028, 38.87257202984354], [-77.04631733215405, 38.872575632336066], [-77.04631952400811, 38.87257923482852], [-77.0463217158623, 38.87258283732096], [-77.04632390771671, 38.872586439813304], [-77.04632598433373, 38.87259004235135], [-77.04632909908423, 38.87259517590628], [-77.04633221383517, 38.87260030946111], [-77.04633532864494, 38.87260553309992], [-77.04633844339679, 38.87261066665459], [-77.046341558149, 38.87261580020916], [-77.04634467290174, 38.87262093376366], [-77.04634686469997, 38.87262444617153], [-77.04634905655693, 38.87262804866344], [-77.04635124835569, 38.872631561071245], [-77.0463534402131, 38.872635163563004], [-77.04635563201221, 38.87263867597076], [-77.04635793910786, 38.87264227841668], [-77.04636082291917, 38.872646691390045], [-77.04636382191006, 38.87265101423357], [-77.04636682095992, 38.87265542716101], [-77.04636982001007, 38.87265984008833], [-77.04637270382285, 38.872664253061416], [-77.0463754723982, 38.87266866608012], [-77.04637789502624, 38.87267271890006], [-77.04638031759609, 38.872676681635866], [-77.04638262498698, 38.87268073450138], [-77.04638493243662, 38.87268487745093], [-77.04638712459023, 38.87268893036215], [-77.04638920156479, 38.87269307340313], [-77.0463923172613, 38.87269964830066], [-77.04639520248273, 38.87270622328961], [-77.046397972584, 38.87271297849236], [-77.04640051215146, 38.87271964370256], [-77.04640316701591, 38.87272639895093], [-77.046406052298, 38.87273306402366], [-77.0464080143885, 38.87273774761419], [-77.04641009165871, 38.872742341074854], [-77.0464121689877, 38.87274702461956], [-77.04641424625838, 38.872751618080166], [-77.04641632352931, 38.87275621154073], [-77.04641840085908, 38.87276089508528], [-77.04642070901662, 38.872766119042275], [-77.04642313247108, 38.87277143303745], [-77.04642544068798, 38.87277674707835], [-77.04642786408455, 38.872781970989415], [-77.04643040271942, 38.87278719485457], [-77.0464331718307, 38.87279241862802], [-77.04643536399027, 38.87279647153827], [-77.04643778662613, 38.87280052435685], [-77.04644020926227, 38.87280457717534], [-77.04644263189861, 38.8728086299938], [-77.04644505447668, 38.87281259272815], [-77.04644759235173, 38.87281664550066], [-77.04645162996324, 38.872823220029744], [-77.04645566751697, 38.87282970447466], [-77.04645982030942, 38.87283618887358], [-77.04646397310265, 38.87284267327232], [-77.04646801071726, 38.87284924780079], [-77.04647193309454, 38.87285582237502], [-77.0464743557344, 38.87285987519275], [-77.04647677843332, 38.87286401809448], [-77.04647908583574, 38.872868070957985], [-77.0464813932971, 38.8728722139055], [-77.04648370075866, 38.87287635685293], [-77.04648589298237, 38.87288049984617], [-77.04648831597608, 38.87288509316775], [-77.046490623732, 38.87288968653517], [-77.04649304672633, 38.87289427985658], [-77.0464952393033, 38.872898963353784], [-77.0464975471188, 38.87290364680501], [-77.04649962439953, 38.872908240263996], [-77.04650158626625, 38.87291256351676], [-77.04650354819184, 38.87291697685351], [-77.04650539482087, 38.872921300152065], [-77.04650724145003, 38.87292562345063], [-77.04650897289994, 38.87293003687904], [-77.04651070435017, 38.87293445030747], [-77.04651347523452, 38.872942376599426], [-77.04651613094005, 38.87295039302123], [-77.04651855622836, 38.87295849961877], [-77.04652086622018, 38.872966516178174], [-77.04652306103308, 38.87297462286746], [-77.04652514060815, 38.87298272960257], [-77.04652652734414, 38.87298867459674], [-77.04652802931875, 38.872994619544954], [-77.04652941611397, 38.873000654623056], [-77.04653068761239, 38.87300659966307], [-77.0465318438727, 38.873012544748974], [-77.04653288495352, 38.873018579964814], [-77.04653369502915, 38.87302380451633], [-77.04653438992531, 38.87302911919774], [-77.04653496952439, 38.873034343841105], [-77.046535433944, 38.873039658614395], [-77.04653589830488, 38.87304488330359], [-77.04653636272457, 38.87305019807686], [-77.04653682714434, 38.87305551285014], [-77.0465371763845, 38.873060917753286], [-77.04653741032752, 38.87306623261838], [-77.04653764432938, 38.87307163756749], [-77.04653787827245, 38.873076952432555], [-77.04653799703594, 38.87308235742755], [-77.04653823139031, 38.87308830288071], [-77.0465383505064, 38.873094248379815], [-77.04653846962239, 38.87310019387891], [-77.04653858873839, 38.873106139378], [-77.04653870785442, 38.87311208487706], [-77.04653882697056, 38.873118030376126], [-77.04653894567537, 38.873123345287084], [-77.04653906443895, 38.87312875028207], [-77.04653929844113, 38.87313415523108], [-77.04653941714601, 38.87313947014201], [-77.04653942067114, 38.873144875182895], [-77.04653942413746, 38.87315019013977], [-77.04653919753804, 38.873156135776576], [-77.0465389708797, 38.87316199132936], [-77.04653862904148, 38.873167937012084], [-77.04653817190591, 38.87317379265673], [-77.04653759953167, 38.87317964834727], [-77.04653668144138, 38.873185504175595], [-77.04653576270479, 38.87319036907974], [-77.04653472872948, 38.87319523402979], [-77.04653357951531, 38.873200099025745], [-77.04653231500366, 38.8732048739836], [-77.04653105055054, 38.87320973902545], [-77.04652978609727, 38.87321460406729], [-77.04652771790994, 38.87322397363121], [-77.04652553448331, 38.873233343240976], [-77.04652346629491, 38.87324271280477], [-77.04652128286723, 38.87325208241442], [-77.046519099439, 38.873261452024046], [-77.0465169160101, 38.87327082163357], [-77.04651565208329, 38.87327649743132], [-77.04651438821496, 38.87328226331307], [-77.04651312428774, 38.87328793911076], [-77.046511860419, 38.87329370499245], [-77.04651036601373, 38.87329938088191], [-77.0465087563107, 38.873304966733265], [-77.04650668618055, 38.87331136352426], [-77.04650427033354, 38.87331776045288], [-77.04650185442743, 38.87332406729744], [-77.0464992080431, 38.87333037423372], [-77.04649644641945, 38.87333668121579], [-77.04649379997556, 38.873342898067946], [-77.04649138336332, 38.87334812390409], [-77.04648885151185, 38.873353349786115], [-77.04648631966, 38.873358575668014], [-77.04648378774914, 38.8733637114659], [-77.04648125589647, 38.87336893734774], [-77.04647883922385, 38.873374073099626], [-77.04647458136799, 38.87338326336576], [-77.04647032356978, 38.87339254371573], [-77.04646629618969, 38.87340173388985], [-77.04646215362827, 38.87341101419366], [-77.04645801106577, 38.87342029449729], [-77.04645398368253, 38.87342948467093], [-77.04645168224478, 38.87343462037636], [-77.04644938074817, 38.87343966599768], [-77.04644707925114, 38.87344471161903], [-77.04644477775386, 38.873449757240294], [-77.04644259155384, 38.87345489289969], [-77.04644029005591, 38.87345993852083], [-77.04643787378755, 38.87346570485986], [-77.04643534227974, 38.87347147124466], [-77.04643292601055, 38.873477237583565], [-77.04643050974099, 38.87348300392243], [-77.04642809352964, 38.87348886034521], [-77.0464256772593, 38.873494626683964], [-77.04642383659818, 38.873499491953496], [-77.04642188069764, 38.873504357268764], [-77.04642004003593, 38.873509222538274], [-77.04641819937405, 38.8735140878077], [-77.04641635871192, 38.873518953077074], [-77.04641451804947, 38.87352381834641], [-77.04641244714284, 38.873529044043394], [-77.04641026099672, 38.87353426978612], [-77.04640819008948, 38.87353949548301], [-77.04640600394265, 38.873544721225635], [-77.04640393309336, 38.87355003700642], [-77.04640186218518, 38.8735552627032], [-77.04639967627182, 38.87356084878175], [-77.04639749041665, 38.87356652494423], [-77.04639518932186, 38.87357220115248], [-77.04639311870524, 38.87357787726908], [-77.04639104808828, 38.87358355338569], [-77.0463892079495, 38.87358922941067], [-77.04638633305787, 38.87359859929189], [-77.04638391906418, 38.873607878905965], [-77.04638162042622, 38.87361733864222], [-77.04637955226632, 38.87362679828682], [-77.04637771458452, 38.87363625783987], [-77.04637599214166, 38.87364571734713], [-77.04637518909591, 38.87365130287592], [-77.04637438605006, 38.87365688840472], [-77.04637358306259, 38.87366256401747], [-77.0463730104953, 38.87366814945471], [-77.04637232274699, 38.87367382502171], [-77.04637163494012, 38.8736794105047], [-77.04637094760137, 38.873685716659686], [-77.04637014508161, 38.873692112944454], [-77.04636934250317, 38.87369841914522], [-77.04636865516406, 38.87370472530021], [-77.04636819836229, 38.87371112144765], [-77.04636785674138, 38.87371742746536], [-77.04636762948192, 38.87372238217722], [-77.04636763275991, 38.87372742688153], [-77.04636775121888, 38.87373238145608], [-77.04636786967781, 38.87373733603062], [-77.04636798819539, 38.873742380689194], [-77.04636822189389, 38.873747335217956], [-77.04636857264663, 38.873755082305145], [-77.04636903863899, 38.87376282934655], [-77.04636961992959, 38.87377066642621], [-77.04637020116172, 38.873778413421846], [-77.04637078239396, 38.87378616041743], [-77.04637136362643, 38.87379390741302], [-77.04637159738387, 38.87379895202578], [-77.04637194632247, 38.87380390650875], [-77.04637218008006, 38.87380895112148], [-77.04637252907726, 38.87381399568843], [-77.0463727627763, 38.87381895021715], [-77.046372996534, 38.87382399482984], [-77.04637334699493, 38.873831291496934], [-77.04637369745586, 38.87383858816395], [-77.04637404791693, 38.873845884830956], [-77.04637439831953, 38.873853091413984], [-77.04637474878075, 38.873860388080985], [-77.04637521448174, 38.873867684702226], [-77.04637567877772, 38.873872819307365], [-77.04637602783407, 38.87387795395825], [-77.04637649213016, 38.87388308856339], [-77.04637695642634, 38.873888223168514], [-77.0463775359624, 38.87389335772786], [-77.04637800025873, 38.873898492332934], [-77.0463788137289, 38.87390894175691], [-77.0463793967782, 38.87391948135641], [-77.04637997982769, 38.87393002095585], [-77.04638113901804, 38.873940470242445], [-77.04638333525037, 38.873950738949056], [-77.04638691406882, 38.873960556686264], [-77.04638864530217, 38.87396460977969], [-77.04639049177567, 38.87396866282731], [-77.04639245348922, 38.87397271582911], [-77.04639464562419, 38.87397667865531], [-77.04639741366611, 38.8739801908325], [-77.0464006424336, 38.87398334249049], [-77.0464036400771, 38.87398550331593], [-77.0464070984461, 38.87398730362212], [-77.04641090247654, 38.87398901370679], [-77.04641470638988, 38.87399054362336], [-77.04641862548468, 38.87399198340999], [-77.04642254452114, 38.87399333311244], [-77.04642738565295, 38.873994952700244], [-77.04643234190765, 38.873996392074055], [-77.04643741334381, 38.87399774131782], [-77.04644248460431, 38.87399882030935], [-77.04644767110496, 38.87399989925482], [-77.04645285748836, 38.874000798032064], [-77.04645735231506, 38.87400151691613], [-77.04646196232316, 38.87400214567022], [-77.04646657227262, 38.874002684340084], [-77.0464712974034, 38.87400313287993], [-77.04647590729434, 38.874003581465445], [-77.04648051718539, 38.87400403005077], [-77.046485933756, 38.87400447831481], [-77.04649146544925, 38.874004746364676], [-77.0464969971426, 38.874005014414315], [-77.04650252895333, 38.87400546263169], [-77.04650794564164, 38.8740060910627], [-77.04651313214377, 38.874007170005235], [-77.04651658998809, 38.87400815955219], [-77.04652004789129, 38.87400923918297], [-77.04652350585326, 38.874010408897725], [-77.04652673345295, 38.87401175887216], [-77.0465299611115, 38.87401319893052], [-77.04653295840771, 38.874014819248636], [-77.04653676303006, 38.8740174301692], [-77.04654010698657, 38.87402049169337], [-77.04654322058099, 38.87402373347731], [-77.04654621905318, 38.87402715547513], [-77.04654910228571, 38.874030577518774], [-77.04655221593974, 38.87403390938649], [-77.04655509882018, 38.87403679092597], [-77.04655786651966, 38.87403976259532], [-77.04656063421929, 38.87404273426465], [-77.0465635171592, 38.87404570588789], [-77.04656628485937, 38.874048677557084], [-77.046569052501, 38.87405155914214], [-77.04657320396377, 38.87405588151966], [-77.04657735536829, 38.87406011381305], [-77.04658150683208, 38.87406443619029], [-77.04658565823757, 38.87406866848332], [-77.04658980970237, 38.87407299086024], [-77.04659384592765, 38.87407731328297], [-77.04659788221221, 38.87408172578955], [-77.04660191855606, 38.87408622838003], [-77.04660583960157, 38.874090640932316], [-77.04660976070643, 38.87409514356849], [-77.04661368181168, 38.87409964620451], [-77.04661760291754, 38.87410414884043], [-77.04662313891565, 38.87411099301606], [-77.04662855973358, 38.87411792732143], [-77.04663386537133, 38.874124951756585], [-77.04663917095127, 38.87413188610747], [-77.04664470695359, 38.87413873028207], [-77.04665047337846, 38.874145484280284], [-77.04665416365538, 38.874149446503], [-77.04665796917294, 38.87415340867953], [-77.04666177469083, 38.87415737085596], [-77.04666569539042, 38.87416124290223], [-77.0466696160905, 38.87416511494834], [-77.04667353679095, 38.87416898699431], [-77.04667814916888, 38.874173219099774], [-77.04668276148837, 38.87417736112106], [-77.04668760428889, 38.87418150305003], [-77.04669233184967, 38.874185645024816], [-77.04669694422975, 38.87418987712954], [-77.04670144137015, 38.87419410928014], [-77.04670513135758, 38.87419762108123], [-77.04670870616413, 38.874201223012264], [-77.04671216578966, 38.874204915073314], [-77.04671562535667, 38.87420851705027], [-77.0467192001642, 38.874212118981], [-77.04672265973191, 38.8742157209577], [-77.04672877159624, 38.87422202439369], [-77.04673476816245, 38.874228237791414], [-77.04674076478872, 38.87423454127286], [-77.04674676135696, 38.87424075466999], [-77.04675287316661, 38.874246968020685], [-77.04675910015862, 38.8742530912409], [-77.04676325152658, 38.87425723344348], [-77.04676751807641, 38.8742612855158], [-77.04677178456758, 38.87426524750395], [-77.04677605111829, 38.87426929957599], [-77.04678031766956, 38.87427335164781], [-77.04678446898086, 38.874277403765674], [-77.04679069597825, 38.874283526984144], [-77.04679680767724, 38.87428956016449], [-77.04680291943636, 38.874295683428514], [-77.04680891601514, 38.87430189682236], [-77.04681491253594, 38.874308020131906], [-77.04682067869506, 38.87431432370159], [-77.04682436899016, 38.874318285918804], [-77.04682794410425, 38.87432233826609], [-77.0468314039784, 38.87432639065956], [-77.0468349790933, 38.87433044300665], [-77.04683843896825, 38.874334495399864], [-77.04684201408396, 38.8743385477467], [-77.04684547384143, 38.87434241997171], [-77.0468489335992, 38.8743462921966], [-77.04685239341654, 38.87435025450539], [-77.04685585317506, 38.874354126730054], [-77.04685931293393, 38.874357998954636], [-77.04686277269327, 38.874361871179104], [-77.04686634781183, 38.87436592352521], [-77.04687003817122, 38.87436997582497], [-77.04687361329057, 38.87437402817085], [-77.04687730365087, 38.87437808047035], [-77.04688087877106, 38.874382132816], [-77.04688445395075, 38.87438627524555], [-77.04688814443068, 38.87439050771268], [-77.0468917197297, 38.874394830309996], [-77.04689529502916, 38.87439915290715], [-77.0468989855696, 38.87440347545797], [-77.04690279129187, 38.874407707878355], [-77.046906712196, 38.87441185016832], [-77.04690994106465, 38.87441509189599], [-77.04691316993366, 38.874418333623545], [-77.04691662922504, 38.87442148517444], [-77.04692008851663, 38.874424636725216], [-77.0469235478085, 38.87442778827586], [-77.0469271222229, 38.87443075961218], [-77.04693081187818, 38.87443373090198], [-77.04693461665592, 38.8744365219774], [-77.0469385367339, 38.87443940309035], [-77.04694234145296, 38.87444210408153], [-77.0469462614723, 38.874444895110265], [-77.04695006631052, 38.87444777626914], [-77.0469536404898, 38.87445038726864], [-77.04695698424747, 38.874453088444646], [-77.04696044318665, 38.87445569949026], [-77.04696390218537, 38.87445840061976], [-77.04696747636582, 38.87446101161878], [-77.04697093530577, 38.87446362266407], [-77.04697439406816, 38.87446596345727], [-77.04697796807143, 38.87446830420398], [-77.04698142683417, 38.874470644997004], [-77.04698500083792, 38.87447298574349], [-77.0469885747825, 38.87447523640589], [-77.04699214878671, 38.87447757715222], [-77.04699895089568, 38.87448198853163], [-77.0470059833682, 38.87448621964991], [-77.0470130159009, 38.87449054085171], [-77.0470198180123, 38.874494952229924], [-77.04702627458052, 38.874499633998944], [-77.04703215518326, 38.8745046763356], [-77.04703503810211, 38.874507557863005], [-77.04703769065847, 38.87451061965118], [-77.04704022803364, 38.8745137715697], [-77.04704265016828, 38.8745169235346], [-77.04704518754387, 38.874520075452985], [-77.04704784010106, 38.87452313724093], [-77.04705141511938, 38.87452700941327], [-77.0470551054383, 38.87453097162307], [-77.04705891087956, 38.874534753618285], [-77.04706260113987, 38.87453862574382], [-77.04706640664135, 38.87454249782286], [-77.04707009690246, 38.87454636994816], [-77.04707182670319, 38.87454817093123], [-77.0470736717449, 38.874549971867815], [-77.04707540154581, 38.87455177285086], [-77.0470771313468, 38.87455357383382], [-77.0470788612074, 38.874555464900794], [-77.04708059100855, 38.874557265883745], [-77.04708831874295, 38.874567262093755], [-77.04709489436802, 38.87457770918794], [-77.04710066354673, 38.874588516943085], [-77.04710608712354, 38.87459950500533], [-77.04711128027951, 38.874610583244326], [-77.04711693428193, 38.87462148112908], [-77.0471184340797, 38.87462400287635], [-77.04711981869606, 38.87462661475414], [-77.04712131855354, 38.87462922658539], [-77.04712270317009, 38.87463183846309], [-77.04712408772727, 38.87463436025681], [-77.04712547240361, 38.87463706221851], [-77.0471278960336, 38.874642466281315], [-77.0471302044824, 38.874647960474604], [-77.04713228244964, 38.874653454760825], [-77.04713412999476, 38.87465903922408], [-77.04713609278106, 38.87466462364076], [-77.04713794032676, 38.87467020810393], [-77.04713932601591, 38.874674441493276], [-77.04714071170532, 38.87467867488257], [-77.04714198215379, 38.87468290831843], [-77.04714325260241, 38.87468714175422], [-77.04714463829222, 38.87469137514346], [-77.04714613922329, 38.87469560848621], [-77.04714856321395, 38.87470155305251], [-77.04715144810982, 38.87470740734859], [-77.0471544482472, 38.874713261598096], [-77.04715744832554, 38.87471902576354], [-77.04716033322282, 38.874724880059446], [-77.04716298769794, 38.87473082453233], [-77.04716425755323, 38.874734157127946], [-77.04716552740864, 38.87473748972358], [-77.04716668208263, 38.87474091244974], [-77.04716795193829, 38.87474424504534], [-77.04716910655293, 38.87474757768749], [-77.04717037640881, 38.87475091028302], [-77.04717245420349, 38.87475613431651], [-77.04717453193891, 38.87476126826595], [-77.04717672491579, 38.8747664021688], [-77.0471790331342, 38.87477153602505], [-77.04718134135288, 38.874776669881214], [-77.04718364951239, 38.87478171365334], [-77.04718514985191, 38.87478504615564], [-77.04718665013212, 38.87478828857389], [-77.0471882656536, 38.87479153094555], [-77.04718988117527, 38.87479477331717], [-77.04719138145587, 38.87479801573537], [-77.04719276649531, 38.874801258200115], [-77.04719495989178, 38.874807022690476], [-77.04719692274658, 38.874812697190016], [-77.04719877041997, 38.874818461820006], [-77.04720038767074, 38.874824316627176], [-77.04720188962095, 38.874830081396894], [-77.04720316114839, 38.87483593634369], [-77.0472040857603, 38.87483998975052], [-77.04720477983017, 38.87484395316649], [-77.0472054739597, 38.87484800666645], [-77.04720605284797, 38.87485206021297], [-77.04720663167677, 38.874856023675534], [-77.04720709532384, 38.874860077268615], [-77.04720767528502, 38.87486575232694], [-77.047208140005, 38.87487142743182], [-77.0472083741828, 38.87487701254585], [-77.0472086084201, 38.87488268774393], [-77.04720872741623, 38.874888362988514], [-77.04720861592946, 38.87489403832629], [-77.04720850331044, 38.874898002068335], [-77.04720839069138, 38.87490196581037], [-77.04720816289046, 38.87490601968296], [-77.04720793502999, 38.87490998347155], [-77.04720759192801, 38.874913947306744], [-77.04720724882601, 38.87491791114196], [-77.04720644612898, 38.87492394709515], [-77.04720541288934, 38.87492989305754], [-77.04720437970917, 38.87493592910393], [-77.04720311598629, 38.87494187515946], [-77.04720185226323, 38.87494782121496], [-77.04720058853992, 38.87495376727044], [-77.04719978411393, 38.87495719078799], [-77.04719909498888, 38.87496070434294], [-77.04719840580417, 38.87496412781386], [-77.04719760137793, 38.87496755133137], [-77.04719668171015, 38.874970974895454], [-77.04719564680079, 38.87497439850612], [-77.04719415152098, 38.87497872314294], [-77.0471924258176, 38.87498313795682], [-77.04719058475327, 38.87498737264926], [-77.04718851320568, 38.87499160743487], [-77.04718609587364, 38.8749957522761], [-77.04718321745601, 38.87499971713556], [-77.04718195081158, 38.87500124907554], [-77.04718056892555, 38.87500278106199], [-77.04717918703949, 38.87500431304847], [-77.04717768985218, 38.875005754997495], [-77.047176307966, 38.87500728698394], [-77.04717492607966, 38.87500881897036], [-77.04716744139226, 38.87501792047866], [-77.04716064833113, 38.87502729195922], [-77.04715431641317, 38.87503693350519], [-77.04714833033746, 38.875046755079175], [-77.04714257474339, 38.87505657655979], [-77.04713693444884, 38.875066488077614], [-77.04713578340092, 38.87506856047442], [-77.04713463235292, 38.87507063287123], [-77.04713348136436, 38.875072795351976], [-77.04713233031632, 38.87507486774875], [-77.0471311792681, 38.875076940145526], [-77.04713002821984, 38.87507901254227], [-77.04711851339127, 38.87509316037828], [-77.04710388596122, 38.87510568795653], [-77.04708752930559, 38.87511731539008], [-77.04707094210154, 38.87512885283028], [-77.04705550778527, 38.875141110475575], [-77.04704272491577, 38.87515471831084], [-77.04704214930062, 38.8751556193828], [-77.04704145838436, 38.875156430417185], [-77.04704088276917, 38.87515733148915], [-77.04704019191226, 38.875158232607475], [-77.04703961623764, 38.87515904359544], [-77.04703904062251, 38.875159944667395], [-77.0468225412261, 38.875308742351535], [-77.04680312933425, 38.87531849722252], [-77.04677513413434, 38.87533166070396], [-77.0467467929617, 38.875344463981115], [-77.04671845183798, 38.875357357335375], [-77.0466904566072, 38.87537052079642], [-77.04667306058157, 38.87537899564682], [-77.046655664493, 38.8753873804106], [-77.04663826845925, 38.87539585525576], [-77.04662098760465, 38.87540423996835], [-77.04660359156257, 38.87541271480832], [-77.04658619545764, 38.87542109956171], [-77.04657179470618, 38.87542804177392], [-77.0465573939519, 38.87543498398438], [-77.04654299319485, 38.87544192619301], [-77.04652859243498, 38.875448868399886], [-77.04651407637134, 38.87545572056689], [-77.04649967554714, 38.87546257268622], [-77.04649506720538, 38.87546464645316], [-77.04649045886325, 38.875466720219904], [-77.0464859657633, 38.87546879394061], [-77.04648135742063, 38.87547086770703], [-77.04647686437875, 38.875473031511405], [-77.04647225609429, 38.87547519536139], [-77.04646027494049, 38.875481415924874], [-77.04644863986347, 38.87548817685347], [-77.04643723538615, 38.87549511785717], [-77.04642560030469, 38.875501878783446], [-77.04641361914236, 38.87550809934211], [-77.04640117653969, 38.875513599410866], [-77.04639668314131, 38.87551522270823], [-77.0463921896841, 38.87551675592145], [-77.04638769616813, 38.87551819905052], [-77.0463830874096, 38.87551964222517], [-77.04637859389325, 38.87552108535388], [-77.04637410043527, 38.875522618566414], [-77.04636131157314, 38.8755273080124], [-77.04634863806872, 38.8755321775792], [-77.04633619516446, 38.87553722722109], [-77.04632363707442, 38.87554236699138], [-77.04631119422507, 38.87554750671459], [-77.04629875143237, 38.87555273652049], [-77.0462950646678, 38.87555426941011], [-77.046291262719, 38.8755558924293], [-77.04628757601253, 38.87555751540267], [-77.04628377406348, 38.87555913842161], [-77.04627997205583, 38.87556067135647], [-77.04627616998958, 38.87556211420717], [-77.04625842627193, 38.87556770644526], [-77.04624010546345, 38.8755719476491], [-77.04622120779855, 38.8755751981544], [-77.04620207929705, 38.87557790824397], [-77.04618295073568, 38.875580528246424], [-77.0461639376486, 38.87558350853614], [-77.04616094169349, 38.87558405022442], [-77.04615794573826, 38.875584591912634], [-77.04615494978306, 38.8755851336008], [-77.04615195382785, 38.875585675288875], [-77.0461489578143, 38.8755861268929], [-77.04614596185887, 38.87558666858081], [-77.0461263724979, 38.87558955900807], [-77.04610655235925, 38.87559199910315], [-77.04608661668576, 38.87559398882051], [-77.04606668072044, 38.87559552811454], [-77.04604662933733, 38.875596797198696], [-77.04602669302166, 38.87559779598205], [-77.04600871547981, 38.875598253486295], [-77.04599073764733, 38.87559826056789], [-77.04597264434022, 38.875597907356195], [-77.04595466627579, 38.875597554096295], [-77.0459365730271, 38.87559729096297], [-77.04591859525283, 38.875597388117406], [-77.04591594473293, 38.875597479243616], [-77.04591340939761, 38.87559748024048], [-77.04591075887778, 38.875597571366505], [-77.04590822360043, 38.87559766244723], [-77.04590557302254, 38.875597663489216], [-77.04590303768722, 38.875597664485824], [-77.04588724923103, 38.875597310354856], [-77.04587134518493, 38.87559641576316], [-77.04585555591866, 38.87559480045225], [-77.04583999661726, 38.87559237429294], [-77.0458246672813, 38.87558913728528], [-77.045809913523, 38.87558490912586], [-77.04580680128169, 38.87558382933868], [-77.04580368904051, 38.87558274955144], [-77.04580069198403, 38.875581579634925], [-77.04579757968524, 38.87558040976355], [-77.04579458262903, 38.87557923984685], [-77.04579147038818, 38.87557816005929], [-77.04576957056054, 38.87557231318467], [-77.04574628903966, 38.87556835861118], [-77.04572266214036, 38.87556494467231], [-77.04569995660603, 38.87556062952809], [-77.04567932388149, 38.87555388130066], [-77.045661800343, 38.875543438409856], [-77.04566007072664, 38.87554190765817], [-77.0456583411104, 38.8755403769064], [-77.04565672667896, 38.875538756025584], [-77.04565499700513, 38.875537135189795], [-77.04565326733146, 38.87553551435401], [-77.0456515377155, 38.875533983602196], [-77.04563262926092, 38.87552038830833], [-77.0456111869786, 38.875509136185094], [-77.04558813223093, 38.87549932603142], [-77.0455645016806, 38.87549014668587], [-77.04554110139097, 38.8754806069097], [-77.0455189679685, 38.87546980545901], [-77.04550063806539, 38.87545981327822], [-77.04548207774013, 38.87544991126831], [-77.04546386297474, 38.87543973886883], [-77.04544622408145, 38.87542902573841], [-77.04542950667252, 38.87541759157479], [-77.04541405630248, 38.87540516599199], [-77.04541071232937, 38.875402104436326], [-77.04540748354141, 38.875398952751745], [-77.04540425475373, 38.875395801067086], [-77.04540102596644, 38.8753926493823], [-77.045397797122, 38.87538940761347], [-77.0453945683925, 38.87538634601252], [-77.04536412785029, 38.87536023348071], [-77.04533138357597, 38.875335833431215], [-77.04529714186346, 38.87531251496134], [-77.0452623243062, 38.875289737208554], [-77.04522762189893, 38.87526677923268], [-77.04519395617794, 38.87524301008924], [-77.04514495464319, 38.87520555409683], [-77.0450968746959, 38.87516746713967], [-77.04504914024088, 38.875128929609176], [-77.0450014058942, 38.87509048214291], [-77.04495321085945, 38.87505239517027], [-77.04490397921224, 38.875015119332204], [-77.04486743092345, 38.87498855859779], [-77.04483053710717, 38.8749622682365], [-77.04479329776346, 38.87493624824798], [-77.04475582802057, 38.87491031841979], [-77.04471835836135, 38.874884478663475], [-77.04468100391418, 38.87485854876695], [-77.04462543354106, 38.87482010414333], [-77.044569632858, 38.87478183974893], [-77.04451371710597, 38.87474375553955], [-77.04445780130136, 38.874705491135174], [-77.04440211598278, 38.87466713653216], [-77.04434689146387, 38.87462842139126], [-77.0442871702061, 38.874585834316896], [-77.04422779451868, 38.87454288674475], [-77.04416876445775, 38.87449966875935], [-77.04410973446832, 38.87445645074377], [-77.04405093497596, 38.87441314252715], [-77.04399190507385, 38.874369834367386], [-77.04393691121122, 38.87433066852385], [-77.04381049657752, 38.874242471402916], [-77.0433943375922, 38.87467454192609], [-77.04332028404407, 38.874751050747484], [-77.04297765463745, 38.87510484716781], [-77.04296763484592, 38.875115210515666], [-77.0427983343115, 38.875290035655055], [-77.04221568344963, 38.87589624279605], [-77.04160549303403, 38.87652587861407], [-77.04121205683111, 38.87693698124], [-77.04100969168083, 38.877145416714754], [-77.04100013198641, 38.87715523922456], [-77.04072923486522, 38.877434233993846], [-77.0403618164512, 38.87781388530761], [-77.03999935367501, 38.878200560290615], [-77.03965197431054, 38.8785691221271], [-77.03961373380677, 38.87860805137159], [-77.03957457103192, 38.87864653049602], [-77.03953471643031, 38.87868446933759], [-77.03949393945679, 38.87872177788961], [-77.0394523554582, 38.878758636280025], [-77.03941007963199, 38.87879495438518], [-77.03936688143293, 38.878830642198096], [-77.03932310665381, 38.87886578968526], [-77.03927840955116, 38.878900396962315], [-77.03923302057102, 38.8789343738669], [-77.03922119762872, 38.87894233562868], [-77.03918705362565, 38.87896528809343], [-77.03914120119668, 38.87899494108811], [-77.03909419600218, 38.87902414403078], [-77.0390464988863, 38.87905262651421], [-77.03899799460152, 38.87908038857601], [-77.03895133306962, 38.87910598798827], [-77.03894891359533, 38.87910734005437], [-77.03889914071898, 38.87913366115481], [-77.03884930954389, 38.87915881059905], [-77.03882954966228, 38.87916836663155], [-77.03879763431227, 38.879183871676666], [-77.03874590078392, 38.879207761096424], [-77.03869658602028, 38.879229037257375], [-77.03868368108284, 38.879234356485256], [-77.03864680989201, 38.879249682962566], [-77.03859657240005, 38.879269698211345], [-77.03854598879377, 38.87928908296512], [-77.03849494382578, 38.879307837261386], [-77.03844355274558, 38.87932596106168], [-77.03839193080285, 38.87934345432762], [-77.03833984750152, 38.87936031713452], [-77.03828741809139, 38.8793765494441], [-77.03823464252528, 38.87939206117188], [-77.03816850074058, 38.87941253186163], [-77.03810155145537, 38.879431651518196], [-77.03803402507425, 38.879449239897326], [-77.03796592169707, 38.879465477165944], [-77.03789735652806, 38.87948027320165], [-77.03782821432246, 38.879493628040976], [-77.03775861033289, 38.87950554164569], [-77.037688775061, 38.87951601394054], [-77.03761847801327, 38.87952504499941], [-77.0375479489238, 38.87953254466363], [-77.03749735732917, 38.879536254360104], [-77.03744664952372, 38.87953951365223], [-77.03739594080443, 38.879542412586886], [-77.03734523319156, 38.879544680911636], [-77.03729440941798, 38.879546588915716], [-77.03724358535958, 38.87954795639419], [-77.03719276106435, 38.87954887343089], [-77.03714193653343, 38.87954934002591], [-77.03710839914977, 38.8795494407713], [-77.0370748616725, 38.87954936133919], [-77.03704132400811, 38.87954892156182], [-77.03668939319022, 38.87962551391663], [-77.03664928939827, 38.87963111171282], [-77.03660907039718, 38.87963679961533], [-77.03655248713176, 38.87964465464136], [-77.03649578855881, 38.879652419592105], [-77.03643920450217, 38.87966018447959], [-77.03638250657892, 38.87966785929116], [-77.0363258078773, 38.8796754439915], [-77.03626910911778, 38.87968293858042], [-77.03621241034635, 38.879690433141754], [-77.03615559622259, 38.87969774754346], [-77.03609889733632, 38.87970506188183], [-77.03605671828558, 38.87970930885694], [-77.03601453941162, 38.87971391615251], [-77.03597259134852, 38.879719153949225], [-77.03593064350609, 38.8797248421505], [-77.03588881117808, 38.87973107080476], [-77.03587083375268, 38.879733959013834], [-77.03582404646689, 38.87974172059354], [-77.03577737473637, 38.879750112706624], [-77.0357309338091, 38.87975913531794], [-77.03568472372905, 38.87976887851168], [-77.03563874440488, 38.8797791621203], [-77.03559299592555, 38.87979016631186], [-77.03546116877868, 38.87982651023913], [-77.03544941495613, 38.87982975682902], [-77.03541887754376, 38.8798371529768], [-77.03538857089185, 38.87984508955024], [-77.03535849495523, 38.879853476465605], [-77.03532853452855, 38.87986240384184], [-77.03529892006556, 38.879871781525445], [-77.03526953627167, 38.87988151946754], [-77.0352403825154, 38.879891797836414], [-77.03521157620641, 38.8799026165968], [-77.03518299984513, 38.87991379561651], [-77.0351546541958, 38.879925424979376], [-77.03512446574214, 38.87993948715564], [-77.03509439189439, 38.87995372945752], [-77.0350644348577, 38.87996824196828], [-77.03503482292577, 38.87998293453564], [-77.03500532640801, 38.8799979873966], [-77.03497594517168, 38.88001313029946], [-77.03494690984836, 38.880028633427045], [-77.03491798985034, 38.88004431668078], [-77.0348893004271, 38.880060180026234], [-77.0348608416227, 38.880076313547534], [-77.03484033242843, 38.880088571081735], [-77.03481982471176, 38.880100918695774], [-77.03479943156147, 38.88011335635599], [-77.03477903840395, 38.88012579401261], [-77.03475657144418, 38.88013967362563], [-77.03473410451943, 38.88015364331823], [-77.03471163758589, 38.880167613006456], [-77.03468940118724, 38.880181672705774], [-77.03466716486734, 38.880195912568674], [-77.03464492853858, 38.88021015242726], [-77.03462280749464, 38.880224482331336], [-77.03460299122372, 38.880238361128676], [-77.03458340557621, 38.88025251010612], [-77.03456405046465, 38.880266749095924], [-77.03454481068265, 38.88028116821621], [-77.03452580152391, 38.880295857516884], [-77.0345070229011, 38.880310636830174], [-77.03448847413762, 38.88032559624044], [-77.03447004210074, 38.88034064569717], [-77.03445195521687, 38.880355965300865], [-77.03443398361898, 38.880371374951665], [-77.03438041765477, 38.880424089826754], [-77.03436728536698, 38.88043706577648], [-77.0343230587497, 38.88048195690265], [-77.03351664769595, 38.88160699909132], [-77.0327047038158, 38.88261798802224]]]}, "properties": {"WARD": 2, "NAME": "Ward 2", "REP_NAME": "Brooke Pinto", "WEB_URL": "https://www.dccouncil.us/council/ward-2-councilmember-brooke-pinto"}}, {"type": "Feature", "geometry": {"type": "Polygon", "coordinates": [[[-77.04096649301552, 38.99596803651135], [-77.07173997151372, 38.971932780734434], [-77.07169957029258, 38.97187517980162], [-77.07164420359156, 38.97179621147011], [-77.07158213434101, 38.9717076984795], [-77.07157532763176, 38.97169797374635], [-77.0712983345401, 38.9713140315764], [-77.07124909557692, 38.97124586920254], [-77.07119721033511, 38.97117392495692], [-77.07119339719247, 38.97116888266337], [-77.07089932925327, 38.97077305902484], [-77.07078965332323, 38.97061890436539], [-77.07073708619798, 38.97054497850662], [-77.0706856514913, 38.97047249325744], [-77.07056893907705, 38.97030843356839], [-77.07050645807695, 38.97022097419491], [-77.07032963549227, 38.969973471096544], [-77.07024135269148, 38.96985083188367], [-77.07018391145186, 38.96977123349966], [-77.07014322722799, 38.969704957236786], [-77.07011176613698, 38.9696300275151], [-77.06998052071421, 38.969340761329015], [-77.06989239808, 38.9691447045475], [-77.06970158221914, 38.968719359023055], [-77.06966758241377, 38.96864343977386], [-77.06963265786567, 38.96856580949763], [-77.0696269795796, 38.96855302116969], [-77.06949179157775, 38.968239974952155], [-77.06929287762816, 38.967788419499676], [-77.06925620790705, 38.967707096750985], [-77.0692202553583, 38.96762748513203], [-77.06918913664907, 38.96755859045537], [-77.0689733533542, 38.96708001963533], [-77.06885239473704, 38.96681074428561], [-77.06881816570609, 38.96673455464904], [-77.06878938325708, 38.96667043285125], [-77.06877481232854, 38.96663747123016], [-77.0685186646971, 38.96605577875609], [-77.06844510766045, 38.965891060936016], [-77.06841262489785, 38.96581802303286], [-77.06838381984693, 38.96575363088963], [-77.06836022982881, 38.96570067616845], [-77.0683124831148, 38.965593325721066], [-77.06807126683456, 38.9650523407255], [-77.06804513291678, 38.96499326180311], [-77.0680093897547, 38.964912568658214], [-77.06797261964529, 38.96483178601568], [-77.06795990046884, 38.96480386782635], [-77.06764156530869, 38.9640802392773], [-77.06760964992546, 38.96400756112768], [-77.06757645263426, 38.963933622553625], [-77.06741608607246, 38.963575727099816], [-77.06724656448338, 38.96318630777366], [-77.06722516057208, 38.963137225089966], [-77.06721557543912, 38.96311624136538], [-77.06718446148668, 38.96304824691843], [-77.0670599487484, 38.962776449236934], [-77.06692442376912, 38.962461778411225], [-77.06687434220271, 38.96234542038968], [-77.06679571906118, 38.96217169605537], [-77.06676578442533, 38.962105412379906], [-77.06672947920875, 38.96202516953305], [-77.06658482554039, 38.961705278688484], [-77.06655003340792, 38.96162629607423], [-77.06642365450344, 38.96134008548989], [-77.06640606810137, 38.96130045914171], [-77.06638039930253, 38.96124228036656], [-77.06637127644849, 38.96122156655046], [-77.0663313606432, 38.96111646282137], [-77.06631578376971, 38.96109116745792], [-77.06629318189881, 38.961067677727335], [-77.06627660728599, 38.96104888688718], [-77.06624046692342, 38.961020702508485], [-77.06619053496318, 38.96080224446535], [-77.06617493955238, 38.96076928306323], [-77.06606048577899, 38.96052405287261], [-77.06583386654088, 38.96001016935432], [-77.06576888888493, 38.95986427209503], [-77.06573916368839, 38.95979780784454], [-77.06570424708913, 38.9597194555982], [-77.06564065740659, 38.95957671037114], [-77.06534619571228, 38.95891729035924], [-77.06533866871709, 38.95889990861871], [-77.06531276949649, 38.958840198306675], [-77.06528954122186, 38.95878670219822], [-77.06523103670554, 38.9586515208244], [-77.06522107885554, 38.95861279084761], [-77.06521506162673, 38.958593516520594], [-77.06520294113251, 38.95857441675403], [-77.0651707396723, 38.95853676215025], [-77.06512583447169, 38.95848559321078], [-77.06496664272638, 38.95845294574647], [-77.06493420334402, 38.95844521666068], [-77.06489335105786, 38.95843533025239], [-77.06481995566877, 38.95841780485244], [-77.0647466872298, 38.95840027933609], [-77.06467339575163, 38.95838275378654], [-77.06460011576542, 38.95836513810201], [-77.06452673205828, 38.95834761251142], [-77.06444259271298, 38.958327210159084], [-77.0643585797602, 38.95830617709816], [-77.0642749239545, 38.958284513201974], [-77.06419147530889, 38.95826221855365], [-77.0641082800568, 38.95823938321095], [-77.06402541888217, 38.958215917047546], [-77.06394278794852, 38.95819182012092], [-77.06386050263367, 38.95816709236857], [-77.06377855148256, 38.95814182388009], [-77.0636968421155, 38.95811592462388], [-77.06365090922527, 38.95810108600359], [-77.06360441189666, 38.958087238581356], [-77.06355755796525, 38.958074562408825], [-77.06351011651672, 38.95806287744565], [-77.06346223761824, 38.958052273692395], [-77.06341410594908, 38.958042841130975], [-77.06336553682577, 38.95803448977851], [-77.0633167148475, 38.95802721953446], [-77.06326768624233, 38.958021120456216], [-77.0632184047776, 38.958016102485864], [-77.06298843365259, 38.95799846231137], [-77.06268776714704, 38.95797540060296], [-77.06220615660777, 38.95793854379051], [-77.06218895300023, 38.95793729178554], [-77.06214523434552, 38.95793407205662], [-77.06207033924032, 38.9579286168009], [-77.06175016298798, 38.957905184690325], [-77.06135186190103, 38.957876838179814], [-77.06128250556156, 38.95787210017397], [-77.06121317207449, 38.9578670918671], [-77.0611439422032, 38.957861813216994], [-77.0610747121106, 38.95785626427805], [-77.06100548172036, 38.95785035496773], [-77.06093635494842, 38.957844175314456], [-77.06086725103292, 38.9578377253605], [-77.06079812382416, 38.95783100512988], [-77.06072912323452, 38.95782392446201], [-77.06066012250515, 38.95781666358822], [-77.06059665981036, 38.957809399803544], [-77.06053331219789, 38.95780177559425], [-77.06046996429332, 38.957793791020165], [-77.06040673139648, 38.957785355939116], [-77.06034361350873, 38.957776470351305], [-77.06028062224485, 38.95776722433353], [-77.06021772291703, 38.957757527821244], [-77.06015484630123, 38.957747380850215], [-77.06009217707506, 38.95773687340816], [-77.060029530639, 38.95772600559023], [-77.05997148769546, 38.957715135377455], [-77.05991354838024, 38.957703994834844], [-77.0598556203936, 38.95769258400974], [-77.0597979228737, 38.95768081270745], [-77.05974022522184, 38.957668861211474], [-77.0596826542003, 38.95765654929175], [-77.05962518681024, 38.957643967042905], [-77.05956783451437, 38.957631024376546], [-77.05951059746414, 38.95761790145806], [-77.05945347550941, 38.957604418122436], [-77.05943108868465, 38.95759956504145], [-77.05940870171268, 38.957594531790924], [-77.0593863146689, 38.957589408453494], [-77.0593639275533, 38.95758419502915], [-77.05934164427848, 38.957578981547876], [-77.05931948769454, 38.95757349775007], [-77.05929722727655, 38.95756801400072], [-77.05927507062454, 38.95756244011189], [-77.05925291390109, 38.95755677613622], [-77.05923086094384, 38.95755102202119], [-77.05920236864348, 38.95754355959251], [-77.0591739798126, 38.95753564669128], [-77.05914592527638, 38.9575273732834], [-77.05911789344813, 38.957518649444104], [-77.05909019591535, 38.957509565098505], [-77.05906272876618, 38.95750003021673], [-77.05903549207574, 38.95749013488148], [-77.05900848576972, 38.957479789010385], [-77.05898170992315, 38.95746908268615], [-77.05895526829914, 38.95745792577401], [-77.05892502891483, 38.957444428621095], [-77.05889537735803, 38.95743021050299], [-77.05886616371639, 38.95741536157834], [-77.0588375379034, 38.95739979168931], [-77.058809603831, 38.9573835908667], [-77.05878225766226, 38.957366759163286], [-77.05875547632267, 38.957349296590984], [-77.05872949063586, 38.9573312931169], [-77.0587040927792, 38.95731256868064], [-77.05867951372466, 38.957293393414574], [-77.05858184373592, 38.95721669197417], [-77.05854892968105, 38.957191395235974], [-77.0585161424873, 38.957166008342185], [-77.05848335531702, 38.9571406214391], [-77.05845069493398, 38.95711505429806], [-77.05841801157341, 38.95708957724182], [-77.05838545500023, 38.95706391994779], [-77.05835302536211, 38.95703826258117], [-77.05832057267253, 38.95701260521698], [-77.05828824677049, 38.956986767615106], [-77.05825604780325, 38.95696092994091], [-77.05818516070043, 38.956902861926544], [-77.05817084425688, 38.95689052772633], [-77.05815732345722, 38.95687765263263], [-77.05814479465755, 38.95686450679595], [-77.05813284199722, 38.95685045984488], [-77.05812188133629, 38.95683614215141], [-77.0581119472131, 38.95682146361601], [-77.05810293579069, 38.95680642429049], [-77.05809484706862, 38.95679102417514], [-77.05808778495631, 38.956775353301154], [-77.0580817725277, 38.956759411657245], [-77.05806835695621, 38.95671987203279], [-77.05805036247966, 38.95672456526724], [-77.05802280425594, 38.95673016407231], [-77.05799499103291, 38.95673432167476], [-77.05796673806802, 38.956736858000696], [-77.05795899671294, 38.956737132086666], [-77.05793835694509, 38.95673786297809], [-77.0579279732393, 38.95673777804076], [-77.05787731235759, 38.95673744280036], [-77.05786600573555, 38.95673744839707], [-77.05785459527722, 38.95673745404407], [-77.05784328858216, 38.95673736955594], [-77.05783198181402, 38.95673719498412], [-77.05782598223577, 38.956737017786345], [-77.0578206748997, 38.95673684024596], [-77.0578093679856, 38.95673648550668], [-77.05779806099845, 38.95673604068369], [-77.05778662702745, 38.95673550583969], [-77.05777544680562, 38.95673488078651], [-77.05776413967301, 38.95673425579503], [-77.05775352441772, 38.95673318004732], [-77.05774301299908, 38.956732104247365], [-77.05773239789036, 38.956731208663015], [-77.05772178278187, 38.956730313077685], [-77.05771116774672, 38.95672950757401], [-77.05770055278462, 38.956728792152], [-77.05768954555221, 38.956728076922616], [-77.05767932293398, 38.956727451387735], [-77.05766870811838, 38.956726916128105], [-77.05765809337572, 38.9567264709501], [-77.05764241409307, 38.956726478681574], [-77.05762660811794, 38.95672675672137], [-77.0576109177348, 38.95672730495003], [-77.0575952276426, 38.95672821350707], [-77.0575795377683, 38.95672939230994], [-77.05756384811177, 38.956730841358535], [-77.05754826250907, 38.95673256060177], [-77.05753280403489, 38.95673455002844], [-77.05751734585054, 38.95673689978351], [-77.05750188781062, 38.95673942970177], [-77.05748343150634, 38.95674376274543], [-77.0574653334394, 38.95674881627137], [-77.05744767437082, 38.95675459024008], [-77.05743037361125, 38.956761174774094], [-77.05741354638882, 38.956768389651586], [-77.05739715823604, 38.95677641505507], [-77.05738147429481, 38.95678498060652], [-77.05736637933612, 38.95679426652813], [-77.05735183867513, 38.95680418275453], [-77.05733811767153, 38.956814729155745], [-77.05731782694751, 38.95683347629831], [-77.0572986905309, 38.95685294353287], [-77.05728060451327, 38.956873040828214], [-77.05726354574783, 38.956893678113495], [-77.05724774505536, 38.956914945358754], [-77.05723312153007, 38.95693666243884], [-77.05721962902317, 38.95695882937676], [-77.05720741752185, 38.956981446099526], [-77.05719648702696, 38.95700451260745], [-77.0571868143202, 38.95702784874702], [-77.05717793985716, 38.95705388697497], [-77.05716931921098, 38.957079925078], [-77.0571608023953, 38.95710596312944], [-77.05715262023122, 38.95713209109925], [-77.05714469195705, 38.95715830902688], [-77.05713697135089, 38.95718452685235], [-77.057129504563, 38.95721074455315], [-77.05712224551579, 38.95723705223446], [-77.05711534412443, 38.95726335974054], [-77.05710856971213, 38.95728975726661], [-77.05709982404852, 38.957318227655925], [-77.0570908474842, 38.95734651799184], [-77.05708164023542, 38.95737489852219], [-77.05707230599504, 38.957403189030984], [-77.05706276407247, 38.95743147964028], [-77.05705309515795, 38.95745968022792], [-77.05704319548593, 38.957487880927175], [-77.05703306498405, 38.95751599165543], [-77.05702280756167, 38.95754410244452], [-77.05701234238416, 38.95757212325124], [-77.0570031250505, 38.95760239551459], [-77.05699311140437, 38.957632397917294], [-77.0569821862138, 38.957662310680554], [-77.05697044163391, 38.957691953593994], [-77.0569578777357, 38.95772141673993], [-77.05694452913083, 38.95775070010127], [-77.05693023422099, 38.95777971367373], [-77.05691525836873, 38.957808457327886], [-77.05689937082238, 38.957836931175684], [-77.05688276771943, 38.957865135121395], [-77.05686929548726, 38.95788414911242], [-77.05685523461685, 38.95790289314015], [-77.05684048119798, 38.95792127717224], [-77.05682503530217, 38.95793939129104], [-77.05680900062369, 38.95795705528065], [-77.05679229654281, 38.95797444934524], [-77.0567750036788, 38.9579913932801], [-77.05675701826509, 38.958007977217996], [-77.05673857105305, 38.95802420104658], [-77.05671943121942, 38.958039974795064], [-77.05653503166569, 38.95816347731926], [-77.0564401379026, 38.9582255901021], [-77.05642732432452, 38.958231541740886], [-77.05641476492826, 38.95823794366876], [-77.05640264431554, 38.958244795796794], [-77.05639088165158, 38.95825200808142], [-77.05637958084625, 38.958259670555314], [-77.0563686379183, 38.958267603103444], [-77.05635826068739, 38.958275985791026], [-77.0563482183299, 38.958284728646845], [-77.05633876460226, 38.95829374146602], [-77.0563297726619, 38.95830311439244], [-77.056310993959, 38.95832348211337], [-77.05629254990778, 38.95834393975271], [-77.05627433681205, 38.9583646675258], [-77.05625658535337, 38.95838557523904], [-77.05623906470808, 38.958406572921184], [-77.05622187878633, 38.95842775060485], [-77.05620505073448, 38.958449198361755], [-77.05618858033968, 38.95847064594427], [-77.05617243320222, 38.958492363616976], [-77.05616644008238, 38.95850056401545], [-77.05615653995436, 38.95851417124802], [-77.05613810098912, 38.958541204891596], [-77.05612068914584, 38.958568598369624], [-77.05610422366185, 38.95859635172128], [-77.05608865838718, 38.95862446496912], [-77.0560741433126, 38.958652938041574], [-77.05606067836825, 38.95868168085641], [-77.05604811356531, 38.95871069348587], [-77.05603672573851, 38.95873988571495], [-77.05602623812612, 38.958769437841895], [-77.05601692749237, 38.958799169569076], [-77.05601312118509, 38.9588152961823], [-77.0560102611097, 38.958831602507274], [-77.05600796645176, 38.95884799864392], [-77.05600636405552, 38.95886439444885], [-77.05600555776097, 38.95888078987236], [-77.05600557071492, 38.95889727498604], [-77.05600617202188, 38.95891366973519], [-77.05600756943218, 38.95893006410291], [-77.0560096591067, 38.95894645813889], [-77.0560124409751, 38.95896276176061], [-77.05601671822161, 38.95898798284517], [-77.05602101854662, 38.959013203918374], [-77.05602519195948, 38.95903842505212], [-77.05602946914424, 38.959063556053266], [-77.05603364256305, 38.95908877718646], [-77.05603794290009, 38.959113998258594], [-77.05604211632487, 38.95913921939125], [-77.05604628975257, 38.95916444052362], [-77.05605046318324, 38.95918966165571], [-77.05605463661686, 38.95921488278755], [-77.05609299957473, 38.959449259351125], [-77.05609810116879, 38.95948096598287], [-77.0561034335236, 38.959512672503486], [-77.0561091234849, 38.95954428876939], [-77.0561150211321, 38.95957590493521], [-77.05612127638656, 38.95960743084621], [-77.05612776240321, 38.95963895664595], [-77.0561346060989, 38.959670482273374], [-77.05614165741086, 38.9597019177179], [-77.0561490664026, 38.95973335299009], [-77.05615683300346, 38.959764698007184], [-77.05616296744833, 38.95978928761219], [-77.05616874422348, 38.959813877388555], [-77.0561741979423, 38.95983846731975], [-77.05617939790257, 38.95986314745513], [-77.05618415949805, 38.9598879178834], [-77.05618856342245, 38.959912688483215], [-77.0561926096754, 38.95993745925467], [-77.05619632140335, 38.95996232026924], [-77.05619969853491, 38.959987181444426], [-77.05620282183504, 38.96001204274138], [-77.05620574242788, 38.960043209917764], [-77.05620817836014, 38.9600742872442], [-77.05621017592469, 38.9601054548638], [-77.05621181581554, 38.96013662265512], [-77.05621298272393, 38.96016788075623], [-77.05621381496236, 38.96019904893542], [-77.05621407030478, 38.96023021739184], [-77.05621399111817, 38.96026147609144], [-77.05621342726677, 38.96029264494131], [-77.05621242504381, 38.96032390408433], [-77.05621175628389, 38.960353721745285], [-77.05621119136508, 38.96038353935614], [-77.05621075336339, 38.9604133569058], [-77.05621031536134, 38.960443174455285], [-77.05620987742998, 38.96047308208714], [-77.05620956634498, 38.96050289957528], [-77.0562093591015, 38.9605327170133], [-77.05620915185796, 38.960562534451114], [-77.05620904852717, 38.96059244192143], [-77.05620907204325, 38.960622259248], [-77.05620474573327, 38.96082764963209], [-77.0562032760927, 38.96088070898247], [-77.05620287874089, 38.96102060742891], [-77.05606498755718, 38.961020934870206], [-77.05603780388097, 38.961020947901915], [-77.05593472282675, 38.96102099726112], [-77.05575349585324, 38.96102284943796], [-77.05555527537416, 38.96102736684581], [-77.05538309971914, 38.96103629463849], [-77.05518375460764, 38.961048766241326], [-77.05507615742621, 38.9610576630847], [-77.05499346954267, 38.96106477348872], [-77.05493003800302, 38.96107099197984], [-77.05487022058766, 38.961080739977724], [-77.05482280326645, 38.96108616717566], [-77.0547756168381, 38.96109177441139], [-77.05472831529822, 38.961097742012285], [-77.0546812447193, 38.96110397973374], [-77.05463982703039, 38.96110922388624], [-77.05459840947347, 38.961114648189216], [-77.05455710742893, 38.961120252588714], [-77.05451580544671, 38.9611259470562], [-77.05447450359569, 38.96113182167415], [-77.05443331725627, 38.96113787638894], [-77.05439213104734, 38.961144111254264], [-77.05435094489991, 38.96115043618768], [-77.054309874332, 38.9611570313006], [-77.05426880382501, 38.961163716481614], [-77.05422023519841, 38.96117256710751], [-77.05417166683361, 38.96118177804342], [-77.05412321397407, 38.961191169070815], [-77.05407487661924, 38.96120074018985], [-77.0540265394564, 38.96121058153653], [-77.0539783178658, 38.96122069305756], [-77.0539302117788, 38.96123098467061], [-77.05388222126328, 38.96124154645829], [-77.05383423086954, 38.961252288391336], [-77.05378635604636, 38.961263300499255], [-77.05375370933166, 38.96127142294498], [-77.05367930121011, 38.9612882485225], [-77.05359927644004, 38.961308328608624], [-77.05349810934372, 38.96133784996141], [-77.05338637855029, 38.961374456540824], [-77.0532368956822, 38.961427583336445], [-77.05322736906281, 38.961432776430115], [-77.05318707120706, 38.96145472987539], [-77.05304212339011, 38.961509034439686], [-77.05284282332771, 38.96158459586314], [-77.05279903410366, 38.9615975875359], [-77.0526855774019, 38.96161052953126], [-77.05257756519951, 38.9616527548122], [-77.05242297862145, 38.96170227955597], [-77.05229447858616, 38.96175033309258], [-77.05200952094474, 38.961846452180055], [-77.05194791322286, 38.961870882935735], [-77.05188665586984, 38.96188532334665], [-77.05182482046814, 38.961898232578065], [-77.0517625225998, 38.96190988082555], [-77.05169976207185, 38.96191999784078], [-77.0516367697828, 38.96192876368616], [-77.05157343022371, 38.961935998247164], [-77.05150985891096, 38.961941881637436], [-77.05144605571795, 38.96194623369157], [-77.0513792514126, 38.961948965543506], [-77.05131233068224, 38.96195025608737], [-77.05124540897792, 38.961950195354866], [-77.05117860162083, 38.96194869321295], [-77.05111179323289, 38.961945749712314], [-77.05104509926474, 38.96194145488504], [-77.0509786351024, 38.96193580868106], [-77.050912285303, 38.961928721068475], [-77.05084628069898, 38.961920282029666], [-77.05078062129412, 38.961910491565156], [-77.05070768969712, 38.96189629017212], [-77.0506355643313, 38.961880016485445], [-77.05056423353636, 38.96186149034644], [-77.05049384744272, 38.96184089185689], [-77.05042460226865, 38.96181831101637], [-77.05035650942978, 38.96179356765691], [-77.05029150501306, 38.961763354917416], [-77.05022944454407, 38.96173549203195], [-77.05016362061164, 38.961704694036456], [-77.0501015540566, 38.96166803001843], [-77.05005452797201, 38.961640160596396], [-77.05001126336413, 38.961612289546494], [-77.04996800723974, 38.961580013439075], [-77.04992474167359, 38.961550674011356], [-77.04988335275591, 38.96151546939136], [-77.04984761115718, 38.961487595070395], [-77.04980998784426, 38.96145825319405], [-77.04977047974558, 38.961423038724], [-77.04972157966031, 38.96138783724304], [-77.04967830714772, 38.96134821930422], [-77.04942624038218, 38.96114136141324], [-77.04935852342514, 38.96109148427122], [-77.04929269132379, 38.96104747067091], [-77.04922309485987, 38.96099906258805], [-77.04916290808018, 38.96095946058361], [-77.04909331582995, 38.96091691679707], [-77.04901808358737, 38.960877321033934], [-77.04894473313014, 38.960839183772215], [-77.0488732664768, 38.96080545972342], [-77.0488093236816, 38.96077319182802], [-77.04872470080039, 38.960735059132816], [-77.04865423214704, 38.96070942394981], [-77.04858186872569, 38.9606799970347], [-77.04850846798617, 38.96065210190903], [-77.04846329462848, 38.960632104291385], [-77.04831175810469, 38.96058637802614], [-77.04811785085539, 38.96053557934315], [-77.04788649246956, 38.96048607485577], [-77.04774962348147, 38.96046069150974], [-77.04758344899827, 38.96043659009818], [-77.04740097148883, 38.96041250406935], [-77.04721524376355, 38.960393499726344], [-77.0470236029475, 38.96038326250269], [-77.0466551095645, 38.9603749423627], [-77.04624870747945, 38.96039203034496], [-77.04591275809919, 38.96043024066175], [-77.04559036273395, 38.96048219133145], [-77.04557648466243, 38.960485502773125], [-77.04518672150203, 38.96057860127127], [-77.04483914723723, 38.96068274443733], [-77.04481559105268, 38.960689797926946], [-77.04437406852347, 38.96087930190165], [-77.04407035608057, 38.96103419666121], [-77.04373483020741, 38.96120530838618], [-77.04369733296625, 38.961226689992884], [-77.04345630508313, 38.96136410169911], [-77.04345299479628, 38.961365994663396], [-77.04344336381047, 38.961371484270906], [-77.04336295210781, 38.961291484764466], [-77.04320513097478, 38.96113450223904], [-77.04306753209265, 38.961027084491256], [-77.04286861630992, 38.96083609244335], [-77.04265437033652, 38.960668977528634], [-77.04236373681972, 38.96048990893514], [-77.04228035573897, 38.960438141629844], [-77.04213565107435, 38.96034830946242], [-77.04202729306631, 38.96028104776028], [-77.0418054567339, 38.960149777864835], [-77.0416719465673, 38.96010204571968], [-77.04162195386559, 38.96008416411617], [-77.04140780788254, 38.96006036826731], [-77.04117081575708, 38.96005441642687], [-77.04102554196426, 38.9600544674926], [-77.04090322303743, 38.960024702019105], [-77.04075795187724, 38.959988899878944], [-77.04066619495737, 38.95993523359485], [-77.04056676949864, 38.95982780860543], [-77.04054376291991, 38.95972629349749], [-77.040525316419, 38.95962928994079], [-77.04051310748373, 38.959565056268836], [-77.04052825999085, 38.95946947337568], [-77.04065820943111, 38.95932619691543], [-77.04080341803214, 38.95919471580387], [-77.04098677116941, 38.95904538478541], [-77.04108617610837, 38.95893788133851], [-77.0411472467484, 38.95880048387392], [-77.04115477768788, 38.95867508622033], [-77.0412234835646, 38.95857353890368], [-77.04133046311345, 38.95841828877787], [-77.04146044136614, 38.95831077418705], [-77.04161327303315, 38.95823901412002], [-77.04170495410693, 38.95818529220675], [-77.0418119810136, 38.95811354820824], [-77.04191900175822, 38.95801207684497], [-77.04203361385963, 38.95791051256995], [-77.04211754730521, 38.957808959236246], [-77.04214818065059, 38.95771337052128], [-77.04217869243054, 38.95758796448723], [-77.04215565060112, 38.9574685232185], [-77.04217080589254, 38.95734312271658], [-77.04214013983179, 38.95718792137898], [-77.04211711330024, 38.95707451562516], [-77.04215531866312, 38.95690730846021], [-77.04217043492739, 38.95671614762205], [-77.0422314485178, 38.95648920738966], [-77.04231549731838, 38.95619658851939], [-77.04233064588647, 38.95604137060553], [-77.04228462841041, 38.95587419382873], [-77.04220813077943, 38.95568910158504], [-77.04212389398919, 38.9554681591688], [-77.04209323329864, 38.955300976764], [-77.04209310987386, 38.95509198499056], [-77.04210818974245, 38.95485911582191], [-77.04214642217046, 38.95473965240202], [-77.0422227382524, 38.954620265301415], [-77.04229155669667, 38.95454258914701], [-77.04242143507187, 38.954494798264676], [-77.0425895910823, 38.954405104846686], [-77.04273478095323, 38.954303528666564], [-77.04288753450307, 38.954118352785], [-77.04308618616248, 38.95390334241549], [-77.04322369772116, 38.953718171696025], [-77.04340701778276, 38.953527038349506], [-77.04360057466761, 38.95336235818358], [-77.0436182744755, 38.95334728975141], [-77.04366683072786, 38.9533059687006], [-77.0438654919594, 38.95313275534851], [-77.04407177429121, 38.952953503237566], [-77.0441880948195, 38.95285299006948], [-77.04421694428429, 38.952828053272086], [-77.04433924136666, 38.95265486795587], [-77.0446677166995, 38.952308374819026], [-77.04478229725407, 38.95215906389393], [-77.0448663090675, 38.95201571004847], [-77.04489679435513, 38.95189633871622], [-77.04489674169959, 38.951812741953496], [-77.04488907890607, 38.95171716710702], [-77.04488124014532, 38.95156195754874], [-77.0449117482301, 38.95144249611042], [-77.04497278625601, 38.95127527005466], [-77.0451408669891, 38.95110198514932], [-77.04524648945885, 38.950984485412896], [-77.0453394996641, 38.95088102536411], [-77.04550757871944, 38.95068989452322], [-77.04566034790604, 38.95055245874137], [-77.04584382242142, 38.95044491819697], [-77.04605014986149, 38.95033736836219], [-77.04627941087712, 38.950229809084014], [-77.04647040151119, 38.950134155498944], [-77.04660795555607, 38.95003852291683], [-77.04685254994351, 38.949901138994804], [-77.04697487887843, 38.94979362115069], [-77.04703596183845, 38.94970396422526], [-77.04708168184078, 38.949584586136936], [-77.04705866958884, 38.949500998581236], [-77.04704334323537, 38.949351647494204], [-77.04695913835279, 38.94919052324456], [-77.04689031215239, 38.949082992022035], [-77.04688253193179, 38.949005433859895], [-77.0468901668524, 38.94886210907496], [-77.04694350766101, 38.94871876594025], [-77.04698932311294, 38.94858740681455], [-77.04699683087769, 38.948444082062004], [-77.04698156003816, 38.94837841783793], [-77.04696617750875, 38.94830077264312], [-77.04685145095608, 38.94822911276814], [-77.04664503690617, 38.948175505962034], [-77.04640802555967, 38.94808002243685], [-77.04617095692548, 38.9479129226189], [-77.04596452888646, 38.947817516189666], [-77.04576573804121, 38.947775804769265], [-77.04557458784922, 38.94777587944861], [-77.04541415373056, 38.947805750288786], [-77.0453147253153, 38.94784164183263], [-77.0451924976218, 38.94790735951804], [-77.04508552339875, 38.94803279609427], [-77.04500921922055, 38.9481522752995], [-77.04497862769777, 38.94830155428004], [-77.04497022728178, 38.94831634910806], [-77.04492993055551, 38.948387268776216], [-77.0449175545913, 38.94840904654519], [-77.04485647001975, 38.9484986123035], [-77.04478015430307, 38.94856440200528], [-77.04469606367695, 38.948594251593356], [-77.04458901660549, 38.94860627348551], [-77.04447435599592, 38.948600281617054], [-77.04435966161397, 38.948558526778356], [-77.04423733466456, 38.94850488378604], [-77.04416843487888, 38.94845707587279], [-77.04413021364383, 38.94839736541148], [-77.04409198511753, 38.94832576400996], [-77.04405361547602, 38.94821236422747], [-77.04406128918593, 38.948122728944966], [-77.04405347150738, 38.947979410146274], [-77.04409171548484, 38.94788985341599], [-77.04419096586288, 38.94777036613193], [-77.04438963309327, 38.94761507817417], [-77.04459590967646, 38.94743582494174], [-77.04485560578195, 38.9471252100986], [-77.04504676393219, 38.94695794286877], [-77.04517670414845, 38.94685042391071], [-77.04527597025643, 38.94676084317365], [-77.04534466640095, 38.94667127421285], [-77.04541347021248, 38.946551797667674], [-77.04545154684725, 38.94638458912768], [-77.04552788348853, 38.94617556723717], [-77.04559652522305, 38.94600231117873], [-77.04568051284602, 38.94583508462882], [-77.04572635562035, 38.94572759786895], [-77.04579506171964, 38.94565595510812], [-77.04586379069015, 38.9456200751883], [-77.04592489456941, 38.94556627173654], [-77.04597838494921, 38.94551256132997], [-77.0460624598095, 38.94548262072343], [-77.0461771231454, 38.945464739079064], [-77.04626121345568, 38.94547659676681], [-77.04639125014967, 38.94552428914364], [-77.04665884161716, 38.945631741563545], [-77.04688058672536, 38.94567939675317], [-77.04708697433486, 38.945721112241095], [-77.04728574439446, 38.945738958491276], [-77.04746916383489, 38.945726903132446], [-77.04767551198232, 38.945708892668584], [-77.04783607885547, 38.94567900964797], [-77.04791240077233, 38.945631234479755], [-77.04795828423106, 38.94558941722136], [-77.04805755255437, 38.9454937985463], [-77.04816445781488, 38.94529674334323], [-77.04826366134529, 38.94512347308982], [-77.04837059724849, 38.94495623509864], [-77.04849279130624, 38.944818898186455], [-77.04876798771501, 38.944609701364186], [-77.04899720823039, 38.944442411700926], [-77.04921880696872, 38.9442811603445], [-77.0493868866071, 38.94416163955866], [-77.04947090783836, 38.94404215413346], [-77.04955490898676, 38.943910777713235], [-77.04958116864476, 38.94385208658867], [-77.04960836116248, 38.943791305138646], [-77.04966942929258, 38.943725608783254], [-77.04970990570357, 38.94369131503935], [-77.04976110351006, 38.943647918346095], [-77.04985277537206, 38.94360013535539], [-77.04992149717316, 38.94357623406108], [-77.05000830956865, 38.94332694660651], [-77.05007312768598, 38.943165301139615], [-77.05013786882023, 38.94302582506564], [-77.05030405552293, 38.94282928286295], [-77.05046217375592, 38.942626348013476], [-77.05058783204359, 38.94252179752861], [-77.05075403684475, 38.94233786626557], [-77.05094040220875, 38.94211915397079], [-77.05108628546694, 38.9419099177752], [-77.05118346103185, 38.94164368023826], [-77.05131928676263, 38.941422016691995], [-77.05134819669534, 38.94120265206789], [-77.05133834400458, 38.94097573749239], [-77.05131881305346, 38.940763961089225], [-77.05121221115844, 38.94057492375655], [-77.05119275126535, 38.94046142777555], [-77.0512023921962, 38.940378186913826], [-77.0513764523195, 38.940075612004144], [-77.0515418522023, 38.93973035032422], [-77.0515805500869, 38.93964957388412], [-77.05160841019477, 38.93959140402959], [-77.05173390132909, 38.93910724272009], [-77.05190787998542, 38.93866845251739], [-77.05204676678868, 38.93840053803609], [-77.05205300965426, 38.938388509178516], [-77.05205960504526, 38.93836957980739], [-77.05213990028489, 38.938138850512054], [-77.05213009023004, 38.9379573376753], [-77.05207197859004, 38.937828725074255], [-77.05197499616966, 38.93771535375799], [-77.05186846309664, 38.9376170394655], [-77.05173290240532, 38.93757168870851], [-77.05150043230046, 38.93749621174027], [-77.05079358831496, 38.937299869876924], [-77.05040619415591, 38.93719409998275], [-77.05016420115993, 38.93718663712268], [-77.04988347540908, 38.93719432424235], [-77.04938972743828, 38.93723993575618], [-77.04891537069199, 38.93732328184477], [-77.0485765027233, 38.93730081234026], [-77.04819883509612, 38.9372631428419], [-77.04808262804274, 38.93719507895208], [-77.04794700956079, 38.937059019255415], [-77.04785012230944, 38.936869884660325], [-77.04783354639075, 38.936747558727426], [-77.04783106585343, 38.93672932694253], [-77.04783063699946, 38.936726210246114], [-77.0478305304515, 38.936567393950845], [-77.04785942883129, 38.93631776210303], [-77.04787871602292, 38.93616650482568], [-77.04781073215266, 38.93593961353843], [-77.04779123981623, 38.9357505462612], [-77.04781047849278, 38.935561355037315], [-77.04785881952553, 38.93541008585299], [-77.04803046174916, 38.935059349232866], [-77.04829948305918, 38.93481198746285], [-77.04771559970602, 38.93506076638829], [-77.04757106040847, 38.93511728034399], [-77.04675546174524, 38.93535774379242], [-77.04671002710842, 38.93537145457928], [-77.04666482342722, 38.93538561567136], [-77.04661985075985, 38.93540031715193], [-77.04657521291071, 38.93541555897991], [-77.04653082908274, 38.93543125110473], [-77.04648678007146, 38.935447483577676], [-77.04644296201204, 38.93546416635729], [-77.0463994787093, 38.935481299402646], [-77.046356353289, 38.93549897278798], [-77.04631345881866, 38.93551709648092], [-77.04616378722959, 38.93557724107009], [-77.04584776065504, 38.935708436262175], [-77.04559254888682, 38.93581726630032], [-77.04556395277918, 38.93583006924038], [-77.0455350218303, 38.93584233180578], [-77.04550573297283, 38.93585405400523], [-77.04547608626467, 38.93586532592145], [-77.0454461047167, 38.93587605746224], [-77.04541589219282, 38.935886338669974], [-77.04538534477297, 38.93589598941879], [-77.04535454331032, 38.93590518984309], [-77.04532353382677, 38.935913759758805], [-77.04529227024436, 38.93592178926667], [-77.04525987695166, 38.9359308101168], [-77.04522735637671, 38.93593920042604], [-77.04519447784023, 38.93594696028354], [-77.04516139128495, 38.93595408963104], [-77.0451281774499, 38.935960588437176], [-77.04509473252963, 38.93596645674197], [-77.04506105658218, 38.93597178462813], [-77.04502726483439, 38.935976391885056], [-77.04499334581014, 38.93598036860012], [-77.04495933411236, 38.93598371475987], [-77.04493419144247, 38.93598606658712], [-77.04490904865743, 38.935988238243034], [-77.04488390564401, 38.93599004956153], [-77.04485876245928, 38.935991590625655], [-77.04483349217263, 38.93599277140104], [-77.04480824484006, 38.93599377199614], [-77.0447829742124, 38.93599441226263], [-77.04475771494864, 38.93599478227028], [-77.04473245545844, 38.935994791940495], [-77.04470720733292, 38.93599453135186], [-77.04427040353747, 38.935996048863174], [-77.04388447487408, 38.93599529357557], [-77.0438286502468, 38.93599531452284], [-77.04377282567486, 38.935995425526436], [-77.04371689740708, 38.93599571670819], [-77.04366107305526, 38.93599618799035], [-77.04360524881294, 38.9359968394119], [-77.04354942473462, 38.935997761055745], [-77.04349347383565, 38.935998772803124], [-77.04343764991913, 38.93599996464253], [-77.04338182611025, 38.93600133662134], [-77.04332601394285, 38.93600288873512], [-77.04328032934936, 38.93600560815164], [-77.04323465655955, 38.93600877796103], [-77.0431891108582, 38.9360123080376], [-77.04314354241136, 38.936016378602964], [-77.04309810110581, 38.9360208995187], [-77.04305278688622, 38.93602578070202], [-77.04300744991853, 38.936031202374195], [-77.0429622400353, 38.93603698431414], [-77.04291715734428, 38.936043306687985], [-77.04287217866819, 38.936049989338294], [-77.04282176929804, 38.93605973678358], [-77.04277115213951, 38.936069214034084], [-77.04272051168354, 38.93607833093916], [-77.04266976724662, 38.93608717761114], [-77.04261902263548, 38.93609575401213], [-77.04256817404463, 38.93610406017987], [-77.04251719840634, 38.93611209612267], [-77.0424662225419, 38.936119771711276], [-77.04241501582506, 38.93612717711237], [-77.04236391274328, 38.93613431220438], [-77.04232469905148, 38.93613774956572], [-77.04228561207002, 38.93614091661905], [-77.04224639794379, 38.936143633290186], [-77.04220705678004, 38.936146079745], [-77.04216773846869, 38.93614816584628], [-77.04212839692714, 38.936149981693696], [-77.04208907823909, 38.93615143718754], [-77.04204973626868, 38.936152532344536], [-77.04201041720601, 38.93615335723101], [-77.0419709710558, 38.9361538218178], [-77.04177511978969, 38.9361483068373], [-77.04172875258479, 38.93614769281983], [-77.04168238595996, 38.936148069696834], [-77.04163601980817, 38.93614925730241], [-77.04158975803921, 38.936151435765574], [-77.04154362361427, 38.93615442491223], [-77.04149748970983, 38.93615831487061], [-77.04145158700487, 38.9361631055589], [-77.04140581169145, 38.936168797014126], [-77.04136014069967, 38.93617538924462], [-77.04131480465654, 38.93618279208595], [-77.0412751322898, 38.936191003656795], [-77.04123581783406, 38.93619984566894], [-77.0411966075394, 38.93620931821224], [-77.0411577320858, 38.93621942120544], [-77.04111911073402, 38.93623015467743], [-77.0410808242215, 38.93624151860001], [-77.04104276868901, 38.93625342292695], [-77.04100504804605, 38.936266047788024], [-77.04096768525612, 38.93627921300952], [-77.04093068037037, 38.93629300867475], [-77.04088765732348, 38.93631140066718], [-77.04084511909817, 38.93633051313826], [-77.04080314653504, 38.93635052622642], [-77.04076186635334, 38.93637116963899], [-77.04072115178074, 38.9363926235869], [-77.04068115270783, 38.93641479793555], [-77.04064171919116, 38.93643769273779], [-77.04060308191166, 38.93646130791406], [-77.04056516013047, 38.936485643493135], [-77.04052790765947, 38.936510609408714], [-77.04050705005217, 38.93652394892394], [-77.0404859384822, 38.93653692819135], [-77.04046449231328, 38.936549727404724], [-77.0404428153012, 38.93656225644502], [-77.0404210343214, 38.9365745152682], [-77.04039889567453, 38.93658659404489], [-77.04037652613391, 38.93659831256513], [-77.04035392580164, 38.93660985099475], [-77.04033119838296, 38.93662102913179], [-77.04030813631498, 38.936631937130784], [-77.04027757889482, 38.936646090696534], [-77.0402467905258, 38.936659793918736], [-77.04021578284413, 38.93667322695924], [-77.04018452124777, 38.93668638982981], [-77.0401529248964, 38.936699102391955], [-77.04012122452384, 38.93671145464923], [-77.04008927023736, 38.93672353673597], [-77.04005710812329, 38.93673525855318], [-77.04002469204536, 38.93674662011644], [-77.03999217194772, 38.93675762137435], [-77.03996011259966, 38.936767541469564], [-77.0399280531418, 38.936777281390064], [-77.03989588976712, 38.93678684117121], [-77.03986370326513, 38.93679631086837], [-77.03983141279622, 38.93680551034307], [-77.03979901841116, 38.93681452967823], [-77.03976649709205, 38.93682345896457], [-77.03973397566432, 38.93683220807593], [-77.03970132720248, 38.93684068697232], [-77.03966857487545, 38.936849075811864], [-77.03952764881146, 38.93688749891413], [-77.03930566111971, 38.93694801946894], [-77.03924650080398, 38.936966146031416], [-77.03921847772338, 38.93697516373745], [-77.0392041778756, 38.93697976276768], [-77.03916220115428, 38.93699373970451], [-77.03912032837243, 38.937007986840406], [-77.0390787095727, 38.9370226842913], [-77.03903729856832, 38.93703774198997], [-77.03899614149567, 38.93705315992117], [-77.03895508836057, 38.93706884805211], [-77.0389143699448, 38.93708498647214], [-77.03887390545927, 38.93710148512545], [-77.03883354491002, 38.93711825397911], [-77.038731943538, 38.93716693250847], [-77.03862355013348, 38.937218856181424], [-77.03852300251816, 38.93727573173203], [-77.03833412932246, 38.937382452090795], [-77.03800032476117, 38.937570384122694], [-77.0377480268816, 38.93770631101795], [-77.03768563149922, 38.937737860196606], [-77.03762279756799, 38.93776904915098], [-77.03755970954231, 38.93779969765517], [-77.03749618292171, 38.93782989585084], [-77.03743229844696, 38.93785964371156], [-77.03736805611884, 38.93788894123669], [-77.03730360583727, 38.937917698294804], [-77.03723867082661, 38.9379460050568], [-77.03717340103381, 38.937973861474106], [-77.0371077964598, 38.938001267546184], [-77.03702591940339, 38.93803354321806], [-77.03694368433462, 38.938065098281676], [-77.03686088363702, 38.938095932801865], [-77.03677774804605, 38.9381261367877], [-77.03669425440218, 38.938155530079875], [-77.03661029899087, 38.938184292876045], [-77.03644709230089, 38.93823851077502], [-77.03644713693393, 38.93805507479977], [-77.03644875211036, 38.93785274792757], [-77.03644951462738, 38.93774239603845], [-77.0364495123706, 38.937737981973086], [-77.03644917538719, 38.93753007055235], [-77.03644899982928, 38.93743485289079], [-77.0363247874295, 38.937434711394644], [-77.03628049587445, 38.93743463506859], [-77.03611335305312, 38.93743459674885], [-77.03576869810004, 38.93743447752467], [-77.03569651675879, 38.93743445455063], [-77.03523283997743, 38.93743450516118], [-77.03480249655422, 38.93743328284979], [-77.03436073563081, 38.937434944966675], [-77.03430421742891, 38.93743415082168], [-77.03424780247386, 38.937432185540274], [-77.03419151379381, 38.9374289590329], [-77.03413522451505, 38.937424471336804], [-77.03407916536845, 38.93741881246761], [-77.0340234631904, 38.93741189230584], [-77.0339678642734, 38.93740380100872], [-77.03391259930493, 38.93739453850938], [-77.03386853448232, 38.93738608348581], [-77.03385781818996, 38.93738401468196], [-77.03380324415215, 38.937372319690105], [-77.03372364866861, 38.9373527946751], [-77.03364220758164, 38.937332909805136], [-77.03353308121598, 38.93730627660065], [-77.03334049388071, 38.937256245554764], [-77.03325110438209, 38.93723302960848], [-77.03317247765985, 38.93721260311224], [-77.03285675593739, 38.937121798557115], [-77.0327325046847, 38.937086070473015], [-77.0325812747269, 38.93704953903355], [-77.0322615236753, 38.936972336523375], [-77.03217069245841, 38.93694766981153], [-77.03195767654057, 38.93688981389333], [-77.03184104049446, 38.9368581365126], [-77.03130593209937, 38.93671696787183], [-77.03114037515135, 38.93667329482083], [-77.03096157611688, 38.93662703966164], [-77.03086618981905, 38.93660238214954], [-77.0307582180477, 38.936573493971366], [-77.03043643723166, 38.93648721563852], [-77.03023866267081, 38.93643418106203], [-77.03011879794441, 38.936400971384614], [-77.03002755274609, 38.936375771622025], [-77.02999088163584, 38.93636560165842], [-77.02992120769726, 38.936346251670614], [-77.02983976772717, 38.936323751740666], [-77.02972728603595, 38.93629261168504], [-77.02959924447573, 38.93626021430059], [-77.02921258263461, 38.93616212110878], [-77.02917077867147, 38.93615089819915], [-77.02861320918629, 38.93600120096583], [-77.02856488821402, 38.93598878133046], [-77.02849670367411, 38.935971321871506], [-77.02838665794857, 38.93594306258628], [-77.02804995781564, 38.935856664189366], [-77.02803710756311, 38.93585314502698], [-77.02751010993487, 38.93570896628332], [-77.0272887502896, 38.93564947330561], [-77.02720222523135, 38.93562634214144], [-77.02709968942703, 38.935598800558935], [-77.02708953848939, 38.9355960103387], [-77.02672790178627, 38.935500515521014], [-77.02628749380908, 38.93538575956095], [-77.02600109057478, 38.935310063809574], [-77.02594531779593, 38.93529261811497], [-77.02589520468746, 38.93526553225661], [-77.02587770009198, 38.93524439364877], [-77.02583340037434, 38.935218000115626], [-77.02552721638783, 38.93513865020087], [-77.0255014826667, 38.93513406158464], [-77.02547564527273, 38.9351298333174], [-77.02544970420566, 38.93512596539908], [-77.02542363639726, 38.93512245783472], [-77.02539756871971, 38.935119310596626], [-77.02536699130036, 38.93511616433155], [-77.02530538814838, 38.935114096768366], [-77.02520037613603, 38.93512513661218], [-77.0251719817156, 38.93516340999913], [-77.02511767137685, 38.93523656909719], [-77.02508920770235, 38.93527495057774], [-77.02481746862327, 38.93563822332062], [-77.0245294832815, 38.93602456006686], [-77.02451518775732, 38.93604393091282], [-77.0244051005345, 38.936193401658734], [-77.02429983185039, 38.93633629523576], [-77.02403226155978, 38.93639607559094], [-77.02335480519962, 38.9365655689678], [-77.02315955963486, 38.93661281131083], [-77.02308861886736, 38.93663003119913], [-77.02298943318357, 38.93665401282825], [-77.02265035608714, 38.936736144642275], [-77.02201638436318, 38.93689210936528], [-77.02197232720381, 38.93690292761532], [-77.02174739256749, 38.93695581236907], [-77.02150140920992, 38.93701363711141], [-77.02147119180256, 38.937020759222776], [-77.0213740782136, 38.9370348299697], [-77.02125586947436, 38.937051967295986], [-77.02124283640812, 38.93705386140837], [-77.02076383923536, 38.93711430309066], [-77.02054780005216, 38.93714154633473], [-77.02027436868103, 38.93717646521153], [-77.01981945265256, 38.93723454767623], [-77.01978900357412, 38.93723905698509], [-77.01976650134247, 38.93724275419538], [-77.01975865842462, 38.93724401668339], [-77.01972833643903, 38.9372493367018], [-77.01969823372355, 38.93725510709033], [-77.01968714996121, 38.93725736103252], [-77.01966823491053, 38.93726123778556], [-77.01963837460238, 38.93726772878169], [-77.0196086182453, 38.93727476025072], [-77.01960008349077, 38.937276833590985], [-77.01957909264115, 38.937282061922424], [-77.01954967098719, 38.93728990406721], [-77.01952050315363, 38.93729801641111], [-77.01916306732207, 38.93737752875576], [-77.01903517175128, 38.937406015878565], [-77.01888292871291, 38.93743991177644], [-77.0188656168307, 38.93744378814042], [-77.01876251881458, 38.93746902797173], [-77.01865940926201, 38.93749453796274], [-77.01855653043809, 38.93752049824096], [-77.01845375541762, 38.93754672866102], [-77.01835123416825, 38.93757331928262], [-77.01824868986604, 38.93760027014967], [-77.01814639933225, 38.937627581219125], [-77.01804421259692, 38.93765516243183], [-77.01796231330142, 38.93767760570911], [-77.0179422565591, 38.937683103851526], [-77.01784041587443, 38.93771140549644], [-77.01780639209626, 38.93772095948065], [-77.01777258761778, 38.93773114400243], [-77.01773903699637, 38.937741778890775], [-77.0177260043377, 38.93774619493401], [-77.01770582101615, 38.937753044299605], [-77.01767293965415, 38.93776485014624], [-77.01764041595615, 38.93777710634448], [-77.01760812308886, 38.93778999307968], [-77.01757629171544, 38.93780342023434], [-77.01754481800445, 38.93781729774156], [-77.01751367890903, 38.93783171568789], [-77.0175027112159, 38.93783757272427], [-77.01747849233894, 38.93785054829704], [-77.01744379032394, 38.937869921321045], [-77.01740965364775, 38.93789001491425], [-77.01737608224406, 38.937910558828214], [-77.01734322612467, 38.93793182329009], [-77.01731093529912, 38.93795362815679], [-77.01727920976732, 38.93797597342869], [-77.01724830328449, 38.93799885906888], [-77.01721798516391, 38.93802228511191], [-77.01718833616748, 38.93804634162934], [-77.01710377308697, 38.93812256422808], [-77.0169782254659, 38.938235726742306], [-77.01695436595934, 38.938257260035144], [-77.0168789471475, 38.93832501334238], [-77.0167705467512, 38.93842231854973], [-77.01654867098412, 38.93862152360698], [-77.01646079675305, 38.938700358606596], [-77.01639724350073, 38.938757390053354], [-77.0163911430339, 38.938762885969545], [-77.01631536545953, 38.93883009845904], [-77.01624870967157, 38.93888920216464], [-77.0161723667407, 38.93895686505316], [-77.01614088389474, 38.938984795121286], [-77.016086002416, 38.93903443839554], [-77.01585420537171, 38.93924373276625], [-77.01543291911659, 38.939622768112066], [-77.01531310881697, 38.93972836107985], [-77.0152684667193, 38.93976764308281], [-77.01526513382991, 38.93977052617226], [-77.01525439729085, 38.93978079702935], [-77.01524414526094, 38.93979133807102], [-77.01523410087059, 38.93980196916763], [-77.01522441410853, 38.93981287046566], [-77.01521508495576, 38.93982395188214], [-77.01520609034289, 38.939835213420224], [-77.01519755713186, 38.939846564980535], [-77.01518935848027, 38.93985818674554], [-77.01518151741912, 38.93986989854642], [-77.01517403396774, 38.93988179046619], [-77.01509216586095, 38.940013412238656], [-77.01505606307758, 38.940071430305906], [-77.0150127073476, 38.94014097990891], [-77.01485104591072, 38.94040431297328], [-77.014646614696, 38.94073521336177], [-77.01463818558227, 38.94074890702227], [-77.01462942191951, 38.94076242055812], [-77.0146205544403, 38.94077593410624], [-77.01461143315538, 38.94078926751953], [-77.01460210424081, 38.94080260095805], [-77.01459252152037, 38.94081575426165], [-77.01458273115163, 38.94082881750738], [-77.0145728138965, 38.94084188076808], [-77.01456253902207, 38.94085476390668], [-77.01455216031235, 38.940867556974275], [-77.01443384281644, 38.941013686143194], [-77.01437261967718, 38.941089363339714], [-77.01431166166432, 38.94116481526328], [-77.01429720063747, 38.94118314890666], [-77.01428267038494, 38.941201437515176], [-77.01426767867656, 38.94121945592943], [-77.0142525600591, 38.94123738427428], [-77.01423710688684, 38.94125513249199], [-77.01422131917775, 38.94127279066541], [-77.01420527765782, 38.941290268701685], [-77.0141890284843, 38.941307656677964], [-77.01417242166796, 38.94132477444655], [-77.014155687942, 38.94134180214519], [-77.0139742911865, 38.94152226004744], [-77.01376057852762, 38.94173334965944], [-77.0135264626468, 38.94196245781571], [-77.01341241225973, 38.9420636340583], [-77.0133952162202, 38.94207768896293], [-77.01331714776018, 38.94214165674347], [-77.01323041766439, 38.94221265191792], [-77.01314286855794, 38.94228445786525], [-77.0129809433256, 38.94243068050175], [-77.01288060581908, 38.94252744063062], [-77.01285592526561, 38.942552396309274], [-77.01283193686457, 38.942577712238126], [-77.01280840989833, 38.94260329836009], [-77.01278558663651, 38.94262933481464], [-77.0127633286259, 38.94265564145153], [-77.01274164740197, 38.9426822182699], [-77.01272076214823, 38.942709155329], [-77.0127003614013, 38.94273636258023], [-77.01268075662543, 38.942763930073], [-77.01266171708706, 38.94279167766683], [-77.012649620093, 38.942810506300326], [-77.0126378576429, 38.942829515062115], [-77.01262632588906, 38.942848523797714], [-77.012615255566, 38.94286771264812], [-77.01260451978763, 38.942887081627056], [-77.01259414160849, 38.942906540649304], [-77.01258412102885, 38.94292608971493], [-77.01257443497857, 38.94294572882654], [-77.01256508345806, 38.94296545798417], [-77.01255608955358, 38.94298536726831], [-77.01245507975135, 38.9432032885702], [-77.01243985908187, 38.94323635060846], [-77.01240839142865, 38.94330454669361], [-77.0123781805994, 38.94337013023284], [-77.01231094395834, 38.94351580134637], [-77.01221121274567, 38.94373183054012], [-77.01220670416872, 38.94374183020986], [-77.01220175723489, 38.9437517398423], [-77.0121964526908, 38.94376155942897], [-77.01219091740901, 38.943771198873684], [-77.01218492071467, 38.94378083836625], [-77.01217869326709, 38.94379020763387], [-77.0121721082088, 38.943799486855575], [-77.01216518861042, 38.9438086760288], [-77.01215793445631, 38.94381768507068], [-77.01215042649346, 38.943826513972745], [-77.01212090059829, 38.94385255098795], [-77.01209137468152, 38.94387858799553], [-77.01206197564677, 38.94390471506536], [-77.01203268040813, 38.94393084211691], [-77.01200348898085, 38.94395705923323], [-77.0119743206179, 38.94398336642265], [-77.0119452560512, 38.94400967359399], [-77.01191629529596, 38.94403607083028], [-77.01188746140782, 38.94406246804635], [-77.0118586275283, 38.94408904542093], [-77.01184699024239, 38.94410021687642], [-77.0118415579567, 38.94410535215025], [-77.01182425767065, 38.94412165890038], [-77.01180695736178, 38.94413787556505], [-77.01178942632342, 38.94415400216749], [-77.01177179144422, 38.944170038694885], [-77.0117540296535, 38.94418598514944], [-77.01173614095123, 38.94420184153115], [-77.01171814840805, 38.944217607837594], [-77.01170005202405, 38.944233284068765], [-77.01168170183959, 38.94424887023957], [-77.01166163256998, 38.94426256483889], [-77.01164133255617, 38.94427607929199], [-77.01163869123938, 38.94427779112944], [-77.01162080178345, 38.94428932351587], [-77.01160016717023, 38.94430247766356], [-77.01157917490926, 38.944315361594434], [-77.0115580557371, 38.94432815545119], [-77.01154272669805, 38.944337165252236], [-77.01153719024063, 38.94434036374045], [-77.01151527507683, 38.94435293246084], [-77.01149359054725, 38.9443650957815], [-77.01147167525941, 38.94437698887221], [-77.01144768333657, 38.9443872606707], [-77.01128791781483, 38.94445627968068], [-77.01123255139274, 38.944477994983906], [-77.01117787721572, 38.94450070110601], [-77.0111237914496, 38.94452430797505], [-77.01107050174416, 38.94454890565498], [-77.01106634929421, 38.94455079778825], [-77.01101777736194, 38.94457431400293], [-77.01096587210856, 38.944600713161556], [-77.0109282697466, 38.94462071507768], [-77.01091465906559, 38.94462792297802], [-77.01086426514908, 38.94465612360718], [-77.01083507159842, 38.944673151976964], [-77.01081466725982, 38.944685134886555], [-77.010765865397, 38.944714956817045], [-77.01041165555793, 38.94493100758893], [-77.00999802962846, 38.94518552775173], [-77.00956709935332, 38.945454371027886], [-77.00953341824732, 38.945474462253785], [-77.00950007170128, 38.94549491377401], [-77.00946731352123, 38.945515905734084], [-77.00943491297193, 38.94553725798735], [-77.00940295080217, 38.945558970527664], [-77.00937157699786, 38.94558122350898], [-77.00920670279002, 38.94569870463455], [-77.00899361130732, 38.94592419856365], [-77.00895565316839, 38.94596870239798], [-77.00892625340863, 38.946005098111385], [-77.00891910241984, 38.94601392677484], [-77.0089048120976, 38.946032584018965], [-77.00888991047779, 38.946052034036704], [-77.00888403981276, 38.94605987168944], [-77.00885036152805, 38.946106537150904], [-77.00883698249606, 38.94612527539192], [-77.00882268073819, 38.94614509469499], [-77.00879671883229, 38.94618446284837], [-77.00877249886159, 38.9462244614447], [-77.00874989394684, 38.94626518057742], [-77.00872926166328, 38.94630634997229], [-77.0087102213472, 38.946348059741474], [-77.00869315367899, 38.94639030985751], [-77.00863142803026, 38.946596225750405], [-77.00860460491069, 38.94676623202669], [-77.00859567366739, 38.946936245984936], [-77.00859568265572, 38.94701077149723], [-77.00859978468469, 38.947067298161265], [-77.00862292945762, 38.9473859373741], [-77.00867834802447, 38.94795685105273], [-77.00868851650748, 38.94809503730756], [-77.00869442134622, 38.94817665188061], [-77.0087003028846, 38.94825628463236], [-77.00870376948203, 38.94830375800586], [-77.00872803343267, 38.94861679388899], [-77.00875335133216, 38.94896198922184], [-77.00878627181511, 38.94940077995663], [-77.00878859412636, 38.949429471145095], [-77.00879983606654, 38.94956899950338], [-77.00881620802507, 38.949772279044], [-77.00884533490596, 38.950219808006835], [-77.00885186383185, 38.95030762018477], [-77.00886670126097, 38.95050679203182], [-77.00889351056969, 38.95086695884717], [-77.008895024202, 38.95088587610882], [-77.00890727310083, 38.9510482042832], [-77.00891731486864, 38.95118080531486], [-77.00892147501297, 38.95123683646241], [-77.00892702132555, 38.95130710057615], [-77.00896019501276, 38.951724000938874], [-77.00898816492145, 38.952131803303374], [-77.00900352300056, 38.95233683039921], [-77.0090093012038, 38.95241493167282], [-77.00901543746714, 38.952496275895165], [-77.00901728635739, 38.952520147672885], [-77.00903703021469, 38.95273823640399], [-77.00903992977197, 38.9527685039717], [-77.00904247169294, 38.95279877156678], [-77.00904478288125, 38.952829039179505], [-77.00904686333668, 38.95285930680988], [-77.00904858616614, 38.95288966455044], [-77.00904997443116, 38.95292002231669], [-77.00905102811991, 38.95295029002591], [-77.0090518280123, 38.952980647837364], [-77.00905242024345, 38.95301100566467], [-77.00905252793059, 38.95304136352935], [-77.00905381889268, 38.953123068445734], [-77.00905269302088, 38.95334196950755], [-77.00905164794138, 38.95337953407576], [-77.00904924694775, 38.95345988803215], [-77.00904728295389, 38.953529251863934], [-77.00904741084281, 38.95353699896626], [-77.00905100892122, 38.95379832859443], [-77.00904979180427, 38.95411650075976], [-77.00904995410005, 38.954486019928325], [-77.0090496165008, 38.954553041470554], [-77.00904926875953, 38.95463105309979], [-77.00904837018278, 38.954823109441556], [-77.00903867897087, 38.9548224796126], [-77.00899922211751, 38.95482167191297], [-77.00895989235404, 38.95482230551308], [-77.00892053969602, 38.9548243804246], [-77.00889574683099, 38.95482663438103], [-77.00888144103081, 38.95482789662639], [-77.00884244638537, 38.954832944212704], [-77.0086060465249, 38.954883516255464], [-77.00828591228651, 38.9549520022214], [-77.0082266131459, 38.95496469005065], [-77.00774760554306, 38.955076515381165], [-77.00773801843557, 38.955078587917725], [-77.00770271573742, 38.955086337359404], [-77.00735845633722, 38.95516184881867], [-77.00728382440562, 38.95517824853956], [-77.00721068069187, 38.955194287790256], [-77.00720524682589, 38.95519545920008], [-77.00686734318512, 38.95526943741425], [-77.00679419933562, 38.95528601690012], [-77.00672115928639, 38.95530259633421], [-77.00664814228594, 38.95531926580397], [-77.00657499834263, 38.955335935235205], [-77.00650196973665, 38.95535260461423], [-77.00642881418787, 38.955369273954545], [-77.00638763893862, 38.95537864480955], [-77.00635579705062, 38.95538594324152], [-77.00628275681292, 38.955402702566715], [-77.00626129813091, 38.9554075681823], [-77.00620973960737, 38.95541937176237], [-77.00614592884338, 38.95543396852728], [-77.00613669930107, 38.95543613099623], [-77.00609830438236, 38.955444934082415], [-77.00571167810158, 38.95553362198401], [-77.00479920540637, 38.95574383487707], [-77.00468947656584, 38.95576772024508], [-77.00389477959666, 38.95594069913035], [-77.00352876463424, 38.95602273101573], [-77.00337296728227, 38.95605975958848], [-77.00334976615129, 38.95606620116578], [-77.00313587960436, 38.95612918388581], [-77.00300442590529, 38.95617641767536], [-77.00290637228161, 38.95621873197774], [-77.00280395787536, 38.95627200035271], [-77.00272574843743, 38.95632149361218], [-77.0027079814501, 38.95633362815837], [-77.00265493426588, 38.95636985160956], [-77.0025133066447, 38.9564951957398], [-77.00250253111106, 38.95650472671525], [-77.00241785031169, 38.956599936847795], [-77.00231963681841, 38.95672158644274], [-77.00228238434855, 38.95677447469633], [-77.00225189239735, 38.95681678710526], [-77.00177583926484, 38.956451609278304], [-77.00061982613153, 38.95556483846632], [-77.00047878326669, 38.95544385811224], [-77.00047438759222, 38.95544151598096], [-77.0004619274127, 38.955434669748406], [-77.00044462160879, 38.95542467063982], [-77.00042765038515, 38.955414311196776], [-77.0004111637249, 38.955403591418886], [-77.00039501164458, 38.95539242122412], [-77.00037932105347, 38.95538089069501], [-77.0003698605502, 38.95537350394674], [-77.00027733231794, 38.95530161823535], [-77.00016957558692, 38.9553638655669], [-76.99990040214261, 38.95551916816877], [-76.99987317437974, 38.95553691442788], [-76.9998463042551, 38.955555021011655], [-76.99981964178569, 38.95557330775483], [-76.9997932331202, 38.955591774657655], [-76.99976715901825, 38.955610601885745], [-76.99974131564585, 38.95562960927379], [-76.99971580683751, 38.955648796822175], [-76.9996906556671, 38.95566834469653], [-76.99966573522603, 38.95568807273135], [-76.99964117242367, 38.955707980927215], [-76.9996128946027, 38.955732303156054], [-76.99961048331429, 38.95573446513196], [-76.99958508978715, 38.955756805544965], [-76.99955741186065, 38.95578148809289], [-76.99953005695605, 38.95580635080082], [-76.9995135701632, 38.9558216647858], [-76.99950295585005, 38.95583139366856], [-76.99947618930331, 38.95585661669674], [-76.99944965348098, 38.95588201988505], [-76.99943891223487, 38.95589246942257], [-76.99942334838224, 38.95590769331632], [-76.99939737784379, 38.955933456825925], [-76.9993717649404, 38.955959310414194], [-76.99923031662155, 38.9561158732267], [-76.99910086630963, 38.95628513760978], [-76.99908863656876, 38.95630117222723], [-76.99904894758497, 38.956351347948214], [-76.99898631040824, 38.95643062015452], [-76.9989725692076, 38.95644800598598], [-76.99894962102597, 38.95647809338697], [-76.99892562293569, 38.956507640277756], [-76.99890057493586, 38.95653664665774], [-76.99887462701143, 38.95656511252764], [-76.99884773301241, 38.95659303788647], [-76.99883952982692, 38.95660109119404], [-76.9988198121768, 38.95662042273274], [-76.9987909683419, 38.95664717698417], [-76.99876132841831, 38.95667330064139], [-76.99873063858402, 38.95669879370107], [-76.9986992564954, 38.95672374624904], [-76.9986766429189, 38.9567416724417], [-76.99865367167575, 38.95675941846054], [-76.9986329041036, 38.95677491243452], [-76.9986303658425, 38.95677689422296], [-76.99860682925717, 38.95679400964738], [-76.99858283116872, 38.956810944896084], [-76.99855860232843, 38.95682751980645], [-76.9985481147033, 38.9568344560403], [-76.99853403889827, 38.95684382445961], [-76.99850911780324, 38.956859858855104], [-76.99848383904357, 38.95687562299264], [-76.99846250612447, 38.956888504532074], [-76.99845835260737, 38.956891026791354], [-76.9984200479403, 38.956914087436644], [-76.99838092410704, 38.956936517479456], [-76.99834123493089, 38.95695831692261], [-76.99830098041446, 38.9569793956829], [-76.99826013748367, 38.95699975375935], [-76.99821870613926, 38.95701939115137], [-76.99817670945679, 38.95703830785878], [-76.99813414743947, 38.957056413798284], [-76.99809110084554, 38.95707388913581], [-76.99804761583034, 38.95709055370644], [-76.9979970813685, 38.9571091999584], [-76.99794595849967, 38.957126855269124], [-76.99789450104366, 38.95714369980767], [-76.99785775396913, 38.95715489641248], [-76.99784247825868, 38.95715955340414], [-76.99778997090316, 38.957174596224505], [-76.99773712896815, 38.95718873818846], [-76.99768382554647, 38.95720188921036], [-76.99763029138602, 38.9572141393769], [-76.99757629574282, 38.95722539860034], [-76.99753904106595, 38.957232604433585], [-76.99752206936162, 38.95723584705023], [-76.99747073894218, 38.957244133554404], [-76.99741928162814, 38.957251609289465], [-76.99740992470973, 38.95725278015699], [-76.99736759358414, 38.957258274253014], [-76.9973156748186, 38.957263948279426], [-76.99731347115414, 38.95726421847676], [-76.99726375607244, 38.957268901621674], [-76.99721159507108, 38.95727286402614], [-76.99715933025922, 38.95727601566112], [-76.99712260646362, 38.95727760021812], [-76.9971070770167, 38.95727826644667], [-76.99705469689218, 38.95727970646196], [-76.9970023168035, 38.95728024562743], [-76.99675103093446, 38.957280238919175], [-76.99664920132412, 38.95728007389822], [-76.99630153154793, 38.95727950491126], [-76.9957854609877, 38.957279487456766], [-76.99533814216622, 38.95727920023676], [-76.9948568107947, 38.95728062138479], [-76.99462150425934, 38.9572812323714], [-76.99444779623035, 38.957281683675994], [-76.99438181351927, 38.957281410277254], [-76.99426136246868, 38.95728104409892], [-76.99418866495738, 38.95728077026155], [-76.99410836426074, 38.95728049599622], [-76.99407295580481, 38.95728040412462], [-76.99374216527026, 38.95728074722413], [-76.99332150952667, 38.95728036362968], [-76.99307981132164, 38.95727998924767], [-76.9928583959638, 38.957279705688926], [-76.99281652657794, 38.95727916262894], [-76.99277463415439, 38.957278259221965], [-76.992732753306, 38.957276995470195], [-76.99269087249604, 38.957275371372866], [-76.99264900326264, 38.95727338693072], [-76.99260723790606, 38.95727104214961], [-76.99256547259922, 38.95726824694043], [-76.99252370732391, 38.957265181468436], [-76.99248204593684, 38.957261665575004], [-76.99244040766705, 38.95725778933768], [-76.99197752899181, 38.95722172544755], [-76.99194314755351, 38.957220281761835], [-76.99190876599403, 38.95721991905764], [-76.99187425739964, 38.95722063732609], [-76.99183987561351, 38.957222256419584], [-76.99180562060315, 38.95722504658613], [-76.99178080323539, 38.95722774732361], [-76.99177146931278, 38.957228827658874], [-76.99173754865289, 38.957233599646955], [-76.99170396245938, 38.95723936255788], [-76.99167062995815, 38.95724620646883], [-76.99164392001731, 38.95725247431479], [-76.99163853187791, 38.957253735086546], [-76.9916377934596, 38.95725391519904], [-76.99163743578897, 38.95725399624787], [-76.99163571665848, 38.95725441951327], [-76.9916286555327, 38.957256148594645], [-76.99143503979558, 38.95730353605702], [-77.04096649301552, 38.99596803651135]]]}, "properties": {"WARD": 4, "NAME": "Ward 4", "REP_NAME": "Janeese Lewis George", "WEB_URL": "https://dccouncil.us/council/ward-4-councilmember-janeese-lewis-george"}}, {"type": "Feature", "geometry": {"type": "Polygon", "coordinates": [[[-76.99143503979558, 38.95730353605702], [-76.9916286555327, 38.957256148594645], [-76.99163571665848, 38.95725441951327], [-76.99163743578897, 38.95725399624787], [-76.9916377934596, 38.95725391519904], [-76.99163853187791, 38.957253735086546], [-76.99164392001731, 38.95725247431479], [-76.99167062995815, 38.95724620646883], [-76.99170396245938, 38.95723936255788], [-76.99173754865289, 38.957233599646955], [-76.99177146931278, 38.957228827658874], [-76.99178080323539, 38.95722774732361], [-76.99180562060315, 38.95722504658613], [-76.99183987561351, 38.957222256419584], [-76.99187425739964, 38.95722063732609], [-76.99190876599403, 38.95721991905764], [-76.99194314755351, 38.957220281761835], [-76.99197752899181, 38.95722172544755], [-76.99244040766705, 38.95725778933768], [-76.99248204593684, 38.957261665575004], [-76.99252370732391, 38.957265181468436], [-76.99256547259922, 38.95726824694043], [-76.99260723790606, 38.95727104214961], [-76.99264900326264, 38.95727338693072], [-76.99269087249604, 38.957275371372866], [-76.992732753306, 38.957276995470195], [-76.99277463415439, 38.957278259221965], [-76.99281652657794, 38.95727916262894], [-76.9928583959638, 38.957279705688926], [-76.99307981132164, 38.95727998924767], [-76.99332150952667, 38.95728036362968], [-76.99374216527026, 38.95728074722413], [-76.99407295580481, 38.95728040412462], [-76.99410836426074, 38.95728049599622], [-76.99418866495738, 38.95728077026155], [-76.99426136246868, 38.95728104409892], [-76.99438181351927, 38.957281410277254], [-76.99444779623035, 38.957281683675994], [-76.99462150425934, 38.9572812323714], [-76.9948568107947, 38.95728062138479], [-76.99533814216622, 38.95727920023676], [-76.9957854609877, 38.957279487456766], [-76.99630153154793, 38.95727950491126], [-76.99664920132412, 38.95728007389822], [-76.99675103093446, 38.957280238919175], [-76.9970023168035, 38.95728024562743], [-76.99705469689218, 38.95727970646196], [-76.9971070770167, 38.95727826644667], [-76.99712260646362, 38.95727760021812], [-76.99715933025922, 38.95727601566112], [-76.99721159507108, 38.95727286402614], [-76.99726375607244, 38.957268901621674], [-76.99731347115414, 38.95726421847676], [-76.9973156748186, 38.957263948279426], [-76.99736759358414, 38.957258274253014], [-76.99740992470973, 38.95725278015699], [-76.99741928162814, 38.957251609289465], [-76.99747073894218, 38.957244133554404], [-76.99752206936162, 38.95723584705023], [-76.99753904106595, 38.957232604433585], [-76.99757629574282, 38.95722539860034], [-76.99763029138602, 38.9572141393769], [-76.99768382554647, 38.95720188921036], [-76.99773712896815, 38.95718873818846], [-76.99778997090316, 38.957174596224505], [-76.99784247825868, 38.95715955340414], [-76.99785775396913, 38.95715489641248], [-76.99789450104366, 38.95714369980767], [-76.99794595849967, 38.957126855269124], [-76.9979970813685, 38.9571091999584], [-76.99804761583034, 38.95709055370644], [-76.99809110084554, 38.95707388913581], [-76.99813414743947, 38.957056413798284], [-76.99817670945679, 38.95703830785878], [-76.99821870613926, 38.95701939115137], [-76.99826013748367, 38.95699975375935], [-76.99830098041446, 38.9569793956829], [-76.99834123493089, 38.95695831692261], [-76.99838092410704, 38.956936517479456], [-76.9984200479403, 38.956914087436644], [-76.99845835260737, 38.956891026791354], [-76.99846250612447, 38.956888504532074], [-76.99848383904357, 38.95687562299264], [-76.99850911780324, 38.956859858855104], [-76.99853403889827, 38.95684382445961], [-76.9985481147033, 38.9568344560403], [-76.99855860232843, 38.95682751980645], [-76.99858283116872, 38.956810944896084], [-76.99860682925717, 38.95679400964738], [-76.9986303658425, 38.95677689422296], [-76.9986329041036, 38.95677491243452], [-76.99865367167575, 38.95675941846054], [-76.9986766429189, 38.9567416724417], [-76.9986992564954, 38.95672374624904], [-76.99873063858402, 38.95669879370107], [-76.99876132841831, 38.95667330064139], [-76.9987909683419, 38.95664717698417], [-76.9988198121768, 38.95662042273274], [-76.99883952982692, 38.95660109119404], [-76.99884773301241, 38.95659303788647], [-76.99887462701143, 38.95656511252764], [-76.99890057493586, 38.95653664665774], [-76.99892562293569, 38.956507640277756], [-76.99894962102597, 38.95647809338697], [-76.9989725692076, 38.95644800598598], [-76.99898631040824, 38.95643062015452], [-76.99904894758497, 38.956351347948214], [-76.99908863656876, 38.95630117222723], [-76.99910086630963, 38.95628513760978], [-76.99923031662155, 38.9561158732267], [-76.9993717649404, 38.955959310414194], [-76.99939737784379, 38.955933456825925], [-76.99942334838224, 38.95590769331632], [-76.99943891223487, 38.95589246942257], [-76.99944965348098, 38.95588201988505], [-76.99947618930331, 38.95585661669674], [-76.99950295585005, 38.95583139366856], [-76.9995135701632, 38.9558216647858], [-76.99953005695605, 38.95580635080082], [-76.99955741186065, 38.95578148809289], [-76.99958508978715, 38.955756805544965], [-76.99961048331429, 38.95573446513196], [-76.9996128946027, 38.955732303156054], [-76.99964117242367, 38.955707980927215], [-76.99966573522603, 38.95568807273135], [-76.9996906556671, 38.95566834469653], [-76.99971580683751, 38.955648796822175], [-76.99974131564585, 38.95562960927379], [-76.99976715901825, 38.955610601885745], [-76.9997932331202, 38.955591774657655], [-76.99981964178569, 38.95557330775483], [-76.9998463042551, 38.955555021011655], [-76.99987317437974, 38.95553691442788], [-76.99990040214261, 38.95551916816877], [-77.00016957558692, 38.9553638655669], [-77.00027733231794, 38.95530161823535], [-77.0003698605502, 38.95537350394674], [-77.00037932105347, 38.95538089069501], [-77.00039501164458, 38.95539242122412], [-77.0004111637249, 38.955403591418886], [-77.00042765038515, 38.955414311196776], [-77.00044462160879, 38.95542467063982], [-77.0004619274127, 38.955434669748406], [-77.00047438759222, 38.95544151598096], [-77.00047878326669, 38.95544385811224], [-77.00061982613153, 38.95556483846632], [-77.00177583926484, 38.956451609278304], [-77.00225189239735, 38.95681678710526], [-77.00228238434855, 38.95677447469633], [-77.00231963681841, 38.95672158644274], [-77.00241785031169, 38.956599936847795], [-77.00250253111106, 38.95650472671525], [-77.0025133066447, 38.9564951957398], [-77.00265493426588, 38.95636985160956], [-77.0027079814501, 38.95633362815837], [-77.00272574843743, 38.95632149361218], [-77.00280395787536, 38.95627200035271], [-77.00290637228161, 38.95621873197774], [-77.00300442590529, 38.95617641767536], [-77.00313587960436, 38.95612918388581], [-77.00334976615129, 38.95606620116578], [-77.00337296728227, 38.95605975958848], [-77.00352876463424, 38.95602273101573], [-77.00389477959666, 38.95594069913035], [-77.00468947656584, 38.95576772024508], [-77.00479920540637, 38.95574383487707], [-77.00571167810158, 38.95553362198401], [-77.00609830438236, 38.955444934082415], [-77.00613669930107, 38.95543613099623], [-77.00614592884338, 38.95543396852728], [-77.00620973960737, 38.95541937176237], [-77.00626129813091, 38.9554075681823], [-77.00628275681292, 38.955402702566715], [-77.00635579705062, 38.95538594324152], [-77.00638763893862, 38.95537864480955], [-77.00642881418787, 38.955369273954545], [-77.00650196973665, 38.95535260461423], [-77.00657499834263, 38.955335935235205], [-77.00664814228594, 38.95531926580397], [-77.00672115928639, 38.95530259633421], [-77.00679419933562, 38.95528601690012], [-77.00686734318512, 38.95526943741425], [-77.00720524682589, 38.95519545920008], [-77.00721068069187, 38.955194287790256], [-77.00728382440562, 38.95517824853956], [-77.00735845633722, 38.95516184881867], [-77.00770271573742, 38.955086337359404], [-77.00773801843557, 38.955078587917725], [-77.00774760554306, 38.955076515381165], [-77.0082266131459, 38.95496469005065], [-77.00828591228651, 38.9549520022214], [-77.0086060465249, 38.954883516255464], [-77.00884244638537, 38.954832944212704], [-77.00888144103081, 38.95482789662639], [-77.00889574683099, 38.95482663438103], [-77.00892053969602, 38.9548243804246], [-77.00895989235404, 38.95482230551308], [-77.00899922211751, 38.95482167191297], [-77.00903867897087, 38.9548224796126], [-77.00904837018278, 38.954823109441556], [-77.00904926875953, 38.95463105309979], [-77.0090496165008, 38.954553041470554], [-77.00904995410005, 38.954486019928325], [-77.00904979180427, 38.95411650075976], [-77.00905100892122, 38.95379832859443], [-77.00904741084281, 38.95353699896626], [-77.00904728295389, 38.953529251863934], [-77.00904924694775, 38.95345988803215], [-77.00905164794138, 38.95337953407576], [-77.00905269302088, 38.95334196950755], [-77.00905381889268, 38.953123068445734], [-77.00905252793059, 38.95304136352935], [-77.00905242024345, 38.95301100566467], [-77.0090518280123, 38.952980647837364], [-77.00905102811991, 38.95295029002591], [-77.00904997443116, 38.95292002231669], [-77.00904858616614, 38.95288966455044], [-77.00904686333668, 38.95285930680988], [-77.00904478288125, 38.952829039179505], [-77.00904247169294, 38.95279877156678], [-77.00903992977197, 38.9527685039717], [-77.00903703021469, 38.95273823640399], [-77.00901728635739, 38.952520147672885], [-77.00901543746714, 38.952496275895165], [-77.0090093012038, 38.95241493167282], [-77.00900352300056, 38.95233683039921], [-77.00898816492145, 38.952131803303374], [-77.00896019501276, 38.951724000938874], [-77.00892702132555, 38.95130710057615], [-77.00892147501297, 38.95123683646241], [-77.00891731486864, 38.95118080531486], [-77.00890727310083, 38.9510482042832], [-77.008895024202, 38.95088587610882], [-77.00889351056969, 38.95086695884717], [-77.00886670126097, 38.95050679203182], [-77.00885186383185, 38.95030762018477], [-77.00884533490596, 38.950219808006835], [-77.00881620802507, 38.949772279044], [-77.00879983606654, 38.94956899950338], [-77.00878859412636, 38.949429471145095], [-77.00878627181511, 38.94940077995663], [-77.00875335133216, 38.94896198922184], [-77.00872803343267, 38.94861679388899], [-77.00870376948203, 38.94830375800586], [-77.0087003028846, 38.94825628463236], [-77.00869442134622, 38.94817665188061], [-77.00868851650748, 38.94809503730756], [-77.00867834802447, 38.94795685105273], [-77.00862292945762, 38.9473859373741], [-77.00859978468469, 38.947067298161265], [-77.00859568265572, 38.94701077149723], [-77.00859567366739, 38.946936245984936], [-77.00860460491069, 38.94676623202669], [-77.00863142803026, 38.946596225750405], [-77.00869315367899, 38.94639030985751], [-77.0087102213472, 38.946348059741474], [-77.00872926166328, 38.94630634997229], [-77.00874989394684, 38.94626518057742], [-77.00877249886159, 38.9462244614447], [-77.00879671883229, 38.94618446284837], [-77.00882268073819, 38.94614509469499], [-77.00883698249606, 38.94612527539192], [-77.00885036152805, 38.946106537150904], [-77.00888403981276, 38.94605987168944], [-77.00888991047779, 38.946052034036704], [-77.0089048120976, 38.946032584018965], [-77.00891910241984, 38.94601392677484], [-77.00892625340863, 38.946005098111385], [-77.00895565316839, 38.94596870239798], [-77.00899361130732, 38.94592419856365], [-77.00920670279002, 38.94569870463455], [-77.00937157699786, 38.94558122350898], [-77.00940295080217, 38.945558970527664], [-77.00943491297193, 38.94553725798735], [-77.00946731352123, 38.945515905734084], [-77.00950007170128, 38.94549491377401], [-77.00953341824732, 38.945474462253785], [-77.00956709935332, 38.945454371027886], [-77.00999802962846, 38.94518552775173], [-77.01041165555793, 38.94493100758893], [-77.010765865397, 38.944714956817045], [-77.01081466725982, 38.944685134886555], [-77.01083507159842, 38.944673151976964], [-77.01086426514908, 38.94465612360718], [-77.01091465906559, 38.94462792297802], [-77.0109282697466, 38.94462071507768], [-77.01096587210856, 38.944600713161556], [-77.01101777736194, 38.94457431400293], [-77.01106634929421, 38.94455079778825], [-77.01107050174416, 38.94454890565498], [-77.0111237914496, 38.94452430797505], [-77.01117787721572, 38.94450070110601], [-77.01123255139274, 38.944477994983906], [-77.01128791781483, 38.94445627968068], [-77.01144768333657, 38.9443872606707], [-77.01147167525941, 38.94437698887221], [-77.01149359054725, 38.9443650957815], [-77.01151527507683, 38.94435293246084], [-77.01153719024063, 38.94434036374045], [-77.01154272669805, 38.944337165252236], [-77.0115580557371, 38.94432815545119], [-77.01157917490926, 38.944315361594434], [-77.01160016717023, 38.94430247766356], [-77.01162080178345, 38.94428932351587], [-77.01163869123938, 38.94427779112944], [-77.01164133255617, 38.94427607929199], [-77.01166163256998, 38.94426256483889], [-77.01168170183959, 38.94424887023957], [-77.01170005202405, 38.944233284068765], [-77.01171814840805, 38.944217607837594], [-77.01173614095123, 38.94420184153115], [-77.0117540296535, 38.94418598514944], [-77.01177179144422, 38.944170038694885], [-77.01178942632342, 38.94415400216749], [-77.01180695736178, 38.94413787556505], [-77.01182425767065, 38.94412165890038], [-77.0118415579567, 38.94410535215025], [-77.01184699024239, 38.94410021687642], [-77.0118586275283, 38.94408904542093], [-77.01188746140782, 38.94406246804635], [-77.01191629529596, 38.94403607083028], [-77.0119452560512, 38.94400967359399], [-77.0119743206179, 38.94398336642265], [-77.01200348898085, 38.94395705923323], [-77.01203268040813, 38.94393084211691], [-77.01206197564677, 38.94390471506536], [-77.01209137468152, 38.94387858799553], [-77.01212090059829, 38.94385255098795], [-77.01215042649346, 38.943826513972745], [-77.01215793445631, 38.94381768507068], [-77.01216518861042, 38.9438086760288], [-77.0121721082088, 38.943799486855575], [-77.01217869326709, 38.94379020763387], [-77.01218492071467, 38.94378083836625], [-77.01219091740901, 38.943771198873684], [-77.0121964526908, 38.94376155942897], [-77.01220175723489, 38.9437517398423], [-77.01220670416872, 38.94374183020986], [-77.01221121274567, 38.94373183054012], [-77.01231094395834, 38.94351580134637], [-77.0123781805994, 38.94337013023284], [-77.01240839142865, 38.94330454669361], [-77.01243985908187, 38.94323635060846], [-77.01245507975135, 38.9432032885702], [-77.01255608955358, 38.94298536726831], [-77.01256508345806, 38.94296545798417], [-77.01257443497857, 38.94294572882654], [-77.01258412102885, 38.94292608971493], [-77.01259414160849, 38.942906540649304], [-77.01260451978763, 38.942887081627056], [-77.012615255566, 38.94286771264812], [-77.01262632588906, 38.942848523797714], [-77.0126378576429, 38.942829515062115], [-77.012649620093, 38.942810506300326], [-77.01266171708706, 38.94279167766683], [-77.01268075662543, 38.942763930073], [-77.0127003614013, 38.94273636258023], [-77.01272076214823, 38.942709155329], [-77.01274164740197, 38.9426822182699], [-77.0127633286259, 38.94265564145153], [-77.01278558663651, 38.94262933481464], [-77.01280840989833, 38.94260329836009], [-77.01283193686457, 38.942577712238126], [-77.01285592526561, 38.942552396309274], [-77.01288060581908, 38.94252744063062], [-77.0129809433256, 38.94243068050175], [-77.01314286855794, 38.94228445786525], [-77.01323041766439, 38.94221265191792], [-77.01331714776018, 38.94214165674347], [-77.0133952162202, 38.94207768896293], [-77.01341241225973, 38.9420636340583], [-77.0135264626468, 38.94196245781571], [-77.01376057852762, 38.94173334965944], [-77.0139742911865, 38.94152226004744], [-77.014155687942, 38.94134180214519], [-77.01417242166796, 38.94132477444655], [-77.0141890284843, 38.941307656677964], [-77.01420527765782, 38.941290268701685], [-77.01422131917775, 38.94127279066541], [-77.01423710688684, 38.94125513249199], [-77.0142525600591, 38.94123738427428], [-77.01426767867656, 38.94121945592943], [-77.01428267038494, 38.941201437515176], [-77.01429720063747, 38.94118314890666], [-77.01431166166432, 38.94116481526328], [-77.01437261967718, 38.941089363339714], [-77.01443384281644, 38.941013686143194], [-77.01455216031235, 38.940867556974275], [-77.01456253902207, 38.94085476390668], [-77.0145728138965, 38.94084188076808], [-77.01458273115163, 38.94082881750738], [-77.01459252152037, 38.94081575426165], [-77.01460210424081, 38.94080260095805], [-77.01461143315538, 38.94078926751953], [-77.0146205544403, 38.94077593410624], [-77.01462942191951, 38.94076242055812], [-77.01463818558227, 38.94074890702227], [-77.014646614696, 38.94073521336177], [-77.01485104591072, 38.94040431297328], [-77.0150127073476, 38.94014097990891], [-77.01505606307758, 38.940071430305906], [-77.01509216586095, 38.940013412238656], [-77.01517403396774, 38.93988179046619], [-77.01518151741912, 38.93986989854642], [-77.01518935848027, 38.93985818674554], [-77.01519755713186, 38.939846564980535], [-77.01520609034289, 38.939835213420224], [-77.01521508495576, 38.93982395188214], [-77.01522441410853, 38.93981287046566], [-77.01523410087059, 38.93980196916763], [-77.01524414526094, 38.93979133807102], [-77.01525439729085, 38.93978079702935], [-77.01526513382991, 38.93977052617226], [-77.0152684667193, 38.93976764308281], [-77.01531310881697, 38.93972836107985], [-77.01543291911659, 38.939622768112066], [-77.01585420537171, 38.93924373276625], [-77.016086002416, 38.93903443839554], [-77.01614088389474, 38.938984795121286], [-77.0161723667407, 38.93895686505316], [-77.01624870967157, 38.93888920216464], [-77.01631536545953, 38.93883009845904], [-77.0163911430339, 38.938762885969545], [-77.01639724350073, 38.938757390053354], [-77.01646079675305, 38.938700358606596], [-77.01654867098412, 38.93862152360698], [-77.0167705467512, 38.93842231854973], [-77.0168789471475, 38.93832501334238], [-77.01695436595934, 38.938257260035144], [-77.0169782254659, 38.938235726742306], [-77.01710377308697, 38.93812256422808], [-77.01718833616748, 38.93804634162934], [-77.01721798516391, 38.93802228511191], [-77.01724830328449, 38.93799885906888], [-77.01727920976732, 38.93797597342869], [-77.01731093529912, 38.93795362815679], [-77.01734322612467, 38.93793182329009], [-77.01737608224406, 38.937910558828214], [-77.01740965364775, 38.93789001491425], [-77.01744379032394, 38.937869921321045], [-77.01747849233894, 38.93785054829704], [-77.0175027112159, 38.93783757272427], [-77.01751367890903, 38.93783171568789], [-77.01754481800445, 38.93781729774156], [-77.01757629171544, 38.93780342023434], [-77.01760812308886, 38.93778999307968], [-77.01764041595615, 38.93777710634448], [-77.01767293965415, 38.93776485014624], [-77.01770582101615, 38.937753044299605], [-77.0177260043377, 38.93774619493401], [-77.01773903699637, 38.937741778890775], [-77.01777258761778, 38.93773114400243], [-77.01780639209626, 38.93772095948065], [-77.01784041587443, 38.93771140549644], [-77.0179422565591, 38.937683103851526], [-77.01796231330142, 38.93767760570911], [-77.01804421259692, 38.93765516243183], [-77.01814639933225, 38.937627581219125], [-77.01824868986604, 38.93760027014967], [-77.01835123416825, 38.93757331928262], [-77.01845375541762, 38.93754672866102], [-77.01855653043809, 38.93752049824096], [-77.01865940926201, 38.93749453796274], [-77.01876251881458, 38.93746902797173], [-77.0188656168307, 38.93744378814042], [-77.01888292871291, 38.93743991177644], [-77.01903517175128, 38.937406015878565], [-77.01907493685775, 38.93730124288595], [-77.01908934450938, 38.937263405680184], [-77.01917014294696, 38.93709637859899], [-77.01918328370961, 38.937065838309934], [-77.01919504026198, 38.93703493791468], [-77.01920530879812, 38.93700367743059], [-77.01921417010747, 38.936972237010835], [-77.0192216703044, 38.936940526565095], [-77.01922765949509, 38.93690872628426], [-77.01922799337837, 38.93690647415458], [-77.0192361727053, 38.93674144076695], [-77.0192359156729, 38.93672927960511], [-77.01923392248288, 38.93665198872388], [-77.01923241859033, 38.93659271436026], [-77.01923078607548, 38.93652695404127], [-77.0192303199973, 38.93650947801645], [-77.01922262660686, 38.93620950289166], [-77.01921505211665, 38.9359652891112], [-77.01921238800807, 38.935880611522], [-77.01921215575021, 38.93587475616468], [-77.01920969722116, 38.93578251156733], [-77.0192036411922, 38.93556586291903], [-77.01919711149658, 38.93530336208323], [-77.01919514046189, 38.935222377773], [-77.01919431267879, 38.935189407523666], [-77.01919303669, 38.935119593392145], [-77.0191889291864, 38.934899971656], [-77.01918636946222, 38.93481718577551], [-77.01918078327506, 38.93463152557153], [-77.01917379867403, 38.934392356268376], [-77.01917229950615, 38.934350287737395], [-77.01917113711987, 38.934316777039115], [-77.01916858160327, 38.9342494854307], [-77.01916648983796, 38.93419111196596], [-77.01916312703517, 38.93416697026339], [-77.01915942941798, 38.93414156745297], [-77.01915550112928, 38.93411616468011], [-77.01915123836578, 38.93409076196181], [-77.01914661808478, 38.93406544938488], [-77.01914187096055, 38.934040226911414], [-77.01913668553509, 38.93401491442638], [-77.01913137326689, 38.93398969204481], [-77.0191257034582, 38.933964469721374], [-77.01911969920083, 38.933939337535335], [-77.01911346429833, 38.93391429546958], [-77.01910793423153, 38.93389401868112], [-77.01903657483172, 38.933632798505926], [-77.01903311094209, 38.933618565948734], [-77.01901476350871, 38.933541728095776], [-77.01899754775253, 38.93346993470565], [-77.0189293202334, 38.93318582383093], [-77.01884721975712, 38.93286306950685], [-77.01882366637874, 38.93276830592323], [-77.01880634772313, 38.93269849433844], [-77.01879192716055, 38.93264066333165], [-77.01877194160983, 38.932560492616446], [-77.01872739869226, 38.93238221636602], [-77.01866700401317, 38.93214045207699], [-77.01866479882419, 38.93213162428815], [-77.01864771145263, 38.93206298371448], [-77.01862970047951, 38.93199064987865], [-77.01857289705734, 38.931763199151845], [-77.01852717623628, 38.93157529310421], [-77.01851090850859, 38.93150863420129], [-77.01849600314038, 38.931447380064704], [-77.01849392476664, 38.931438191919064], [-77.01842038741651, 38.93112120115147], [-77.01835144746278, 38.93082961302962], [-77.0182999609257, 38.93064044660214], [-77.01827918155696, 38.930563608971504], [-77.01825777898289, 38.93048496977147], [-77.0181807129374, 38.93016167353033], [-77.01816476810022, 38.93009233904306], [-77.01811166887454, 38.92986134716907], [-77.01808290913316, 38.92973919892342], [-77.01807436566745, 38.92970352733236], [-77.01807022091492, 38.92968614193243], [-77.01805394205618, 38.929617681281734], [-77.01803431506654, 38.92953498801229], [-77.01800255415623, 38.92940148972962], [-77.0179979475069, 38.92938167215311], [-77.01799343312376, 38.929361854562124], [-77.017988930276, 38.929342036969125], [-77.01798454276009, 38.92932221935816], [-77.01798028208614, 38.929302311644264], [-77.01797599837145, 38.929282494016846], [-77.01797184149868, 38.92926258628654], [-77.01796781149031, 38.92924267853652], [-77.01796388530323, 38.92922286085344], [-77.01795995909555, 38.92920295308705], [-77.01795752177034, 38.92918754924776], [-77.01795498003747, 38.929169713180144], [-77.01795313028039, 38.92915187700608], [-77.01795186870241, 38.92913404074158], [-77.01795116068159, 38.929116114308805], [-77.01795103986377, 38.929094314211504], [-77.01795123442835, 38.92908837770374], [-77.01795172634864, 38.92907251399007], [-77.01795323169118, 38.9290508037259], [-77.01795564813094, 38.929029093321596], [-77.01795875656491, 38.92900747289397], [-77.01796277609466, 38.928985852326115], [-77.01796484901709, 38.9289739610349], [-77.01796727943535, 38.92896197960549], [-77.01797188722735, 38.9289407192792], [-77.01797706012728, 38.928919458865685], [-77.01798282124575, 38.92889837852761], [-77.0179890436981, 38.92887738820126], [-77.01799585432265, 38.92885639778397], [-77.01800323009869, 38.92883558744534], [-77.01801106723008, 38.92881495720131], [-77.01801946946661, 38.928794326869564], [-77.01802835614613, 38.92877396671178], [-77.0180659418141, 38.92872891934244], [-77.01818123492582, 38.928590533772336], [-77.0182430214068, 38.92852061963197], [-77.01821489155827, 38.92851539919827], [-77.01818685386151, 38.92850972832779], [-77.01815883916586, 38.9285037871976], [-77.01813103199666, 38.92849757577908], [-77.01810842627664, 38.92849195809673], [-77.01809563558609, 38.92848875311851], [-77.01806044661491, 38.92847929983326], [-77.0180256150331, 38.92846930598343], [-77.01799091018549, 38.92845877160486], [-77.01798622748171, 38.92845723190409], [-77.01795664343547, 38.928447606566735], [-77.01792263025908, 38.928435810897675], [-77.01788905522699, 38.92842356473597], [-77.01785573379242, 38.92841077802703], [-77.01782274668538, 38.92839745075876], [-77.01779022074487, 38.928383492828985], [-77.017758029133, 38.92836899434052], [-77.01773403823638, 38.92835809792433], [-77.01771016258543, 38.92834684115317], [-77.01768664436871, 38.928335223990516], [-77.01766334519313, 38.928323246457424], [-77.01764038040879, 38.92831099861978], [-77.0176177730592, 38.92829839039116], [-77.0175953962841, 38.928285421790854], [-77.01757325010578, 38.92827218290216], [-77.01755156515752, 38.92825858360741], [-77.01753011080636, 38.92824471402457], [-77.01750957928344, 38.92823165504778], [-77.01748950896771, 38.92821814558262], [-77.01747002671974, 38.92820418561035], [-77.0174508788411, 38.92818986525232], [-77.01743229596472, 38.92817509439114], [-77.01741430117814, 38.92815996310678], [-77.01739676762116, 38.92814447141837], [-77.01737982215374, 38.92812861930724], [-77.01736344171049, 38.92811240677713], [-77.0173475224964, 38.92809583384362], [-77.01726585121399, 38.92801531161121], [-77.01724139569544, 38.92798991177599], [-77.0172167095618, 38.92796460205262], [-77.0171920234674, 38.92793938240707], [-77.01716710675804, 38.927914252873244], [-77.01714206324974, 38.92788930351887], [-77.01711681217046, 38.92786435418943], [-77.01709143427071, 38.92783949495608], [-77.01706592957223, 38.927814815901925], [-77.01704021730295, 38.92779013687237], [-77.01701378993914, 38.92776509760858], [-77.01691425586104, 38.92768691988679], [-77.01675091952299, 38.927543440959326], [-77.01674861265478, 38.92754199995959], [-77.01672887733542, 38.92752939114556], [-77.01670903825044, 38.92751687242622], [-77.0166891991935, 38.92750444378655], [-77.0166692563707, 38.927492105241484], [-77.01664918669593, 38.92747976671104], [-77.01662911707001, 38.92746760834342], [-77.01660892059198, 38.92745544999039], [-77.01658874720708, 38.9274433817137], [-77.01656844697011, 38.92743131345145], [-77.01654801992282, 38.92741942536996], [-77.0163040608289, 38.9272774165474], [-77.01609034511289, 38.92715302331682], [-77.01577789905318, 38.926972899606646], [-77.01558902955638, 38.92686362705776], [-77.01546486619809, 38.926791784218196], [-77.01521352973747, 38.92664570232019], [-77.01516844368379, 38.92661985431317], [-77.01512253904681, 38.926594907226225], [-77.01507594266396, 38.9265707709589], [-77.01502852771489, 38.92654762569298], [-77.01498054787527, 38.92652529122867], [-77.01493177251338, 38.92650385767789], [-77.01488251300471, 38.92648332499998], [-77.01483245799, 38.92646378331707], [-77.01478194189062, 38.926445142502686], [-77.01473086093152, 38.926427492652444], [-77.01468103720329, 38.92641065337039], [-77.01463062554639, 38.926394805055494], [-77.014579775881, 38.926379947688346], [-77.01452844205723, 38.92636599119091], [-77.01447677403175, 38.92635311571032], [-77.01442464492737, 38.92634123117866], [-77.01437218159896, 38.926330337579735], [-77.01431936097967, 38.92632043491583], [-77.01426618308543, 38.92631161326972], [-77.01421290160988, 38.92630378252684], [-77.01416735866802, 38.92629721198607], [-77.01412168903823, 38.92629145219142], [-77.01407589268341, 38.92628632297637], [-77.01402999270272, 38.926282004504316], [-77.0139839890594, 38.92627831660884], [-77.01393796249668, 38.92627534936333], [-77.01389172849436, 38.92627310278974], [-77.01384559842685, 38.92627157685093], [-77.01379934164382, 38.9262707715742], [-77.01375310806588, 38.926270686941834], [-77.01356638593509, 38.926268817023065], [-77.01338545352252, 38.92626919822221], [-77.01304501593607, 38.92626977722351], [-77.01301826067059, 38.926269780207406], [-77.01299137854825, 38.92626978319927], [-77.01296451952354, 38.92626996634873], [-77.01293763741747, 38.92627005941144], [-77.01291077840891, 38.92627033263172], [-77.01288402317579, 38.92627051575122], [-77.01285714111813, 38.926270879044885], [-77.01283028212508, 38.926271242329825], [-77.01280340006689, 38.92627160561114], [-77.01277664488143, 38.92627205895559], [-77.0127251065894, 38.926273145577646], [-77.01267367210372, 38.9262743222489], [-77.01262223761637, 38.926275498897475], [-77.01257080315906, 38.926276855689835], [-77.01251924184294, 38.92627821247307], [-77.01246780739756, 38.926279659303226], [-77.0124163729657, 38.92628119619392], [-77.01236493854725, 38.92628282314514], [-77.01231350414201, 38.92628454015686], [-77.0122768427184, 38.92628580517889], [-77.01224015822858, 38.92628707019186], [-77.01214467004579, 38.92628978265064], [-77.01214418810986, 38.926168620835604], [-77.01214408263013, 38.92615871169762], [-77.012143329987, 38.92580234273445], [-77.01214541109971, 38.92522409856547], [-77.01214614081965, 38.924701255640855], [-77.01214592346918, 38.92417003502546], [-77.01214826507845, 38.92363205785039], [-77.01214812409013, 38.923549091223585], [-77.01214800303494, 38.92344774761705], [-77.0121478603436, 38.92335478175025], [-77.0121474788446, 38.923078496548825], [-77.01214887568575, 38.92254574419009], [-77.01214874405558, 38.92238233321666], [-77.01214860500312, 38.922310717058224], [-77.01214832288763, 38.922008577902425], [-77.01215043687544, 38.921488797351266], [-77.01215052309084, 38.921385697060934], [-77.01215063774231, 38.92131412590449], [-77.01225983094031, 38.92131465499748], [-77.01226180285083, 38.921314654790564], [-77.01264396126378, 38.921313713227306], [-77.01265480097389, 38.92131353188723], [-77.01265935591755, 38.92131322511077], [-77.01266551373998, 38.92131281006046], [-77.01267624952102, 38.921311817980396], [-77.01268696215833, 38.9213103754856], [-77.01269746714547, 38.92130848259614], [-77.0127079490046, 38.921306229375205], [-77.01271822321314, 38.9213035257597], [-77.01272824367668, 38.92130055192113], [-77.01273816027415, 38.9212971276768], [-77.01274784617355, 38.92129334312376], [-77.01279294218834, 38.9212698264655], [-77.01283837268794, 38.921246850252494], [-77.0128841376406, 38.921224234317876], [-77.01293026010984, 38.92120197865874], [-77.0129767401288, 38.92118026344107], [-77.01302355460219, 38.92115890850057], [-77.0130707150784, 38.92113800391888], [-77.01311810624212, 38.92111754970837], [-77.01316584340985, 38.92109754585591], [-77.01321391505081, 38.92107799236236], [-77.01328356106255, 38.921051860320254], [-77.01335379530315, 38.92102662900189], [-77.01342446784719, 38.92100220834022], [-77.01349562483986, 38.92097868841226], [-77.01356734698744, 38.92095597912462], [-77.01363940367756, 38.920934170586385], [-77.01371194480562, 38.92091317269614], [-77.01378482049805, 38.920893165637196], [-77.0138580307228, 38.92087396924234], [-77.01393172540983, 38.92085567357643], [-77.01400101542642, 38.920839540390155], [-77.01407043238315, 38.9208240377303], [-77.01414008004814, 38.920809075500806], [-77.01420985463879, 38.920794653713884], [-77.0142799637425, 38.92078086242722], [-77.01435007292785, 38.92076761159803], [-77.01442051661142, 38.92075490118504], [-77.01449098344285, 38.92074273122627], [-77.01456165794687, 38.920731191781925], [-77.01463258623288, 38.92072019276262], [-77.01478018554, 38.920698644284826], [-77.01479794358981, 38.92069611970571], [-77.01493700972384, 38.920675833275844], [-77.01492833916622, 38.920626288588146], [-77.01492442395363, 38.92059750748489], [-77.01488550337332, 38.92031325469654], [-77.0148844524104, 38.920305597752396], [-77.01487510908744, 38.92023677532289], [-77.01487464728385, 38.92023416296682], [-77.01486725478658, 38.9201748891144], [-77.01486620367739, 38.92016651150374], [-77.0148299691686, 38.91987642093602], [-77.0148139945861, 38.91974817139808], [-77.0148042921735, 38.91967088117293], [-77.01479528039256, 38.919587465195185], [-77.0147609781385, 38.91927037636899], [-77.01475923355436, 38.91925416159749], [-77.01475137735638, 38.91918209595847], [-77.01475024510162, 38.91917152032319], [-77.01474328985938, 38.91910669726536], [-77.01474236584811, 38.91909940063539], [-77.01474203080771, 38.919096337845794], [-77.01471422581386, 38.91885792690752], [-77.01470367913117, 38.91876744857306], [-77.01469928922332, 38.918728443057944], [-77.01469893125399, 38.918726010853945], [-77.01469258914197, 38.91867034017373], [-77.01468542669161, 38.91860674226537], [-77.01466958907616, 38.91846900688881], [-77.014641401611, 38.91821875900733], [-77.01463783284852, 38.918191284046245], [-77.01463483026053, 38.91816939417896], [-77.01462766975995, 38.918114804591696], [-77.01462153734985, 38.918069043039], [-77.01462004741634, 38.91805724231207], [-77.01461691714783, 38.91803120862757], [-77.01458008277052, 38.917729614304044], [-77.0145790308839, 38.91771709285467], [-77.01457764363924, 38.9176998871148], [-77.01457325053376, 38.91764457650761], [-77.01456875332445, 38.91758764441304], [-77.01456829081295, 38.917581428721874], [-77.01456654638763, 38.91756557427573], [-77.01451202079483, 38.91707859063048], [-77.01451132785591, 38.917073275800384], [-77.01450347253346, 38.91700310186551], [-77.01449538629645, 38.916931396541216], [-77.01449446213729, 38.91692310898979], [-77.01445932219465, 38.91661315462325], [-77.01443557231352, 38.916403758850294], [-77.01442896488118, 38.91634550277296], [-77.01442238051575, 38.91628721966684], [-77.01441591139643, 38.9162285762121], [-77.01441383249868, 38.91621200113427], [-77.01439281281313, 38.916045529712804], [-77.01438472628722, 38.915971302034706], [-77.01437630476843, 38.91589401156253], [-77.01436947759763, 38.91583203506131], [-77.0143647527179, 38.91578834521975], [-77.0143502998714, 38.9156497988081], [-77.01434267480806, 38.915576291731796], [-77.01433435659644, 38.915496208654474], [-77.01433379043324, 38.9154904433895], [-77.01431184744595, 38.91531775629326], [-77.01430594636331, 38.91527334592247], [-77.01429475613904, 38.91518848877162], [-77.01429347441322, 38.915179390509515], [-77.01427961228974, 38.91505282508802], [-77.01427335134215, 38.91499613639559], [-77.01490398463693, 38.914778632449426], [-77.01574346172387, 38.914485364048424], [-77.0166256604189, 38.914177156713116], [-77.01682068253531, 38.91410902576773], [-77.01778221727648, 38.91377259312248], [-77.017763836083, 38.913719473749346], [-77.01772819297437, 38.913616243608026], [-77.01764248735414, 38.913382463174244], [-77.01762237638984, 38.91332763245192], [-77.01750745480486, 38.91300461069384], [-77.0173929980413, 38.91269212849214], [-77.01739045960771, 38.91268483211479], [-77.01736497185705, 38.91261321960427], [-77.0173384342066, 38.91253872457426], [-77.01721866915798, 38.91220183036013], [-77.01712613677238, 38.91195015092009], [-77.01709762716936, 38.91187232302928], [-77.01708137066603, 38.911828184535686], [-77.01707732094525, 38.91181710486805], [-77.01695294546492, 38.911476607674615], [-77.0168554630906, 38.911201687182505], [-77.01682915713984, 38.911127372151185], [-77.01680135166723, 38.911050174659024], [-77.01672657715832, 38.91084254309129], [-77.01663117482589, 38.91058014367974], [-77.0166136373662, 38.91052861845155], [-77.01659689601834, 38.91047934519302], [-77.01657382043442, 38.91041133547598], [-77.016555256962, 38.91036008063336], [-77.01651671111176, 38.91025405788431], [-77.01650067442468, 38.91021000934935], [-77.01645067227999, 38.910072179730435], [-77.01632738679932, 38.90973241128605], [-77.0162975173933, 38.909649989102974], [-77.01629692900526, 38.90964836768301], [-77.01629174879112, 38.9096336848036], [-77.01623970460167, 38.90948667586128], [-77.01620855433212, 38.90939866865588], [-77.0161994516787, 38.90937353663544], [-77.01619875946638, 38.909371644978926], [-77.016162406608, 38.90927129704755], [-77.01615637281095, 38.909254668476585], [-77.0161452281896, 38.909224014617884], [-77.01611972019042, 38.909153834120616], [-77.01600620948439, 38.90884089979478], [-77.01598578942969, 38.90878460042762], [-77.01594010463079, 38.90866146257683], [-77.01591034044975, 38.90858156260156], [-77.01577840548437, 38.90820794129589], [-77.01574823692148, 38.90812251921048], [-77.01548837889327, 38.90740486788982], [-77.01544287183907, 38.907242624549], [-77.01517747342524, 38.90646565486056], [-77.01490285141718, 38.90565956726851], [-77.01477813276104, 38.90536926533971], [-77.01396826173008, 38.905650176697414], [-77.01365059030941, 38.905760361612565], [-77.01341052344063, 38.90584362658221], [-77.01216254482634, 38.906276479304374], [-77.01104294581295, 38.90666514766544], [-77.0102083717048, 38.90695475192773], [-77.0101277972593, 38.90698268482353], [-77.01010058939517, 38.906992145945814], [-77.00961429382235, 38.90716199435923], [-77.00956206830689, 38.90718028559393], [-77.00935675142134, 38.90725200867576], [-77.00928169868801, 38.90727849920824], [-77.00919336465378, 38.90730961202125], [-77.00905524889895, 38.907358258883015], [-77.00891901216339, 38.90740623881982], [-77.00881891834008, 38.907441496086484], [-77.0086363004679, 38.90750582933731], [-77.00855306166277, 38.907535202676875], [-77.0077749821234, 38.907801363655615], [-77.00719171611938, 38.908006701263005], [-77.0070164738488, 38.90806733809852], [-77.00655715322077, 38.90822627203006], [-77.00640532560332, 38.90827852886705], [-77.00635229137185, 38.908296728624045], [-77.00588827538215, 38.90845720060181], [-77.00476599071989, 38.90884570969806], [-77.0045950678448, 38.90890488336397], [-77.00441523518742, 38.908824977264864], [-77.00440406267813, 38.908820023096425], [-77.00434572121584, 38.90879408124556], [-77.00427515807745, 38.9087626447224], [-77.00381811388239, 38.908568530699014], [-77.00378191018855, 38.9085532176883], [-77.0037061476622, 38.908521060320666], [-77.0031474140271, 38.908281995197825], [-77.00288570064352, 38.90817092904183], [-77.00288258761965, 38.90816957786666], [-77.00278330529703, 38.90812697079412], [-77.0022882213557, 38.90791402421849], [-77.00225732194234, 38.907900692465866], [-77.00210974292285, 38.90784069963211], [-77.00201970831155, 38.90780403725011], [-77.00185668006658, 38.90773764843509], [-77.00183141878692, 38.907727379317805], [-77.00182670319586, 38.90772548763872], [-77.00145960252821, 38.907570459141084], [-77.00109283778812, 38.907414078230296], [-77.0010890445928, 38.90741245676311], [-77.00085499671154, 38.907312646214784], [-77.00079560861019, 38.90728760342669], [-77.00075999421618, 38.907272559722436], [-77.00063327442825, 38.907219140973474], [-77.00052005574504, 38.90717148737015], [-77.00048615934544, 38.907157164242335], [-77.00036407477337, 38.907105636934006], [-77.0003463195476, 38.90709816005886], [-77.00021765194136, 38.90705104670739], [-76.99960162952105, 38.906787101614306], [-76.99957800606246, 38.906776741930145], [-76.99943296808816, 38.906713682873374], [-76.99930407128089, 38.906657560161946], [-76.99851385065365, 38.90631397433633], [-76.99833872364083, 38.906237761338566], [-76.99821180002422, 38.90618253828027], [-76.99812442125773, 38.906144548698556], [-76.997813586952, 38.906009391019026], [-76.9973746785077, 38.90582119754248], [-76.99735691238939, 38.90581363012752], [-76.9971006357131, 38.90570381225509], [-76.99698926645657, 38.90565606517943], [-76.99667601527482, 38.905521922342814], [-76.99656003501534, 38.905472913556004], [-76.99648463640044, 38.90544111183235], [-76.99639345489358, 38.90540264339392], [-76.9962207533044, 38.90532985045723], [-76.9961657494242, 38.90530660711863], [-76.99600124493826, 38.90524291256011], [-76.99599235626394, 38.90523903866442], [-76.99518731840143, 38.90488903381127], [-76.99505968478441, 38.90483443787045], [-76.99489979429642, 38.9047660576071], [-76.99478519996784, 38.9047169570286], [-76.99454540548834, 38.90461443102921], [-76.99451219168343, 38.904600466527484], [-76.99390290917451, 38.9043441486855], [-76.99385725647086, 38.90432405766704], [-76.99376018690177, 38.90428153309691], [-76.99358633814252, 38.90420522293192], [-76.99324844086189, 38.90405683631546], [-76.99313742271616, 38.904008094655005], [-76.99301291656727, 38.90395340656943], [-76.99290825085806, 38.903907367576096], [-76.99284829189571, 38.90388277111572], [-76.99263893735187, 38.90379672833462], [-76.99248768591606, 38.90373465114892], [-76.9922441048075, 38.90363455241982], [-76.99165949806569, 38.903383449313516], [-76.99158538350228, 38.90335191475816], [-76.99152415747358, 38.9033258761877], [-76.99137383052204, 38.90326199595061], [-76.99130785506401, 38.90323392102741], [-76.991232622586, 38.90320189971304], [-76.99080020428113, 38.9030180329631], [-76.99065286439112, 38.902955386174554], [-76.99018548608007, 38.902746948552796], [-76.99008130805079, 38.90270175384301], [-76.98981698344382, 38.90259390108549], [-76.98970170408826, 38.90254686736333], [-76.98960266772254, 38.90250641107345], [-76.98949638040817, 38.902463071373816], [-76.98945927227575, 38.90244676290725], [-76.98931551983105, 38.90238612361249], [-76.98925396123984, 38.90235936314865], [-76.98919227586678, 38.90233269272411], [-76.98913061358334, 38.902306112352555], [-76.98906892828873, 38.90227953194618], [-76.98900713926916, 38.90225304158094], [-76.98894535028153, 38.902226641266424], [-76.98888345756858, 38.902200330992805], [-76.98882154184425, 38.90217402068408], [-76.98875963767996, 38.90214780042709], [-76.98869762979005, 38.90212167021069], [-76.98859514806585, 38.90207800575518], [-76.98837726242466, 38.90198516217418], [-76.98829254528904, 38.9019490302044], [-76.98814406858828, 38.90188577656555], [-76.98812941689921, 38.90187955931142], [-76.98750992156484, 38.90161563994137], [-76.98741367769937, 38.90157473166947], [-76.98730739345578, 38.90152940813233], [-76.98730173342351, 38.90152697526073], [-76.98713724680397, 38.90145642182633], [-76.98693838545242, 38.901371180698], [-76.98681976745459, 38.90132023412062], [-76.9866677199456, 38.90125494230614], [-76.986579880637, 38.901217277312305], [-76.98608858113883, 38.901009216850944], [-76.98601193544395, 38.90097677760864], [-76.98593101315717, 38.90094253612921], [-76.98583797568006, 38.90090315836111], [-76.98573607377271, 38.90085999592603], [-76.98566841973498, 38.9008313410656], [-76.9856664484811, 38.90083089040585], [-76.98549365894368, 38.90078861987698], [-76.98542621254394, 38.90076014506889], [-76.98522932608918, 38.900676973189256], [-76.98522655953859, 38.900675801752755], [-76.98522171807998, 38.90067372921787], [-76.98517965498559, 38.90065597742218], [-76.98509804202784, 38.900620474105814], [-76.98471810482349, 38.90045512163291], [-76.98445689845673, 38.9003440141009], [-76.98443338300729, 38.90033401169083], [-76.9844009800538, 38.900320494829444], [-76.98436790821793, 38.90030814895635], [-76.98434018623365, 38.90029245268108], [-76.98432508639758, 38.90028261352723], [-76.98431251038446, 38.90027671136362], [-76.98422420636224, 38.90021419046383], [-76.98399651463923, 38.90020372781779], [-76.98363360308916, 38.90016622078466], [-76.98318399676043, 38.90009242351166], [-76.98315032348054, 38.900089788219155], [-76.98311327368312, 38.90008189154657], [-76.98307285703551, 38.90007661580738], [-76.98302572007317, 38.90006871764513], [-76.98266873954162, 38.90001339894657], [-76.98252056189824, 38.89998969389286], [-76.98248014469856, 38.89998705739806], [-76.98206928491382, 38.89992119800158], [-76.98158097353605, 38.899834281444235], [-76.98148331167688, 38.89981584390954], [-76.98137723637201, 38.8997895046199], [-76.98134018727079, 38.89978029216394], [-76.98090785421067, 38.89970911031561], [-76.98022548837577, 38.899595887836085], [-76.97993477497566, 38.89954428341965], [-76.97945467630086, 38.89945906195837], [-76.97943474581571, 38.89945346425944], [-76.97929790583149, 38.89941839756678], [-76.979121514052, 38.899380026591956], [-76.97863016525945, 38.89929743016995], [-76.97808400651488, 38.89919895768623], [-76.97762920409565, 38.899116363900916], [-76.97752566633481, 38.89909348080723], [-76.97743141681329, 38.899081445484164], [-76.97737184408697, 38.89906813761896], [-76.97690800463589, 38.898987746321765], [-76.97669963572402, 38.89895163546936], [-76.97657200507129, 38.898928332337576], [-76.97645860967468, 38.89891087836265], [-76.97626134272735, 38.89887466086405], [-76.97618284116078, 38.89886206020495], [-76.97608018949744, 38.89884631063266], [-76.97592998846326, 38.898819858257255], [-76.97579128027456, 38.89879541693548], [-76.9756957304083, 38.89877858749298], [-76.97556287832002, 38.89875496687882], [-76.97547502883549, 38.89873937301176], [-76.97526900164618, 38.89870299885475], [-76.97485803260349, 38.898627195848356], [-76.9746136999102, 38.89858718191494], [-76.97441481905489, 38.898556050670166], [-76.97417617174322, 38.898511595942956], [-76.97406023102522, 38.89849109424909], [-76.97393135697459, 38.898467968121246], [-76.97345017785453, 38.89838193799554], [-76.973178251627, 38.898334753134954], [-76.97307385028732, 38.898315964699016], [-76.97294886121101, 38.89829434277847], [-76.97265597892458, 38.89824449437995], [-76.97229143371877, 38.89818009778169], [-76.97217039846247, 38.89816033168819], [-76.9720531340274, 38.8981376746865], [-76.97187950096918, 38.898108193689865], [-76.97135040891216, 38.8980133331864], [-76.97125558767303, 38.89799581565243], [-76.97118506499189, 38.897983835172504], [-76.97114042047865, 38.89797659944481], [-76.9709525871024, 38.897944068733715], [-76.97082326585516, 38.89791997516825], [-76.97061696564894, 38.89788623218293], [-76.97041066613481, 38.897851290720745], [-76.97034601144173, 38.89783923915306], [-76.97029212277086, 38.8978296045293], [-76.97019513453073, 38.89781273418503], [-76.97008736830993, 38.89779466288867], [-76.96998883594354, 38.89777658485683], [-76.96987952459422, 38.897759711084085], [-76.96977791439451, 38.89774164108899], [-76.96968554751919, 38.89772838387089], [-76.96963935858533, 38.89772115617678], [-76.96949463495821, 38.89770186760222], [-76.96933759866384, 38.89768498085073], [-76.96919287415305, 38.897668097135345], [-76.96901428203515, 38.89764879902953], [-76.96877103051963, 38.89762948338459], [-76.96850930112078, 38.89760775702042], [-76.96832146190347, 38.897593265829016], [-76.9681829030443, 38.897581202008794], [-76.96783895178783, 38.897547065219406], [-76.96777311947523, 38.89754053403033], [-76.96657117108455, 38.89744742814674], [-76.96608148745108, 38.89741249669659], [-76.96570310492211, 38.897377595921235], [-76.96521342784628, 38.897331067067526], [-76.96481278321306, 38.89730195816392], [-76.96438987307839, 38.89726123832673], [-76.96424149657295, 38.89724380686018], [-76.9641005295705, 38.89723216085277], [-76.96191126552091, 38.897071064640876], [-76.96186029755101, 38.89746650624862], [-76.96186022242178, 38.897607036718796], [-76.96187141426596, 38.89778269447709], [-76.96194984671914, 38.898134055267235], [-76.9620732249202, 38.89851181607889], [-76.96220789725345, 38.89889831850028], [-76.96226389002103, 38.8991793975131], [-76.96228625830352, 38.89939020041184], [-76.96226368092658, 38.89957468437305], [-76.96215114190662, 38.8998381425435], [-76.96199372924028, 38.90015428491513], [-76.96175756767656, 38.900487967609386], [-76.96141797702789, 38.90085449620984], [-76.95984419069612, 38.90258780462621], [-76.95918040728469, 38.903555522475166], [-76.95878618225794, 38.90423173136381], [-76.95832440716421, 38.90529275160581], [-76.9579209746533, 38.90612705065238], [-76.95761357472512, 38.9067626588567], [-76.95741126750228, 38.9071149018594], [-76.95720893522244, 38.90746714448086], [-76.9569807006459, 38.90777054293833], [-76.95696523878614, 38.90779108528782], [-76.95661250258334, 38.908252632686846], [-76.95620788942776, 38.90888432722774], [-76.95513429822094, 38.91009085811369], [-76.95460539473318, 38.91068196156508], [-76.9542993176497, 38.91115568112996], [-76.95413839528521, 38.911475594423536], [-76.95400350911585, 38.91179137389175], [-76.95391522550936, 38.91209104664399], [-76.95382135673867, 38.91264592340773], [-76.9537690977179, 38.91339918015146], [-76.95373243552436, 38.91392570306408], [-76.95369084181587, 38.91405522649688], [-76.9536545545557, 38.9141807883478], [-76.95360261204993, 38.914265806447965], [-76.95349887362885, 38.9143872876922], [-76.95336931969892, 38.914488489782826], [-76.95320852292443, 38.914581571717825], [-76.95317898422513, 38.914595207517465], [-76.95298049451522, 38.914686787652414], [-76.95277312665333, 38.91475958147762], [-76.95241528950311, 38.914824296337144], [-76.95206289560683, 38.914852528567614], [-76.95134302554733, 38.91487430146261], [-76.95106409451452, 38.91488274290521], [-76.9508760264712, 38.91488842933066], [-76.94826916498857, 38.914919644285966], [-76.94730506415942, 38.914955697268724], [-76.94678164746148, 38.915012122503796], [-76.9466105142495, 38.91505258195721], [-76.94638768233158, 38.91511724987887], [-76.94614398423329, 38.91520623026993], [-76.94593656562495, 38.91531954945179], [-76.94558404314077, 38.915509731976805], [-76.9444638935746, 38.91632327929266], [-76.9439050690301, 38.916740954071926], [-76.94372744602902, 38.91687370557225], [-76.94352846639725, 38.91705097467657], [-76.94329318359927, 38.917260574752284], [-76.94279888902771, 38.91770094043854], [-76.9427004587145, 38.91778854329612], [-76.94256422230573, 38.917913412983175], [-76.94226491828815, 38.91818771335023], [-76.94225445178257, 38.91819730205255], [-76.94200163500592, 38.91841993488607], [-76.94186181138436, 38.918543063352395], [-76.99143503979558, 38.95730353605702]]]}, "properties": {"WARD": 5, "NAME": "Ward 5", "REP_NAME": "Zachary Parker", "WEB_URL": "https://dccouncil.gov/council/ward-5-councilmember-zachary-parker"}}, {"type": "Feature", "geometry": {"type": "Polygon", "coordinates": [[[-77.00908378102874, 38.87162204426515], [-77.00908379476965, 38.87172997002244], [-77.00908596860727, 38.871923774983], [-77.00908682678308, 38.87203988536738], [-77.00908876237528, 38.87209339513849], [-77.00908877245618, 38.87217253002774], [-77.00908789789212, 38.87247626814047], [-77.00908498241212, 38.87269708179179], [-77.0090869251718, 38.872812392580705], [-77.00908598332917, 38.872983851278434], [-77.00908600458894, 38.873150788804125], [-77.00908507411182, 38.87341720956423], [-77.0090851168673, 38.87375296790504], [-77.00908523045432, 38.87419247034675], [-77.00908528480808, 38.87440437101569], [-77.0090901487571, 38.874648038863484], [-77.00909740656846, 38.87471981666882], [-77.00910467909601, 38.87490115125488], [-77.00910006917823, 38.87564447518604], [-77.00910017537744, 38.87647705047996], [-77.00901113197382, 38.87647573934492], [-77.00894590377568, 38.87647475343713], [-77.00884402793817, 38.87647322977078], [-77.00874526369147, 38.87647170578251], [-77.00841220860812, 38.87647091949805], [-77.00831482762649, 38.87647218764934], [-77.00822286308606, 38.87647327517015], [-77.00814023330227, 38.876474361968064], [-77.00808998701389, 38.87647499604828], [-77.0080317889836, 38.87647644140993], [-77.007973360463, 38.87647788675831], [-77.00791493195004, 38.87647942216147], [-77.00785650342463, 38.876480867451406], [-77.00779807489685, 38.876482312712085], [-77.00773964636673, 38.876483757943554], [-77.00768110259999, 38.87648529323732], [-77.0076226740651, 38.876486738973306], [-77.0075642455277, 38.87648818355398], [-77.00751296210463, 38.876489538124936], [-77.0074620244021, 38.87649080256728], [-77.00734566318275, 38.876489821837694], [-77.00720238827819, 38.87648983076421], [-77.00694786476808, 38.87648984618838], [-77.00683324455615, 38.87648985295325], [-77.00670008375033, 38.87648986067109], [-77.0066107473451, 38.87648986576383], [-77.0064978125763, 38.87648987210402], [-77.00600730686962, 38.87648989837397], [-77.00594882628762, 38.876489548914975], [-77.00587490016227, 38.876489552658576], [-77.0058032003679, 38.87648908274083], [-77.00573409072068, 38.87648908615574], [-77.00556625228572, 38.87648909427892], [-77.00531778484849, 38.876489105861566], [-77.00490123120153, 38.87648912409373], [-77.00461845635479, 38.87648913562391], [-77.00435682517498, 38.876489145682115], [-77.00416107608406, 38.876489034588985], [-77.00422575280852, 38.87665329588697], [-77.00432626266482, 38.87693165167259], [-77.00449627828463, 38.87740296454876], [-77.00451287652993, 38.877448816644026], [-77.00454468988956, 38.87753664727005], [-77.00457627279549, 38.87762384730739], [-77.0046438189877, 38.87781049859617], [-77.00467033050487, 38.87788553747197], [-77.0046969573183, 38.87796048625218], [-77.00472381468651, 38.87803552509998], [-77.00475090259842, 38.878110473847286], [-77.00477799056118, 38.87818533250341], [-77.0048053090744, 38.8782601911428], [-77.00483285813887, 38.87833504976527], [-77.00486167520609, 38.87841324143344], [-77.00487838911289, 38.878458282708465], [-77.00489521828794, 38.87850332397594], [-77.00491700403693, 38.87856169745549], [-77.00493890506287, 38.87861998084162], [-77.00496103661949, 38.8786782642132], [-77.00506570310615, 38.87898454510909], [-77.0051080074826, 38.8791012920457], [-77.00515019674268, 38.87921794888582], [-77.00515434650445, 38.879229299278116], [-77.00515849626753, 38.8792406496703], [-77.00517993679009, 38.87930010411583], [-77.00519918717835, 38.87935343294708], [-77.00522178047984, 38.87941595018603], [-77.005243566927, 38.87947639552581], [-77.00528794682863, 38.879599358085066], [-77.00533221163396, 38.87972232063006], [-77.0053764765987, 38.879845373239625], [-77.00542062645964, 38.87996833575124], [-77.00546477647964, 38.88009138832744], [-77.0055089266519, 38.88021444088434], [-77.00561711260129, 38.88051713964025], [-77.0051599889193, 38.88052763524605], [-77.0046854349195, 38.88052739795448], [-77.00350378874546, 38.88052385462623], [-77.00350857019625, 38.880392012734696], [-77.00335675450492, 38.88034379471702], [-76.99391635814753, 38.87770787939502], [-76.99368455810145, 38.8776360724329], [-76.99368454062325, 38.87783362035329], [-76.9936828486319, 38.87784109404903], [-76.99367990818558, 38.87784817025834], [-76.99367580524756, 38.87785464210988], [-76.99367065976628, 38.877860320400565], [-76.9936646221687, 38.87786503912689], [-76.99365786896256, 38.87786866033798], [-76.9936505975763, 38.87787107816857], [-76.99364302058723, 38.877872221933934], [-76.99363535950684, 38.877872058196374], [-76.99357451959614, 38.87787205486596], [-76.99341107973287, 38.87799538026465], [-76.99283033293847, 38.87783768676241], [-76.99267128691928, 38.87779906492429], [-76.99251347369837, 38.87775567978964], [-76.99243112798084, 38.87773240841815], [-76.99234973962388, 38.87770598287599], [-76.99226942939592, 38.87767644237479], [-76.99216661381357, 38.8776326619568], [-76.99206630517583, 38.87758340806185], [-76.99153799061345, 38.87758352469189], [-76.99153589006642, 38.87723286878104], [-76.99153599722986, 38.876505328132794], [-76.9915324401557, 38.87540333050684], [-76.99150054360328, 38.87461421714129], [-76.9915005892632, 38.874533200658014], [-76.99150062306383, 38.87443080385984], [-76.99149891188229, 38.87430261419211], [-76.99149642921019, 38.874241828700036], [-76.99149138275519, 38.8741603310174], [-76.99148194058294, 38.87405502774961], [-76.99147401953338, 38.87398650082587], [-76.99145242809807, 38.873840433085036], [-76.99144250830851, 38.8737848037895], [-76.99142976770521, 38.87372002569064], [-76.9914125042391, 38.87364111194861], [-76.99139327023921, 38.87356203928471], [-76.99136268992474, 38.8734501149505], [-76.99131721935079, 38.87330308826029], [-76.99122968573553, 38.8730891721339], [-76.99114456952339, 38.87288300897427], [-76.99102256299068, 38.872650657176145], [-76.9909182717607, 38.87247774519395], [-76.99081693840853, 38.87232646871733], [-76.99070911479026, 38.87218604000336], [-76.99062291045689, 38.872080653927966], [-76.99048687774793, 38.87189638051884], [-76.99031776707628, 38.871680973975906], [-76.99014828297467, 38.87146509026614], [-76.99012583205857, 38.871434505397424], [-76.98933067373392, 38.87189897188767], [-76.98910041054397, 38.872033536190166], [-76.98874395153979, 38.872234299712694], [-76.98729478831822, 38.87320021224206], [-76.98647581443133, 38.87366450342118], [-76.985116308527, 38.8743446525648], [-76.98436970286937, 38.874699215770356], [-76.98386847117034, 38.87491264670289], [-76.98323572957871, 38.875194340344244], [-76.98233477045179, 38.875559164834506], [-76.9786739619121, 38.87665478575946], [-76.97797560003501, 38.87685715591981], [-76.97437119897131, 38.877917384502844], [-76.97342022117964, 38.87838167184265], [-76.97275445505329, 38.87888318691887], [-76.971993406788, 38.879904919053686], [-76.97097063935222, 38.88142825857427], [-76.97646959447864, 38.88143914379508], [-76.97646916138085, 38.882752557821334], [-76.97726320421665, 38.88275321955426], [-76.97726325320544, 38.8828210240107], [-76.97900174165973, 38.88284347970631], [-76.9790007812978, 38.88298106858018], [-76.9793398494059, 38.882843193738296], [-76.98076201163701, 38.882266449357786], [-76.98222126599941, 38.88167419882763], [-76.98317587504933, 38.88129616801775], [-76.9836583660165, 38.88108688096231], [-76.98365475127406, 38.881273174531266], [-76.9836562273308, 38.88187340374364], [-76.98365508325705, 38.88284288635109], [-76.98366044084973, 38.88410883568681], [-76.98365761865459, 38.8853600999334], [-76.98365509942312, 38.88713122637799], [-76.9836505342999, 38.887606248908604], [-76.98365028966606, 38.888673921998375], [-76.98364749380629, 38.88980870693796], [-76.98365150025981, 38.89093637598677], [-76.98364780258828, 38.89147913003391], [-76.9836465266463, 38.8920169297627], [-76.9836479211061, 38.89249290085002], [-76.9836502185696, 38.89351159936828], [-76.98364992550252, 38.89479051759163], [-76.98364701847669, 38.89540335648125], [-76.98364642657693, 38.89547109932402], [-76.9836498514156, 38.89611988240888], [-76.98364615057216, 38.896675247669094], [-76.9836488814675, 38.89733420996995], [-76.98365490739347, 38.89769995040918], [-76.98364828861729, 38.89891184457988], [-76.98360665353846, 38.90000076946121], [-76.98360984864193, 38.90016232190208], [-76.98363360308916, 38.90016622078466], [-76.98399651463923, 38.90020372781779], [-76.98422420636224, 38.90021419046383], [-76.98431251038446, 38.90027671136362], [-76.98432508639758, 38.90028261352723], [-76.98434018623365, 38.90029245268108], [-76.98436790821793, 38.90030814895635], [-76.9844009800538, 38.900320494829444], [-76.98443338300729, 38.90033401169083], [-76.98445689845673, 38.9003440141009], [-76.98471810482349, 38.90045512163291], [-76.98509804202784, 38.900620474105814], [-76.98517965498559, 38.90065597742218], [-76.98522171807998, 38.90067372921787], [-76.98522655953859, 38.900675801752755], [-76.98522932608918, 38.900676973189256], [-76.98542621254394, 38.90076014506889], [-76.98549365894368, 38.90078861987698], [-76.9856664484811, 38.90083089040585], [-76.98566841973498, 38.9008313410656], [-76.98573607377271, 38.90085999592603], [-76.98583797568006, 38.90090315836111], [-76.98593101315717, 38.90094253612921], [-76.98601193544395, 38.90097677760864], [-76.98608858113883, 38.901009216850944], [-76.986579880637, 38.901217277312305], [-76.9866677199456, 38.90125494230614], [-76.98681976745459, 38.90132023412062], [-76.98693838545242, 38.901371180698], [-76.98713724680397, 38.90145642182633], [-76.98730173342351, 38.90152697526073], [-76.98730739345578, 38.90152940813233], [-76.98741367769937, 38.90157473166947], [-76.98750992156484, 38.90161563994137], [-76.98812941689921, 38.90187955931142], [-76.98814406858828, 38.90188577656555], [-76.98829254528904, 38.9019490302044], [-76.98837726242466, 38.90198516217418], [-76.98859514806585, 38.90207800575518], [-76.98869762979005, 38.90212167021069], [-76.98875963767996, 38.90214780042709], [-76.98882154184425, 38.90217402068408], [-76.98888345756858, 38.902200330992805], [-76.98894535028153, 38.902226641266424], [-76.98900713926916, 38.90225304158094], [-76.98906892828873, 38.90227953194618], [-76.98913061358334, 38.902306112352555], [-76.98919227586678, 38.90233269272411], [-76.98925396123984, 38.90235936314865], [-76.98931551983105, 38.90238612361249], [-76.98945927227575, 38.90244676290725], [-76.98949638040817, 38.902463071373816], [-76.98960266772254, 38.90250641107345], [-76.98970170408826, 38.90254686736333], [-76.98981698344382, 38.90259390108549], [-76.99008130805079, 38.90270175384301], [-76.99018548608007, 38.902746948552796], [-76.99065286439112, 38.902955386174554], [-76.99080020428113, 38.9030180329631], [-76.991232622586, 38.90320189971304], [-76.99130785506401, 38.90323392102741], [-76.99137383052204, 38.90326199595061], [-76.99152415747358, 38.9033258761877], [-76.99158538350228, 38.90335191475816], [-76.99165949806569, 38.903383449313516], [-76.9922441048075, 38.90363455241982], [-76.99248768591606, 38.90373465114892], [-76.99263893735187, 38.90379672833462], [-76.99284829189571, 38.90388277111572], [-76.99290825085806, 38.903907367576096], [-76.99301291656727, 38.90395340656943], [-76.99313742271616, 38.904008094655005], [-76.99324844086189, 38.90405683631546], [-76.99358633814252, 38.90420522293192], [-76.99376018690177, 38.90428153309691], [-76.99385725647086, 38.90432405766704], [-76.99390290917451, 38.9043441486855], [-76.99451219168343, 38.904600466527484], [-76.99454540548834, 38.90461443102921], [-76.99478519996784, 38.9047169570286], [-76.99489979429642, 38.9047660576071], [-76.99505968478441, 38.90483443787045], [-76.99518731840143, 38.90488903381127], [-76.99599235626394, 38.90523903866442], [-76.99600124493826, 38.90524291256011], [-76.9961657494242, 38.90530660711863], [-76.9962207533044, 38.90532985045723], [-76.99639345489358, 38.90540264339392], [-76.99648463640044, 38.90544111183235], [-76.99656003501534, 38.905472913556004], [-76.99667601527482, 38.905521922342814], [-76.99698926645657, 38.90565606517943], [-76.9971006357131, 38.90570381225509], [-76.99735691238939, 38.90581363012752], [-76.9973746785077, 38.90582119754248], [-76.997813586952, 38.906009391019026], [-76.99812442125773, 38.906144548698556], [-76.99821180002422, 38.90618253828027], [-76.99833872364083, 38.906237761338566], [-76.99851385065365, 38.90631397433633], [-76.99930407128089, 38.906657560161946], [-76.99943296808816, 38.906713682873374], [-76.99957800606246, 38.906776741930145], [-76.99960162952105, 38.906787101614306], [-77.00021765194136, 38.90705104670739], [-77.0003463195476, 38.90709816005886], [-77.00036407477337, 38.907105636934006], [-77.00048615934544, 38.907157164242335], [-77.00052005574504, 38.90717148737015], [-77.00063327442825, 38.907219140973474], [-77.00075999421618, 38.907272559722436], [-77.00079560861019, 38.90728760342669], [-77.00085499671154, 38.907312646214784], [-77.0010890445928, 38.90741245676311], [-77.00109283778812, 38.907414078230296], [-77.00145960252821, 38.907570459141084], [-77.00182670319586, 38.90772548763872], [-77.00183141878692, 38.907727379317805], [-77.00185668006658, 38.90773764843509], [-77.00201970831155, 38.90780403725011], [-77.00210974292285, 38.90784069963211], [-77.00225732194234, 38.907900692465866], [-77.0022882213557, 38.90791402421849], [-77.00278330529703, 38.90812697079412], [-77.00288258761965, 38.90816957786666], [-77.00288570064352, 38.90817092904183], [-77.0031474140271, 38.908281995197825], [-77.0037061476622, 38.908521060320666], [-77.00378191018855, 38.9085532176883], [-77.00381811388239, 38.908568530699014], [-77.00427515807745, 38.9087626447224], [-77.00434572121584, 38.90879408124556], [-77.00440406267813, 38.908820023096425], [-77.00441523518742, 38.908824977264864], [-77.0045950678448, 38.90890488336397], [-77.00476599071989, 38.90884570969806], [-77.00588827538215, 38.90845720060181], [-77.00635229137185, 38.908296728624045], [-77.00640532560332, 38.90827852886705], [-77.00655715322077, 38.90822627203006], [-77.0070164738488, 38.90806733809852], [-77.00719171611938, 38.908006701263005], [-77.0077749821234, 38.907801363655615], [-77.00855306166277, 38.907535202676875], [-77.0086363004679, 38.90750582933731], [-77.00881891834008, 38.907441496086484], [-77.00891901216339, 38.90740623881982], [-77.00905524889895, 38.907358258883015], [-77.00919336465378, 38.90730961202125], [-77.00928169868801, 38.90727849920824], [-77.00935675142134, 38.90725200867576], [-77.00956206830689, 38.90718028559393], [-77.00961429382235, 38.90716199435923], [-77.01010058939517, 38.906992145945814], [-77.0101277972593, 38.90698268482353], [-77.0102083717048, 38.90695475192773], [-77.01104294581295, 38.90666514766544], [-77.01216254482634, 38.906276479304374], [-77.01341052344063, 38.90584362658221], [-77.01365059030941, 38.905760361612565], [-77.01396826173008, 38.905650176697414], [-77.01477813276104, 38.90536926533971], [-77.01522453396842, 38.90521496419852], [-77.01618252252867, 38.904886570498796], [-77.01822373827046, 38.90417136586927], [-77.01893069485955, 38.90392365433185], [-77.0199080403762, 38.90358992488377], [-77.02171029883627, 38.902972968976705], [-77.02192135485716, 38.90294662516293], [-77.021920432718, 38.902909616195174], [-77.02192033988604, 38.902607557024524], [-77.0219199698559, 38.902528905134226], [-77.02191879642487, 38.902274392253396], [-77.02191730457591, 38.90210914323232], [-77.02170359181208, 38.90208191483693], [-77.02165043017212, 38.90207012375398], [-77.02160684848319, 38.902057430039484], [-77.02152834334474, 38.90203294180207], [-77.02123237608798, 38.90193201228612], [-77.02091575960564, 38.90182243769443], [-77.02077020925218, 38.90177197182003], [-77.020753548914, 38.90176619141552], [-77.02070281849406, 38.901748607094774], [-77.02042610730186, 38.90165181596177], [-77.02026066819181, 38.90159125455795], [-77.0200767845498, 38.901533164380815], [-77.02001485979373, 38.90151360885364], [-77.01992075438015, 38.90147678075509], [-77.01979900204385, 38.90143329108464], [-77.01973927933713, 38.901413581895774], [-77.0195186050725, 38.90133965134716], [-77.01948194115643, 38.901326595348074], [-77.01916362319481, 38.90121458402382], [-77.01906543813504, 38.90117988187628], [-77.01892921747829, 38.90113174534467], [-77.01893088897553, 38.900870690153035], [-77.01893360670401, 38.89981724478294], [-77.01893043805656, 38.89906041457047], [-77.01893366973725, 38.89831483015969], [-77.01893098916766, 38.89734444962607], [-77.01892800115533, 38.89613561807582], [-77.01893674239574, 38.89481026561917], [-77.01900939159886, 38.89468664886221], [-77.0199034952653, 38.89441881341909], [-77.01992667497123, 38.89360554676207], [-77.01990172231088, 38.892766454998466], [-77.01858690410117, 38.892400815732], [-77.01756694617951, 38.89211716367862], [-77.01639023177397, 38.89179045577552], [-77.01518509598311, 38.891464532999834], [-77.0152019437638, 38.89064258699085], [-77.0151805791624, 38.888828572926855], [-77.01517445013991, 38.8881925191233], [-77.01518028915179, 38.88757406606847], [-77.01537066681173, 38.887572302550225], [-77.0153874373807, 38.887572147199336], [-77.01565287407766, 38.887572742511544], [-77.01599233158919, 38.88757170559957], [-77.01628094757483, 38.887572836810904], [-77.01639308545502, 38.8875711095322], [-77.01659388313936, 38.887571018115885], [-77.01667363281894, 38.88757097973234], [-77.01693840106762, 38.88757184246999], [-77.01721341616809, 38.88757297334905], [-77.01721651671242, 38.88757297289202], [-77.01728913245472, 38.88757611509791], [-77.01737627067597, 38.887577102095946], [-77.017549187031, 38.88757905808462], [-77.01755654075895, 38.887579138054804], [-77.0177498919261, 38.88757655044902], [-77.01782233377655, 38.887575584528406], [-77.01820951005301, 38.88757597522188], [-77.01875116020426, 38.88757597959754], [-77.01925055537667, 38.887576078517725], [-77.01959782782917, 38.88757584059315], [-77.01977198834628, 38.88757518065207], [-77.01989520316293, 38.88757470930857], [-77.01990962245586, 38.88757482396033], [-77.02166575249343, 38.88757502486541], [-77.02168475907756, 38.8875746970363], [-77.02191796719377, 38.88757065378294], [-77.02212708783222, 38.88757395645999], [-77.02223376322394, 38.88757563878483], [-77.02258508155545, 38.88757602179504], [-77.02293432503228, 38.887575953737056], [-77.02323065198773, 38.887576525758774], [-77.02353632588353, 38.88757466288274], [-77.02371777047406, 38.88757268036663], [-77.02388083085346, 38.88757089951352], [-77.02400850720647, 38.88757320650813], [-77.02401812007967, 38.88757330362387], [-77.02424729574915, 38.8875747156275], [-77.02438592150313, 38.88757556958663], [-77.02495923392902, 38.887575088139414], [-77.0254656946874, 38.887575249060255], [-77.02581265572142, 38.88757447924835], [-77.02599306346907, 38.887574078901864], [-77.02795932708152, 38.88757329144042], [-77.02807543050226, 38.887573623924084], [-77.02811800838896, 38.887574001041735], [-77.02818356980592, 38.8875751653374], [-77.02832355540093, 38.887575266599505], [-77.02881052466877, 38.88757364309136], [-77.02936742461907, 38.8875752339989], [-77.0299703709856, 38.887575080835404], [-77.03003571293935, 38.88757506404998], [-77.03072152117683, 38.8875751559218], [-77.03117438521774, 38.88757539625912], [-77.03169676389538, 38.887576066415015], [-77.03171181693543, 38.8875757019936], [-77.03187160277508, 38.88757187498015], [-77.03195390115773, 38.88757500542651], [-77.03195955855357, 38.88597538549723], [-77.031959401859, 38.88562559000965], [-77.03195938163773, 38.88558044900406], [-77.03196456141202, 38.88497343562709], [-77.03196494483946, 38.88492885302574], [-77.03196793641426, 38.88486597368032], [-77.03199102410672, 38.88438119011035], [-77.03202429299141, 38.88408596717694], [-77.03208609420223, 38.88380586146456], [-77.03216348819089, 38.88344731538587], [-77.03236273164272, 38.88314629012071], [-77.0327047038158, 38.88261798802224], [-77.03351664769595, 38.88160699909132], [-77.0343230587497, 38.88048195690265], [-77.03436728536698, 38.88043706577648], [-77.03438041765477, 38.880424089826754], [-77.03443398361898, 38.880371374951665], [-77.03445195521687, 38.880355965300865], [-77.03447004210074, 38.88034064569717], [-77.03448847413762, 38.88032559624044], [-77.0345070229011, 38.880310636830174], [-77.03452580152391, 38.880295857516884], [-77.03454481068265, 38.88028116821621], [-77.03456405046465, 38.880266749095924], [-77.03458340557621, 38.88025251010612], [-77.03460299122372, 38.880238361128676], [-77.03462280749464, 38.880224482331336], [-77.03464492853858, 38.88021015242726], [-77.03466716486734, 38.880195912568674], [-77.03468940118724, 38.880181672705774], [-77.03471163758589, 38.880167613006456], [-77.03473410451943, 38.88015364331823], [-77.03475657144418, 38.88013967362563], [-77.03477903840395, 38.88012579401261], [-77.03479943156147, 38.88011335635599], [-77.03481982471176, 38.880100918695774], [-77.03484033242843, 38.880088571081735], [-77.0348608416227, 38.880076313547534], [-77.0348893004271, 38.880060180026234], [-77.03491798985034, 38.88004431668078], [-77.03494690984836, 38.880028633427045], [-77.03497594517168, 38.88001313029946], [-77.03500532640801, 38.8799979873966], [-77.03503482292577, 38.87998293453564], [-77.0350644348577, 38.87996824196828], [-77.03509439189439, 38.87995372945752], [-77.03512446574214, 38.87993948715564], [-77.0351546541958, 38.879925424979376], [-77.03518299984513, 38.87991379561651], [-77.03521157620641, 38.8799026165968], [-77.0352403825154, 38.879891797836414], [-77.03526953627167, 38.87988151946754], [-77.03529892006556, 38.879871781525445], [-77.03532853452855, 38.87986240384184], [-77.03535849495523, 38.879853476465605], [-77.03538857089185, 38.87984508955024], [-77.03541887754376, 38.8798371529768], [-77.03544941495613, 38.87982975682902], [-77.03546116877868, 38.87982651023913], [-77.03559299592555, 38.87979016631186], [-77.03563874440488, 38.8797791621203], [-77.03568472372905, 38.87976887851168], [-77.0357309338091, 38.87975913531794], [-77.03577737473637, 38.879750112706624], [-77.03582404646689, 38.87974172059354], [-77.03587083375268, 38.879733959013834], [-77.03588881117808, 38.87973107080476], [-77.03593064350609, 38.8797248421505], [-77.03597259134852, 38.879719153949225], [-77.03601453941162, 38.87971391615251], [-77.03605671828558, 38.87970930885694], [-77.03609889733632, 38.87970506188183], [-77.03615559622259, 38.87969774754346], [-77.03621241034635, 38.879690433141754], [-77.03626910911778, 38.87968293858042], [-77.0363258078773, 38.8796754439915], [-77.03638250657892, 38.87966785929116], [-77.03643920450217, 38.87966018447959], [-77.03649578855881, 38.879652419592105], [-77.03655248713176, 38.87964465464136], [-77.03660907039718, 38.87963679961533], [-77.03664928939827, 38.87963111171282], [-77.03668939319022, 38.87962551391663], [-77.03704132400811, 38.87954892156182], [-77.0370748616725, 38.87954936133919], [-77.03710839914977, 38.8795494407713], [-77.03714193653343, 38.87954934002591], [-77.03719276106435, 38.87954887343089], [-77.03724358535958, 38.87954795639419], [-77.03729440941798, 38.879546588915716], [-77.03734523319156, 38.879544680911636], [-77.03739594080443, 38.879542412586886], [-77.03744664952372, 38.87953951365223], [-77.03749735732917, 38.879536254360104], [-77.0375479489238, 38.87953254466363], [-77.03761847801327, 38.87952504499941], [-77.037688775061, 38.87951601394054], [-77.03775861033289, 38.87950554164569], [-77.03782821432246, 38.879493628040976], [-77.03789735652806, 38.87948027320165], [-77.03796592169707, 38.879465477165944], [-77.03803402507425, 38.879449239897326], [-77.03810155145537, 38.879431651518196], [-77.03816850074058, 38.87941253186163], [-77.03823464252528, 38.87939206117188], [-77.03828741809139, 38.8793765494441], [-77.03833984750152, 38.87936031713452], [-77.03839193080285, 38.87934345432762], [-77.03844355274558, 38.87932596106168], [-77.03849494382578, 38.879307837261386], [-77.03854598879377, 38.87928908296512], [-77.03859657240005, 38.879269698211345], [-77.03864680989201, 38.879249682962566], [-77.03868368108284, 38.879234356485256], [-77.03869658602028, 38.879229037257375], [-77.03874590078392, 38.879207761096424], [-77.03879763431227, 38.879183871676666], [-77.03882954966228, 38.87916836663155], [-77.03884930954389, 38.87915881059905], [-77.03889914071898, 38.87913366115481], [-77.03894891359533, 38.87910734005437], [-77.03895133306962, 38.87910598798827], [-77.03899799460152, 38.87908038857601], [-77.0390464988863, 38.87905262651421], [-77.03909419600218, 38.87902414403078], [-77.03914120119668, 38.87899494108811], [-77.03918705362565, 38.87896528809343], [-77.03922119762872, 38.87894233562868], [-77.03923302057102, 38.8789343738669], [-77.03927840955116, 38.878900396962315], [-77.03932310665381, 38.87886578968526], [-77.03936688143293, 38.878830642198096], [-77.03941007963199, 38.87879495438518], [-77.0394523554582, 38.878758636280025], [-77.03949393945679, 38.87872177788961], [-77.03953471643031, 38.87868446933759], [-77.03957457103192, 38.87864653049602], [-77.03961373380677, 38.87860805137159], [-77.03965197431054, 38.8785691221271], [-77.03999935367501, 38.878200560290615], [-77.0403618164512, 38.87781388530761], [-77.04072923486522, 38.877434233993846], [-77.04100013198641, 38.87715523922456], [-77.04100969168083, 38.877145416714754], [-77.04121205683111, 38.87693698124], [-77.04160549303403, 38.87652587861407], [-77.04221568344963, 38.87589624279605], [-77.0427983343115, 38.875290035655055], [-77.04296763484592, 38.875115210515666], [-77.04297765463745, 38.87510484716781], [-77.04332028404407, 38.874751050747484], [-77.0433943375922, 38.87467454192609], [-77.04381049657752, 38.874242471402916], [-77.04373146480226, 38.874187331883334], [-77.0436793540472, 38.87415113761036], [-77.0434530380088, 38.8739877195431], [-77.04339008770877, 38.87393954799774], [-77.04327951615382, 38.87384635206461], [-77.04322497727759, 38.873796015294715], [-77.04317193599258, 38.873744687021016], [-77.04311993144894, 38.873692547583715], [-77.0430685029062, 38.87363995749022], [-77.04301730486353, 38.8735872772047], [-77.04296576134152, 38.87353486727552], [-77.0429303612332, 38.87349884668299], [-77.04289507629126, 38.87346264586912], [-77.04286002191729, 38.8734265350438], [-77.04282473704679, 38.873390334208274], [-77.04278933708125, 38.873354313572115], [-77.04275359159686, 38.87331856330359], [-77.04266792653449, 38.87324733816517], [-77.0425697033221, 38.87318062174361], [-77.0424706740527, 38.87311462620416], [-77.04240611045607, 38.873064112523444], [-77.04228754456484, 38.872894076855516], [-77.04228246618622, 38.87288074625655], [-77.04228235036095, 38.872879755374065], [-77.04228223453569, 38.87287876449155], [-77.04228211865698, 38.87287768352503], [-77.04228200283171, 38.87287669264253], [-77.04228188700648, 38.872875701760016], [-77.04228177112786, 38.8728746207935], [-77.04226318988663, 38.872827513566804], [-77.04222594395736, 38.87278689913858], [-77.0421762549316, 38.8727506132271], [-77.04212034433498, 38.87271640147153], [-77.04206443384498, 38.87268227977303], [-77.04201486010584, 38.87264581358264], [-77.04196436366833, 38.8726079063579], [-77.04190845227978, 38.87257198290359], [-77.0418526561851, 38.87253605938095], [-77.04180227504335, 38.87249797187606], [-77.04176306951011, 38.872455646402635], [-77.04174033933214, 38.87240709922859], [-77.0417399929877, 38.87240601834386], [-77.04173976182794, 38.872404847333854], [-77.04173953072097, 38.87240376640791], [-77.04173929956121, 38.872402595397894], [-77.04173906845425, 38.87240151447198], [-77.0417388373472, 38.872400433546], [-77.04171818147427, 38.87235188562572], [-77.04168404550843, 38.87230784671657], [-77.04164057721673, 38.87226696406715], [-77.04159227006797, 38.872227884805845], [-77.0415919241992, 38.87222761467689], [-77.04152390177214, 38.87217169669021], [-77.0414985364861, 38.872149094610535], [-77.04141344477499, 38.872068409509346], [-77.0413667496851, 38.87202671714427], [-77.04132524306557, 38.87198979737901], [-77.0412350832056, 38.8719123569653], [-77.04114423238231, 38.87183536714472], [-77.04114111944023, 38.87183266571984], [-77.0410994965168, 38.871793493812795], [-77.04101325481989, 38.87171542125781], [-77.04099504190346, 38.87170569857512], [-77.04096829954663, 38.8716925556881], [-77.04094213043452, 38.87167427780265], [-77.04091964687814, 38.87165248534161], [-77.04089577983099, 38.87162952226789], [-77.0408678796914, 38.871606830852976], [-77.04083732970783, 38.87158513128273], [-77.04080735638645, 38.8715642422594], [-77.0407801480767, 38.87154218116992], [-77.04075397592963, 38.871518408115314], [-77.04073091542621, 38.87149508438968], [-77.04070877692746, 38.87147194050609], [-77.04068617729445, 38.87144843644269], [-77.04066495870883, 38.871421778951685], [-77.04064523789573, 38.87139458043101], [-77.04062759072458, 38.87136630017669], [-77.04060948318876, 38.871339011004345], [-77.0405897641107, 38.87131478524745], [-77.0405620950722, 38.87129281435049], [-77.04053350406424, 38.87127066359885], [-77.04050906114274, 38.87124779072866], [-77.0404892265817, 38.8712230244901], [-77.04046846994686, 38.87119789823137], [-77.04044759635516, 38.8711697091511], [-77.04043121649823, 38.87114070775456], [-77.04041460817368, 38.87111521971324], [-77.04039788477886, 38.87109000196147], [-77.04038139130546, 38.87106379320292], [-77.04036604943127, 38.871036232782835], [-77.04034667627573, 38.87101209694814], [-77.04032223497882, 38.8709918364753], [-77.04029848688654, 38.87097472870047], [-77.04027669652997, 38.87095536814379], [-77.0402534083337, 38.8709363684356], [-77.04022977337833, 38.87091547707669], [-77.04020901550304, 38.870887828417075], [-77.04018987057675, 38.87085954860999], [-77.04017337652301, 38.87083207864431], [-77.04015492384566, 38.870805239938214], [-77.04013704720371, 38.87077813077889], [-77.04012216693066, 38.87075147100753], [-77.04010774978443, 38.87072868469014], [-77.04009979074698, 38.87071472439245], [-77.04009955875904, 38.87071202194997], [-77.04009840484353, 38.87070922973996], [-77.0400932138193, 38.870699502442626], [-77.04008375567567, 38.87068365089292], [-77.04007072172402, 38.870661494684434], [-77.04005376727899, 38.87063483561564], [-77.04003255033392, 38.87061024993933], [-77.04001191144437, 38.87058899717177], [-77.03999300184046, 38.87056909506934], [-77.03997328479909, 38.870547751894996], [-77.03995218364621, 38.87052406700486], [-77.03993499795256, 38.87049587656804], [-77.03992046331489, 38.87046885631524], [-77.03990339509765, 38.8704446295327], [-77.03989105063636, 38.87041886970462], [-77.03988031870641, 38.8703917580632], [-77.03986762740283, 38.870363926417106], [-77.03985563043145, 38.870341319409036], [-77.03984444493426, 38.87032736019424], [-77.03984110068362, 38.870322947215485], [-77.03978122814951, 38.870204416980336], [-77.03977615404581, 38.87019757231885], [-77.03976173747331, 38.87017541654507], [-77.03974593900823, 38.87015488275326], [-77.03973002536861, 38.870134439082555], [-77.03971710821455, 38.870114715063075], [-77.03970522902233, 38.87009652211855], [-77.03969208281771, 38.87007932052836], [-77.03967951268707, 38.87006193857269], [-77.03966694201186, 38.870043565690935], [-77.03965448517495, 38.87002267041478], [-77.03963845565704, 38.87000096559332], [-77.03962208144887, 38.86998106256823], [-77.03960536204956, 38.86996206049866], [-77.03958945014254, 38.86994458958233], [-77.03957676497717, 38.8699274779065], [-77.03956442401957, 38.86990766359008], [-77.03955219740341, 38.86988622772005], [-77.03954077757722, 38.8698650618277], [-77.03952947299092, 38.869843895895166], [-77.0395200129407, 38.86982417068255], [-77.03951066827854, 38.86980471568233], [-77.0394983268619, 38.86978400051779], [-77.03948310367802, 38.86976157472872], [-77.03946672832258, 38.86973941957928], [-77.03945392644617, 38.869719515322274], [-77.03944527490665, 38.86970312294127], [-77.03944192413769, 38.869686818853275], [-77.03943799581148, 38.86966799260574], [-77.03942576902548, 38.869646106301225], [-77.03940927873023, 38.86962440160257], [-77.03939313394461, 38.86960233644858], [-77.03937779490384, 38.869578649506934], [-77.03936337853037, 38.869556403597564], [-77.03935092166869, 38.86953514795102], [-77.0393408851479, 38.869514702244444], [-77.03933211718525, 38.869496057791444], [-77.0393224285078, 38.86947948558189], [-77.03931585483765, 38.86946966862955], [-77.03925356242503, 38.869348256230985], [-77.03924237289148, 38.86932645964153], [-77.03923072248485, 38.86930475328983], [-77.03921907213484, 38.86928313702098], [-77.03920788257254, 38.86926125034389], [-77.03919773005782, 38.86923927323342], [-77.03918896003923, 38.869216755153445], [-77.03918838283921, 38.86921486358118], [-77.03918769040716, 38.86921297204755], [-77.03918711320723, 38.869211080475274], [-77.03918653600743, 38.86920918890299], [-77.0391858435754, 38.869207297369414], [-77.03918515114339, 38.86920540583576], [-77.03918122785757, 38.86919558798591], [-77.0391745354403, 38.86917928501012], [-77.03916161544866, 38.869153795544925], [-77.0391470824644, 38.86912875703944], [-77.03913185819691, 38.869103898931925], [-77.03911674912264, 38.86907895069964], [-77.03910256181585, 38.86905382198839], [-77.03908364433691, 38.869018335187484], [-77.03906461164496, 38.86898284842183], [-77.03904580943544, 38.86894736157578], [-77.03902746807306, 38.868911694404304], [-77.03900981797122, 38.868875756746455], [-77.03899320487311, 38.86883963857125], [-77.03899205098202, 38.86883675626535], [-77.03899078185937, 38.86883387399792], [-77.03898951278606, 38.86883108181459], [-77.03898824366352, 38.8688281995471], [-77.03898708977283, 38.86882531724116], [-77.0389858206998, 38.868822525057745], [-77.03896667051605, 38.868782714277366], [-77.03894533130027, 38.86874353481238], [-77.03892260957696, 38.86870480622464], [-77.03889919663766, 38.86866634811481], [-77.0388755532611, 38.86862789007678], [-77.03885260124814, 38.868589341719535], [-77.03883264973048, 38.868558990013284], [-77.0388101633904, 38.868529089566536], [-77.0387875618871, 38.86849927923763], [-77.03876738000916, 38.86846901768039], [-77.0387522677725, 38.86843776351195], [-77.03874464477533, 38.86840506551086], [-77.03874452895757, 38.86840398453998], [-77.03874452832174, 38.868402813446814], [-77.03874441250396, 38.86840173247595], [-77.03874429668609, 38.868400651505084], [-77.0387442960992, 38.86839957049603], [-77.03874418023253, 38.86839839944105], [-77.03873690611427, 38.86837155679046], [-77.0387223731939, 38.86834606780836], [-77.03870426842323, 38.868321120513016], [-77.03868581802186, 38.86829626341334], [-77.03867070898168, 38.8682707746154], [-77.03866239787703, 38.8682440223871], [-77.03866216619568, 38.8682417703611], [-77.03866193451425, 38.86823951833506], [-77.03866170283293, 38.86823726630904], [-77.03866147115151, 38.86823501428301], [-77.03866123947023, 38.868232762256966], [-77.03866100778885, 38.86823051023094], [-77.03865477162375, 38.8682051986607], [-77.03864415704396, 38.868180519127925], [-77.0386313532871, 38.86815620065483], [-77.03861866476939, 38.86813188214213], [-77.03860816544346, 38.86810720256768], [-77.03860215976862, 38.868081890917864], [-77.03860192813842, 38.86807972897575], [-77.03860169645942, 38.86807747694956], [-77.03860158005958, 38.86807531496935], [-77.03860134838062, 38.86807306294315], [-77.03860111675047, 38.868070901001005], [-77.03860088507152, 38.868068648974806], [-77.03859326145249, 38.8680345997003], [-77.03857987686378, 38.86800154325399], [-77.03856315090385, 38.86796902841426], [-77.03854538793644, 38.867936603998345], [-77.03852912278182, 38.8679038187489], [-77.03851654466327, 38.86787040169205], [-77.03851585192163, 38.867867879565324], [-77.03851515918005, 38.867865357438575], [-77.03851446648716, 38.86786292539597], [-77.03851377374575, 38.86786040326924], [-77.03851308100433, 38.86785788114251], [-77.03851238826293, 38.86785535901577], [-77.03849831090766, 38.86781960026414], [-77.03847927940932, 38.86778519440508], [-77.0384573675715, 38.86775151016434], [-77.03843453401298, 38.86771800639095], [-77.03841285257944, 38.86768414189743], [-77.03839451229416, 38.86764928537582], [-77.03839324326522, 38.86764649318539], [-77.03839208946604, 38.86764370095712], [-77.03839082043733, 38.86764090876669], [-77.03838955136021, 38.86763802649215], [-77.03838828233168, 38.867635234301666], [-77.03838712853288, 38.86763244207332], [-77.03837570752358, 38.867607762778945], [-77.0383638257007, 38.86758326380296], [-77.03835148306464, 38.8675589451453], [-77.03833879474847, 38.867534626599706], [-77.0383257608493, 38.86751048833435], [-77.0383126117296, 38.86748635010522], [-77.03831111239306, 38.867483828241774], [-77.03830972828594, 38.86748130634053], [-77.03830822894962, 38.86747878447707], [-77.03830684479433, 38.86747617249162], [-77.0383054606876, 38.86747365059036], [-77.03830407658097, 38.867471128689], [-77.03829334854913, 38.867449331850494], [-77.03828411826342, 38.867427084099184], [-77.03827627054172, 38.8674044755574], [-77.03826969020183, 38.86738159634722], [-77.03826403160335, 38.8673585366663], [-77.0382594100227, 38.867335386561116], [-77.03825929431059, 38.8673344857578], [-77.03825906332105, 38.86733349490811], [-77.03825894756055, 38.867332504020695], [-77.03825883184847, 38.86733160321741], [-77.03825860085885, 38.867330612367674], [-77.03825848509845, 38.86732962148029], [-77.03825167296097, 38.86730421998931], [-77.03824174993258, 38.86727936002151], [-77.03822986821035, 38.86725486103054], [-77.03821694957986, 38.86723063263004], [-77.03820414613897, 38.8672063141062], [-77.03819261008037, 38.86718172491393], [-77.03819180241724, 38.86717974332734], [-77.03819099475415, 38.867177761740756], [-77.03819007186222, 38.86717578019186], [-77.03818926419922, 38.86717379860528], [-77.03818845653628, 38.867171817018644], [-77.03818753364448, 38.86716983546973], [-77.03817749615116, 38.86714632679521], [-77.03816734343557, 38.86712281815739], [-77.03815776677436, 38.86709912916212], [-77.03814922708197, 38.867075259658925], [-77.03814241572977, 38.86705120942213], [-77.03813802399198, 38.86702679805811], [-77.0381377927643, 38.86702535678759], [-77.03813767676537, 38.867023915479436], [-77.03813756076646, 38.86702247417125], [-77.03813732953881, 38.867021032900745], [-77.03813721358806, 38.86701968167668], [-77.03813698236041, 38.86701824040616], [-77.03812970408691, 38.86698292980489], [-77.03811747137775, 38.86694834149348], [-77.03810212779965, 38.86691429470051], [-77.03808540159098, 38.866880428524645], [-77.03806890580694, 38.866846472186865], [-77.03805448395644, 38.86681215483421], [-77.0380432919212, 38.86678423240062], [-77.03803140852521, 38.866756310190986], [-77.03801964036681, 38.86672838794247], [-77.03800913963121, 38.86670028511189], [-77.03800059763783, 38.86667191139029], [-77.03799516656912, 38.86664308623503], [-77.03799470345068, 38.86663894251558], [-77.0379942403323, 38.86663479879611], [-77.03799389239403, 38.86663056495504], [-77.03799354450375, 38.866626421198085], [-77.03799319661351, 38.866622277441145], [-77.03799284867546, 38.86661804360007], [-77.03798683931625, 38.86658516484626], [-77.03797771900072, 38.86655264744042], [-77.03796663996361, 38.86652040092298], [-77.03795533043305, 38.86648806439514], [-77.03794494268678, 38.86645563748235], [-77.03793708981588, 38.86642293949243], [-77.0379366275642, 38.86642041728683], [-77.03793616531259, 38.86641789508118], [-77.037935703061, 38.866415372875515], [-77.03793535603708, 38.86641285063243], [-77.03793489378556, 38.86641032842677], [-77.03793443148618, 38.86640771613699], [-77.03792692201023, 38.866370693995975], [-77.03791814508669, 38.86633376234998], [-77.03790902248981, 38.86629683081535], [-77.03790013040513, 38.86625998928909], [-77.03789227528038, 38.86622296725712], [-77.03788626370522, 38.866185764457995], [-77.03788580112213, 38.86618261166314], [-77.03788545381418, 38.86617954891506], [-77.03788510650628, 38.866176486166964], [-77.03788475919848, 38.86617342341884], [-77.03788429666328, 38.86617036070814], [-77.03788394935555, 38.866167297960054], [-77.03788163108591, 38.866141444563716], [-77.03788023458786, 38.866115500784055], [-77.03787918377225, 38.86608955689213], [-77.03787778727612, 38.86606361311222], [-77.03787558423913, 38.86603775967792], [-77.03787176807306, 38.86601199685088], [-77.03787119040814, 38.86600911434567], [-77.03787061274318, 38.86600623184044], [-77.03787003507836, 38.866003349335216], [-77.03786945746135, 38.86600055691414], [-77.03786887979655, 38.86599767440889], [-77.03786830213184, 38.86599479190366], [-77.03786460468677, 38.86597560518015], [-77.0378609072437, 38.86595641845647], [-77.03785709452795, 38.865937141685876], [-77.03785339708888, 38.86591795496187], [-77.03784958442488, 38.86589876827504], [-77.03784577176303, 38.86587958158797], [-77.03784530966142, 38.86587732963411], [-77.0378447322853, 38.865874987633504], [-77.03784427013598, 38.8658726455955], [-77.0378438080344, 38.86587039364164], [-77.03784334588515, 38.86586805160366], [-77.0378428837837, 38.865865799649804], [-77.03783964157523, 38.865835892764224], [-77.0378397405142, 38.865805174038336], [-77.03784053081299, 38.86577445508825], [-77.03783890168665, 38.86574436751112], [-77.03783231853595, 38.86571563280129], [-77.03781778585882, 38.86568897260144], [-77.0378170940224, 38.86568807198403], [-77.03781640223363, 38.86568726145076], [-77.03781571039717, 38.86568636083334], [-77.03781501856079, 38.865685460215964], [-77.03781432672434, 38.86568455959852], [-77.03781363493566, 38.865683749065234], [-77.03779921835736, 38.86565871033999], [-77.03779136874167, 38.86563186780459], [-77.03778812751939, 38.86560376259908], [-77.03778742089756, 38.865574935899915], [-77.03778740563396, 38.86554610897683], [-77.03778623839416, 38.86551782293131], [-77.03778612269097, 38.86551692212728], [-77.0377860069877, 38.86551602132321], [-77.03778600646302, 38.86551503039773], [-77.03778589075985, 38.865514129593684], [-77.03778577505668, 38.865513228789595], [-77.0377856593058, 38.865512237901406], [-77.03778276424673, 38.86548503342468], [-77.03777906255914, 38.86545773912457], [-77.0377747847915, 38.86543053509478], [-77.03777027662274, 38.865403421223355], [-77.0377658836358, 38.86537621723028], [-77.03776183633006, 38.8653490131251], [-77.03776160497242, 38.865347301601005], [-77.03776137366255, 38.865345680161056], [-77.03776114230496, 38.86534396863698], [-77.03776079572141, 38.86534225715015], [-77.03776056436391, 38.86534054562605], [-77.037760333054, 38.865338924186084], [-77.03775535884581, 38.86530208137581], [-77.03775038464275, 38.86526523856507], [-77.03774587134792, 38.865228395604916], [-77.03774204941209, 38.86519155242087], [-77.0377391492378, 38.8651546188544], [-77.03773751650043, 38.865117594793816], [-77.03773740022686, 38.865115612979956], [-77.0377373991789, 38.86511363112887], [-77.03773728290535, 38.865111649314976], [-77.03773728185739, 38.86510966746385], [-77.03773716558376, 38.865107685649996], [-77.0377371645358, 38.86510570379886], [-77.03773692851145, 38.865095164028816], [-77.03773657726154, 38.86508462429591], [-77.03773622601175, 38.86507408456306], [-77.03773622048622, 38.865063634802574], [-77.03773656058958, 38.8650530948462], [-77.0377374768678, 38.865042644787756], [-77.03773770660426, 38.86504129345114], [-77.03773782111517, 38.865039942151775], [-77.03773793562608, 38.865038590852386], [-77.037738050137, 38.865037239553025], [-77.03773827987342, 38.865035888216376], [-77.03773862488292, 38.86503462692668], [-77.03773896998766, 38.86503354580523], [-77.03773943031784, 38.86503246464653], [-77.03773989064803, 38.865031383487846], [-77.0377404662036, 38.86503030229191], [-77.03774092653373, 38.865029221133234], [-77.03774138686397, 38.86502813997453], [-77.03774230690482, 38.86502480656328], [-77.03774299649477, 38.86502147322652], [-77.03774345563374, 38.865018139964235], [-77.03774379949952, 38.86501471665508], [-77.03774414336537, 38.865011293345916], [-77.03774448727884, 38.86500796012086], [-77.03774471658625, 38.86500579802692], [-77.03774494584593, 38.86500354584885], [-77.03774505992791, 38.86500138379218], [-77.03774528918755, 38.864999131614105], [-77.03774540326945, 38.86499696955744], [-77.03774551735142, 38.864994807500736], [-77.03774551573147, 38.864991744639866], [-77.03774539888607, 38.86498868181626], [-77.03774528204077, 38.86498561899263], [-77.03774504997014, 38.86498255620625], [-77.03774470267408, 38.864979493457106], [-77.03774447065102, 38.86497652075488], [-77.03774400755798, 38.864972377033276], [-77.03774331401421, 38.864968233386165], [-77.03774273574358, 38.864964179785936], [-77.03774204219997, 38.8649600361388], [-77.03774134865651, 38.86495589249164], [-77.03774065516072, 38.86495183892865], [-77.03773961375002, 38.864943551522614], [-77.03773857238728, 38.8649353542007], [-77.03773764620242, 38.864927066757375], [-77.03773683529064, 38.86491886936093], [-77.03773613955669, 38.86491058184312], [-77.03773578949864, 38.8649022942135], [-77.03773567132016, 38.86489670903377], [-77.0377356683193, 38.864891033732675], [-77.03773578059123, 38.86488544847845], [-77.03773600804084, 38.86487977310284], [-77.03773612031274, 38.86487418784862], [-77.0377363478099, 38.86486860255716], [-77.03773668767403, 38.86485761217972], [-77.03773714276338, 38.86484662176502], [-77.0377377130776, 38.864835631313056], [-77.03773828339168, 38.86482464086105], [-77.03773851203177, 38.86482121758906], [-77.0377390841558, 38.86481365033457], [-77.0377401153699, 38.86480265973358], [-77.03774034458144, 38.864800317471264], [-77.03774057379303, 38.864797975209], [-77.03774080300451, 38.86479563294669], [-77.03774114744112, 38.864793290647135], [-77.03774137665266, 38.86479094838487], [-77.03774172108923, 38.864788606085305], [-77.03774436297569, 38.864772930587165], [-77.03774792666117, 38.86475725479087], [-77.03775218174263, 38.864741668855096], [-77.03775689776982, 38.86472617285414], [-77.03776149856994, 38.86471067689029], [-77.03776575364566, 38.864695090953866], [-77.03777529890799, 38.86466031537898], [-77.03777782918174, 38.86465148631229], [-77.0377832368801, 38.86463662067545], [-77.03779048802981, 38.86462148418914], [-77.03779831448928, 38.86460481608535], [-77.03780521852677, 38.86458697718551], [-77.03781408095136, 38.86456832689345], [-77.03782305950305, 38.8645513881622], [-77.03782927327956, 38.86453562142018], [-77.03783445012704, 38.86452003518213], [-77.0378404334491, 38.864504268514075], [-77.03784768395225, 38.86448796093], [-77.0378549343087, 38.86447138309289], [-77.03786218485298, 38.86445516559192], [-77.0378685131677, 38.864438137632085], [-77.0378747260637, 38.864420749372606], [-77.0378808231585, 38.86440228014028], [-77.03788645906555, 38.86438327055225], [-77.03789232589662, 38.864365161730625], [-77.037899575417, 38.86434705245984], [-77.03790855358565, 38.864329483132344], [-77.03791753136697, 38.864311193130824], [-77.03792627807277, 38.864291732109436], [-77.03793686955873, 38.86427452259219], [-77.03794965092224, 38.86425848345637], [-77.0379638149702, 38.86424244386958], [-77.03797797944331, 38.864227215038376], [-77.03799352707944, 38.86421288659706], [-77.03801091839124, 38.864198737721786], [-77.03802830969607, 38.86418458884388], [-77.03804570142619, 38.864171250720744], [-77.03806124966123, 38.86415809336429], [-77.03807345658596, 38.86414529743207], [-77.03808312857811, 38.864132502325354], [-77.03809579667903, 38.8641202467453], [-77.03811249708527, 38.86410699892183], [-77.03813253946089, 38.86409465084621], [-77.03815212237872, 38.864085005442455], [-77.03817274206553, 38.86407490927556], [-77.03819232482789, 38.86406499361254], [-77.03821190758471, 38.86405507794621], [-77.03823390974782, 38.864044620979314], [-77.03825406899887, 38.86403542579048], [-77.03827595771347, 38.86402830196723], [-77.0382996912619, 38.864023519723204], [-77.03832342572619, 38.86402044907337], [-77.03834796786859, 38.86401945008944], [-77.03837032158098, 38.86401998325047], [-77.03839255958529, 38.86401961560359], [-77.03841421899737, 38.86401465384991], [-77.03843530189923, 38.86400897160864], [-77.03845707686867, 38.86400464039819], [-77.03847666360336, 38.86400220167252], [-77.03849890174737, 38.864002104257835], [-77.03852091080516, 38.86400452927134], [-77.03854107667281, 38.86400767556253], [-77.03856308529573, 38.86400928981066], [-77.03858324839057, 38.86400730129761], [-77.03859995248021, 38.864001079968446], [-77.03861815320886, 38.86399251595339], [-77.03863808233828, 38.863984041447715], [-77.03865662970509, 38.86397727899538], [-77.0386786343178, 38.863971506320766], [-77.03869983187222, 38.86396483306775], [-77.03872275821853, 38.86395896999515], [-77.03874822046103, 38.86395490775994], [-77.03877183956162, 38.86395165688886], [-77.03879557412868, 38.86394885639547], [-77.03881804128207, 38.8639461464028], [-77.03884166013152, 38.86394244509677], [-77.03886481744595, 38.86393757284533], [-77.0388860156111, 38.863932070652574], [-77.03890721465683, 38.863928189970814], [-77.03892853005419, 38.86392638118242], [-77.03895145858186, 38.863924571852024], [-77.03897139208001, 38.86392420486364], [-77.03897726819197, 38.86392366239713], [-77.03899685532967, 38.86392203434154], [-77.03901966863049, 38.86392022503623], [-77.03904213685063, 38.863919496851935], [-77.03906679451707, 38.863919128267476], [-77.03909099168337, 38.86391948050537], [-77.03911599413172, 38.86391749027992], [-77.03914168792073, 38.86391549981738], [-77.03916657529098, 38.8639137798722], [-77.0391783275596, 38.863912785003365], [-77.03919480379962, 38.86391142821092], [-77.03922176499476, 38.86390934722106], [-77.03924907166117, 38.86390690577218], [-77.03927234579574, 38.86390500617839], [-77.03929665684261, 38.863902926062664], [-77.0393218896772, 38.86390084563139], [-77.03934758280872, 38.86389768402942], [-77.03937223942239, 38.8638954236131], [-77.03939666668127, 38.86389514512088], [-77.03942282309052, 38.863896307386476], [-77.03944563846352, 38.86389828153262], [-77.03946695443612, 38.86389755365585], [-77.03948688657842, 38.86389475430715], [-77.0395068174724, 38.86388970285109], [-77.03952974392783, 38.86388419995658], [-77.03955151969143, 38.86388149005682], [-77.03957502445671, 38.86387995066125], [-77.0395988750917, 38.86387877148037], [-77.03962168951371, 38.86387903399307], [-77.03964646308746, 38.86387992642533], [-77.03966916173566, 38.863879198042156], [-77.03968840297411, 38.86387720965136], [-77.03970579913057, 38.86387251935962], [-77.0397211204581, 38.863866388424256], [-77.03973033643844, 38.863862962089904], [-77.03973229503856, 38.86386260108674], [-77.03973598139028, 38.86386115848536], [-77.03974485179896, 38.86385791243586], [-77.03975810040085, 38.86385412438979], [-77.03977538097209, 38.86384880353774], [-77.0397948503861, 38.86384276126371], [-77.0398145503444, 38.86383689907617], [-77.03983367448365, 38.863831577586815], [-77.03985418150323, 38.863826615959034], [-77.03987365160923, 38.86382183485005], [-77.0398916243106, 38.863817955091264], [-77.0399104036753, 38.8638142552223], [-77.03993114148442, 38.86380992409129], [-77.03995164864237, 38.86380523269883], [-77.03997261689337, 38.86380090148159], [-77.03999485270084, 38.86379674999479], [-77.0400178948679, 38.86379223789062], [-77.04004024548921, 38.86378736568238], [-77.04006455490592, 38.863782492797725], [-77.04008874960182, 38.86377852078914], [-77.04011478771808, 38.86377427788974], [-77.04013898185119, 38.86376931494499], [-77.04016006479671, 38.86376408281284], [-77.04018010991699, 38.863757409687196], [-77.04019877118594, 38.863748665098456], [-77.0402161650439, 38.86374001102746], [-77.04023793850266, 38.86373333729653], [-77.0402634003243, 38.86372882430996], [-77.04028771001096, 38.863724491883794], [-77.04030971538046, 38.86372043050058], [-77.04033321880365, 38.86371663884834], [-77.04035948768595, 38.86371302640381], [-77.0403878302796, 38.86370887273102], [-77.0404180161879, 38.86370426799232], [-77.04044900972764, 38.8637015547338], [-77.04047885149184, 38.86369965262399], [-77.04050742656501, 38.86369910220867], [-77.04053530999094, 38.863698011521464], [-77.0405634234018, 38.863696109990045], [-77.04059153650374, 38.863693667946904], [-77.04061976477583, 38.86369113577273], [-77.04064787751471, 38.86368806312688], [-77.04067702715808, 38.863684809944694], [-77.04070640621772, 38.86367975499157], [-77.04073544011752, 38.86367560099337], [-77.04076366755409, 38.86367162743778], [-77.04078970564267, 38.86366747447192], [-77.04081194342164, 38.8636669261959], [-77.04083038073989, 38.86366971235937], [-77.0408482418401, 38.863672318553164], [-77.04086540974507, 38.86367168195638], [-77.04088153878268, 38.863667802690294], [-77.04089858893347, 38.86366275200507], [-77.0409169072088, 38.863658871967246], [-77.04093465112277, 38.86365805499006], [-77.04094640627068, 38.86366219474048], [-77.04095332256026, 38.86366723702881], [-77.04095493635778, 38.86366840755709], [-77.0409765309597, 38.86367147185097], [-77.04097603054088, 38.86368290370901], [-77.04097548923292, 38.8637435305517], [-77.04098297859731, 38.86374325767059], [-77.04099669048958, 38.86374379336185], [-77.04101362853311, 38.86374414774996], [-77.04103321650739, 38.86374414086764], [-77.04105176731578, 38.86374386409419], [-77.04106882006455, 38.86374331759216], [-77.0410855274542, 38.863743311714245], [-77.0411013129011, 38.86374303590597], [-77.04111871168277, 38.8637431198641], [-77.0411372625944, 38.86374302324538], [-77.04115108960734, 38.86374337870961], [-77.04116699053726, 38.86374355327264], [-77.0411824303138, 38.86374327757523], [-77.04119787009026, 38.86374300187586], [-77.04121354072949, 38.863743446766314], [-77.04122748281013, 38.86374353192835], [-77.0412407331861, 38.8637429867438], [-77.0412537536359, 38.86374334248075], [-77.04126573671078, 38.86374306799366], [-77.04127564545222, 38.86374225373358], [-77.041276567135, 38.8637420732394], [-77.04128911116027, 38.8637155840554], [-77.04129267787141, 38.86370657437609], [-77.04129878027622, 38.8636989150625], [-77.0413064964315, 38.8636923361878], [-77.04132089809148, 38.86369016907158], [-77.04133726136412, 38.863692865804815], [-77.04135293382012, 38.863696463622276], [-77.04136906523887, 38.86369672816031], [-77.04138680842571, 38.863694649936136], [-77.04140466625991, 38.86369158074266], [-77.04142275412086, 38.86368779079139], [-77.04144291620821, 38.86368436043783], [-77.04146446186273, 38.863682461020495], [-77.041486699327, 38.86368137211097], [-77.04150916859936, 38.86368262530351], [-77.04153048679305, 38.86368586075309], [-77.04155007475129, 38.863685853784055], [-77.0415700067002, 38.863682963995494], [-77.04158993891006, 38.863680524624364], [-77.04160941069811, 38.8636788961715], [-77.04162911293183, 38.863677267633264], [-77.04165008262059, 38.863675638639535], [-77.04167174417393, 38.86367491023696], [-77.04169502016835, 38.86367643335832], [-77.04172106231215, 38.863679306749376], [-77.0417491783717, 38.86368199922473], [-77.04177694876346, 38.86368469181692], [-77.04180414420176, 38.86368936646041], [-77.04182984211047, 38.86369467222328], [-77.04184943387436, 38.86370115126364], [-77.04186545245074, 38.86370546956164], [-77.04188480933321, 38.863704381609175], [-77.04190232533963, 38.8637078886073], [-77.04191915106604, 38.863713197534246], [-77.04193551637792, 38.86371931738178], [-77.04195119029963, 38.86372534739124], [-77.04196456108114, 38.863733630330856], [-77.0419787371576, 38.8637397509591], [-77.04199544703773, 38.86374397890651], [-77.04201261786642, 38.863748296769884], [-77.04203209316495, 38.863752613801154], [-77.04205248998758, 38.86375648007636], [-77.04207150418479, 38.8637604369304], [-77.04209201596962, 38.86376385273637], [-77.04211448682018, 38.86376771825305], [-77.04213845366289, 38.86376834019504], [-77.04216391638803, 38.86376553839313], [-77.04218592171678, 38.86376156674056], [-77.04220446959522, 38.863756335155166], [-77.04221898332005, 38.86374885292107], [-77.04222877192416, 38.86373975087905], [-77.04224271085933, 38.86373452095441], [-77.0422597631167, 38.86373316352102], [-77.0422764697034, 38.86373180621027], [-77.04229283035245, 38.86372999860159], [-77.04230815372348, 38.86372774094555], [-77.04232370700603, 38.863724582362416], [-77.0423385675042, 38.863718991755526], [-77.0423525058927, 38.86371286097614], [-77.04236678946738, 38.86370591931221], [-77.04238107341382, 38.863699608235656], [-77.0423975484734, 38.86369644930802], [-77.0424159831842, 38.86369473101306], [-77.04243614645775, 38.86369337242369], [-77.04245734647215, 38.86369156303295], [-77.04247774078046, 38.86369119527836], [-77.04249444826505, 38.8636913693672], [-77.04250689286344, 38.86369217559488], [-77.04251645859706, 38.8636958655634], [-77.0425177266437, 38.86369685602762], [-77.04253144530291, 38.86370874214294], [-77.04267436170767, 38.86358203163658], [-77.04265200002472, 38.86356798667507], [-77.04264208658658, 38.86356087364567], [-77.04263586088058, 38.863554750194844], [-77.04263424399053, 38.86354844489245], [-77.04263320230125, 38.86354060794895], [-77.0426353864804, 38.86353213923819], [-77.04264033509656, 38.86352213808674], [-77.04265058396948, 38.86351213499907], [-77.04266394380635, 38.863502040689525], [-77.04267764957758, 38.86349239667293], [-77.04269124033779, 38.86348311303348], [-77.04270298688058, 38.86347274905677], [-77.04271196780019, 38.86346193566968], [-77.04271887556763, 38.86345256438736], [-77.04272117571183, 38.863445356811035], [-77.04272255552843, 38.863440581844394], [-77.04272796771417, 38.86343508472866], [-77.04273338151737, 38.86343229013763], [-77.04273361185517, 38.863432109884904], [-77.0427382212556, 38.86343291895544], [-77.04276526683678, 38.86337984946764], [-77.04266014488319, 38.86331502731004], [-77.04260727697833, 38.86334738683737], [-77.04260129098851, 38.86335675777697], [-77.04259726383785, 38.86336621808575], [-77.04259462016593, 38.86337702915246], [-77.04259070769848, 38.86338558857729], [-77.04258495279387, 38.863396040441884], [-77.0425801198852, 38.86340685230666], [-77.04257424916337, 38.86341631328687], [-77.04256630421354, 38.86342541468627], [-77.04255732198718, 38.86343406604228], [-77.04254557317405, 38.863440646469485], [-77.04253440058066, 38.863447406853986], [-77.0425243801606, 38.86345407673358], [-77.04251366813283, 38.86346029644323], [-77.0425024944603, 38.863465255141314], [-77.04248866856723, 38.863466701520395], [-77.04247069443356, 38.8634677890701], [-77.04245225828232, 38.86346698501715], [-77.0424333602757, 38.86346455961381], [-77.04241388594164, 38.863461774080086], [-77.0423927987558, 38.86345943954966], [-77.04237055902128, 38.86345656492852], [-77.04234866495732, 38.863453690177785], [-77.04232803791962, 38.86345009429014], [-77.04230821733738, 38.86344631793825], [-77.04228954839905, 38.863441550239884], [-77.04227076392016, 38.86343624207524], [-77.04225163329554, 38.86343012327518], [-77.04223330950067, 38.86342445460105], [-77.04221556224931, 38.86341950638906], [-77.04219723941887, 38.86341545922424], [-77.04217903058868, 38.86340934007911], [-77.042163932033, 38.8634019586294], [-77.04214883348033, 38.86339457717775], [-77.04213327446506, 38.86338791656372], [-77.04211656386279, 38.863382337373295], [-77.0421000844526, 38.86337801927567], [-77.04208279779444, 38.86337253037231], [-77.04206516387768, 38.8633643390659], [-77.0420478753679, 38.86335569721149], [-77.04203162423825, 38.86334768557037], [-77.0420142206199, 38.86333922392078], [-77.0419970475571, 38.86333094235407], [-77.04198068211701, 38.86332446217812], [-77.0419623591653, 38.86332014472389], [-77.04194288377725, 38.863315467344016], [-77.04192202540206, 38.86331024995235], [-77.04190093669038, 38.86330521280797], [-77.04188111537812, 38.86330008512099], [-77.04186175511781, 38.86329522751792], [-77.04184227910926, 38.86328946911124], [-77.04182280210092, 38.86328199910213], [-77.04180378545949, 38.86327362808307], [-77.04178649716154, 38.86326525644234], [-77.04176828740327, 38.86325742563382], [-77.04174811955019, 38.863250766617035], [-77.04172725999672, 38.86324347725467], [-77.0417067454835, 38.86323510675504], [-77.04168646063093, 38.863225384907025], [-77.04166698176292, 38.86321467184175], [-77.04164923223729, 38.86320566975593], [-77.04163378595733, 38.86319459490983], [-77.04161707202478, 38.86318316017672], [-77.04160012870291, 38.8631735272067], [-77.04158502847223, 38.863163082820066], [-77.04156946667423, 38.863151467501396], [-77.04155413480146, 38.86313895125688], [-77.04153903306435, 38.86312589442334], [-77.04152323968404, 38.86311229732868], [-77.04150629450558, 38.863099421314786], [-77.04148900408524, 38.8630872660946], [-77.04147171278086, 38.86307357944096], [-77.04145499707127, 38.86305899173845], [-77.04143874210052, 38.86304413361742], [-77.04142744545719, 38.863035759796595], [-77.04134583299262, 38.8629751620656], [-77.04134272105566, 38.86297354165213], [-77.0413363806555, 38.86296804876142], [-77.04132623610086, 38.86295940427021], [-77.04131585995715, 38.86294877800786], [-77.04130513783745, 38.8629376113618], [-77.04129499157075, 38.862925994090155], [-77.04128403817987, 38.86291338617687], [-77.0412714717368, 38.86290086891694], [-77.0412673214002, 38.86289681659532], [-77.0412589056626, 38.86288898224481], [-77.04124703222608, 38.86287934743144], [-77.04123504554865, 38.86287313585612], [-77.04122271435213, 38.862868906253475], [-77.04120969229355, 38.862865487651085], [-77.04119667023612, 38.86286206904721], [-77.04118145859908, 38.86285802062489], [-77.04116647636843, 38.86285217043586], [-77.04115460456086, 38.86284532822241], [-77.04114503786906, 38.86283965628999], [-77.04113996680641, 38.862837405972115], [-77.04112728808715, 38.86282993345085], [-77.04111057447689, 38.86281876889709], [-77.04109512774171, 38.862806612968875], [-77.04108048849815, 38.862796078269994], [-77.04106884575222, 38.86278680369396], [-77.04106008402111, 38.86277833886137], [-77.04105016997046, 38.86276969426488], [-77.04103806644923, 38.86276060001611], [-77.04102388831767, 38.86275042548474], [-77.04100844223326, 38.86273935055504], [-77.04099288031095, 38.86272719465363], [-77.04097881663837, 38.862715668813614], [-77.04096590601459, 38.86270558391443], [-77.04095380148108, 38.86269468797333], [-77.04094042940962, 38.86268361230702], [-77.04092728680399, 38.86267082495906], [-77.04091241525907, 38.86265695720509], [-77.0408957005356, 38.862643720684126], [-77.04087829577884, 38.86263273650726], [-77.04085916373538, 38.86262355461619], [-77.04084198989618, 38.86261338111084], [-77.04082562235507, 38.862602756900024], [-77.04080856302602, 38.862591322170914], [-77.04078862270171, 38.862579077688046], [-77.04076649312466, 38.862566743882006], [-77.04074540095984, 38.862555130383214], [-77.04072557690597, 38.862544687532896], [-77.04070736626609, 38.86253478462187], [-77.0406881186387, 38.862524882069316], [-77.0406677184946, 38.86251443940991], [-77.04064720303252, 38.86250381661861], [-77.04062634216895, 38.862493644364896], [-77.04060444467785, 38.86248410305737], [-77.04058323877685, 38.86247501192626], [-77.04056157168871, 38.86246538044633], [-77.04054048061063, 38.862455568593994], [-77.04052031187118, 38.8624467473439], [-77.04050014349455, 38.8624385566796], [-77.04047997445834, 38.86242919491743], [-77.04046210934152, 38.86241893151135], [-77.04044309196645, 38.8624085784175], [-77.0404228079291, 38.86239957702206], [-77.04040448383016, 38.862392646881396], [-77.04038846492311, 38.86238706720346], [-77.04037279265036, 38.862383199003254], [-77.04035896539537, 38.862381942604934], [-77.04034744363396, 38.862382577176504], [-77.04033707382958, 38.86238276092795], [-77.04032658870211, 38.862382764549906], [-77.04031460763302, 38.86238619188705], [-77.04030147506303, 38.86239088079919], [-77.0402900707077, 38.86239538894514], [-77.04028120086149, 38.86239926562616], [-77.04027463462523, 38.862401700164746], [-77.0402617313234, 38.862404317056765], [-77.04024710046424, 38.86240828580586], [-77.04023339203356, 38.86241342532985], [-77.04021853214998, 38.862419916511854], [-77.04020194455379, 38.862427489297254], [-77.04018535751212, 38.86243605300627], [-77.04016957737034, 38.86244524702468], [-77.04015506450664, 38.862454170352514], [-77.0401427410976, 38.86246354334677], [-77.04013180049324, 38.86247318611702], [-77.04011993846962, 38.86248345979221], [-77.04010727009556, 38.862494094079985], [-77.04009494702761, 38.86250409765839], [-77.04007939699837, 38.862512751080274], [-77.0400624641568, 38.86252113472205], [-77.04004564759417, 38.86253141008953], [-77.04002883148148, 38.8625424962122], [-77.04001316803253, 38.8625543926952], [-77.03999738971042, 38.86256691980481], [-77.03998092035653, 38.86257998765403], [-77.0399644510975, 38.86259323566932], [-77.03994947885519, 38.86260495173865], [-77.03993588891379, 38.86261603674387], [-77.03992414347078, 38.86262883271653], [-77.03991274444408, 38.86264297983248], [-77.03989904072863, 38.862656677313886], [-77.03988441513401, 38.8626701949402], [-77.03987163328186, 38.86268407227178], [-77.03986000328948, 38.862697318619354], [-77.03985148402738, 38.86271011348308], [-77.03984400226078, 38.86272380883399], [-77.03983698213253, 38.86273885528985], [-77.03983065373426, 38.86275462218278], [-77.0398260534591, 38.86277002814907], [-77.03982318135868, 38.86278516327313], [-77.03982180538195, 38.86279714494012], [-77.03982157780337, 38.86280227981671], [-77.03982066145684, 38.86281200922203], [-77.0398185964095, 38.86282804491258], [-77.03981791432595, 38.86284462063657], [-77.03981838461233, 38.86286146622005], [-77.03981781860469, 38.86287957333559], [-77.03981690808675, 38.862899752504994], [-77.03981588380371, 38.86292254415458], [-77.03981543482625, 38.8629438942609], [-77.03981463917714, 38.86296344280154], [-77.03981430461725, 38.862983351521606], [-77.03981235800184, 38.863005152559346], [-77.0398109862903, 38.86302479138034], [-77.0398103046051, 38.863042087777096], [-77.03981042721415, 38.86305533011109], [-77.03981169732242, 38.86306010414001], [-77.03981169752342, 38.8630604644767], [-77.0398108934298, 38.863064878876116], [-77.03981043867122, 38.86307586930217], [-77.039810332293, 38.863091724155616], [-77.03981091840458, 38.8631096507092], [-77.03981081272991, 38.86312676674094], [-77.03981082202634, 38.86314343231246], [-77.03981117704035, 38.8631601878503], [-77.039811416631, 38.863176583090656], [-77.03981027350176, 38.86319288871824], [-77.03980717068467, 38.86320757349858], [-77.03980256811452, 38.86321892567519], [-77.03979439153416, 38.86322649553398], [-77.03978195046221, 38.86323181474059], [-77.03976893292416, 38.86323650355294], [-77.0397552245007, 38.86324200335675], [-77.03974024917848, 38.86324849451617], [-77.03972331471859, 38.86325435575102], [-77.0397058039926, 38.86325994692673], [-77.03968714073717, 38.86326499798649], [-77.03966963000575, 38.863270589156826], [-77.03965142753532, 38.86327545988594], [-77.03963288004496, 38.86328150182369], [-77.03961560025053, 38.86328799374935], [-77.03959670728582, 38.86329439613534], [-77.03957401221963, 38.86330125022797], [-77.03955373692511, 38.86330828366482], [-77.03953265387018, 38.8633131553512], [-77.03951272154298, 38.86331532411878], [-77.03949198240655, 38.863317042734984], [-77.03946409956183, 38.86331894393063], [-77.03943172283137, 38.86332048630067], [-77.03940533772958, 38.86332211672392], [-77.03937895262656, 38.8633237471412], [-77.03934623047236, 38.86332574002497], [-77.0393130476736, 38.86332818347558], [-77.03928735420006, 38.86333035414439], [-77.03925993218596, 38.863332165052064], [-77.03922571212922, 38.8633341584057], [-77.03919322016404, 38.863335700748316], [-77.03917801096286, 38.86333606618954], [-77.03916798673457, 38.86333633980527], [-77.0391401032808, 38.86333715991356], [-77.03910807210455, 38.86333852190967], [-77.03907799926952, 38.86333907248386], [-77.0390543787587, 38.86333935063972], [-77.03903110440866, 38.86334052951688], [-77.0390077147366, 38.86334152825957], [-77.03898605360166, 38.86334288675719], [-77.03897176662254, 38.86334406262123], [-77.03896496877634, 38.86334460539514], [-77.03896462310811, 38.863344605510505], [-77.03895586657373, 38.86334532910595], [-77.03893708526786, 38.86334533537078], [-77.03891807322181, 38.8633448012044], [-77.03889675686864, 38.86334453805524], [-77.0388732516272, 38.86334490622019], [-77.03884974653262, 38.86334554463293], [-77.03882647134402, 38.86334519203848], [-77.0388066530825, 38.86334528871134], [-77.03878764147808, 38.86334556528128], [-77.03876874563453, 38.86334683273569], [-77.0387536530702, 38.8633498105242], [-77.03873809946685, 38.86335251821121], [-77.03872058702663, 38.863355136461564], [-77.03870295921587, 38.863357484495005], [-77.03868694418084, 38.863359201402076], [-77.03867392459496, 38.86336028672557], [-77.03866067466082, 38.863361552292226], [-77.03864938341556, 38.86336263704067], [-77.03864085737011, 38.86336345062036], [-77.03863071825441, 38.863364354817264], [-77.03861562314592, 38.86336264821124], [-77.03860029681307, 38.86335950033275], [-77.03858646852348, 38.863356622209736], [-77.03857275691844, 38.863356446572084], [-77.03855685739516, 38.86335870392828], [-77.03853865336706, 38.863360871958825], [-77.03852263818133, 38.86336231859085], [-77.03850685387798, 38.86336457590224], [-77.0384909543508, 38.86336683324948], [-77.03847563151932, 38.8633701714147], [-77.03845996224132, 38.86337206834511], [-77.0384417578672, 38.86337360577136], [-77.03842251658422, 38.863375323704375], [-77.03840396649161, 38.863376771154314], [-77.03838219045085, 38.86337876016695], [-77.03836133633646, 38.863381019125164], [-77.03834405374029, 38.86338255623334], [-77.03832665538843, 38.863383102450896], [-77.038308910836, 38.86338265785347], [-77.03829174220438, 38.86338185272772], [-77.03827365135606, 38.863380237144106], [-77.03825486902699, 38.86337835153173], [-77.03823804510009, 38.86337574460149], [-77.03822306440112, 38.86337250647613], [-77.03820923612427, 38.86336962830845], [-77.03819667491322, 38.863366029051136], [-77.03818538081653, 38.86336179878884], [-77.03817558399048, 38.86335639694143], [-77.03816659333974, 38.863350274156254], [-77.0381580638223, 38.86334460164059], [-77.03814976335521, 38.8633363166081], [-77.03814192276982, 38.863326139656934], [-77.03813350727664, 38.8633182149976], [-77.03812301931687, 38.863313173708214], [-77.0381109192033, 38.863309934627864], [-77.03809789716513, 38.86330642559451], [-77.03808418278277, 38.86330102501766], [-77.03807219520449, 38.86329274118224], [-77.03806251112083, 38.863282654910954], [-77.03805294283895, 38.86327364961134], [-77.03804256833739, 38.86326527516289], [-77.03803276995117, 38.863256900525876], [-77.03802377716544, 38.86324672394196], [-77.03801570520305, 38.863234745373795], [-77.0380099373583, 38.86322213546568], [-77.03800543638756, 38.86320844413468], [-77.03800300956732, 38.863195022380886], [-77.03800127398692, 38.86318142023374], [-77.0380002290703, 38.863166556683055], [-77.03800068132612, 38.86315034138231], [-77.03800240155579, 38.86313511659484], [-77.03800435246931, 38.86312034215318], [-77.03800561228778, 38.86310601835732], [-77.03800629632997, 38.86309232533818], [-77.03800605796974, 38.86307746152481], [-77.0380046656599, 38.86305935505627], [-77.03800235224432, 38.86304251006607], [-77.03800027028157, 38.863027556768444], [-77.03799853489762, 38.8630143149575], [-77.037996684484, 38.86300143352071], [-77.03799356609969, 38.86298756157042], [-77.03798906428376, 38.86297224872309], [-77.03798444715177, 38.86295675574467], [-77.03798144341863, 38.86294180274638], [-77.03797820981784, 38.86292793083301], [-77.03797566745472, 38.86291387852629], [-77.03797358483027, 38.862897664049406], [-77.03797150191919, 38.86288090906739], [-77.0379693041705, 38.86286487479615], [-77.03796722198024, 38.86284947107659], [-77.03796663853836, 38.862835688385076], [-77.03796651555297, 38.862821094786014], [-77.03796616154877, 38.86280542025177], [-77.03796476944598, 38.862787674118636], [-77.03796257122255, 38.86277073900527], [-77.037959567406, 38.862755605837556], [-77.03795472052161, 38.86274137411081], [-77.03794987325593, 38.86272642171044], [-77.03794606198188, 38.86270957720508], [-77.03794201983521, 38.8626919220168], [-77.03793763236087, 38.862674897529914], [-77.03793439787094, 38.86265931401531], [-77.03793070287902, 38.86264445132376], [-77.03792643096686, 38.86262805738812], [-77.03792273444647, 38.86261031200245], [-77.03791995955655, 38.86259229606475], [-77.03791695518211, 38.86257608188535], [-77.03791325967175, 38.862560228267036], [-77.03791060034254, 38.86254284288079], [-77.03790782445341, 38.86252293517479], [-77.03790539504332, 38.8625045587875], [-77.03790308186062, 38.86248807413054], [-77.03790088437857, 38.86247249027787], [-77.03789845521126, 38.86245456431117], [-77.03789567928112, 38.862434566520406], [-77.03789325016416, 38.86241673063772], [-77.03789116723814, 38.862399885568706], [-77.03788896947457, 38.862383761210495], [-77.03788688688529, 38.86236754673059], [-77.03788514890823, 38.86234935028648], [-77.03788306579483, 38.86233214488041], [-77.03788075214473, 38.86231475938066], [-77.03787797751585, 38.86229719386197], [-77.03787543313918, 38.86227926793166], [-77.03787265736571, 38.86225954039234], [-77.03787022816486, 38.862241524340256], [-77.03786791461641, 38.86222431900836], [-77.0378657168156, 38.86220810456504], [-77.03786305803682, 38.86219171010274], [-77.037859822247, 38.86217360422763], [-77.03785670158413, 38.86215531814659], [-77.0378536971469, 38.862138923795996], [-77.03785011718068, 38.8621236106423], [-77.03784596106439, 38.86210820759098], [-77.03784203448393, 38.86209109286527], [-77.03783730131268, 38.862073888316566], [-77.03783429669241, 38.86205713362849], [-77.03783175348134, 38.86204136971703], [-77.03782863412057, 38.86202551590792], [-77.03782493765577, 38.86200777051742], [-77.03782020377814, 38.8619892147049], [-77.03781593135787, 38.861971739753194], [-77.03781327264694, 38.86195543537327], [-77.03781026875319, 38.861940031947114], [-77.03780507538595, 38.861924088724535], [-77.0377995356919, 38.86190688443498], [-77.03779422663206, 38.861890040407246], [-77.03778914815857, 38.861873466557256], [-77.03778464559831, 38.86185653218374], [-77.03777968196822, 38.86183923762242], [-77.03777414090408, 38.86181942088983], [-77.03776802464759, 38.86180131594292], [-77.03776202399582, 38.861783931631926], [-77.03775659959085, 38.86176681738684], [-77.03775059880172, 38.86174916282257], [-77.03774459730101, 38.86173015699506], [-77.03773928793383, 38.86171268237499], [-77.03773409564683, 38.8616987210009], [-77.0377285593685, 38.861687912685035], [-77.03772325576983, 38.86168133825152], [-77.0377169169056, 38.861678007183706], [-77.03770908146662, 38.8616771088726], [-77.03770020866682, 38.86167549022223], [-77.03769144966019, 38.861671169008176], [-77.03768430278359, 38.861665045588964], [-77.03768095716993, 38.86165702917415], [-77.03768118290135, 38.86164811076464], [-77.03768394371004, 38.861639641957886], [-77.03768670489872, 38.86163189382465], [-77.0376898122224, 38.86162504642166], [-77.03769430327912, 38.8616202705087], [-77.03769879485861, 38.861616485521665], [-77.03769937043494, 38.861615494409534], [-77.03770063352394, 38.8616072963386], [-77.03770005238025, 38.861597747600015], [-77.03769705123804, 38.8615874789691], [-77.03769174531854, 38.861576490408474], [-77.03768517069788, 38.86156306998343], [-77.0376789413112, 38.86154883868867], [-77.03767409470741, 38.86153487720003], [-77.03767328678973, 38.86153226501858], [-77.03766659367625, 38.86151262882006], [-77.03766543986212, 38.8615095663291], [-77.03766094006373, 38.86149776674903], [-77.03765563306327, 38.8614847062501], [-77.03764951886147, 38.86147038483224], [-77.03764409621783, 38.861456513612076], [-77.0376406325481, 38.861443092181204], [-77.0376386671152, 38.861430390940896], [-77.03763727797104, 38.86141804985157], [-77.03763646473539, 38.861405348239714], [-77.03763530522373, 38.86139147564471], [-77.03763472261792, 38.86137913429531], [-77.03763552345436, 38.86136832393158], [-77.03763528688722, 38.86135670314429], [-77.03763378300069, 38.86134526293394], [-77.0376289388418, 38.86133589573705], [-77.03762271181306, 38.861326078564495], [-77.03761579289949, 38.86131518060394], [-77.03760656836509, 38.86130194119603], [-77.03759722776046, 38.86128708030892], [-77.03758754154906, 38.86127230961647], [-77.03757751053722, 38.86125916055004], [-77.03756678963558, 38.861248714231195], [-77.03755606959031, 38.86123988942692], [-77.0375448884335, 38.86123061434882], [-77.03753117174428, 38.86121998882153], [-77.03751503507519, 38.86120864339648], [-77.03750039654577, 38.86119783799331], [-77.0374881785241, 38.86118874341122], [-77.03747630739312, 38.861181990906104], [-77.03746259337144, 38.861176410085925], [-77.03744692109771, 38.861171730734405], [-77.03743217105225, 38.86116795192723], [-77.03741937954608, 38.86116381215366], [-77.03740509038053, 38.86116003319538], [-77.0373901103261, 38.861157065214535], [-77.03737432397436, 38.86115454791099], [-77.03735646457405, 38.86115374286874], [-77.03733849033199, 38.86115365853417], [-77.0373207470466, 38.861154565049446], [-77.03730323448168, 38.86115601199358], [-77.03728215030894, 38.86115782041252], [-77.03726095086883, 38.86115953878021], [-77.03724240142256, 38.861161166214586], [-77.03722293008084, 38.86116252368722], [-77.03720276653085, 38.86116216977711], [-77.03718352501632, 38.86116235607518], [-77.03716174928884, 38.861163714271505], [-77.03714101039286, 38.86116480188134], [-77.03712176925231, 38.86116570884283], [-77.03710068465064, 38.86116670647116], [-77.03707983015916, 38.861167073433116], [-77.03705886026117, 38.86116708009111], [-77.03703604676211, 38.861166907161724], [-77.03701542210133, 38.86116610294446], [-77.03699594935303, 38.86116475785323], [-77.03697659154463, 38.86116287221707], [-77.03695861580793, 38.86115990512959], [-77.03693925730245, 38.86115666822421], [-77.03691909240412, 38.8611537018233], [-77.03690019501175, 38.86115091518668], [-77.03688325588155, 38.86114722708624], [-77.03686631619469, 38.86114245797296], [-77.03685029770531, 38.8611366075558], [-77.03683508538073, 38.86113003620843], [-77.03682033444677, 38.861124455639946], [-77.03680696614488, 38.86111887463366], [-77.03679544046872, 38.86111158144508], [-77.03679440298563, 38.86111059084564], [-77.03678737141489, 38.86110437725044], [-77.03678368036378, 38.86109654108652], [-77.03678229378824, 38.86108888436487], [-77.03678136859999, 38.86108221842428], [-77.0367813644681, 38.86107420093021], [-77.03678366629585, 38.86106924557307], [-77.03678377919351, 38.861064741326615], [-77.03678711785297, 38.861059515390096], [-77.0367956409506, 38.861053477061674], [-77.03680854209114, 38.86104689684714], [-77.0368213278708, 38.861040046414935], [-77.036832730927, 38.86103301624908], [-77.03684182932209, 38.86102544630406], [-77.03684666386884, 38.8610164363566], [-77.03684700380519, 38.86100535589043], [-77.03684549977338, 38.86099337516402], [-77.0368437650716, 38.860980944089285], [-77.03684191496559, 38.86096815271399], [-77.03683718452771, 38.86095563250014], [-77.03683141670341, 38.86094230185534], [-77.03682541811827, 38.860928340693484], [-77.03681722949504, 38.86091266862178], [-77.03680719742137, 38.86089708721482], [-77.03679751193721, 38.86088330738215], [-77.03678701978639, 38.860869257550156], [-77.03677595149965, 38.86085511781445], [-77.03676442238893, 38.860841068306996], [-77.0367515105195, 38.86082674898099], [-77.036737447118, 38.860813691194956], [-77.03672315337715, 38.860800813648105], [-77.03670851407821, 38.860788116376554], [-77.03669364457893, 38.860775869596566], [-77.0366796964166, 38.860762811767266], [-77.03666494112792, 38.86074858309487], [-77.0366492645133, 38.86073516546774], [-77.03663381963632, 38.86072427012407], [-77.03661895108748, 38.860713825018635], [-77.03660523403475, 38.86070202828691], [-77.03659059533136, 38.8606904120109], [-77.03657491962055, 38.860678705973626], [-77.03655809177705, 38.86066709037925], [-77.03654299221483, 38.860655474241476], [-77.03652731679624, 38.86064430870302], [-77.03651175678519, 38.860633503463255], [-77.03649780978957, 38.86062260763296], [-77.03648397792452, 38.8606115315965], [-77.03646761176728, 38.860601447276544], [-77.03644974759283, 38.86059100308501], [-77.03643291983637, 38.86057947755662], [-77.03641758960072, 38.860567320969096], [-77.03640237477235, 38.8605555246805], [-77.03638681466191, 38.86054444917129], [-77.03637056301744, 38.86053292345431], [-77.03635523330726, 38.86052175778481], [-77.0363400184072, 38.860509781319564], [-77.03632342057365, 38.86049717469296], [-77.03630739883656, 38.86048456788486], [-77.03629322091528, 38.86047259109093], [-77.03627869761935, 38.86046115490795], [-77.03626371345575, 38.860449718866306], [-77.03624953586913, 38.86043837265654], [-77.0362348971404, 38.86042648608272], [-77.03622094986183, 38.86041486954525], [-77.03620757904325, 38.860403973501164], [-77.03619317204368, 38.86039460920856], [-77.03617715195078, 38.86038515532985], [-77.03616182243954, 38.86037425988736], [-77.0361471836017, 38.860362103049795], [-77.03613208394295, 38.86035003643723], [-77.03611652350884, 38.8603381501337], [-77.03610234573983, 38.860326353484744], [-77.03608932070067, 38.86031563748847], [-77.03607664150098, 38.8603052817208], [-77.03606361637841, 38.860294385553175], [-77.03605036059676, 38.860283039034194], [-77.03603756514457, 38.860270611360804], [-77.03602534523992, 38.86025710249768], [-77.03601208874399, 38.86024431462682], [-77.03599871780759, 38.860233058221624], [-77.03598638433422, 38.86022279242161], [-77.03597531825889, 38.86021252622978], [-77.03596482809344, 38.860201899522544], [-77.03595445278576, 38.86019055210511], [-77.03594592205235, 38.860181366140395], [-77.03593923707095, 38.860176683818416], [-77.0359275946948, 38.860165967378244], [-77.03591249375471, 38.86015119821037], [-77.03589716161555, 38.86013489767966], [-77.03588286680342, 38.860119317501926], [-77.03586960999642, 38.860105808940844], [-77.03585497121823, 38.86009356198191], [-77.03583895001636, 38.8600816757824], [-77.03582361926532, 38.860068077768446], [-77.03580886401983, 38.86005330848087], [-77.03579353296438, 38.86003907987328], [-77.03577751115273, 38.86002593248619], [-77.03576183554074, 38.860013866001644], [-77.03574627474538, 38.860000988721666], [-77.03573140440248, 38.85998639962785], [-77.03571411508868, 38.859972982367104], [-77.03569544321918, 38.85995965561079], [-77.03567919087388, 38.859946238027774], [-77.03566328526665, 38.859934982358205], [-77.03564703477765, 38.85992525822374], [-77.03563228130726, 38.859913912113896], [-77.03561614519033, 38.85990247633973], [-77.03559908756604, 38.859891491265465], [-77.03558283655683, 38.85988068611132], [-77.03556681630099, 38.85987051147426], [-77.03555045062275, 38.85986078736133], [-77.03553373902854, 38.859850522846], [-77.03551576103759, 38.85984224056664], [-77.03549628495998, 38.85983341823459], [-77.03547703869444, 38.859823334650144], [-77.03545940520436, 38.8598127100673], [-77.03544269318715, 38.85980154469659], [-77.0354280552153, 38.85979064894681], [-77.03541387860759, 38.85978074398187], [-77.0354009689883, 38.85977002787289], [-77.03538932564253, 38.859757059272745], [-77.03537641308418, 38.85974039760224], [-77.03536142636005, 38.85972319605309], [-77.03534713147964, 38.85970707530339], [-77.03533421987677, 38.859692305396784], [-77.03532153906947, 38.85967825609284], [-77.03531000923181, 38.85966177416493], [-77.03529813267988, 38.85964313031894], [-77.03528706314121, 38.85962547715441], [-77.0352757645104, 38.85961052658516], [-77.0352646973414, 38.859597647882374], [-77.03525270817609, 38.8595842289515], [-77.03523944998643, 38.85956747728553], [-77.03522791956311, 38.859549734170024], [-77.03521742685047, 38.859533522172434], [-77.03520658987046, 38.85952010288908], [-77.03519460077344, 38.85950677403627], [-77.03518180423283, 38.85949155365649], [-77.03516854643222, 38.859475522656005], [-77.03515609528591, 38.859459761663835], [-77.03514433597601, 38.85944508147292], [-77.03513234668158, 38.85943130219241], [-77.03511839778217, 38.85941563173104], [-77.03510214407426, 38.85939897103428], [-77.03508589086094, 38.85938330126173], [-77.0350734406344, 38.85936934194507], [-77.03506755769732, 38.8593552905704], [-77.03506386387171, 38.85934123853797], [-77.03506051441303, 38.859324573958915], [-77.03505774024046, 38.859306287690615], [-77.03505554272553, 38.859289172344155], [-77.03505415238835, 38.85927340801897], [-77.03505299310359, 38.85925890480375], [-77.03505160263485, 38.85924287022579], [-77.03505032525938, 38.85922251157002], [-77.03504824159346, 38.85920260357742], [-77.03504477679621, 38.85918566877941], [-77.0350391241792, 38.85917134708103], [-77.03503208884013, 38.85915675554453], [-77.03502493678492, 38.85913910117818], [-77.03501893622938, 38.85912009520229], [-77.03501316655077, 38.859101989999274], [-77.03500739780299, 38.85908577656479], [-77.0350011681945, 38.85906956326814], [-77.03499390093981, 38.859051908934205], [-77.03498594226163, 38.85903398455422], [-77.03497775368571, 38.85901714125347], [-77.03496910508937, 38.85900200969064], [-77.03496057149175, 38.858986427671404], [-77.03495088463832, 38.85896859389058], [-77.03494211898558, 38.858949678822235], [-77.03493531284064, 38.858932474767535], [-77.03492735538079, 38.85891698265753], [-77.03491836138093, 38.85890230161526], [-77.03490994165588, 38.85888392694631], [-77.03490290359615, 38.85886366009439], [-77.03489575217486, 38.85884717681435], [-77.03488721905211, 38.85883249563177], [-77.0348783404187, 38.85881808480449], [-77.03486934494502, 38.8588003408941], [-77.03485988707433, 38.85877944417223], [-77.03485089161009, 38.858761700260324], [-77.03484408590097, 38.8587453069579], [-77.03483670460214, 38.85872990475358], [-77.03482839995785, 38.85871116970689], [-77.03481894281423, 38.858691714329254], [-77.03480833444632, 38.85867415106332], [-77.03479853307299, 38.858657578482635], [-77.03478999915856, 38.858641185691916], [-77.03478215487054, 38.858621369493434], [-77.03477407963011, 38.8586004723521], [-77.03476427792381, 38.858583179094346], [-77.0347549379158, 38.858567597299185], [-77.03474651919336, 38.858551114386515], [-77.0347371770889, 38.85853120854622], [-77.03472771999388, 38.8585117531606], [-77.0347179185301, 38.85849491031996], [-77.03470950035052, 38.85847950841531], [-77.03470004454002, 38.85846266547035], [-77.03469070167195, 38.858441138109654], [-77.0346806683963, 38.858421412638364], [-77.0346702908385, 38.85840447988038], [-77.03466175729005, 38.85838871766928], [-77.03465299296609, 38.858372234851984], [-77.03464445798231, 38.85835349985946], [-77.03463569244263, 38.8583344946819], [-77.0346261215852, 38.85831792201744], [-77.03461655173722, 38.85830342128981], [-77.03460767226329, 38.858287028587256], [-77.03460017287864, 38.85826550067222], [-77.0345946330621, 38.85824586394546], [-77.034588287926, 38.85822865973196], [-77.03458021553634, 38.85821343788337], [-77.03457076022796, 38.858197495769645], [-77.03455761679803, 38.85817894230334], [-77.03454620180845, 38.85816083874532], [-77.03453524955643, 38.858146608672506], [-77.03452602456478, 38.85813039623403], [-77.03451622241687, 38.85811193185894], [-77.03450434528497, 38.85809112590544], [-77.03449131745435, 38.85807329307126], [-77.03448220773997, 38.8580571706794], [-77.03447332937172, 38.858042939987925], [-77.03446456548173, 38.85802717782952], [-77.0344554541702, 38.85800772231816], [-77.03444449995985, 38.85798934836096], [-77.03443239496183, 38.857973767354224], [-77.03441971424635, 38.85795890719004], [-77.03440553562373, 38.857943777213094], [-77.03438928250407, 38.8579272965815], [-77.03437383601991, 38.85791108596288], [-77.03435931220825, 38.85789685692451], [-77.034344788966, 38.857883798979564], [-77.03433015051519, 38.85787074106662], [-77.03431493478756, 38.85785516096212], [-77.03429764469783, 38.85783850045378], [-77.03428104646153, 38.8578230108352], [-77.0342675590916, 38.85780770046962], [-77.03425441758489, 38.85779284042235], [-77.03424277368944, 38.85777761959722], [-77.03423055329844, 38.857761498097304], [-77.03421959965887, 38.857744115045016], [-77.03420991423862, 38.85772853330536], [-77.03419884690625, 38.8577143032337], [-77.03418420838739, 38.85770097504936], [-77.0341719895322, 38.857688006492], [-77.03416437887992, 38.85767431591074], [-77.03416091535824, 38.85765945302009], [-77.03415825828957, 38.85764449980906], [-77.03415721507348, 38.857631347811164], [-77.03415663478097, 38.85762251972264], [-77.03415605634244, 38.857617565257115], [-77.034155824967, 38.85761558347091], [-77.03415513148757, 38.857610989376084], [-77.03415363065166, 38.85760459383211], [-77.03415039859692, 38.8575918928957], [-77.03414589587712, 38.85757225584211], [-77.03414139277199, 38.85755180802999], [-77.03413746621015, 38.85753235097601], [-77.03413250182585, 38.857511002455546], [-77.03412799670389, 38.85748632068255], [-77.03412441479838, 38.85746479158896], [-77.03411922133121, 38.85744623574707], [-77.03411206907042, 38.85742732014019], [-77.03410376252967, 38.857403900656415], [-77.03409683885289, 38.857381111357974], [-77.03409302700932, 38.857360573257196], [-77.03408944546486, 38.857339764836105], [-77.03408194573389, 38.857316975704805], [-77.0340721421353, 38.857294998003745], [-77.03406222406069, 38.857274551767865], [-77.03405276667146, 38.857253745059545], [-77.03404342364132, 38.85723113663165], [-77.03403408070292, 38.85720870837139], [-77.03402543055027, 38.85718943285802], [-77.0340177019327, 38.85716979673835], [-77.03400663176372, 38.857149350832984], [-77.03399406349274, 38.857128184688584], [-77.03398138035963, 38.85710773925035], [-77.03396904257156, 38.85708666312027], [-77.03395612842782, 38.85706495656651], [-77.03394286835426, 38.8570426195219], [-77.03393156741598, 38.85702136291763], [-77.03392141869492, 38.85700028614596], [-77.03391126963757, 38.856978488699205], [-77.0338996229959, 38.856957052023475], [-77.03388751645272, 38.856937597334145], [-77.03387644725495, 38.856919043185286], [-77.03386560741905, 38.85689823686175], [-77.03385373020872, 38.85687643991096], [-77.03384277530172, 38.8568559038714], [-77.03383331901411, 38.85683716908203], [-77.03382409268627, 38.85681744329821], [-77.0338142882114, 38.856793303551235], [-77.03380482980623, 38.856770064545955], [-77.03379525773069, 38.85675006860687], [-77.03378211370291, 38.85672926294206], [-77.03376747043478, 38.856705304759465], [-77.03375490184428, 38.85668314766077], [-77.03374475403272, 38.85666378247367], [-77.03373460533263, 38.85664252551598], [-77.03372272743873, 38.856619107034064], [-77.03370981396496, 38.856598481462605], [-77.03369736232419, 38.856579927694895], [-77.03368525590011, 38.85656047298339], [-77.03367337833356, 38.85653768508598], [-77.03365885124514, 38.8565156186255], [-77.03364259722183, 38.856496165105085], [-77.03362784083154, 38.85647644089812], [-77.03361538800299, 38.85645527467736], [-77.03360489331214, 38.856433116964425], [-77.03359509061788, 38.85641249048422], [-77.03358563377577, 38.85639231432506], [-77.03357548490729, 38.856370516846916], [-77.03356660290495, 38.85634772807639], [-77.03355795247464, 38.856327371514375], [-77.03354734354052, 38.85630719568295], [-77.03353592648223, 38.85628350679545], [-77.03352531591062, 38.856259817675145], [-77.03351378534795, 38.85623973218944], [-77.0335014480172, 38.85621901634402], [-77.03348668990586, 38.856195418494345], [-77.03347331488735, 38.85617299134199], [-77.03346189939549, 38.856152545480704], [-77.03345232737216, 38.85613227925862], [-77.03344229337041, 38.856109580892166], [-77.03343145298228, 38.85608706292427], [-77.03342153555424, 38.85606724721982], [-77.03341173342714, 38.85604761165004], [-77.03340020183467, 38.8560251839611], [-77.03338820906878, 38.85600203572856], [-77.03337748464102, 38.855981049155055], [-77.03336560840617, 38.855960693499775], [-77.0333502752652, 38.85593907765068], [-77.03333540285038, 38.85591719141507], [-77.03332364168068, 38.85589647538525], [-77.03331303287685, 38.85587629953111], [-77.03330334492351, 38.85585432172742], [-77.03329158360542, 38.85583324535704], [-77.03327590626853, 38.85581460237763], [-77.03325976830754, 38.85579640994878], [-77.03324466603262, 38.8557756047781], [-77.03323094486638, 38.855751736346285], [-77.03321745513632, 38.85573002986999], [-77.0332051180215, 38.85570940407579], [-77.03319381726257, 38.85568760688969], [-77.03318113298143, 38.85566364807252], [-77.03316775882836, 38.855642662231745], [-77.03315565224727, 38.85562221653512], [-77.03314400597024, 38.85560059961059], [-77.03313293516582, 38.85557772134137], [-77.0331225566327, 38.85555700489776], [-77.033112293692, 38.85553709917905], [-77.03310179966826, 38.85551575217616], [-77.03309280254634, 38.855492603061876], [-77.0330811571028, 38.85547269773213], [-77.03306663220877, 38.855454504818475], [-77.03305371967758, 38.855435050266266], [-77.03304311072677, 38.85541424379606], [-77.03303307829015, 38.85539442808897], [-77.03302350749054, 38.85537632385218], [-77.03301347606475, 38.855358670166225], [-77.03300252250715, 38.85534002581277], [-77.03299076148747, 38.855319219663194], [-77.03298003811165, 38.855300034736636], [-77.03296885502621, 38.85528328221503], [-77.03295813374152, 38.85526860150091], [-77.03295063912239, 38.855255631476844], [-77.03294418189182, 38.85524374217123], [-77.03293714898936, 38.855232663786325], [-77.03288317625939, 38.85511412805681], [-77.03287914118975, 38.85510818362916], [-77.03287210889157, 38.85509836642025], [-77.03286495980973, 38.85508512604009], [-77.03285838582359, 38.85506981355861], [-77.03285169605047, 38.855053239929], [-77.03284523566268, 38.8550344141268], [-77.03284119372012, 38.85501351570476], [-77.03283818721268, 38.85498946404054], [-77.03283736868758, 38.85496324973737], [-77.03283666499921, 38.85493622464294], [-77.03283457859477, 38.8549087495158], [-77.03283491207984, 38.85488235471961], [-77.03283801062295, 38.85485604922984], [-77.03284295304647, 38.854830914317176], [-77.03284570695237, 38.8548067709474], [-77.03284293091141, 38.85478280930194], [-77.03283934782986, 38.85475758670297], [-77.03283507358076, 38.854732544466884], [-77.03282999332879, 38.854708493384535], [-77.03282422186918, 38.854684532580585], [-77.03281821933332, 38.85465913049222], [-77.03281164017855, 38.85463246738512], [-77.0328049460271, 38.85460625473143], [-77.03279813638214, 38.85457941151951], [-77.03279121198905, 38.85455355926674], [-77.03278428888366, 38.854530499626776], [-77.03277771169785, 38.85450807047946], [-77.03277321025338, 38.85448996479604], [-77.03277101583329, 38.85447807428256], [-77.03276755585854, 38.85446996766539], [-77.03276086517039, 38.85445123200569], [-77.03275417163323, 38.85442628052855], [-77.03274540311159, 38.854398627103485], [-77.03273410018049, 38.85437133472558], [-77.03272464129144, 38.85434557326293], [-77.03271495191025, 38.85431963169537], [-77.03270629965701, 38.85429423034227], [-77.03269949061551, 38.85426855821916], [-77.03269383283404, 38.85424108408678], [-77.03268863568263, 38.854213159403464], [-77.03268366870374, 38.854184694149396], [-77.03267766527014, 38.85415713002826], [-77.03266947334527, 38.85413055744676], [-77.0326611662599, 38.85410407498105], [-77.03265620070087, 38.854078672591825], [-77.03265688057182, 38.85405380912909], [-77.03266113249944, 38.85403029593176], [-77.03266665125496, 38.85400579145214], [-77.0326700954449, 38.85397948586633], [-77.03266870173856, 38.853954983320676], [-77.0326656965294, 38.85393354409282], [-77.0326629227264, 38.85391426682382], [-77.03266061243427, 38.85390084490604], [-77.03265991838632, 38.85389471936623], [-77.03265934016433, 38.853889945058846], [-77.03265772202508, 38.85387850480245], [-77.03265391127707, 38.85385904765449], [-77.03264871598222, 38.85383508667738], [-77.03264317407996, 38.85380896377306], [-77.03263705523906, 38.8537808591745], [-77.03263105185742, 38.85375329504919], [-77.03262470248818, 38.853724920261186], [-77.0326184676312, 38.85369501400716], [-77.0326116565382, 38.85366465749205], [-77.03260415441432, 38.85363475159095], [-77.03259596163058, 38.853606107062696], [-77.03258742450743, 38.85358025524401], [-77.03257842598714, 38.85355314237277], [-77.03257219165795, 38.85352431712723], [-77.032567109731, 38.85349621223444], [-77.03256214293263, 38.85346792714045], [-77.03255752142977, 38.8534389212752], [-77.03255186286485, 38.85340946527715], [-77.03254631942912, 38.85337982907794], [-77.03254135096321, 38.85334785052544], [-77.03253592093645, 38.85331425058319], [-77.03253037644735, 38.85328227219044], [-77.03252483155264, 38.853249392954], [-77.03251882596068, 38.85321678409844], [-77.03251212872587, 38.85318327459174], [-77.03250566256622, 38.85315120636944], [-77.03250000240483, 38.85311814699455], [-77.03249526393918, 38.853085177446964], [-77.0324902943275, 38.85305058644534], [-77.03248544009071, 38.853016355748515], [-77.0324794339214, 38.85298239562482], [-77.03247239168292, 38.85295014739127], [-77.03246557957583, 38.85291726850269], [-77.03245934395488, 38.852885380381025], [-77.03245091922442, 38.85285304244569], [-77.0324412276888, 38.85282169578934], [-77.032431190258, 38.85278971863777], [-77.03242230554746, 38.852759182514475], [-77.03241399621795, 38.85272720488113], [-77.03240499631694, 38.852696668788184], [-77.0323953047, 38.85266505187421], [-77.03238653465353, 38.852633254534965], [-77.03237764957287, 38.85260181756417], [-77.03236795794011, 38.852570110563136], [-77.03235769143294, 38.85254092608209], [-77.03234765485477, 38.85251066052419], [-77.03233830976116, 38.852480935279765], [-77.03232977119302, 38.85245138997978], [-77.03232146410275, 38.85242418680791], [-77.03230935598567, 38.85239860620563], [-77.03229494430653, 38.852374197335784], [-77.03228087853734, 38.85235041895883], [-77.03227153573266, 38.85232564834671], [-77.03226760805387, 38.85230195724924], [-77.03226483230434, 38.852277995580145], [-77.0322645906966, 38.85225322245135], [-77.0322691884234, 38.85223006950315], [-77.03227551372986, 38.85220583506486], [-77.03228160801137, 38.852180249424755], [-77.03228551242186, 38.85215250236554], [-77.0322850378311, 38.852122053986726], [-77.03228329586823, 38.85209133570519], [-77.03228017051548, 38.852058545865965], [-77.03227577812017, 38.852026206798534], [-77.03227080925876, 38.85199287696229], [-77.0322646890099, 38.85196098879348], [-77.03225880011158, 38.85193117250039], [-77.03225429452417, 38.85190324759605], [-77.03225002036632, 38.851877574736356], [-77.03224378794381, 38.851852352839025], [-77.03223721023876, 38.851827851711434], [-77.03223086201076, 38.851801278579885], [-77.03222554846867, 38.85176993069147], [-77.03222115668518, 38.851738852801255], [-77.0322164199848, 38.85170930644], [-77.03221283524626, 38.851679579591774], [-77.0322113230418, 38.8516473298095], [-77.0322101565721, 38.8516153501847], [-77.03220783782213, 38.851582830371505], [-77.03220632606906, 38.85155157151642], [-77.03220400793246, 38.85152040296797], [-77.03220111402374, 38.85148977508436], [-77.03219994760191, 38.85145788554297], [-77.03220039435513, 38.85142671623131], [-77.03220222354935, 38.85139554653813], [-77.03220601079343, 38.85136347546101], [-77.03221175689742, 38.85133230468665], [-77.0322164655975, 38.85129987301713], [-77.03222002250487, 38.851267982171315], [-77.03222208249954, 38.85123771325695], [-77.0322201106263, 38.85120798596146], [-77.0322179079826, 38.851177447970244], [-77.0322181245234, 38.85114672914244], [-77.03221949301279, 38.85111582982782], [-77.03222017056784, 38.85108556129425], [-77.03222038690414, 38.85105439204423], [-77.03222198563378, 38.85102313232808], [-77.0322247365526, 38.850992232631185], [-77.03222495329335, 38.85096196422418], [-77.0322247101991, 38.85093385796879], [-77.03222239418922, 38.85090737380414], [-77.03221996631274, 38.85088827658832], [-77.03221904143876, 38.850881070094154], [-77.03221823258079, 38.85087566525534], [-77.03221649498687, 38.850854495908365], [-77.03221544462477, 38.8508244981035], [-77.03221358780563, 38.85079441043667], [-77.03221057851646, 38.85076333215963], [-77.03220722398868, 38.8507330647369], [-77.03220398421897, 38.85070180635423], [-77.03220112681414, 38.850675412421836], [-77.0321990922766, 38.850659945496545], [-77.02016383867918, 38.85733789280334], [-77.0151888919607, 38.860147653068005], [-77.01454382776929, 38.86039589022327], [-77.01402665537985, 38.86066386397648], [-77.01152648691244, 38.86181802623193], [-77.01152429793375, 38.861819305643664], [-77.0101006380584, 38.86264702297147], [-77.00941018603974, 38.86318650475748], [-77.00911558093763, 38.86342389994017], [-77.00893943830098, 38.86359642475454], [-77.00878647772544, 38.863862184670666], [-77.00843289284788, 38.864364249798335], [-77.00821091955926, 38.86482126255271], [-77.0082087309441, 38.864827019084075], [-77.00818522059409, 38.864888917556684], [-77.00810838554834, 38.8650665688656], [-77.00793696737587, 38.865402864769294], [-77.00721759653635, 38.86639861143465], [-77.00665179156704, 38.86723678773132], [-77.00639313931369, 38.86764875683639], [-77.00620073658209, 38.868003788685], [-77.00606248198726, 38.86825945463254], [-77.00585186516267, 38.86856250829031], [-77.00907346211639, 38.869875857831445], [-77.00908378102874, 38.87162204426515]]]}, "properties": {"WARD": 6, "NAME": "Ward 6", "REP_NAME": "Charles Allen", "WEB_URL": "https://www.dccouncil.us/council/councilmember-allen"}}, {"type": "Feature", "geometry": {"type": "Polygon", "coordinates": [[[-77.0580817725277, 38.956759411657245], [-77.05808778495631, 38.956775353301154], [-77.05809484706862, 38.95679102417514], [-77.05810293579069, 38.95680642429049], [-77.0581119472131, 38.95682146361601], [-77.05812188133629, 38.95683614215141], [-77.05813284199722, 38.95685045984488], [-77.05814479465755, 38.95686450679595], [-77.05815732345722, 38.95687765263263], [-77.05817084425688, 38.95689052772633], [-77.05818516070043, 38.956902861926544], [-77.05825604780325, 38.95696092994091], [-77.05828824677049, 38.956986767615106], [-77.05832057267253, 38.95701260521698], [-77.05835302536211, 38.95703826258117], [-77.05838545500023, 38.95706391994779], [-77.05841801157341, 38.95708957724182], [-77.05845069493398, 38.95711505429806], [-77.05848335531702, 38.9571406214391], [-77.0585161424873, 38.957166008342185], [-77.05854892968105, 38.957191395235974], [-77.05858184373592, 38.95721669197417], [-77.05867951372466, 38.957293393414574], [-77.0587040927792, 38.95731256868064], [-77.05872949063586, 38.9573312931169], [-77.05875547632267, 38.957349296590984], [-77.05878225766226, 38.957366759163286], [-77.058809603831, 38.9573835908667], [-77.0588375379034, 38.95739979168931], [-77.05886616371639, 38.95741536157834], [-77.05889537735803, 38.95743021050299], [-77.05892502891483, 38.957444428621095], [-77.05895526829914, 38.95745792577401], [-77.05898170992315, 38.95746908268615], [-77.05900848576972, 38.957479789010385], [-77.05903549207574, 38.95749013488148], [-77.05906272876618, 38.95750003021673], [-77.05909019591535, 38.957509565098505], [-77.05911789344813, 38.957518649444104], [-77.05914592527638, 38.9575273732834], [-77.0591739798126, 38.95753564669128], [-77.05920236864348, 38.95754355959251], [-77.05923086094384, 38.95755102202119], [-77.05925291390109, 38.95755677613622], [-77.05927507062454, 38.95756244011189], [-77.05929722727655, 38.95756801400072], [-77.05931948769454, 38.95757349775007], [-77.05934164427848, 38.957578981547876], [-77.0593639275533, 38.95758419502915], [-77.0593863146689, 38.957589408453494], [-77.05940870171268, 38.957594531790924], [-77.05943108868465, 38.95759956504145], [-77.05945347550941, 38.957604418122436], [-77.05951059746414, 38.95761790145806], [-77.05956783451437, 38.957631024376546], [-77.05962518681024, 38.957643967042905], [-77.0596826542003, 38.95765654929175], [-77.05974022522184, 38.957668861211474], [-77.0597979228737, 38.95768081270745], [-77.0598556203936, 38.95769258400974], [-77.05991354838024, 38.957703994834844], [-77.05997148769546, 38.957715135377455], [-77.060029530639, 38.95772600559023], [-77.06009217707506, 38.95773687340816], [-77.06015484630123, 38.957747380850215], [-77.06021772291703, 38.957757527821244], [-77.06028062224485, 38.95776722433353], [-77.06034361350873, 38.957776470351305], [-77.06040673139648, 38.957785355939116], [-77.06046996429332, 38.957793791020165], [-77.06053331219789, 38.95780177559425], [-77.06059665981036, 38.957809399803544], [-77.06066012250515, 38.95781666358822], [-77.06072912323452, 38.95782392446201], [-77.06079812382416, 38.95783100512988], [-77.06086725103292, 38.9578377253605], [-77.06093635494842, 38.957844175314456], [-77.06100548172036, 38.95785035496773], [-77.0610747121106, 38.95785626427805], [-77.0611439422032, 38.957861813216994], [-77.06121317207449, 38.9578670918671], [-77.06128250556156, 38.95787210017397], [-77.06135186190103, 38.957876838179814], [-77.06175016298798, 38.957905184690325], [-77.06207033924032, 38.9579286168009], [-77.06214523434552, 38.95793407205662], [-77.06218895300023, 38.95793729178554], [-77.06220615660777, 38.95793854379051], [-77.06268776714704, 38.95797540060296], [-77.06298843365259, 38.95799846231137], [-77.0632184047776, 38.958016102485864], [-77.06326768624233, 38.958021120456216], [-77.0633167148475, 38.95802721953446], [-77.06336553682577, 38.95803448977851], [-77.06341410594908, 38.958042841130975], [-77.06346223761824, 38.958052273692395], [-77.06351011651672, 38.95806287744565], [-77.06355755796525, 38.958074562408825], [-77.06360441189666, 38.958087238581356], [-77.06365090922527, 38.95810108600359], [-77.0636968421155, 38.95811592462388], [-77.06377855148256, 38.95814182388009], [-77.06386050263367, 38.95816709236857], [-77.06394278794852, 38.95819182012092], [-77.06402541888217, 38.958215917047546], [-77.0641082800568, 38.95823938321095], [-77.06419147530889, 38.95826221855365], [-77.0642749239545, 38.958284513201974], [-77.0643585797602, 38.95830617709816], [-77.06444259271298, 38.958327210159084], [-77.06452673205828, 38.95834761251142], [-77.06460011576542, 38.95836513810201], [-77.06467339575163, 38.95838275378654], [-77.0647466872298, 38.95840027933609], [-77.06481995566877, 38.95841780485244], [-77.06489335105786, 38.95843533025239], [-77.06493420334402, 38.95844521666068], [-77.06496664272638, 38.95845294574647], [-77.06512583447169, 38.95848559321078], [-77.0651707396723, 38.95853676215025], [-77.06520294113251, 38.95857441675403], [-77.06521506162673, 38.958593516520594], [-77.06522107885554, 38.95861279084761], [-77.06523103670554, 38.9586515208244], [-77.06528954122186, 38.95878670219822], [-77.06531276949649, 38.958840198306675], [-77.06533866871709, 38.95889990861871], [-77.06534619571228, 38.95891729035924], [-77.06564065740659, 38.95957671037114], [-77.06570424708913, 38.9597194555982], [-77.06573916368839, 38.95979780784454], [-77.06576888888493, 38.95986427209503], [-77.06583386654088, 38.96001016935432], [-77.06606048577899, 38.96052405287261], [-77.06617493955238, 38.96076928306323], [-77.06619053496318, 38.96080224446535], [-77.06624046692342, 38.961020702508485], [-77.06627660728599, 38.96104888688718], [-77.06629318189881, 38.961067677727335], [-77.06631578376971, 38.96109116745792], [-77.0663313606432, 38.96111646282137], [-77.06637127644849, 38.96122156655046], [-77.06638039930253, 38.96124228036656], [-77.06640606810137, 38.96130045914171], [-77.06642365450344, 38.96134008548989], [-77.06655003340792, 38.96162629607423], [-77.06658482554039, 38.961705278688484], [-77.06672947920875, 38.96202516953305], [-77.06676578442533, 38.962105412379906], [-77.06679571906118, 38.96217169605537], [-77.06687434220271, 38.96234542038968], [-77.06692442376912, 38.962461778411225], [-77.0670599487484, 38.962776449236934], [-77.06718446148668, 38.96304824691843], [-77.06721557543912, 38.96311624136538], [-77.06722516057208, 38.963137225089966], [-77.06724656448338, 38.96318630777366], [-77.06741608607246, 38.963575727099816], [-77.06757645263426, 38.963933622553625], [-77.06760964992546, 38.96400756112768], [-77.06764156530869, 38.9640802392773], [-77.06795990046884, 38.96480386782635], [-77.06797261964529, 38.96483178601568], [-77.0680093897547, 38.964912568658214], [-77.06804513291678, 38.96499326180311], [-77.06807126683456, 38.9650523407255], [-77.0683124831148, 38.965593325721066], [-77.06836022982881, 38.96570067616845], [-77.06838381984693, 38.96575363088963], [-77.06841262489785, 38.96581802303286], [-77.06844510766045, 38.965891060936016], [-77.0685186646971, 38.96605577875609], [-77.06877481232854, 38.96663747123016], [-77.06878938325708, 38.96667043285125], [-77.06881816570609, 38.96673455464904], [-77.06885239473704, 38.96681074428561], [-77.0689733533542, 38.96708001963533], [-77.06918913664907, 38.96755859045537], [-77.0692202553583, 38.96762748513203], [-77.06925620790705, 38.967707096750985], [-77.06929287762816, 38.967788419499676], [-77.06949179157775, 38.968239974952155], [-77.0696269795796, 38.96855302116969], [-77.06963265786567, 38.96856580949763], [-77.06966758241377, 38.96864343977386], [-77.06970158221914, 38.968719359023055], [-77.06989239808, 38.9691447045475], [-77.06998052071421, 38.969340761329015], [-77.07011176613698, 38.9696300275151], [-77.07014322722799, 38.969704957236786], [-77.07018391145186, 38.96977123349966], [-77.07024135269148, 38.96985083188367], [-77.07032963549227, 38.969973471096544], [-77.07050645807695, 38.97022097419491], [-77.07056893907705, 38.97030843356839], [-77.0706856514913, 38.97047249325744], [-77.07073708619798, 38.97054497850662], [-77.07078965332323, 38.97061890436539], [-77.07089932925327, 38.97077305902484], [-77.07119339719247, 38.97116888266337], [-77.07119721033511, 38.97117392495692], [-77.07124909557692, 38.97124586920254], [-77.0712983345401, 38.9713140315764], [-77.07157532763176, 38.97169797374635], [-77.07158213434101, 38.9717076984795], [-77.07164420359156, 38.97179621147011], [-77.07169957029258, 38.97187517980162], [-77.07173997151372, 38.971932780734434], [-77.11954850092816, 38.934543997546534], [-77.11979490773165, 38.934351138558306], [-77.11979521874902, 38.93435090402344], [-77.11979357555471, 38.93434768974059], [-77.11979333255918, 38.93434722155746], [-77.1197855771069, 38.934330654213774], [-77.11978170129065, 38.93431664125394], [-77.11978081936944, 38.93431345321561], [-77.11977985621289, 38.93430996798632], [-77.11977652585894, 38.93429796332062], [-77.11977245183661, 38.934289544724706], [-77.11977085465853, 38.934286258327816], [-77.11976887854733, 38.934283972241836], [-77.11976218756597, 38.93427626798375], [-77.119750867719, 38.93426628035694], [-77.11973908546717, 38.934255662620984], [-77.11972603798868, 38.93424711809144], [-77.11971183910735, 38.934239745820214], [-77.11969545139308, 38.93423390720172], [-77.11967733831105, 38.934230862924124], [-77.11965934601045, 38.93423106151213], [-77.11964331504676, 38.934231618422054], [-77.11962751173427, 38.93423037343454], [-77.11960951671345, 38.9342289505216], [-77.11960291791468, 38.934228056443274], [-77.11959175070564, 38.934226536457366], [-77.11957767050325, 38.93422114587684], [-77.11956704286496, 38.93421124760709], [-77.11955744812795, 38.93419828545399], [-77.11954981337048, 38.93418487087972], [-77.11954844503046, 38.9341736028819], [-77.11954829299268, 38.934172350882164], [-77.11954848574283, 38.93417036885655], [-77.11954931335433, 38.93416181011427], [-77.11954630220467, 38.934154426378925], [-77.11954436322769, 38.934153644639075], [-77.1195355686073, 38.93415011336763], [-77.11952149174648, 38.934146704605325], [-77.11951633463957, 38.9341457910312], [-77.11950787789624, 38.93414428628218], [-77.11949426631156, 38.934143219201836], [-77.11948192373683, 38.93414233098886], [-77.11947409144504, 38.93414179849665], [-77.1194702733357, 38.934141532150186], [-77.11946058411753, 38.93414100155515], [-77.11945343623863, 38.934142810523014], [-77.11945271097346, 38.93414362201227], [-77.11944768010089, 38.93414921230682], [-77.11944706128004, 38.93415160014175], [-77.11944504409979, 38.93415921422632], [-77.11944552219963, 38.93416921296322], [-77.11944876431558, 38.93417677663131], [-77.11944505254314, 38.934178023571604], [-77.11944150215204, 38.93417921629699], [-77.11943668012505, 38.93417866270938], [-77.11942835115568, 38.93417769832269], [-77.11942083934488, 38.93417569714477], [-77.11941588916501, 38.934174377980774], [-77.11940694415756, 38.934170576603925], [-77.11940446264472, 38.93416952516666], [-77.11940002716804, 38.93416562909915], [-77.11939626164245, 38.934162326895645], [-77.11939367266112, 38.934159086548284], [-77.11938921129743, 38.93415350595259], [-77.11938112231734, 38.93414432573754], [-77.11937510910437, 38.93413496323554], [-77.11937440230129, 38.93412613581234], [-77.11937111710738, 38.93412039186506], [-77.1193696596078, 38.9341178530098], [-77.11935926419581, 38.934108855314975], [-77.1193533162122, 38.934104005909205], [-77.11934690624817, 38.934098778625824], [-77.11933281794792, 38.934088523535856], [-77.11932609855192, 38.934084476656054], [-77.11931607720328, 38.9340784513182], [-77.11929483681561, 38.93406748285971], [-77.11928916827095, 38.93406420061166], [-77.11927324786193, 38.93405498334015], [-77.11925396309225, 38.93404095005262], [-77.11923536959817, 38.93402646564108], [-77.1192157401888, 38.93401324344681], [-77.11919542162704, 38.93400173353125], [-77.11917879294636, 38.93398967935094], [-77.11916608572213, 38.9339776211701], [-77.11915291971438, 38.933967094868564], [-77.11914674334119, 38.93396359693178], [-77.1191364109014, 38.933957743053455], [-77.11912872400967, 38.93395448087153], [-77.11911840557467, 38.93395010434044], [-77.11910282337648, 38.933943093737234], [-77.11908804718426, 38.9339352715626], [-77.119069577964, 38.93392610190173], [-77.11905041537469, 38.93391612219614], [-77.11904035438842, 38.933907052065514], [-77.11903713165235, 38.93390415467146], [-77.11903219713494, 38.93389147599419], [-77.11903134000434, 38.93388929685569], [-77.11903050600117, 38.93388715372685], [-77.11902578023502, 38.933875159468364], [-77.11901722367112, 38.933862196212964], [-77.11901440172909, 38.93385756881429], [-77.11900831839417, 38.93384761181587], [-77.11900021927386, 38.933832305932285], [-77.11898958696281, 38.933819524954416], [-77.11898209081316, 38.9338130556096], [-77.11897561109932, 38.933807468044144], [-77.11896854196777, 38.93380116041332], [-77.1189619810997, 38.93379532069697], [-77.11895123301363, 38.93378226958404], [-77.118940829889, 38.9337685875372], [-77.11893123818052, 38.933757336907945], [-77.11892084678291, 38.93375068133064], [-77.11890919149428, 38.93374690969805], [-77.11889488797593, 38.933745843251856], [-77.11888471329131, 38.93374464648791], [-77.11888196774387, 38.93374432498134], [-77.11887319376584, 38.93373928925076], [-77.11886452836734, 38.93373019966873], [-77.11885459141776, 38.933719399799834], [-77.11884453583147, 38.93370661822205], [-77.11883701524575, 38.933692392736], [-77.11883295640374, 38.933679154644146], [-77.11882832298369, 38.93366717829996], [-77.1188217924166, 38.93365874415099], [-77.11881988526972, 38.933656286820614], [-77.11881694029167, 38.93365394765336], [-77.11880798987248, 38.933646840185375], [-77.11879905122888, 38.93363987683777], [-77.1187960947786, 38.93363757371491], [-77.11879318459818, 38.93363535161973], [-77.11878443096059, 38.9336286673406], [-77.11877322804017, 38.93361949024743], [-77.11875856443646, 38.933609956337065], [-77.11873905791737, 38.93360114801], [-77.1187227796158, 38.933591615735494], [-77.11871508456296, 38.93358341697941], [-77.11871272752074, 38.9335809060544], [-77.11871171931175, 38.933578033426855], [-77.1187086715578, 38.93356937953438], [-77.11870620756451, 38.933558049580206], [-77.11870553348582, 38.93355496942205], [-77.11870431636761, 38.9335513132834], [-77.1187005491379, 38.93354002068595], [-77.11869395323647, 38.93352696533175], [-77.11869116634927, 38.933522590122145], [-77.11868585856871, 38.93351427183161], [-77.11867776255441, 38.933500767584164], [-77.11867150742107, 38.93348455897331], [-77.11866640040266, 38.933465196287024], [-77.11866244674644, 38.933445832429555], [-77.11866234900549, 38.93344254449472], [-77.1186618360343, 38.93342538418037], [-77.1186628470711, 38.93340916819147], [-77.118663071446, 38.93340538447243], [-77.11866296431545, 38.93340338473581], [-77.11866223935762, 38.93339052160162], [-77.1186584136356, 38.933378724596324], [-77.11865656285052, 38.93337547447448], [-77.11865239863334, 38.933368190977184], [-77.11865002808808, 38.933364490967264], [-77.11864511359002, 38.93335684789887], [-77.11863448815849, 38.93334812062134], [-77.11862156575607, 38.93334525107729], [-77.11860841508084, 38.933343823093495], [-77.11859607085745, 38.93334185379115], [-77.11858533459319, 38.93333582911542], [-77.11857964781902, 38.93332846608547], [-77.11857643456392, 38.93332430750505], [-77.11856787994556, 38.93331242521109], [-77.11856296411166, 38.93330397139239], [-77.11856070860931, 38.93330009109764], [-77.11855653240822, 38.93328559195059], [-77.11855555907997, 38.93328288143576], [-77.11855155005752, 38.933271814286016], [-77.11854498347603, 38.93326248833455], [-77.11854311063546, 38.93325984179018], [-77.11854127274015, 38.93325740240148], [-77.11853490368452, 38.93324895005543], [-77.118531193776, 38.933237423177594], [-77.11853088797538, 38.933226919795075], [-77.1185308274023, 38.93322517224381], [-77.11853103531043, 38.933211479397535], [-77.11853101995801, 38.933209182293375], [-77.11853089511517, 38.93319652574049], [-77.11852813949974, 38.933183196232065], [-77.1185279883655, 38.93318247572034], [-77.11851978127612, 38.933171493901426], [-77.118512161243, 38.93316675424742], [-77.11850950578696, 38.93316510841875], [-77.11850016361332, 38.93316511789105], [-77.11849152363261, 38.93317125230346], [-77.1184817320918, 38.933178468880136], [-77.11846951281547, 38.93318226475795], [-77.11846659410875, 38.93318183531736], [-77.11845313113308, 38.93317984911724], [-77.11843674286767, 38.93317346982326], [-77.11843043699103, 38.93316832345818], [-77.11842461618275, 38.93316357296708], [-77.11842278976762, 38.93316109753158], [-77.11841640896178, 38.93315250105787], [-77.11841526045168, 38.93314153009637], [-77.11841511992475, 38.93314025105833], [-77.11841786643076, 38.93312727630504], [-77.11842053583874, 38.93312343605912], [-77.1184258055723, 38.933115827703574], [-77.11843801556186, 38.93310644668563], [-77.11844676548733, 38.933097069173], [-77.11844745355911, 38.93308775388007], [-77.11844755487677, 38.933086258397424], [-77.11844361102791, 38.93307274992471], [-77.1184364327044, 38.933056181903076], [-77.11843455849662, 38.93305270659347], [-77.11842752450467, 38.93303970571696], [-77.11841585828712, 38.93302926789425], [-77.11840777831146, 38.93302535746414], [-77.11840154519656, 38.93302234599387], [-77.11839632007609, 38.93302209004595], [-77.11838551225118, 38.93302155148676], [-77.11837629783255, 38.93302208330189], [-77.1183713273621, 38.933022376602075], [-77.11836025398215, 38.93302166715149], [-77.1183482576214, 38.93302077846822], [-77.11834292834065, 38.93302030642384], [-77.11833326179709, 38.93301944240491], [-77.11831595642839, 38.93301639709822], [-77.11830470623562, 38.93301339070153], [-77.11829749457023, 38.933011461213795], [-77.11829400860663, 38.93300975316263], [-77.11828445107876, 38.93300507851284], [-77.11827729191191, 38.93300003209437], [-77.11827486704819, 38.93299833197709], [-77.1182702363385, 38.93299485945424], [-77.11826574421079, 38.93299149489074], [-77.11826148226079, 38.932987832819826], [-77.11825777472694, 38.932984656636684], [-77.11825387080988, 38.93298129147758], [-77.11825015169842, 38.93297808828098], [-77.11824593613808, 38.932974579303874], [-77.11824160509362, 38.93297098036032], [-77.11823913364952, 38.932969010040004], [-77.1182315576398, 38.93296297312597], [-77.11822196958693, 38.93295379434534], [-77.11821491861053, 38.93294443283156], [-77.11821242927216, 38.93293862498737], [-77.11821179246475, 38.93293713925977], [-77.11821079746133, 38.93293525752865], [-77.11820843729217, 38.932930836834], [-77.1182036109087, 38.932927598722486], [-77.11819769918124, 38.932923641043395], [-77.11819012538979, 38.93291893735473], [-77.1181846528777, 38.93291554675452], [-77.11817928104706, 38.932910273314796], [-77.11817529550741, 38.932906367736734], [-77.11817169674745, 38.932899227783054], [-77.11817043545983, 38.9328967337555], [-77.11817065015468, 38.93288709464322], [-77.1181708320929, 38.93288552701276], [-77.11817190047577, 38.93287601315367], [-77.11817305985726, 38.932865733495944], [-77.11817337803248, 38.93286285952228], [-77.11817375315846, 38.932859553091994], [-77.11817508297379, 38.932847723832005], [-77.11817667347532, 38.93283312875614], [-77.11817573362549, 38.932822770146046], [-77.1181693796044, 38.93281638066802], [-77.11815737701066, 38.93281170847981], [-77.1181501284405, 38.93280837372329], [-77.11814468046859, 38.932805865911085], [-77.11813881688855, 38.93280311529427], [-77.11813106035403, 38.93279948377567], [-77.11811502029873, 38.93279436524822], [-77.11809644138656, 38.932788348452554], [-77.11807809105868, 38.93278107025914], [-77.11806308469913, 38.93277333826928], [-77.11805453604943, 38.932764969172844], [-77.11805382867766, 38.932755691324466], [-77.11805447442222, 38.93274864617104], [-77.11805462155341, 38.9327469524595], [-77.11805299165269, 38.93273776562603], [-77.1180458253851, 38.93272840421816], [-77.11803750398225, 38.932717962978806], [-77.1180290670979, 38.93270743177236], [-77.11801936347263, 38.932698072925156], [-77.11800666606754, 38.93269168984346], [-77.11799638294661, 38.93268759243458], [-77.1179924705062, 38.932686028937866], [-77.11798726363408, 38.932682845251364], [-77.11798115622764, 38.9326791039582], [-77.11797122462602, 38.93267136683357], [-77.11796290711571, 38.93266326774645], [-77.11795874195286, 38.932655344634256], [-77.11795941980253, 38.93264678605215], [-77.11796101794455, 38.93263678521099], [-77.11796127960753, 38.93263460493498], [-77.11796226888997, 38.93262606405511], [-77.11796317502355, 38.93261606391231], [-77.11796033951964, 38.932610139303726], [-77.11795958728152, 38.93260859063299], [-77.11795705856304, 38.93260684557225], [-77.11794954169861, 38.93260166436971], [-77.11793615275667, 38.93259555222753], [-77.11792115211308, 38.93259124337268], [-77.1179106308015, 38.93258956042461], [-77.11790603926501, 38.932588826374996], [-77.11790320078389, 38.93258807254009], [-77.11789623150895, 38.93258622385777], [-77.11789466844522, 38.93258256805908], [-77.11789426322521, 38.93258163160321], [-77.11789444640505, 38.93258081166184], [-77.11789598013542, 38.932573702555196], [-77.1178981137538, 38.93256668292646], [-77.11789884785796, 38.93256424093291], [-77.11789993783064, 38.9325607896492], [-77.1179021749812, 38.93255360776634], [-77.11790365999927, 38.93254494027033], [-77.1179038884636, 38.93254360680938], [-77.11790572025926, 38.93253540739587], [-77.11790607517432, 38.93253382157461], [-77.1179072084347, 38.932528649659176], [-77.11790766172824, 38.93252378471237], [-77.11790811677949, 38.932519982744886], [-77.11790823050507, 38.932519009732246], [-77.11790835530226, 38.93251775745069], [-77.1179087973453, 38.93251306367324], [-77.11790869497761, 38.93250695613966], [-77.1179086699444, 38.93250576706748], [-77.11790750117875, 38.93250341707666], [-77.11790461983321, 38.9324976636708], [-77.1178965361475, 38.93249145608875], [-77.11788937297345, 38.932490913807115], [-77.11788603937775, 38.932490655928476], [-77.11787462037988, 38.9324901269468], [-77.11787090665734, 38.93249015771714], [-77.11786377909652, 38.93249022796337], [-77.11785755580462, 38.932493116899565], [-77.11785116696423, 38.93249353772434], [-77.11784775342363, 38.93249375736586], [-77.11783425751325, 38.932492689975554], [-77.11782433518297, 38.93249053798351], [-77.11781671254487, 38.93248414976486], [-77.11781069848666, 38.932474066515596], [-77.11780722089257, 38.932463440210455], [-77.11780434760743, 38.93245557884851], [-77.11780362930483, 38.9324536247684], [-77.11780344159968, 38.93245170618672], [-77.11780257432866, 38.932443356353815], [-77.11780486226132, 38.93243200357204], [-77.1178067934905, 38.932421155615344], [-77.11780703337055, 38.932419750076555], [-77.11780839847889, 38.932408308141724], [-77.11780860289531, 38.93240638015645], [-77.11780942056086, 38.932398668215434], [-77.1178096995044, 38.932392983688054], [-77.11780975510261, 38.93239173147637], [-77.11780965078081, 38.932391416290535], [-77.11780766881647, 38.932385517842555], [-77.11780625908968, 38.93238391578364], [-77.11780154464279, 38.93237858761357], [-77.1177939211258, 38.93237165889538], [-77.11779026144528, 38.93236949158005], [-77.11778480079562, 38.93236626309854], [-77.11778199598749, 38.93236494170295], [-77.11777429720078, 38.93236131911056], [-77.11776655135873, 38.93235713804966], [-77.11776379241707, 38.93235565445779], [-77.11776132184077, 38.9323541885919], [-77.11775421030833, 38.932349988874414], [-77.11774705140841, 38.93234504151415], [-77.11774312067537, 38.9323393702362], [-77.11774241602608, 38.932331713878995], [-77.11774355344998, 38.93232207383694], [-77.1177451507224, 38.932311532500194], [-77.11774614227265, 38.93230435187482], [-77.11774640437233, 38.93230243283982], [-77.11774633368428, 38.93230153207966], [-77.11774581594968, 38.93229531686439], [-77.11773877090235, 38.93228946855744], [-77.11772711219659, 38.93228344473111], [-77.1177121079132, 38.93227688377438], [-77.11769779340634, 38.93226897087392], [-77.11768981989432, 38.932259610256416], [-77.11768530491753, 38.93224934532446], [-77.11768251891104, 38.9322384480694], [-77.11768227054982, 38.93222772842538], [-77.1176816004786, 38.932220054016284], [-77.11768144789788, 38.93221845068994], [-77.11767935895179, 38.932210615559754], [-77.11767646370942, 38.93220341182339], [-77.11767310891605, 38.932197289547325], [-77.11766975813725, 38.932193599512026], [-77.11766899668075, 38.93219344713729], [-77.11766306654083, 38.93219225500177], [-77.11765555275903, 38.9321889024647], [-77.1176527942424, 38.93218767110249], [-77.11764845516096, 38.932186144056914], [-77.11763721510012, 38.93218219171246], [-77.11761967751329, 38.93217806553842], [-77.11760541835257, 38.93217571970917], [-77.11760283416052, 38.9321752899104], [-77.11758991052655, 38.932171519421715], [-77.11758251623438, 38.932163689627444], [-77.11757972994975, 38.93215261220376], [-77.11758086397612, 38.93214090025406], [-77.11758038585428, 38.93213072133971], [-77.11757587535784, 38.93212315889315], [-77.11756721670824, 38.93211794278093], [-77.11755394767927, 38.93211453296828], [-77.11754494946142, 38.932113217796186], [-77.1175398735427, 38.93211247521097], [-77.11752752778013, 38.93210942479938], [-77.11751863713188, 38.93210339816856], [-77.1175181624341, 38.93209529116277], [-77.11752205487953, 38.93209174698124], [-77.11752795110245, 38.93208636308842], [-77.1175413127375, 38.932075990089594], [-77.11754659729698, 38.93206337313435], [-77.11754772954521, 38.93205058018881], [-77.11754887853927, 38.93204094914485], [-77.11754920838808, 38.93203814722723], [-77.11754936620173, 38.932035931023115], [-77.1175499962682, 38.93202634554262], [-77.11754825102626, 38.93201710476703], [-77.11754778562246, 38.93201463695688], [-77.11754611835826, 38.93201072001682], [-77.11754164918011, 38.93200022982494], [-77.11753274339796, 38.93198501472932], [-77.11752784440478, 38.93197965070017], [-77.1175216513306, 38.93197286465836], [-77.11751973290359, 38.93197050640894], [-77.11751321490763, 38.93196251357918], [-77.11750961298046, 38.9319533827695], [-77.11750869804509, 38.93195107756081], [-77.11750781689314, 38.93194827686088], [-77.11750417643333, 38.9319367588863], [-77.1174995366694, 38.93192072875057], [-77.11749466906109, 38.93190641042347], [-77.11749049998662, 38.93189605505243], [-77.1174835691456, 38.931889485949704], [-77.11747110334142, 38.93188355299194], [-77.11746751397915, 38.93188204320269], [-77.11745529168356, 38.93187690273022], [-77.1174423210433, 38.93187256474846], [-77.11744132862724, 38.93187223243803], [-77.11743140268598, 38.93186782833736], [-77.11742309037477, 38.93186279203258], [-77.11741615998834, 38.931856493174834], [-77.11741176396995, 38.93184839010769], [-77.11740725172925, 38.931839746658206], [-77.1174031166995, 38.93183604839454], [-77.11739870445497, 38.93183209817638], [-77.11739418873725, 38.93182834624491], [-77.11738969614588, 38.93182463032329], [-77.11738679813061, 38.93181571500215], [-77.11739047025696, 38.93180445092012], [-77.11739730156422, 38.93179260713249], [-77.11739748556343, 38.93179228264832], [-77.117397887539, 38.93179125529662], [-77.1174019647229, 38.93178083758892], [-77.11740264027276, 38.93177084668888], [-77.11740275262456, 38.93176903590466], [-77.11740042652956, 38.93175723734848], [-77.11739521680906, 38.93174526152238], [-77.11739070057243, 38.931734185831026], [-77.11739068055014, 38.93172202462567], [-77.11739273296456, 38.93170769934301], [-77.1173945550086, 38.93169355445798], [-77.11739637749683, 38.93167967982192], [-77.11739773998711, 38.93166661639617], [-77.11739800132254, 38.931664228930146], [-77.11739898922035, 38.931654814248326], [-77.11739848691897, 38.931643941716345], [-77.11739839164161, 38.931642113124006], [-77.11739822889983, 38.93164133857238], [-77.11739525332598, 38.9316273426392], [-77.1173919984921, 38.93161185160611], [-77.11738494123193, 38.931598526387674], [-77.11737096800279, 38.931587640359496], [-77.11735296109136, 38.931578560043015], [-77.11733668521576, 38.931570108567925], [-77.11732421710786, 38.931562734266045], [-77.1173142875116, 38.93155607808003], [-77.11730608613178, 38.93154833916074], [-77.11729880385971, 38.931538437322665], [-77.1172932489147, 38.931526912253815], [-77.11729230595029, 38.931514571807945], [-77.1172927651624, 38.93151328315795], [-77.11729678303449, 38.93150186558987], [-77.11730622046353, 38.931489784975064], [-77.11731173776167, 38.9314784289596], [-77.11730825732634, 38.931466000977515], [-77.11729970388315, 38.931454569001595], [-77.11729057644663, 38.93144475909789], [-77.11728560039641, 38.93143458469489], [-77.11728421403848, 38.931426136286056], [-77.11728385292129, 38.93142395663602], [-77.11728301845129, 38.93142148018662], [-77.11728049197504, 38.93141405086146], [-77.11727447837916, 38.93140414774857], [-77.11726661842607, 38.93139361590583], [-77.11725771944498, 38.93138245452286], [-77.11724685922024, 38.93137093477406], [-77.11724170620366, 38.93136535478767], [-77.11723530537442, 38.93135842480534], [-77.1172330166651, 38.93135531022383], [-77.11722501782101, 38.93134447223479], [-77.11721530737833, 38.93133078933398], [-77.11720606078674, 38.93131863738085], [-77.11720026817706, 38.93130985107349], [-77.11719738923189, 38.93130549393558], [-77.1171920442888, 38.931295409981466], [-77.11718998500466, 38.931291538470475], [-77.1171824687049, 38.93127956494673], [-77.11717759178713, 38.931273552281404], [-77.11717472574006, 38.93127002389505], [-77.11717149939449, 38.93126481131474], [-77.11716986889977, 38.93126219152944], [-77.11717029269859, 38.93126040745802], [-77.1171715868949, 38.931254893071184], [-77.11717792277419, 38.93125038256101], [-77.11718164857268, 38.93125072114144], [-77.11718876564667, 38.93125136260414], [-77.11719983962848, 38.93125261266403], [-77.11720860488975, 38.931252603873986], [-77.11721390336739, 38.93124845473483], [-77.11721342945039, 38.93124079814154], [-77.11720626551651, 38.931232697841715], [-77.1172030908709, 38.931230872337196], [-77.11719391325771, 38.931225593658866], [-77.11718585383656, 38.931219989559196], [-77.11718317506178, 38.93121812752371], [-77.11718020478818, 38.93121433800077], [-77.11717496929388, 38.931207686104344], [-77.11716595531404, 38.93119670499566], [-77.11715932569301, 38.931190901277844], [-77.1171538279575, 38.93118608733981], [-77.11714365918112, 38.9311742065553], [-77.11713787125724, 38.931161240381286], [-77.11713664336338, 38.931157971593215], [-77.11713312191733, 38.93114863349873], [-77.11712837598274, 38.93113809852525], [-77.1171231707924, 38.93112882517605], [-77.11711911833324, 38.93111919033882], [-77.1171146020312, 38.93110802455243], [-77.11710777731248, 38.93109578008104], [-77.11709772433257, 38.93108416942582], [-77.1170859434454, 38.931073821665045], [-77.11707669849604, 38.931069660076034], [-77.11707336292847, 38.93106815902852], [-77.11705963959326, 38.931068893439864], [-77.11705452140701, 38.93107045700479], [-77.11704868851648, 38.931072237484884], [-77.11704142289027, 38.93107242492751], [-77.11703450847986, 38.93106876546696], [-77.11703207285836, 38.93106747971671], [-77.11702731455262, 38.93106344875567], [-77.11702260246892, 38.931059471798086], [-77.11701220779901, 38.93105047388932], [-77.11700111877428, 38.93104003534412], [-77.11699106611523, 38.93102860484564], [-77.1169820530731, 38.93101816422048], [-77.11697338676854, 38.93100817366341], [-77.11696506690568, 38.93099845300848], [-77.11695755481206, 38.93098900179403], [-77.11695521381752, 38.930982121783], [-77.11695442577756, 38.93097981644259], [-77.11695475855574, 38.930978789161514], [-77.11695729415202, 38.930970715172634], [-77.1169595852825, 38.93096828964271], [-77.11696408691411, 38.93096350172166], [-77.11697284356842, 38.9309582681343], [-77.11698056430346, 38.93095429674754], [-77.1169844789372, 38.93095023908685], [-77.11698494043226, 38.93094331122958], [-77.11698504155582, 38.93094168062306], [-77.11698088044476, 38.93093609963189], [-77.1169706034945, 38.93092854293203], [-77.11695997862978, 38.930919815498285], [-77.11695004649745, 38.930911537786216], [-77.11693942355845, 38.93090398142981], [-77.11692695546046, 38.930896517001585], [-77.1169167943703, 38.93088927547211], [-77.11691344583387, 38.93088689161797], [-77.11690691945529, 38.93088071844128], [-77.11690097065237, 38.93087510320214], [-77.11689022589435, 38.930863583303754], [-77.11688478876243, 38.930853499427016], [-77.11688384927405, 38.930843230885685], [-77.11688414514941, 38.930840798344285], [-77.11688510049765, 38.93083259982073], [-77.1168862381613, 38.93082304986728], [-77.1168883868746, 38.93081817421903], [-77.11688980015268, 38.93081493881986], [-77.11689393762008, 38.93080610653139], [-77.11689419926466, 38.93080389923209], [-77.1168951889892, 38.93079556554926], [-77.11689470772521, 38.9307834048031], [-77.11688650057275, 38.93077206253242], [-77.11688034654628, 38.93076788882804], [-77.11687495456549, 38.93076423684364], [-77.11687096201034, 38.93076297066352], [-77.1168605305863, 38.93075965702545], [-77.11684380278206, 38.93075679108894], [-77.11683376155392, 38.930752296968876], [-77.11683291107224, 38.93074707299536], [-77.11683271308964, 38.93074590211207], [-77.11683282669426, 38.93074484802547], [-77.11683350801161, 38.930738334331345], [-77.11683340544347, 38.93073204662877], [-77.11683338042869, 38.93073085755596], [-77.11683227001332, 38.930728885844616], [-77.11682967904439, 38.93072428518479], [-77.11682819942075, 38.93072222375929], [-77.11682540203635, 38.93071834397102], [-77.11681985652992, 38.93071249410825], [-77.11681407947594, 38.93070610397759], [-77.11681551341582, 38.93070140020299], [-77.11681602963296, 38.93069970612342], [-77.1168272064557, 38.930693389129715], [-77.11684115123178, 38.93068706936774], [-77.11685001397728, 38.93068324998901], [-77.11685267625921, 38.93068210327097], [-77.11685395474068, 38.930681066036236], [-77.11686119941905, 38.93067515834496], [-77.11686278560406, 38.930671868723216], [-77.11686637176425, 38.930664433275886], [-77.1168607000018, 38.9306519173867], [-77.11684741814085, 38.93064049010391], [-77.11683494744155, 38.930631404171166], [-77.11682558995444, 38.93062186470926], [-77.11681842110882, 38.93061070156193], [-77.11681067472345, 38.930598998492385], [-77.11680097597194, 38.930592342031034], [-77.1167919082301, 38.93059070257081], [-77.1167905930547, 38.93059046066055], [-77.11678147893002, 38.93058866810451], [-77.1167736299094, 38.93058471228764], [-77.11677115433977, 38.930580147544376], [-77.11677015949579, 38.93057831984997], [-77.11677074382017, 38.9305759590871], [-77.11677210714525, 38.93057039058502], [-77.1167802825353, 38.93056236501416], [-77.11679007359398, 38.9305549684104], [-77.11679070873664, 38.93054842773751], [-77.11679086748548, 38.93054677004853], [-77.11678930588052, 38.930543942997474], [-77.11678554646079, 38.93053713646641], [-77.116780600458, 38.93053114186946], [-77.11677699498327, 38.93052678544654], [-77.11677571048406, 38.93052414729304], [-77.11677167189654, 38.930515890701436], [-77.11677234588515, 38.93050489988109], [-77.11677252780379, 38.93050330522718], [-77.11677359564413, 38.9304933679864], [-77.11677518829794, 38.93047994400246], [-77.11677700807249, 38.930464357795394], [-77.11677882932169, 38.93044967241846], [-77.1167797037385, 38.93044134785961], [-77.11677985121972, 38.93043985233156], [-77.11678053199316, 38.9304330053302], [-77.11678063465511, 38.930432311587204], [-77.11678133045815, 38.930427599541986], [-77.11678085142916, 38.93041679003988], [-77.11678152113674, 38.93040318681154], [-77.11678319208427, 38.93038827637664], [-77.11678368085164, 38.93038390685432], [-77.11678410543709, 38.93036147571973], [-77.11677853547074, 38.93034067207211], [-77.11677020066455, 38.930321762933275], [-77.11676221613341, 38.93030546585594], [-77.11675564735972, 38.9302944912793], [-77.11675261741681, 38.93028944064005], [-77.11674504650692, 38.930279223762575], [-77.11674013410708, 38.93027260755614], [-77.11674050723204, 38.93021873744416], [-77.11673784385916, 38.93021216403264], [-77.11673573112452, 38.930203788407496], [-77.11673563827003, 38.9302034281675], [-77.11673624580614, 38.93020115746464], [-77.11673758679801, 38.93019603940078], [-77.11673895970462, 38.93018928179117], [-77.11673422008629, 38.930182530287], [-77.1167309828642, 38.930177669028794], [-77.11672716810457, 38.93017226784829], [-77.11672220062896, 38.93016722815154], [-77.11671864259135, 38.93016365540283], [-77.11671457627364, 38.93015957869583], [-77.11671641360076, 38.930154712369344], [-77.11671975081543, 38.930150204877634], [-77.1167236593737, 38.93014245382083], [-77.11672341676777, 38.93013515732574], [-77.11672456034059, 38.93012921069386], [-77.11672339420535, 38.93012137462205], [-77.11671808575561, 38.93011939809372], [-77.11671023605295, 38.93011499185711], [-77.1167042291333, 38.93010905236582], [-77.11670133584406, 38.93010292959873], [-77.11670026020343, 38.93010105694274], [-77.11669786605017, 38.9300968974905], [-77.11669713603271, 38.93009479928139], [-77.11669496922363, 38.930088612730536], [-77.11669265406272, 38.93008339021783], [-77.11669056794145, 38.93007717656138], [-77.1166887788198, 38.930069214994724], [-77.11668836059323, 38.9300673596988], [-77.11668834496646, 38.93005781089743], [-77.11668843515218, 38.930056540634574], [-77.11668890776095, 38.930049342516675], [-77.11669212286027, 38.93004069132135], [-77.11669260675096, 38.93003334005071], [-77.1166926853593, 38.93003204277446], [-77.11669227781081, 38.93002966498545], [-77.11669070616678, 38.930020694269956], [-77.11668953871013, 38.930012047450326], [-77.11668975964085, 38.93000610173986], [-77.1166888252041, 38.929998896018475], [-77.11668580317517, 38.92998457581006], [-77.11668301151323, 38.929970075205155], [-77.11667791413113, 38.929956117401225], [-77.1166712005059, 38.929941170295486], [-77.11666356895802, 38.92992910676744], [-77.11665674384007, 38.92991650193481], [-77.11665199378388, 38.929903354531554], [-77.11664805251452, 38.929891107152606], [-77.1166444378108, 38.92988108450219], [-77.11664353415354, 38.92987859009997], [-77.11663959052915, 38.929864901392115], [-77.11663934428347, 38.92986242435037], [-77.11663830067795, 38.92985193070113], [-77.1166396362032, 38.92984347055741], [-77.11664001279908, 38.9298410289273], [-77.11664184422865, 38.929832559280285], [-77.11663929134653, 38.929823013010754], [-77.1166392766158, 38.92982105822039], [-77.11663915641756, 38.929811032082064], [-77.11664029026645, 38.92979913997025], [-77.11663981886687, 38.92979297875095], [-77.11663970123806, 38.92979157357069], [-77.11663554198947, 38.92978707356245], [-77.11663358996513, 38.92978527384683], [-77.11663103734078, 38.92978293423148], [-77.11662388113388, 38.929779428128576], [-77.11661803864368, 38.9297752811238], [-77.11661614503655, 38.929773940773856], [-77.11661475780585, 38.92977194231137], [-77.1166097870072, 38.92976484871623], [-77.11660238894747, 38.92975449653135], [-77.1165946437216, 38.92974342402685], [-77.11658655118279, 38.929731541119615], [-77.11657845805748, 38.92971929787965], [-77.11657163665652, 38.92970894511749], [-77.11656977944922, 38.92970165023194], [-77.11655062308841, 38.92963107114478], [-77.11655017060777, 38.92962942307373], [-77.11654785002435, 38.92962086748523], [-77.11651489456182, 38.929497396295034], [-77.11651466243067, 38.92949649569456], [-77.11651164531557, 38.92948514822069], [-77.11650735869365, 38.92947326151316], [-77.11650464321828, 38.92946300374495], [-77.11650399338438, 38.92946056313833], [-77.11650305102536, 38.92944849293039], [-77.11650303645384, 38.92943957470918], [-77.11650510517173, 38.92943515857064], [-77.11650699554437, 38.92943452610385], [-77.11651294330532, 38.92943253834427], [-77.11651985761047, 38.92942918936458], [-77.11652170142413, 38.92942829570273], [-77.11652884066044, 38.929421442262175], [-77.11653343852596, 38.92941206902591], [-77.11653480422278, 38.929400897348565], [-77.11653524419232, 38.9293878348473], [-77.1165405244608, 38.929372605522865], [-77.11654695772566, 38.92935719488199], [-77.11654757429041, 38.92935339275645], [-77.11654935519867, 38.929342238681436], [-77.1165464527807, 38.929330503736026], [-77.11654575628471, 38.92932773887661], [-77.11653835283215, 38.92931405361414], [-77.1165339469117, 38.92929973477999], [-77.11653415401395, 38.929285321262775], [-77.11653551293577, 38.929270005765105], [-77.11653710045404, 38.92925342887472], [-77.11653730475814, 38.92923730377944], [-77.11653297092575, 38.92922475050381], [-77.1165326696567, 38.929223886005545], [-77.11652561279348, 38.9292105607292], [-77.11651866964267, 38.92919624442393], [-77.11651207395371, 38.92918282860375], [-77.1165040971157, 38.92917112574066], [-77.11649531400748, 38.92916005426305], [-77.11648676067692, 38.9291484420566], [-77.11647912865644, 38.929136018182476], [-77.11647288058599, 38.929123592928626], [-77.11646790319585, 38.92911242757285], [-77.1164641961909, 38.92910234194921], [-77.11644998045801, 38.929083816993085], [-77.11642379837159, 38.92894815075933], [-77.11642310868085, 38.928942485213256], [-77.11642078454466, 38.92893879411738], [-77.11641582415025, 38.9289309618204], [-77.11641099976869, 38.92892167003993], [-77.11640899828916, 38.92891781647262], [-77.11640620819588, 38.928904216688785], [-77.11640622770273, 38.92890203665594], [-77.11640630278858, 38.92889151486357], [-77.11640951392847, 38.92888044944832], [-77.11640985797285, 38.92887926000741], [-77.11641779696379, 38.928867811533145], [-77.11642400587736, 38.928856274698596], [-77.11642308016187, 38.92884732135076], [-77.11642295144728, 38.92884618643064], [-77.11641992339854, 38.928842243802976], [-77.11641555468657, 38.92883655489657], [-77.11641332552313, 38.92883452123675], [-77.11640596815774, 38.928827826375105], [-77.11639246296363, 38.92882063316998], [-77.11637769121783, 38.92881470238927], [-77.1163639584595, 38.92880940115464], [-77.11635184088914, 38.92880445864315], [-77.11634156225493, 38.92879564072225], [-77.11633393073843, 38.928783487086996], [-77.11632652885257, 38.92877070264026], [-77.11632273126868, 38.928761626033534], [-77.11632131879593, 38.9287582763443], [-77.11631599458829, 38.92874657082733], [-77.11631416791876, 38.92874382510769], [-77.11630755490158, 38.92873387749539], [-77.11629750047491, 38.92872109568648], [-77.11628617920383, 38.92870939613562], [-77.11627636014167, 38.92869949675307], [-77.11626711845784, 38.92869004721136], [-77.11626196090869, 38.928681521463], [-77.11625960185297, 38.928677623207086], [-77.11625799276882, 38.92867393139646], [-77.11625369808313, 38.92866411659962], [-77.11625114426676, 38.928653939738076], [-77.11625805000517, 38.928610008299025], [-77.11625924840709, 38.928602314001296], [-77.11625936329453, 38.928602043637426], [-77.11626039967587, 38.92860107871616], [-77.116263393609, 38.92859825613351], [-77.11626656955508, 38.92859389294694], [-77.11626903205308, 38.928590503368675], [-77.11627086261316, 38.928581493227156], [-77.11626853960024, 38.92857140621942], [-77.1162650594887, 38.92855897819948], [-77.11626371235897, 38.92854618772462], [-77.11626353672307, 38.92854456640167], [-77.11626337410351, 38.92854385490616], [-77.11626063281298, 38.928531867558675], [-77.11625462297995, 38.928524036298306], [-77.1162493114311, 38.9285200779208], [-77.11624722524738, 38.92851377417158], [-77.11624467892709, 38.92850819154563], [-77.11623647566424, 38.92849901121786], [-77.1162242356327, 38.92848965473769], [-77.11621690595247, 38.92848576142387], [-77.11621153855043, 38.92848291112364], [-77.11619953740163, 38.92847859906279], [-77.11619053155009, 38.92847230219235], [-77.11619021724371, 38.92847050984904], [-77.11618878592543, 38.92846266502483], [-77.11618692306523, 38.928451856892146], [-77.11618102343752, 38.928440872606096], [-77.11617819131531, 38.92843683068554], [-77.11617362528393, 38.92843034022537], [-77.11616576626146, 38.928420078551866], [-77.11615906228022, 38.92841089672828], [-77.11615755908613, 38.928408483992385], [-77.11615432151432, 38.92840333445082], [-77.11614601336554, 38.92840055012845], [-77.11613505928104, 38.92840182217916], [-77.1161280824641, 38.9284021444032], [-77.11612514182583, 38.92840228244995], [-77.11612230421972, 38.92840195196161], [-77.11611660595665, 38.92840130001594], [-77.11610680162889, 38.928400408924645], [-77.11609677163271, 38.92840258088578], [-77.1160958569307, 38.9284074462876], [-77.11609356457711, 38.9284090880791], [-77.11609067319355, 38.92841114484838], [-77.11608121924769, 38.92841295590313], [-77.1160738356293, 38.928411341739015], [-77.11607082698865, 38.928405128985915], [-77.11606905025882, 38.92839762681938], [-77.11606862065732, 38.928395852606904], [-77.11606676074965, 38.928386846133414], [-77.1160667452065, 38.9283772973289], [-77.11607342277712, 38.928370264206855], [-77.11608217741856, 38.928363949686954], [-77.11609115948724, 38.92835565310997], [-77.1160914011914, 38.92835535559528], [-77.11609760478461, 38.928347629301925], [-77.11609797089982, 38.92834582727408], [-77.11609909187061, 38.928340150918416], [-77.11609898527838, 38.928331349894925], [-77.11609895923542, 38.928329521231674], [-77.11609710123238, 38.92832168583837], [-77.11609281636284, 38.928310790026714], [-77.11608495384549, 38.928298366354056], [-77.1160743227355, 38.9282854950146], [-77.11606334725957, 38.92827361493142], [-77.11605537103671, 38.928262182284925], [-77.11604843144468, 38.9282499378596], [-77.11604241271597, 38.928236611520994], [-77.11603731690246, 38.92822346443213], [-77.11603141570433, 38.92821148922432], [-77.11602666704977, 38.92819906245594], [-77.11602099460478, 38.92818591593873], [-77.11601486261104, 38.92817385087595], [-77.11600804305189, 38.92816448899161], [-77.11599915683418, 38.92816080440045], [-77.11599516688761, 38.92816104257699], [-77.1159883170856, 38.92816144574153], [-77.11597994210472, 38.92816009379667], [-77.11597666594251, 38.92815956555691], [-77.11597349221239, 38.928158199441604], [-77.11596431726862, 38.928154262901295], [-77.11595882792341, 38.92814732293254], [-77.1159572677957, 38.9281453516582], [-77.11595711411991, 38.92814304568046], [-77.11595644028803, 38.92813292099613], [-77.1159508821632, 38.92811914377953], [-77.11594210073521, 38.92810897308878], [-77.11593713572921, 38.92810532964432], [-77.1159322861974, 38.92810177616825], [-77.11592999994896, 38.92810007586342], [-77.11592270246263, 38.9280946691011], [-77.11590932274093, 38.92809360137327], [-77.11589721806219, 38.92809649604075], [-77.11589341643466, 38.92809906718224], [-77.11588880839422, 38.92810217962254], [-77.1158816844469, 38.928104204550486], [-77.11587705042704, 38.928105524360156], [-77.11586654510354, 38.928099048784695], [-77.11586631335119, 38.92809837339039], [-77.11586214173515, 38.928086171251024], [-77.11586812323645, 38.92807661650044], [-77.11587710997841, 38.92807120259755], [-77.1158773392861, 38.92807037360464], [-77.11587928831311, 38.92806327311503], [-77.11587765616461, 38.92805246474792], [-77.11587238348336, 38.92804400215385], [-77.11586990904048, 38.92804004094583], [-77.11586135755623, 38.92802941960488], [-77.11585327557948, 38.92802384245779], [-77.11585002123125, 38.92802253947727], [-77.11584496660855, 38.92802051761544], [-77.11583858579706, 38.92801854210952], [-77.11583481269663, 38.92801737476754], [-77.11583181381006, 38.92801714352353], [-77.11582454726289, 38.92801657419286], [-77.11581359586529, 38.92801946770874], [-77.11580194811492, 38.92801965941721], [-77.11579438189777, 38.92801209992429], [-77.11579212936128, 38.92800985007578], [-77.11579104060506, 38.92800696849172], [-77.11578668572722, 38.92799553223835], [-77.11578227828387, 38.92798013237547], [-77.1157723412861, 38.927968521485184], [-77.11576125511587, 38.92795943406237], [-77.11575638810349, 38.927952205201116], [-77.11575397196255, 38.92794863129065], [-77.11575149796818, 38.927944940329304], [-77.11574645757236, 38.92793746841465], [-77.11573410193586, 38.92792784174716], [-77.1157199020942, 38.927918847486964], [-77.11570931497265, 38.92791168734573], [-77.11570593217914, 38.92790940258128], [-77.11570212248603, 38.92790700113124], [-77.11569034710566, 38.92789959893999], [-77.11567556654845, 38.92788808291923], [-77.11566551235433, 38.927875301053895], [-77.11565834016749, 38.92786179566981], [-77.11565083602902, 38.927856938602446], [-77.11563979641087, 38.927855201912166], [-77.11563549360746, 38.927854521537256], [-77.11563159184801, 38.927852237284135], [-77.11561967877833, 38.92784525861305], [-77.11560593939868, 38.92783572338408], [-77.1155938181033, 38.92782834855019], [-77.11558591380422, 38.927825635854894], [-77.11558308671943, 38.92782466575225], [-77.1155717852728, 38.92782503726175], [-77.11556255036551, 38.927819641400916], [-77.11555952967707, 38.92780595173902], [-77.11555927172304, 38.92778910643271], [-77.11555942758913, 38.92778565609141], [-77.11556005068805, 38.927771629518496], [-77.11556268553807, 38.9277607268439], [-77.11556383106765, 38.92775595130071], [-77.11556957331358, 38.92774108189158], [-77.11556996273784, 38.92773942397532], [-77.1155728947188, 38.92772684545875], [-77.11557223444919, 38.92771793688153], [-77.11557206961909, 38.92771585612218], [-77.11556933440599, 38.92771464270361], [-77.11556133650134, 38.92771109232531], [-77.11554818926211, 38.927711105324825], [-77.11553758621562, 38.927715439802114], [-77.1155262885808, 38.92771815346714], [-77.11551640048802, 38.92771532561998], [-77.11551278908512, 38.92771429323254], [-77.11550991424073, 38.92771231424324], [-77.11550089716012, 38.927706107413194], [-77.1154916533734, 38.92769521647922], [-77.11548845508239, 38.9276857879269], [-77.11548736586184, 38.92768260906566], [-77.11548656597927, 38.92768006050101], [-77.11548330856743, 38.9276697311748], [-77.1154709519917, 38.92765947389747], [-77.11545560042954, 38.92765138157494], [-77.11544574493418, 38.92764731054115], [-77.1154423289783, 38.92764589960896], [-77.11543033035016, 38.92764302879766], [-77.11542718225613, 38.927643230090055], [-77.11542029796102, 38.92764366928875], [-77.11541315835866, 38.92765025241468], [-77.1154092675818, 38.92765474240122], [-77.11540682720748, 38.92765755540751], [-77.11540119667502, 38.92766308306879], [-77.11539911257326, 38.92766513001577], [-77.11539802950934, 38.92766575265942], [-77.11538759055618, 38.927671717467355], [-77.11538673681865, 38.92767152012723], [-77.11537709190041, 38.92766929558572], [-77.11537257842174, 38.927659571053965], [-77.11537163875583, 38.9276490322451], [-77.1153705151509, 38.92763885395061], [-77.11537035136163, 38.92763741278081], [-77.11537015363041, 38.92763637701902], [-77.11536790895371, 38.927624713458094], [-77.11535981787988, 38.92761346104271], [-77.11534780658253, 38.92760275299541], [-77.1153363757095, 38.92759438653769], [-77.1153265591182, 38.92758583831942], [-77.11532239419522, 38.927577698906305], [-77.11532065882066, 38.927574313489686], [-77.11531976525634, 38.92757088220076], [-77.1153168294473, 38.927559723786715], [-77.11531194575932, 38.927549269943725], [-77.11531000158922, 38.92754513704217], [-77.11530765593302, 38.927542337768436], [-77.11529948664051, 38.927532625848954], [-77.11528724558697, 38.92752245852123], [-77.11527523635466, 38.927513011629365], [-77.1152647244747, 38.92750239217751], [-77.1152624693209, 38.92749850280657], [-77.1152575542942, 38.92749005784792], [-77.1152552757264, 38.927485952300216], [-77.11525003624453, 38.92747655277904], [-77.11524147924221, 38.92746241815158], [-77.1152303869586, 38.927449457105126], [-77.11521537460658, 38.92743713050489], [-77.11520024518708, 38.92742372301946], [-77.11518604129307, 38.927412116284266], [-77.1151805467032, 38.92740898680355], [-77.11517276656056, 38.92740456237662], [-77.11515869502257, 38.92740349524461], [-77.11515348133439, 38.927402914841], [-77.11514035481707, 38.927401441401145], [-77.11512587198838, 38.92739563629292], [-77.11512085204312, 38.92739362337378], [-77.11511453640227, 38.927389107417106], [-77.11510826695095, 38.927384627447886], [-77.1151009904987, 38.927377878372916], [-77.11509540691144, 38.92737676684004], [-77.11509245360314, 38.92737617519927], [-77.11505380598088, 38.927367925597125], [-77.11504400355255, 38.927368115413465], [-77.11503085550451, 38.92736758785635], [-77.11501678136054, 38.92736489921182], [-77.11501379236574, 38.92736363198003], [-77.11500512543341, 38.92735995610536], [-77.11499727018386, 38.92735185634517], [-77.1149883819406, 38.92734682043039], [-77.11498076972268, 38.927346395520516], [-77.11497730962093, 38.927346200741624], [-77.11497281785938, 38.92734989857279], [-77.11497397998048, 38.927355392506094], [-77.11497998986498, 38.927363404000225], [-77.1149869236671, 38.92737222533402], [-77.11498889743051, 38.927380420965235], [-77.11498936193095, 38.927382402339056], [-77.11498924863864, 38.92738366361565], [-77.11498856801283, 38.92739069077665], [-77.11498027063146, 38.927394482435716], [-77.11496585311998, 38.927393415620855], [-77.11496054521251, 38.927391619177854], [-77.11495177563322, 38.9273886550577], [-77.11494000162163, 38.92738200047972], [-77.11493468297078, 38.92737353788762], [-77.11493510600383, 38.92737125836608], [-77.11493639761613, 38.927364077463004], [-77.11494145512015, 38.9273536228351], [-77.1149405427257, 38.927345651367226], [-77.1149404025194, 38.92734452546483], [-77.11493439017251, 38.92733498255628], [-77.1149288429065, 38.92732778135384], [-77.1149214600073, 38.92732652744892], [-77.11491457640737, 38.92732738100003], [-77.11491050621112, 38.92732788946818], [-77.1149104139067, 38.927327862533986], [-77.11489793001162, 38.927324388587465], [-77.11489213283564, 38.92731954780939], [-77.11488661282033, 38.92731494097498], [-77.11488128681361, 38.927309063776136], [-77.1148769081644, 38.92730423061119], [-77.11486904858202, 38.927293428349834], [-77.11486291700508, 38.92728145330768], [-77.11485724586335, 38.927268937313315], [-77.11484961664952, 38.92725795465769], [-77.11484095371222, 38.92724958543093], [-77.11483656030155, 38.92724274342306], [-77.11483770355018, 38.927236526557145], [-77.11483838333461, 38.92723612952298], [-77.11484530794979, 38.92723210500656], [-77.11484980510802, 38.92723175827082], [-77.11485833817883, 38.92723110128551], [-77.11486109468167, 38.92722407208485], [-77.11485681601607, 38.927216869632005], [-77.11484712400085, 38.927213996493705], [-77.11483743720912, 38.92721436634559], [-77.11483087161406, 38.92721932737434], [-77.11482696097937, 38.92722581720896], [-77.11481912462199, 38.927229428237275], [-77.1148079368511, 38.92722871856266], [-77.11480392021808, 38.92722667761927], [-77.1147969719007, 38.927223144174], [-77.11479514586527, 38.92722073173724], [-77.11479177121487, 38.927216302957355], [-77.11479415847795, 38.927209148004415], [-77.11479441094761, 38.92720837304069], [-77.11480189494492, 38.92720079869827], [-77.11481111042349, 38.92719421356979], [-77.11481291789147, 38.92719225698814], [-77.1148167515254, 38.92718808236849], [-77.114820427881, 38.92717934068367], [-77.11482018867102, 38.927174026008394], [-77.11482017509323, 38.92717275584826], [-77.11482006116056, 38.92716645914269], [-77.11481865911942, 38.92715520011694], [-77.1148163285256, 38.927140248591144], [-77.11481480545945, 38.927125449413424], [-77.11481457122528, 38.92712322458785], [-77.11480704923707, 38.92710719716318], [-77.11479480281585, 38.92709360662587], [-77.11478094459554, 38.92708172925161], [-77.1147670898595, 38.927072013869726], [-77.11475370208358, 38.92706581127355], [-77.11474124082874, 38.92706204001329], [-77.11473155318751, 38.92706186935789], [-77.11472175514837, 38.9270647616398], [-77.1147102263546, 38.92706711512032], [-77.1146994903491, 38.92706045949891], [-77.11468609577157, 38.927050022989945], [-77.1146733921374, 38.927038955218876], [-77.11467014230541, 38.927026076506095], [-77.11466963739609, 38.927013303199764], [-77.11466954134015, 38.92701094311346], [-77.11466398137856, 38.92699581458641], [-77.11465277423672, 38.92698303376334], [-77.11463603582132, 38.92697296086187], [-77.11462442670855, 38.926968387012515], [-77.11461711042625, 38.926965502516566], [-77.11459953770168, 38.92696013277263], [-77.11459830311142, 38.92695975563371], [-77.1145800741637, 38.926955089179536], [-77.11456657196908, 38.92694942717338], [-77.11455837228559, 38.92694222855308], [-77.11455512667565, 38.92693196224639], [-77.11455288066377, 38.92691937081249], [-77.11455268284512, 38.92691827199099], [-77.1145515084627, 38.92690512099056], [-77.11455425702358, 38.92689313722685], [-77.11455308785116, 38.92688322921757], [-77.11454338576412, 38.92687405023773], [-77.11453764812025, 38.92687033542378], [-77.11453045587344, 38.92686568516948], [-77.11451971557474, 38.926856327038635], [-77.11451523705009, 38.92684671954642], [-77.11451404510575, 38.92684417135895], [-77.11450952582248, 38.92683072636081], [-77.11450940996194, 38.92683039316638], [-77.11449889887534, 38.9268201339767], [-77.11448954653994, 38.92681329681361], [-77.11448662272306, 38.92680950717388], [-77.11448238148022, 38.926804025259905], [-77.11448055318102, 38.92680018950525], [-77.1144760171906, 38.926790699175925], [-77.11446884837498, 38.926779085461035], [-77.11446179532062, 38.926767741881974], [-77.11445462347316, 38.92675423642125], [-77.11444687601502, 38.92674136210636], [-77.1144394772818, 38.926730199030835], [-77.11443254086308, 38.9267196660848], [-77.11443131481413, 38.92671023557083], [-77.11443102298857, 38.926708046834], [-77.1144300794267, 38.9266949856891], [-77.1144229084599, 38.92668202072478], [-77.11441906036072, 38.926677178014394], [-77.11441366381418, 38.92667040903865], [-77.11441034829251, 38.92666686300519], [-77.11440523063767, 38.9266614089712], [-77.11439507076837, 38.9266543924245], [-77.11438387225414, 38.92664692647728], [-77.11437371007725, 38.92663846859916], [-77.11436320785148, 38.92663370446556], [-77.11435236644232, 38.926633174574874], [-77.11434845301271, 38.92663073714846], [-77.11434370840622, 38.92662777805235], [-77.11433861966546, 38.926618774707734], [-77.11433687580397, 38.92661724499888], [-77.11433111300335, 38.9266122059757], [-77.1143221847487, 38.92661089949473], [-77.11432073130854, 38.92661068471675], [-77.11431568155176, 38.926611608505425], [-77.1143103551018, 38.92661258661447], [-77.11430667365867, 38.926618175375886], [-77.11430184098751, 38.926625026428425], [-77.11429031456117, 38.9266288211972], [-77.11427900867746, 38.92662630992281], [-77.11427622427735, 38.92661595307363], [-77.11427574421003, 38.92660424272257], [-77.11427549580311, 38.92659316272762], [-77.11427558547639, 38.92658435249957], [-77.11427559380397, 38.92658235264361], [-77.11427554737087, 38.92658216351422], [-77.11427199938942, 38.926570285004814], [-77.1142619470762, 38.926558403846535], [-77.11425212671487, 38.92654733320972], [-77.11424403954753, 38.9265383327922], [-77.11423676066572, 38.92652996216663], [-77.11422751910052, 38.92652024221049], [-77.11421758558951, 38.92651052292983], [-77.11420857669877, 38.92650206391003], [-77.11420631072203, 38.926498561886575], [-77.11420210250074, 38.92649207099761], [-77.11420101321158, 38.926488802040616], [-77.11419781500108, 38.92647928336778], [-77.1141927209517, 38.926466946941964], [-77.11418725500246, 38.92646002488186], [-77.11418567186698, 38.926458035589214], [-77.11417851164242, 38.926451736758395], [-77.11417689304446, 38.9264492070008], [-77.1141735402791, 38.92644399445697], [-77.1141671863197, 38.92643706425513], [-77.1141638482322, 38.92643381551125], [-77.114160256027, 38.9264303147824], [-77.1141596301014, 38.9264283335626], [-77.11415712654343, 38.92642049876652], [-77.11415515976203, 38.92640938441618], [-77.1141546826626, 38.926406718418356], [-77.11415408950319, 38.92640359310942], [-77.11415200770098, 38.926392668046155], [-77.11414921741603, 38.9263786177865], [-77.11414619619465, 38.92636438758578], [-77.11414086906214, 38.92635051997011], [-77.11413715748316, 38.92633728135902], [-77.11413267927341, 38.92632781798414], [-77.1141314874091, 38.92632530582578], [-77.1141263362552, 38.926320509419654], [-77.11412132372199, 38.92631585701113], [-77.11411185356971, 38.92630739843408], [-77.11410480479917, 38.92629866724231], [-77.11409798812046, 38.926290836655944], [-77.11409222889442, 38.9262880046566], [-77.11408829323494, 38.92628607170914], [-77.11408569931605, 38.92628662374917], [-77.11407768699694, 38.926288334143855], [-77.1140659285234, 38.92629122828492], [-77.11405727127095, 38.92628628215629], [-77.11405240661155, 38.92627313475094], [-77.11404980180876, 38.926274092175404], [-77.11404675903282, 38.926275212176996], [-77.11404564814436, 38.9262728530802], [-77.11404166761743, 38.92626449723995], [-77.114041340099, 38.92626161489589], [-77.114039913405, 38.92624927488417], [-77.114039413181, 38.926239357207564], [-77.11403931805462, 38.92623756464388], [-77.11404022739447, 38.92622927609841], [-77.11404035174435, 38.926227708528685], [-77.11404079205805, 38.92622179863842], [-77.11404088919382, 38.92621763669793], [-77.1140408991703, 38.92621666378916], [-77.11404065627596, 38.926209006950735], [-77.11404059419087, 38.92620624145582], [-77.11404028638775, 38.926194053493695], [-77.1140399896561, 38.926181577254305], [-77.11403991592346, 38.92617873970418], [-77.11403920452919, 38.926166579160736], [-77.11403692770176, 38.926163491527326], [-77.11403342578772, 38.92615874755758], [-77.1140297080428, 38.92615605769627], [-77.11402534373389, 38.926152900032825], [-77.11402037154375, 38.92614461722578], [-77.11401612866216, 38.92613806330531], [-77.11401493791418, 38.92613624478553], [-77.11401168240378, 38.926134140013716], [-77.11400881939885, 38.92613228709203], [-77.11400201527638, 38.92613229372966], [-77.1140010474756, 38.92613287120648], [-77.11399579367904, 38.9261359932116], [-77.11398899646841, 38.92614032383731], [-77.11398212463396, 38.92614125839723], [-77.1139789654297, 38.9261416848697], [-77.11397112108554, 38.92614025118817], [-77.11397203057605, 38.926132052726196], [-77.1139731754661, 38.926126826781555], [-77.11397039530533, 38.926119082334075], [-77.1139650742722, 38.926108998200036], [-77.11395871474828, 38.92609855474542], [-77.11395154795792, 38.92608811207762], [-77.11394080814024, 38.926078934058395], [-77.11392730270796, 38.92607110998298], [-77.11391517771283, 38.92606112256258], [-77.11390443574533, 38.92605059329345], [-77.11389518896382, 38.9260375402353], [-77.11388906240636, 38.92602853788163], [-77.11388135283974, 38.92602483396499], [-77.11387613619853, 38.92602233473414], [-77.11387242032232, 38.92602080693979], [-77.11386148042173, 38.926016313436875], [-77.11384521284535, 38.92601200528953], [-77.11383637539502, 38.92600973479219], [-77.113831599015, 38.92600850530427], [-77.11382741166426, 38.926007824750194], [-77.11381891007784, 38.92600644574854], [-77.11380679172248, 38.926000602139574], [-77.11379421063592, 38.92599385814747], [-77.11378726363867, 38.925991045306155], [-77.11378290156425, 38.92598927491334], [-77.11377972712461, 38.925987377247566], [-77.11377551379306, 38.9259848680271], [-77.11377215531529, 38.92597604313879], [-77.11377075087584, 38.925963162602066], [-77.11377027024916, 38.92595104687353], [-77.11377015039797, 38.925948209368], [-77.11376989804751, 38.92593460704366], [-77.11377012442644, 38.925931931350895], [-77.11377091598342, 38.92592208448156], [-77.11377080940909, 38.92591311229406], [-77.11377078326859, 38.92591118453808], [-77.11377096420772, 38.9259089412891], [-77.1137715747246, 38.92590127461055], [-77.11377146659798, 38.92589132952548], [-77.11377143999748, 38.92588911350349], [-77.11377133235426, 38.92588669937731], [-77.11377084253836, 38.925876052014445], [-77.11376832236476, 38.92586499224527], [-77.11376817140912, 38.92586434379283], [-77.11376193128355, 38.92585642254177], [-77.11375246899497, 38.925852828422606], [-77.11374307126647, 38.92585355823565], [-77.11373955432595, 38.92585383190833], [-77.11373727236872, 38.925854743970035], [-77.1137280292874, 38.925858437370174], [-77.11372498890906, 38.92586105274309], [-77.1137210041693, 38.92586447978406], [-77.11371692065156, 38.925871050826295], [-77.11371674811137, 38.92587133025228], [-77.11371478811154, 38.92587164745083], [-77.11371063753617, 38.92587232711381], [-77.11370398506641, 38.92586617189248], [-77.11370197547545, 38.92586431813285], [-77.11369480903343, 38.92585405561503], [-77.11369020063923, 38.92584968205254], [-77.11368580014401, 38.925845506470814], [-77.11367864002521, 38.925839207608675], [-77.11367644040324, 38.925833894836735], [-77.1136735465422, 38.92582714140812], [-77.11367349936442, 38.92582648384629], [-77.11367319310389, 38.92582245742303], [-77.11367294881423, 38.9258138997522], [-77.11367154482679, 38.92580128946322], [-77.11366720594793, 38.92579235742536], [-77.11366541257408, 38.92578868377311], [-77.11366273408093, 38.925786812646706], [-77.11365421369787, 38.925780857422374], [-77.11364603971755, 38.92577517211029], [-77.11364347669247, 38.92577339095436], [-77.11363654378624, 38.92576492987071], [-77.11363609086631, 38.92576294847964], [-77.11363456979223, 38.92575646396484], [-77.11362856148635, 38.92574926314709], [-77.11362806542311, 38.92574915552951], [-77.11362002453376, 38.92574737969912], [-77.11361207438954, 38.925751891590686], [-77.11360739684831, 38.925754778801895], [-77.11360228150798, 38.92575793668826], [-77.11359386784312, 38.9257610527388], [-77.11358983388803, 38.92576254303339], [-77.11358060687348, 38.92576184034382], [-77.11357703139991, 38.92576156456069], [-77.11356686887093, 38.9257527462786], [-77.11356315757311, 38.92573959773091], [-77.11356304907636, 38.92573664310581], [-77.11356255627985, 38.92572410399647], [-77.11356206801482, 38.925707168820225], [-77.11356112103871, 38.92569185558812], [-77.113557346935, 38.92568271580572], [-77.11355591140202, 38.925679248995536], [-77.11355162491452, 38.9256742355236], [-77.11354828585789, 38.925670338163236], [-77.11354437116026, 38.925667053928215], [-77.11354066433198, 38.92566394965753], [-77.11353650540498, 38.92565937746905], [-77.11353303965195, 38.92565557932292], [-77.11352691044806, 38.92564486537057], [-77.11352408362296, 38.92563674260745], [-77.1135230872819, 38.92563387892796], [-77.11351906793605, 38.925630054294196], [-77.11351523339466, 38.92562640964731], [-77.11351026738056, 38.92562194634172], [-77.11350530139578, 38.925617501052486], [-77.1134962878274, 38.92560597915062], [-77.11349374447882, 38.925602062999204], [-77.1134885422441, 38.92559409568364], [-77.1134787232826, 38.925583745644744], [-77.11347289087308, 38.925578355321306], [-77.11346694296928, 38.92557285700986], [-77.11345631488813, 38.92556133667237], [-77.11345479992625, 38.92555868068721], [-77.11344926053877, 38.92554900211537], [-77.11344278237769, 38.92553639674885], [-77.11343653816103, 38.925525863069666], [-77.1134337527799, 38.92551478553331], [-77.11343327738666, 38.925505921802795], [-77.11343315882492, 38.9255038860364], [-77.11343309841206, 38.92550215649657], [-77.11343279809577, 38.92549460781155], [-77.11343105993824, 38.92548938467001], [-77.11342518104092, 38.92549101187467], [-77.11341815005882, 38.92549336086307], [-77.11341456902576, 38.92548958084187], [-77.11341316881554, 38.925479312709975], [-77.11341325445325, 38.925467899078754], [-77.1134132617876, 38.92546525963232], [-77.11341300821756, 38.92545084655796], [-77.11341294683086, 38.925448504452966], [-77.11341264061404, 38.92543724434349], [-77.11341215230188, 38.925427506817705], [-77.11341204551672, 38.92542562418138], [-77.1134067286259, 38.925418062347795], [-77.11340147799312, 38.92541590544492], [-77.11339818914021, 38.92541455738749], [-77.11339374671412, 38.92541299424946], [-77.11338618882117, 38.92541033511837], [-77.11337810246499, 38.925401694971455], [-77.11337462730869, 38.92539196935151], [-77.11337390992911, 38.92539047466547], [-77.11337138752545, 38.9253852162505], [-77.11336742965841, 38.92538377875794], [-77.11336077166047, 38.92538135296866], [-77.11335637993899, 38.9253754117339], [-77.11334956443316, 38.92536821168433], [-77.11334350733331, 38.9253665510189], [-77.11334137292947, 38.92536596754786], [-77.11334020925662, 38.92536665330917], [-77.11333353827617, 38.92537056939205], [-77.11332166574607, 38.925374184235515], [-77.11331197809423, 38.92537386032108], [-77.11330874886738, 38.9253737463439], [-77.11330705330609, 38.92537354980471], [-77.11329859859293, 38.92537258510266], [-77.113288448462, 38.925371513943645], [-77.11327898969614, 38.92537008178057], [-77.11327368345573, 38.925369213116326], [-77.11327299133242, 38.92536909667899], [-77.11326710729016, 38.9253674808835], [-77.11326387578858, 38.92536593458352], [-77.11325902853652, 38.92536361513339], [-77.11325460723538, 38.92536082683734], [-77.11325117871267, 38.925358668161856], [-77.11324833817936, 38.92535640982484], [-77.11324505887575, 38.92535380959663], [-77.1132398591905, 38.92534741872409], [-77.11323546376185, 38.92533913532373], [-77.11322864741338, 38.92533139476834], [-77.1132204486232, 38.92532455638449], [-77.11321121593387, 38.925320241332734], [-77.11320141378212, 38.92532043099461], [-77.11319417318354, 38.92532149198217], [-77.11319092183851, 38.925321972572604], [-77.11318679935235, 38.925318535385145], [-77.1131823766556, 38.925314864271805], [-77.11318229545782, 38.925314567075695], [-77.11317970950455, 38.92530558827963], [-77.11317854608242, 38.92529916647029], [-77.11317819715448, 38.92529730208483], [-77.11317620972838, 38.92529486275332], [-77.11317276640489, 38.92529064118329], [-77.11316721761729, 38.92528226881395], [-77.11316132300568, 38.92527398686245], [-77.11315554314642, 38.92526534446652], [-77.1131501191197, 38.925262917470434], [-77.1131472054004, 38.92526540658936], [-77.11314493660183, 38.92526733656765], [-77.11314313052341, 38.92527016693049], [-77.11314160053328, 38.92527256462634], [-77.11314114810413, 38.92527815022622], [-77.11313900421625, 38.925278854951195], [-77.11313538496908, 38.92528004755398], [-77.11312407533843, 38.92527501383998], [-77.11311460658585, 38.92526727584537], [-77.11310825169105, 38.92525962491948], [-77.11310132175596, 38.9252529654656], [-77.11309647020204, 38.92524792549851], [-77.11309637728667, 38.92524751120547], [-77.11309519265156, 38.92524225148975], [-77.11309518307905, 38.92523621592088], [-77.11309585915593, 38.92522621602512], [-77.11308857911428, 38.925216944494835], [-77.1130771503173, 38.9252094786436], [-77.11306595645303, 38.92520471506168], [-77.11305905926113, 38.92520415421001], [-77.11305603742312, 38.92520391390863], [-77.1130465812548, 38.925204103222846], [-77.11303931478795, 38.9252033895857], [-77.11303423502419, 38.92519988125209], [-77.11303284244252, 38.925194387520364], [-77.11303052513846, 38.925187543434205], [-77.11303097186399, 38.925178354509924], [-77.11303326247943, 38.92516836206118], [-77.11303360600532, 38.925166821305204], [-77.1130339148201, 38.925165208516205], [-77.11303577914116, 38.925155468712845], [-77.11303508595789, 38.925147406931764], [-77.11303495688976, 38.925146010766134], [-77.11303210352581, 38.92514292367025], [-77.11302871876475, 38.925139260555405], [-77.1130199459733, 38.92513404421105], [-77.11301956515199, 38.92513388242948], [-77.1130184457814, 38.92513341507909], [-77.1130098714238, 38.925129702932495], [-77.11300702100247, 38.925128471548206], [-77.11300122416202, 38.92512364869104], [-77.11299501161896, 38.925118483919086], [-77.11298345653476, 38.92510408176982], [-77.1129715552025, 38.92508949978756], [-77.112961270672, 38.925076357573396], [-77.11295260479673, 38.925065826208325], [-77.11293991177239, 38.92506106406317], [-77.11292884196547, 38.925061795426856], [-77.11292423976948, 38.925068556118454], [-77.11292425474845, 38.92507801484614], [-77.11292334196966, 38.925084204448], [-77.11292299961161, 38.92508648388526], [-77.1129159013281, 38.92509001299942], [-77.11291447245694, 38.92509072603775], [-77.1129052363932, 38.92508424896676], [-77.11290386037662, 38.92508192614808], [-77.112898876688, 38.9250735352031], [-77.11289320991727, 38.9250634513525], [-77.11289140638142, 38.925060606463795], [-77.11288789182485, 38.92505507874676], [-77.11288581314155, 38.925053261072875], [-77.11288315704796, 38.92505093949046], [-77.11287820274956, 38.925053826940236], [-77.11287452070427, 38.92505905532565], [-77.11287260730819, 38.925059660731584], [-77.11286910326181, 38.92506077213999], [-77.11285952551623, 38.9250569978931], [-77.11285954629955, 38.9250555565409], [-77.1128596291475, 38.925049610965786], [-77.11285786220415, 38.92504073947117], [-77.11285742048618, 38.92503853285788], [-77.11285437363824, 38.92503705843485], [-77.11284980336657, 38.925034846800045], [-77.1128452973846, 38.92502953623887], [-77.11284782520937, 38.92502367838609], [-77.1128480786476, 38.92502350698316], [-77.1128550826741, 38.925018716798505], [-77.11285614248453, 38.92501798610063], [-77.11286383761676, 38.92501267276513], [-77.11286241504614, 38.92501007974111], [-77.11285874875044, 38.92500339910396], [-77.11285717590485, 38.92500058101688], [-77.11285146277453, 38.9249903440674], [-77.1128423309327, 38.924976840396376], [-77.11283412666106, 38.92496648874313], [-77.11282235666762, 38.92496199594373], [-77.11281720818022, 38.92495876692508], [-77.11281115929638, 38.92495498025909], [-77.1128083427839, 38.92495330742926], [-77.11279950078108, 38.92494805510174], [-77.11279030750752, 38.92494673975102], [-77.11278888871679, 38.924946533928875], [-77.11278429933516, 38.92494681761627], [-77.11277574326897, 38.924947357364644], [-77.11276143818867, 38.924944128171134], [-77.1127551986827, 38.92493647711429], [-77.11275471944624, 38.92492512708586], [-77.11275272502272, 38.92491824664897], [-77.11275205250784, 38.924915941166354], [-77.11275057353568, 38.92491414092806], [-77.1127454664693, 38.924907930110294], [-77.11274107212215, 38.9249002772725], [-77.11273944693076, 38.924893522595745], [-77.11274017919561, 38.92488985550059], [-77.11274047656914, 38.924888296773275], [-77.11274665539806, 38.92488675038848], [-77.11275096674943, 38.9248856742381], [-77.11275673100238, 38.924884497594135], [-77.11276560795447, 38.92488268736353], [-77.11277644623632, 38.92488141573908], [-77.11278048551564, 38.92488331259778], [-77.11278313990422, 38.92488456219345], [-77.11279282838488, 38.924885453675415], [-77.11279491524459, 38.92488515438645], [-77.11280112972318, 38.9248842745805], [-77.11280273397226, 38.92487778703718], [-77.11280317944268, 38.924867787365116], [-77.11280344157686, 38.92486582329693], [-77.11280466081637, 38.92485652552744], [-77.11280002784206, 38.924843828259434], [-77.11278985613582, 38.924829064422], [-77.11277391577042, 38.92481268465191], [-77.11275797313328, 38.92479486354954], [-77.11274595016745, 38.92477622791407], [-77.1127346185695, 38.92475723127732], [-77.11272236767806, 38.92474030744122], [-77.11270988728776, 38.92472410449119], [-77.11269832805392, 38.924706999818845], [-77.11269067675244, 38.92469625125545], [-77.11268665464274, 38.92469061592151], [-77.11267717121144, 38.92467350924534], [-77.1126670012629, 38.92465982639431], [-77.11266165607421, 38.924656165158574], [-77.1126564956001, 38.924652629861086], [-77.11264588173287, 38.924649937594516], [-77.11263365535456, 38.9246485080468], [-77.11262073277835, 38.924644376670855], [-77.11261520408854, 38.92464135520099], [-77.1126072284739, 38.924637002856414], [-77.11259429878935, 38.92462836732106], [-77.11259157364182, 38.924626117865024], [-77.11258263608177, 38.92461873964778], [-77.11257419348226, 38.92461077541183], [-77.11257166416948, 38.92460839064178], [-77.1125652219124, 38.92460376656742], [-77.11255861803518, 38.92459903454848], [-77.11254684328574, 38.9245914788946], [-77.11253921769969, 38.92458238782845], [-77.11253400860903, 38.92456996135394], [-77.1125271834545, 38.92455654551934], [-77.11251759484988, 38.924545834843066], [-77.11250674353859, 38.92453881879561], [-77.11249162831731, 38.92453369860025], [-77.11248535980761, 38.92452955179554], [-77.11247858334393, 38.924525063162925], [-77.11247664308655, 38.92452325435671], [-77.11247015251244, 38.924517234032926], [-77.11246108302859, 38.924513936705274], [-77.11245803679374, 38.92451283161257], [-77.11245304970582, 38.924509539363996], [-77.11244672349707, 38.924505365587706], [-77.11244463094853, 38.92449473777557], [-77.11244207470006, 38.924482578994024], [-77.11244044144995, 38.924470689574065], [-77.11243907648108, 38.92446804243932], [-77.11243407931265, 38.924458354287566], [-77.11242391554846, 38.92444854498947], [-77.11240637760928, 38.92444279653081], [-77.11238653636906, 38.924439032116595], [-77.11236854112457, 38.92443580642357], [-77.11236453935952, 38.924435738204764], [-77.1123536642422, 38.924435550477625], [-77.11234641190495, 38.92443643125764], [-77.1123424801984, 38.92443691247868], [-77.11233829691359, 38.92443874519045], [-77.11233360655507, 38.92444079458932], [-77.11232761608717, 38.92444476401132], [-77.11232370882074, 38.924446119015926], [-77.11232058531395, 38.92444720301733], [-77.11231378333858, 38.92444847072051], [-77.11230536544467, 38.92444883914353], [-77.11229405799047, 38.92444506651226], [-77.11228297550633, 38.92443769033297], [-77.11227235189878, 38.924428782296175], [-77.11226195893661, 38.92441987403691], [-77.11225144781953, 38.92440916422476], [-77.11224739160393, 38.92440380816636], [-77.11224127841585, 38.92439575158541], [-77.11223971650206, 38.924392528104505], [-77.11223398949583, 38.924380714679884], [-77.11223073639752, 38.924365403648295], [-77.11222666610186, 38.924358426103815], [-77.1122255329056, 38.92435649040176], [-77.11222345562052, 38.92435553751393], [-77.11221710835926, 38.92435262491115], [-77.1122054597807, 38.92435191542996], [-77.1121985345537, 38.9243481385817], [-77.11219805999329, 38.92434703101307], [-77.11219552528824, 38.92434120505902], [-77.1121948080148, 38.924339755407004], [-77.11219217034322, 38.92433445203469], [-77.11218892519264, 38.92432418565733], [-77.1121856755079, 38.924311036619535], [-77.11218497647663, 38.924299191340474], [-77.11218484615121, 38.92429698442542], [-77.11217802675708, 38.92428717189517], [-77.11217780756189, 38.92428711805564], [-77.11216314423868, 38.92428331259958], [-77.11214584550373, 38.924282968868425], [-77.11213246825372, 38.924282981705005], [-77.1121251232473, 38.92428359231049], [-77.1121225519121, 38.92428380196906], [-77.11211263571185, 38.924284712315405], [-77.11210899965498, 38.92428252678014], [-77.11210409387635, 38.92427958576334], [-77.11210395352249, 38.924278333740475], [-77.11210304168296, 38.9242704883623], [-77.1121058357291, 38.92426523382727], [-77.11210729595918, 38.92426246687002], [-77.11210819172479, 38.92426008781238], [-77.11211016694809, 38.92425480703777], [-77.11209793866568, 38.924252116270054], [-77.1120925532991, 38.92425220251071], [-77.11207937239799, 38.92425240432779], [-77.11206334276899, 38.92425241970031], [-77.11205637928737, 38.92425364250178], [-77.11205043034775, 38.9242546841636], [-77.11204463214636, 38.92425624816352], [-77.11204005583866, 38.924257486691886], [-77.11203036971703, 38.92425803647759], [-77.11202413544427, 38.92425362837365], [-77.11202265015015, 38.92424778339311], [-77.11202216281566, 38.924245883103254], [-77.11202214872218, 38.92424425260953], [-77.11202203405064, 38.92423732531591], [-77.11202294020306, 38.924226874787735], [-77.11202085149013, 38.92421864317889], [-77.11202073551816, 38.92421822890702], [-77.11201069310918, 38.924212202953726], [-77.11199961776491, 38.92420933090407], [-77.11199096402103, 38.92420636644951], [-77.11198415513077, 38.92420322005986], [-77.11198385822709, 38.924197743281404], [-77.11198379884068, 38.92419664432242], [-77.11198444881398, 38.92419195936939], [-77.11198619313609, 38.9241791658732], [-77.11198893112955, 38.92416024576211], [-77.11199006156131, 38.92414574127185], [-77.11197874412805, 38.92413557270708], [-77.11197572071559, 38.92412695463483], [-77.11197492142277, 38.924124676293914], [-77.11197401863826, 38.92412258722698], [-77.11197063913271, 38.92411486132024], [-77.11196647796386, 38.924108739644545], [-77.11196240838288, 38.92410953627641], [-77.11195863855116, 38.92411027857097], [-77.11194838008741, 38.92411353139645], [-77.11193522983424, 38.924111201827934], [-77.11193316156108, 38.924108636435726], [-77.11192956808378, 38.92410418075552], [-77.11192727412664, 38.92409742670711], [-77.11192643999904, 38.92409499525763], [-77.11192235269353, 38.924091846257674], [-77.11191766501318, 38.924088247416165], [-77.11190857438316, 38.92408612114825], [-77.11190808985197, 38.92408600450397], [-77.11189841025512, 38.92409069810312], [-77.11188688213174, 38.92409323147273], [-77.11187754029781, 38.92409269991688], [-77.11186738528279, 38.92408838564119], [-77.11185746260635, 38.92408515214153], [-77.11184904729639, 38.924087142028206], [-77.11183959522891, 38.92408985357268], [-77.11183117073502, 38.92408598805404], [-77.11183023291112, 38.92407625995789], [-77.11183528978967, 38.92406526495919], [-77.11183988891578, 38.92405652248018], [-77.1118403025588, 38.92405555819325], [-77.11184414024183, 38.924046609251256], [-77.11184873314862, 38.92403390311371], [-77.11184770507283, 38.9240254542865], [-77.11184744808925, 38.924023364600494], [-77.11183798020653, 38.92401598683319], [-77.11182551624843, 38.92401005326453], [-77.1118155461852, 38.92400600905711], [-77.11181178432993, 38.9240044812408], [-77.1117989759676, 38.92399953891485], [-77.1117912335732, 38.92399675374007], [-77.11178674505769, 38.9239951365348], [-77.11178347967557, 38.92399398659239], [-77.11177370662223, 38.92399055475924], [-77.11175790091666, 38.92398624587852], [-77.11174359268723, 38.92398085456448], [-77.11173331870575, 38.92397419822568], [-77.11171981716036, 38.9239684458043], [-77.11170654498837, 38.92396188241264], [-77.11169938015367, 38.92395234043396], [-77.11169290625652, 38.9239421672115], [-77.11168590796775, 38.92393587707908], [-77.11168378309249, 38.92393397835271], [-77.11167432088159, 38.92393020389766], [-77.11166670803236, 38.923929130173065], [-77.11166367443894, 38.92392870968036], [-77.11165701899043, 38.92392778818184], [-77.11164938120176, 38.92392551637236], [-77.11164525079401, 38.92392428617758], [-77.11164073604905, 38.923920642118055], [-77.11163578252228, 38.92391663814436], [-77.1116264273169, 38.92390754866991], [-77.1116176477293, 38.92389782806201], [-77.11160991321925, 38.92389270070244], [-77.11160327066023, 38.923892643988], [-77.11160068743895, 38.92389261942997], [-77.11158950106942, 38.923892449945704], [-77.1115881399916, 38.92389226207048], [-77.11157958139292, 38.923891108168306], [-77.1115723131013, 38.92388913327576], [-77.1115696517098, 38.92388337048694], [-77.11157079194764, 38.923875081736846], [-77.11157147174903, 38.92386733392596], [-77.11156845932318, 38.92385832847425], [-77.11155703442627, 38.923853114551044], [-77.11153996108507, 38.92384934735056], [-77.1115257703334, 38.92384530714677], [-77.11151376996659, 38.92384081443476], [-77.11151078109732, 38.92383949306265], [-77.11150442253408, 38.923836679523305], [-77.11149449934572, 38.923833085660114], [-77.11148862054067, 38.92383471276778], [-77.11148054698626, 38.923833999803634], [-77.11147671109657, 38.92382936417404], [-77.11147442345776, 38.92382661881627], [-77.11146929889557, 38.923823849139566], [-77.11146576710672, 38.923821942742855], [-77.11146127201981, 38.923823487454364], [-77.11145550908437, 38.923825465774655], [-77.1114483393525, 38.92382751750291], [-77.111443175294, 38.92382899078509], [-77.11143324887207, 38.92382332500438], [-77.11142803974798, 38.9238107183125], [-77.11142132977233, 38.92379703205205], [-77.11141692845754, 38.92378478492253], [-77.11141705077772, 38.92378188412434], [-77.11141748422796, 38.92377145206741], [-77.11141638001966, 38.923758526169706], [-77.11141619205884, 38.92375631930855], [-77.11140797940882, 38.92374038239784], [-77.11139722915478, 38.9237240875724], [-77.11138451860307, 38.92370788469766], [-77.11138122399967, 38.92370278011586], [-77.1113748082106, 38.92369285004485], [-77.11136911494461, 38.923680360919754], [-77.11136786522421, 38.923677632587335], [-77.11136000347815, 38.92366484825348], [-77.11134845739953, 38.92365585092742], [-77.11133587892819, 38.923650367831776], [-77.1113241171219, 38.923650919536584], [-77.11131812251571, 38.92365223145457], [-77.11131212790939, 38.92365354337226], [-77.11130447393275, 38.923648262774], [-77.11130208423367, 38.92364661652602], [-77.11129422278401, 38.923634012353936], [-77.11129285748005, 38.92363111297255], [-77.11128785923259, 38.92362059600532], [-77.11128563793599, 38.923608626052555], [-77.11128541698625, 38.923607446172035], [-77.11128793462592, 38.9235950122816], [-77.11129045184293, 38.92358230814169], [-77.11128966314006, 38.92357940821117], [-77.11128732020823, 38.92357078046395], [-77.11128130965245, 38.923561867942766], [-77.11127392776953, 38.923560974139185], [-77.11127171941772, 38.92356468767316], [-77.11126921202099, 38.923568905958184], [-77.11126908911884, 38.92357143741542], [-77.11126865313197, 38.92358025698386], [-77.11126728362937, 38.92358944678253], [-77.11126025276367, 38.92359179564197], [-77.11125332288209, 38.92358495591014], [-77.11124777431203, 38.923576493363846], [-77.1112425707194, 38.92356739990591], [-77.111239471235, 38.92356169157626], [-77.11123806031256, 38.92355911653743], [-77.11123158946776, 38.9235508350348], [-77.1112281849583, 38.92354918975123], [-77.11121762521793, 38.923544092079396], [-77.11120147143743, 38.92353834212196], [-77.11119338640111, 38.92353024231974], [-77.11119244473849, 38.9235179918893], [-77.11119196597092, 38.92350677697613], [-77.11119184636688, 38.9235040295498], [-77.1111816813646, 38.92349322922732], [-77.11116621895592, 38.92348711827402], [-77.11116136203886, 38.92348587073657], [-77.11115191353926, 38.92348343846691], [-77.11114048971575, 38.92347885508462], [-77.11113796275146, 38.923477920621735], [-77.11112929723517, 38.923474721897705], [-77.11112329578981, 38.92347163774804], [-77.11111948718995, 38.92346968656234], [-77.11111648713431, 38.92346857238226], [-77.11110644847237, 38.92346483446246], [-77.11110228388371, 38.92346384750579], [-77.11109398930274, 38.92346187355915], [-77.11108205035013, 38.92345973191788], [-77.11108049309794, 38.9234594541399], [-77.11108035465806, 38.92345941823819], [-77.11106341889398, 38.92345505628746], [-77.11104726598786, 38.923449846807515], [-77.11103065180501, 38.92344463776353], [-77.11102056814504, 38.92344162054538], [-77.11101715308124, 38.92344059684029], [-77.11101348235081, 38.923438312212], [-77.11100861114512, 38.92343529004105], [-77.1109998387111, 38.92343007354338], [-77.11099187632072, 38.923426657941405], [-77.1109883994621, 38.923422976837294], [-77.11098737141998, 38.92342188780591], [-77.11098713110621, 38.92341567228756], [-77.11098354091291, 38.92340585661928], [-77.11097315723292, 38.92340271356533], [-77.1109588612346, 38.92340506930565], [-77.11095002079652, 38.923408023422674], [-77.1109456063363, 38.92340949597131], [-77.11093569360601, 38.92341256821358], [-77.11093391686951, 38.92341204741717], [-77.11092865588024, 38.92341050297872], [-77.11092764424693, 38.92340513497525], [-77.11092737685358, 38.923403747946494], [-77.11092506289269, 38.923398885645604], [-77.11092277908634, 38.92339858153019], [-77.110917680891, 38.923397901736294], [-77.11091340733691, 38.9233935817948], [-77.11091682035156, 38.92338587643461], [-77.11091742937393, 38.92338447956562], [-77.11092294538082, 38.92337204283674], [-77.11092329943861, 38.92336983546017], [-77.11092511515467, 38.923358348117866], [-77.11092117368926, 38.92334510961618], [-77.11091215886408, 38.92333232634594], [-77.11090199000589, 38.92331900367049], [-77.1108918200308, 38.92330496032891], [-77.11088026566522, 38.92329055796681], [-77.11086790686898, 38.92327795803244], [-77.11085555101792, 38.92326724984297], [-77.11084861317558, 38.923262662176526], [-77.11084112124054, 38.923257714702025], [-77.11083734658357, 38.92325533107511], [-77.11082530693363, 38.92324773045592], [-77.11081122228265, 38.92323765448422], [-77.11079667775766, 38.92322847977966], [-77.1107846618382, 38.923221302525214], [-77.11078086430302, 38.92321903602641], [-77.11077113484528, 38.923213874468594], [-77.11076459083449, 38.92321040345656], [-77.11074935636347, 38.9232024905661], [-77.1107355062877, 38.92319493669497], [-77.11072431233659, 38.923189812554305], [-77.11071766522826, 38.92318678304541], [-77.11071346462488, 38.92318486825113], [-77.11070763596307, 38.923181630774714], [-77.11070342317102, 38.923179292600146], [-77.11069891522874, 38.923172540623945], [-77.11069440477017, 38.92316416715074], [-77.11068712636978, 38.923155616132476], [-77.11068146537738, 38.92314895533098], [-77.11067385318582, 38.92314824187413], [-77.11066916058546, 38.923148822851296], [-77.1106672812446, 38.923149058847564], [-77.11066697873025, 38.92314732953494], [-77.11066576909239, 38.92314068253379], [-77.11066529294064, 38.92313109812281], [-77.11066517390273, 38.92312870202007], [-77.11066031036371, 38.9231157346321], [-77.11065811444753, 38.923112610821384], [-77.11065048656263, 38.92310178102452], [-77.11063708549457, 38.923086299387], [-77.1106239147911, 38.923070637363296], [-77.1106136267924, 38.92305479244283], [-77.11060529922318, 38.923038945665986], [-77.11060460463978, 38.92303722573252], [-77.11059835339094, 38.92302174633143], [-77.11059593574754, 38.92301692916349], [-77.11059037178617, 38.92300589922597], [-77.11057905445402, 38.922995550357165], [-77.11056428286197, 38.92298862792052], [-77.11054743720626, 38.922982788443505], [-77.11053525376472, 38.92297908853662], [-77.11053116954469, 38.922977849250316], [-77.11051524714428, 38.922972459311914], [-77.11051145090143, 38.92297101256097], [-77.11049990064335, 38.92296661841024], [-77.11048847401337, 38.92296014321751], [-77.1104758916837, 38.92295204761697], [-77.11046341923362, 38.92294043866278], [-77.11045164651479, 38.92293387371025], [-77.11044991819571, 38.92293482121835], [-77.11044127659953, 38.922939558758436], [-77.11042836840991, 38.92294443545468], [-77.11041786615496, 38.92293913046427], [-77.11041461899727, 38.92293480953442], [-77.110409546035, 38.9229280580806], [-77.11040745327844, 38.922917069896236], [-77.11040747334353, 38.92291513308649], [-77.11040755325527, 38.922907160639646], [-77.11040470307705, 38.92289855136969], [-77.11040465675423, 38.922898425296864], [-77.11040046364971, 38.92289388906037], [-77.11039541576365, 38.92288843478164], [-77.11039048196997, 38.92288218766188], [-77.11038709648973, 38.922877902895195], [-77.11038061855474, 38.92286493702004], [-77.11037367739486, 38.922850710415865], [-77.11036339687261, 38.922839639880316], [-77.11035898858594, 38.92283763518603], [-77.11035035664885, 38.92283370669758], [-77.11034774715468, 38.92283158319599], [-77.1103391566491, 38.92282461886058], [-77.11033083488219, 38.92281246547311], [-77.11032599133358, 38.92280491205762], [-77.110323552241, 38.92280112185364], [-77.11031638631431, 38.92279067895652], [-77.11031038373538, 38.92278680203289], [-77.11030495833575, 38.92278330291395], [-77.11029169041568, 38.9227792616887], [-77.1102788843291, 38.922775580359286], [-77.11026758337648, 38.92277577118993], [-77.11026271804215, 38.92277649644708], [-77.11025605415416, 38.92277749365082], [-77.11024981378354, 38.92277644556388], [-77.11024913322224, 38.92277632909765], [-77.11024232259567, 38.92277192144141], [-77.11023262412935, 38.9227643635936], [-77.11022061622874, 38.92275482609075], [-77.11021011067574, 38.92274735908559], [-77.11019972615121, 38.922743585380395], [-77.11019522301706, 38.92273989621174], [-77.11018979914397, 38.922737378993915], [-77.11018022240908, 38.922733964858494], [-77.11017288398351, 38.92273127828676], [-77.1101686840061, 38.922729741821996], [-77.11016430835112, 38.922726457906776], [-77.11015921688629, 38.92272263416641], [-77.11015262758451, 38.92271219071554], [-77.11014776458453, 38.92269949355474], [-77.11014132134919, 38.92269402256336], [-77.11013610210533, 38.92268959538434], [-77.11012527854797, 38.9226852815865], [-77.11012121683136, 38.92268366391477], [-77.11012037471392, 38.92268347553345], [-77.11010564340414, 38.92268016534068], [-77.11009450373129, 38.92268023889431], [-77.11009030617844, 38.92268026987382], [-77.1100757765995, 38.922680643894054], [-77.11006239937161, 38.9226804763274], [-77.11005039831996, 38.92267535288199], [-77.11004623044913, 38.922664726978056], [-77.11004575040796, 38.92265256618518], [-77.11004466226515, 38.92264240581411], [-77.11004446341562, 38.92264058631878], [-77.11004060530095, 38.922636392070224], [-77.11003591553165, 38.92263131578837], [-77.11002206592036, 38.92262394199821], [-77.11001189952822, 38.922619519471176], [-77.11000717983579, 38.92261747001505], [-77.10999206325597, 38.92261108833025], [-77.10998355782782, 38.92260690746228], [-77.10997798371102, 38.922604165167755], [-77.10996574940214, 38.922597330350484], [-77.10996168430468, 38.92259351464393], [-77.10995616408474, 38.9225883310403], [-77.10994853570982, 38.92257707780571], [-77.10994159660851, 38.92256411233945], [-77.10993804985445, 38.922552431872525], [-77.10993707627811, 38.92254925284804], [-77.10993451636067, 38.922534391512194], [-77.10993241841173, 38.92251998015816], [-77.10993210480264, 38.922518521103775], [-77.1099290501576, 38.922504398916196], [-77.10992463875787, 38.9224928724037], [-77.10992291357327, 38.922488369861576], [-77.10992068048878, 38.92248354349731], [-77.10991539289567, 38.9224721619419], [-77.10990917174064, 38.92246111457247], [-77.1099062577671, 38.92245595554007], [-77.1099037736643, 38.922452868019214], [-77.10989528157826, 38.92244236328457], [-77.10988562809918, 38.92243401263222], [-77.10988269510412, 38.922431475041115], [-77.10988125207285, 38.92243046746504], [-77.1098794627264, 38.922429225998], [-77.10986953509683, 38.92242256916814], [-77.10985499529993, 38.92241627700642], [-77.10984361817707, 38.92241190064441], [-77.10983699499157, 38.92240935751242], [-77.10983244800384, 38.922407118711945], [-77.1098181838531, 38.92240009661188], [-77.10980017897505, 38.9223902043676], [-77.10978171948653, 38.92238463654601], [-77.10976372265974, 38.92237996911995], [-77.10975252571755, 38.92237277297252], [-77.10974720861046, 38.922364670469136], [-77.10974717383485, 38.922364553393514], [-77.10974523877682, 38.92235854665468], [-77.10974496748702, 38.92235461026922], [-77.10974488519784, 38.92235359240518], [-77.10974341571, 38.92235037781139], [-77.10973990988816, 38.92234278708147], [-77.10972962815137, 38.92233081565738], [-77.10971565652085, 38.922319027863416], [-77.10970041612059, 38.922307061092205], [-77.10968218092367, 38.922297349212435], [-77.10966014495108, 38.92229070372878], [-77.10964087647345, 38.92228396556111], [-77.10962379613103, 38.92227533358829], [-77.1096160047937, 38.922270539457], [-77.10960682834148, 38.92226489984135], [-77.1096027655391, 38.92226255247777], [-77.10958986152598, 38.92225509667414], [-77.10957781020309, 38.922247207669635], [-77.10957404706292, 38.92224475192411], [-77.10957035311367, 38.922242296113595], [-77.10955846324003, 38.92223440695571], [-77.10954472436805, 38.922223970172446], [-77.10953283182982, 38.9222143424067], [-77.10951783014228, 38.92220760021928], [-77.10950029409517, 38.922202571987526], [-77.10948327833574, 38.92219842608203], [-77.10948298993074, 38.92219835428557], [-77.10946799115524, 38.92219350383837], [-77.10945552591537, 38.92218639893369], [-77.10944848213185, 38.92218027986645], [-77.10944052244385, 38.9221784856551], [-77.10943118474958, 38.92218047623235], [-77.10942342285408, 38.92218733884002], [-77.10942312342891, 38.92218760036193], [-77.10942269781764, 38.922188294401906], [-77.10941748695835, 38.92219679413654], [-77.10941288627306, 38.92220463569152], [-77.10941149337442, 38.922206231470135], [-77.10940816653725, 38.92221004510863], [-77.10939628148229, 38.92220528182028], [-77.10939557243972, 38.92219411215454], [-77.1093958365299, 38.92218585126841], [-77.1093959022242, 38.922183572099364], [-77.10939911785364, 38.92217492109192], [-77.10940694522291, 38.92216563518374], [-77.10940724446847, 38.92216525655366], [-77.10941442622254, 38.92215607934936], [-77.10941856328405, 38.92214670681219], [-77.10941647001205, 38.92213526819263], [-77.10941259315976, 38.92212633555878], [-77.10941149379987, 38.92212383227224], [-77.10940681384406, 38.92211758487254], [-77.10940386721893, 38.92211365999922], [-77.10939278346144, 38.92210502237819], [-77.10938319911166, 38.92209656351924], [-77.10937616401489, 38.922088579715044], [-77.10937407313295, 38.9220862124811], [-77.10936974181591, 38.92208171236972], [-77.10936333146772, 38.92207505220453], [-77.1093490185537, 38.92206623743469], [-77.10933205651673, 38.92205949705768], [-77.109321176453, 38.92205584084601], [-77.10931521145758, 38.92205383756843], [-77.10930999528068, 38.92205134714026], [-77.1093018248219, 38.922047454175534], [-77.10929085902767, 38.922040528017234], [-77.10928638020806, 38.922037595490224], [-77.10928150892283, 38.92203441109673], [-77.10926904966482, 38.92203117974853], [-77.10926438857481, 38.9220297067406], [-77.10925566634992, 38.92202695834657], [-77.1092448215389, 38.922023725486355], [-77.1092328507257, 38.92201564719583], [-77.10922335027497, 38.92200924214457], [-77.1092182694088, 38.922004742728106], [-77.10921302427053, 38.92199839675716], [-77.10920925795543, 38.92199385107009], [-77.10920571044032, 38.921989106995106], [-77.10920001366293, 38.921981518296], [-77.10918915782672, 38.92197107877641], [-77.1091794579259, 38.92196243984192], [-77.10917576194993, 38.92195864177949], [-77.10917252798848, 38.921955329735084], [-77.10917249318643, 38.921955194642656], [-77.10916986327739, 38.92194722472694], [-77.10916957260092, 38.921938135592825], [-77.1091695002249, 38.92193605473606], [-77.10916740630948, 38.92192416569569], [-77.1091613921584, 38.92191264065056], [-77.10915445712575, 38.921902197465], [-77.10914625650075, 38.92189364721052], [-77.1091366726222, 38.92188545858056], [-77.10913005869892, 38.92188138398346], [-77.10912513000709, 38.92187835277862], [-77.10911779020684, 38.92187468423355], [-77.10911324323442, 38.9218724183799], [-77.1090999750001, 38.92186801668597], [-77.10909240558755, 38.92186501497011], [-77.10908797470555, 38.92186325347364], [-77.10907666507573, 38.92185767886565], [-77.10907404503276, 38.92185614989498], [-77.1090657001592, 38.92185129318507], [-77.10905427549132, 38.92184589884887], [-77.10904515551569, 38.92183942136132], [-77.10903833830376, 38.92183059955833], [-77.10903780593019, 38.92182934789705], [-77.10903370895126, 38.921819703797475], [-77.10903184721124, 38.92180880545417], [-77.10902733524425, 38.92179926083316], [-77.10901879131163, 38.92179242247276], [-77.10900737381733, 38.92179171245735], [-77.10899790349522, 38.921797441581184], [-77.10899677442026, 38.92179811825915], [-77.10898802573998, 38.921808215749564], [-77.10898210379521, 38.921811725513265], [-77.10897477624728, 38.92181606535387], [-77.10896374149853, 38.9218167963102], [-77.1089596712165, 38.92181707035534], [-77.1089560953116, 38.92181637103973], [-77.10894548294206, 38.921814291001255], [-77.10893440657996, 38.92181042774485], [-77.10893318391568, 38.921810230701325], [-77.10892483291921, 38.92180890525273], [-77.10891753840845, 38.92181222711758], [-77.10891630536817, 38.921812786783335], [-77.10891625932386, 38.92181284087625], [-77.1089081307841, 38.9218212622331], [-77.10890429231904, 38.92182231077675], [-77.10889856345045, 38.921823883565104], [-77.10889159989024, 38.92182493502055], [-77.10888957077609, 38.921825243194576], [-77.10888392216137, 38.9218265096242], [-77.1088809890619, 38.92182386390786], [-77.10887872573734, 38.9218218301339], [-77.10887764972559, 38.92181949797872], [-77.10887513907771, 38.92181408631108], [-77.1088737433067, 38.92180625036365], [-77.1088755817101, 38.92180187961036], [-77.10887707539987, 38.921798319928], [-77.10888398232227, 38.92179038616142], [-77.10888552385747, 38.92178795247571], [-77.10888800865445, 38.92178398649481], [-77.10888467208429, 38.92178143123781], [-77.10888165878735, 38.92177912791278], [-77.10887760956254, 38.92177808671915], [-77.10886943036374, 38.92177598639006], [-77.10885858725857, 38.921773834492015], [-77.10885244095506, 38.92177390327574], [-77.10885016925009, 38.92177393241679], [-77.10884663098228, 38.9217752239039], [-77.1088419862755, 38.921776912787955], [-77.10883553704345, 38.921782503959804], [-77.10882239227071, 38.921783417034504], [-77.10881482395106, 38.92178111794947], [-77.10881085520158, 38.92177991452865], [-77.10879897479377, 38.92177812392419], [-77.10878767014727, 38.92177579228268], [-77.10877993607076, 38.92177066473376], [-77.10877978492188, 38.92176985412468], [-77.10877842458179, 38.921762558642925], [-77.10877794599962, 38.92175120859146], [-77.10877894706184, 38.921742208336966], [-77.10877919731018, 38.92173994701295], [-77.10878011654829, 38.921737784157834], [-77.10878436802395, 38.921727780952764], [-77.10878784786419, 38.92171842706574], [-77.1087886172997, 38.92171633641665], [-77.10879067706352, 38.921705884835085], [-77.1087908925788, 38.921703533460054], [-77.10879169718766, 38.921694263138356], [-77.10879144868798, 38.92168255253932], [-77.108789372339, 38.92167457309103], [-77.10878924474831, 38.921674086759936], [-77.10878266467623, 38.92166949863665], [-77.1087808770445, 38.921669356167435], [-77.10877274618619, 38.92166869711956], [-77.10876417844287, 38.92166890327751], [-77.10876109959162, 38.9216689782097], [-77.10875788207153, 38.921668864095984], [-77.10874875999652, 38.92166853927718], [-77.10873966961827, 38.921666313670315], [-77.10873664718935, 38.92166557779958], [-77.10873103701944, 38.92166179952069], [-77.10872568082198, 38.92165820117183], [-77.10871563575593, 38.92165001293613], [-77.10870858577194, 38.92163974999721], [-77.10870303202508, 38.921627593916554], [-77.10869552228823, 38.9216183223209], [-77.10868593877305, 38.92161031381991], [-77.10867600930965, 38.92160230563989], [-77.10866631007015, 38.92159402699498], [-77.10865684201552, 38.92158610846756], [-77.10864886951232, 38.9215758463827], [-77.10864719301378, 38.921572956267084], [-77.10864285725856, 38.921565492391544], [-77.10864134246475, 38.92156277328383], [-77.10863811637245, 38.921557028967726], [-77.10863326799276, 38.921553700392394], [-77.1086312052096, 38.92155461215146], [-77.1086261231593, 38.921556859950144], [-77.10861552472336, 38.92156389629991], [-77.10860504462032, 38.92157291437163], [-77.10860498705804, 38.921572977483464], [-77.10859733047073, 38.921580848872225], [-77.10859474035695, 38.92158381502019], [-77.10859284093638, 38.92158598779313], [-77.10858684748231, 38.9215879751954], [-77.10858064372827, 38.92158817013486], [-77.10857819913616, 38.92158825348129], [-77.10857433872634, 38.921590031709336], [-77.10857289826792, 38.92159069065588], [-77.10857087014651, 38.92159164742332], [-77.10856506235024, 38.921594391351796], [-77.1085619373067, 38.92159442128003], [-77.10855341549274, 38.92159449225489], [-77.10854556819278, 38.92159071604523], [-77.10854763251362, 38.9215832372128], [-77.10854769008975, 38.921583183109334], [-77.10855626783172, 38.921574401026646], [-77.10856069739194, 38.92156773975488], [-77.10856351619266, 38.921563494212194], [-77.10856557310505, 38.92155115088743], [-77.10856345847554, 38.92154830621932], [-77.10855967988482, 38.921543229030846], [-77.10854768214918, 38.92154008726008], [-77.10853372553905, 38.92153793822394], [-77.10852903945897, 38.92153516801009], [-77.10852564610502, 38.92153317131201], [-77.10852484811679, 38.92153165865343], [-77.10852206100624, 38.92152641839298], [-77.10852043752513, 38.92152047440198], [-77.1085190441293, 38.92151416986407], [-77.10851963405648, 38.92150778240929], [-77.10851983818557, 38.921505521128616], [-77.10852155059085, 38.92150170000587], [-77.10852477993852, 38.92149443629177], [-77.10852521710189, 38.92148617524592], [-77.10852534020749, 38.92148371585714], [-77.10851955984641, 38.921474172393964], [-77.10851101051854, 38.92146373066858], [-77.10850292081449, 38.92145220751601], [-77.10849840894082, 38.92144266287395], [-77.10849493848048, 38.92143545943097], [-77.10848970695363, 38.92143041061404], [-77.1084881248013, 38.921428889674914], [-77.10848615054556, 38.92142735108307], [-77.10847969669243, 38.92142232141715], [-77.10847058203008, 38.92141926704531], [-77.10846469431193, 38.92141494851127], [-77.10846477212363, 38.92140545365767], [-77.10846479140531, 38.92140296734026], [-77.10846524876621, 38.921400399541255], [-77.10846742093881, 38.92138801106925], [-77.10846440325498, 38.921375222039515], [-77.10845619811514, 38.921363608907335], [-77.10844499803969, 38.9213541605536], [-77.10843425786294, 38.92134381093878], [-77.10843018004496, 38.9213391123735], [-77.10842478534742, 38.92133291964693], [-77.10842320165095, 38.921330380766854], [-77.1084177339301, 38.921321665774826], [-77.10841057007453, 38.92131230375618], [-77.10840480705323, 38.92130656178694], [-77.10840306314766, 38.92130483380504], [-77.10839797827548, 38.92129763185661], [-77.10839463066594, 38.92129537387058], [-77.10839035959512, 38.921292504174495], [-77.10838216501904, 38.92128782744259], [-77.1083757026525, 38.92128477060335], [-77.10836935724544, 38.92128279465506], [-77.10836238051499, 38.92128273806652], [-77.10836001649031, 38.921282713233694], [-77.10834859881035, 38.92128182298744], [-77.1083453924978, 38.921281483643675], [-77.10833752666893, 38.92128066216979], [-77.10832962543792, 38.92127930923661], [-77.10832864498961, 38.92127913898723], [-77.10832606011257, 38.92127796129198], [-77.10832114423239, 38.92127572277429], [-77.10831954947454, 38.92127349018629], [-77.10831663732006, 38.921269421119725], [-77.10831569973901, 38.921259512823895], [-77.1083149918328, 38.92124897373196], [-77.10831471612465, 38.92124207360541], [-77.10831463261206, 38.92124023598314], [-77.108313701736, 38.92123474176359], [-77.10830383999846, 38.92123330056253], [-77.10829963001332, 38.92123268288943], [-77.10829063808607, 38.92123449288891], [-77.10828371856708, 38.921234138967726], [-77.10828224070052, 38.921232942229004], [-77.10827736837986, 38.92122901010274], [-77.10827251484193, 38.92122225835101], [-77.10826847316831, 38.92121856867969], [-77.10826482746765, 38.9212174460159], [-77.10826293539355, 38.92121686222728], [-77.10825659491883, 38.92121812926776], [-77.10825083485362, 38.921221918103086], [-77.10824575656612, 38.921219040141104], [-77.10824067048533, 38.92121102743703], [-77.10823858453968, 38.9212042731203], [-77.1082420113485, 38.921197937088905], [-77.10824237930726, 38.92119724310652], [-77.10824697636426, 38.921186969349975], [-77.10824679913752, 38.921184167922966], [-77.10824615000783, 38.9211743584509], [-77.10824290009982, 38.92116048863021], [-77.1082428769915, 38.92114526457077], [-77.10824239097828, 38.92112895994015], [-77.10823821293897, 38.92111139756285], [-77.10823242375953, 38.921095998677266], [-77.1082253674743, 38.921081501798064], [-77.10821773638949, 38.92106817653389], [-77.10820930397394, 38.92105872559403], [-77.1082050906785, 38.921055918895846], [-77.10820064653277, 38.921052968278], [-77.10819859218756, 38.92105183513032], [-77.10819199059641, 38.92104820187645], [-77.1081857539716, 38.92104190181802], [-77.10818020254703, 38.92103118704225], [-77.10817561255013, 38.921023309000795], [-77.10817338114656, 38.92101948252526], [-77.10816843669188, 38.92101359565303], [-77.10816483233377, 38.92100931102326], [-77.10815224842608, 38.92099977383848], [-77.10813724152396, 38.92098933806134], [-77.10812350282663, 38.92097872094217], [-77.10811218467198, 38.920967380915435], [-77.10810005535062, 38.92095342922158], [-77.10808596512051, 38.920939119006945], [-77.10807061038248, 38.92092742237639], [-77.10805491079442, 38.92091644672923], [-77.10804301635517, 38.920905287395165], [-77.1080363637872, 38.92089843820496], [-77.10803435416958, 38.92089637715476], [-77.10802980612037, 38.920893336543045], [-77.1080254658581, 38.92089043987241], [-77.10801208487747, 38.920887569575136], [-77.10799547301396, 38.920883351012364], [-77.10798406345567, 38.920880163598234], [-77.10798036025544, 38.92087913106201], [-77.1079706650141, 38.92087337468776], [-77.10796661103953, 38.92086915352555], [-77.10796061673575, 38.92086293430605], [-77.10795478572955, 38.92085794006859], [-77.10795010937993, 38.92085393568071], [-77.10793880245338, 38.9208499824591], [-77.10793450873273, 38.920847355992045], [-77.1079286452754, 38.92084377609145], [-77.10792044832726, 38.92083747782923], [-77.10791376960718, 38.920836195805485], [-77.10791156643941, 38.920835774448435], [-77.10790885685107, 38.92083599315057], [-77.1079013045819, 38.92083659467426], [-77.10789080841327, 38.92083498286579], [-77.1078857405955, 38.92083137520341], [-77.10788157322081, 38.92082841530942], [-77.10787985198024, 38.920826408040355], [-77.10787406449245, 38.92081968415888], [-77.10786851599352, 38.920810861115], [-77.10786295142269, 38.9208066593602], [-77.10786124280476, 38.9208053727458], [-77.10785282177567, 38.92080339868515], [-77.1078518643981, 38.920803228410485], [-77.10784324800075, 38.92080169593777], [-77.10783567102324, 38.92080120747184], [-77.1078336758608, 38.920801074187956], [-77.10782421644868, 38.9207987407502], [-77.10781890131243, 38.92079171915513], [-77.1078140451239, 38.92078316571982], [-77.10780711639049, 38.92077668611285], [-77.10779719054615, 38.92077092993687], [-77.10779053801421, 38.920764080732475], [-77.1077885284076, 38.92076201967806], [-77.10778394000982, 38.920755159560954], [-77.10778159382403, 38.92075166649196], [-77.10778137305005, 38.92075055867068], [-77.10777915422858, 38.920739777743165], [-77.10777867363393, 38.92072698635426], [-77.10777370281991, 38.92071888343955], [-77.10776735285141, 38.92071384462957], [-77.10776092344256, 38.92070965267578], [-77.10775892652683, 38.92070835731735], [-77.10775641161771, 38.92070767500315], [-77.10774865924148, 38.920705574201804], [-77.10774297769294, 38.92070789458189], [-77.10774047688783, 38.9207089148292], [-77.10773449409902, 38.9207179286777], [-77.10773374659048, 38.920719280616765], [-77.10773023899795, 38.92072558968327], [-77.10772787749589, 38.9207272223685], [-77.10772436403742, 38.92072964884892], [-77.1077204059711, 38.92072783281444], [-77.10771397844155, 38.92072488400621], [-77.10771393207048, 38.920724721898985], [-77.1077108511841, 38.92071578847291], [-77.10771314266016, 38.92070596727827], [-77.10772142563387, 38.920692897560826], [-77.10772406514928, 38.920684463328286], [-77.1077245241788, 38.920682985538576], [-77.1077233231578, 38.92068183357918], [-77.10771932750595, 38.92067803574613], [-77.10771055674019, 38.92067353966448], [-77.10770177971719, 38.920664899754975], [-77.10769683468149, 38.92065095040524], [-77.10769679993726, 38.920650851345634], [-77.10769662257015, 38.92064794181763], [-77.10769573706793, 38.92063427699305], [-77.10768914396677, 38.920620950736755], [-77.10767978398373, 38.92060807744634], [-77.10766938575958, 38.92059493486179], [-77.10766244283334, 38.92058667160926], [-77.1076581800613, 38.920581612853596], [-77.1076509594566, 38.920572737289504], [-77.10764593394742, 38.92056658021942], [-77.10763345598491, 38.92055073704753], [-77.1076309701571, 38.92054639732077], [-77.10762420644195, 38.92053462065098], [-77.10761819311968, 38.92052340180639], [-77.10761634285872, 38.92051994431055], [-77.1076148392499, 38.920516954928765], [-77.1076089405388, 38.92050526754479], [-77.10760762177449, 38.92050250320099], [-77.10760304085089, 38.920492931561405], [-77.10760049454224, 38.92048671815634], [-77.1076004142975, 38.92048703352188], [-77.10760037990688, 38.92048716867856], [-77.10759586644815, 38.92047645291824], [-77.10759067550025, 38.92046763853981], [-77.10758812050251, 38.92046330788408], [-77.10758534579523, 38.92045857205553], [-77.10757968076767, 38.92044890232142], [-77.1075740037889, 38.92043895333966], [-77.1075712404926, 38.92043413642528], [-77.10756516240068, 38.920425836337294], [-77.10756153406726, 38.92042090311059], [-77.10755228578017, 38.92040559745682], [-77.10754280876927, 38.92039155317936], [-77.10753252578088, 38.9203783203928], [-77.1075200523585, 38.920365449954055], [-77.10750654341646, 38.920354111883285], [-77.10749245790481, 38.92034277434132], [-77.10747779460215, 38.920330626579066], [-77.10747039484987, 38.92032527342653], [-77.1074633645131, 38.92032019018376], [-77.1074575475473, 38.920316808399804], [-77.10744928376569, 38.92031200554875], [-77.10743681674866, 38.92030336901174], [-77.10742458036394, 38.92029473226138], [-77.10741130533617, 38.92028555596441], [-77.10739780212445, 38.920278001375614], [-77.1073896202654, 38.92027399117837], [-77.10738441572238, 38.920271437594565], [-77.10737562273798, 38.920267454982934], [-77.1073709146864, 38.920265324334], [-77.10735568230598, 38.92025813166247], [-77.1073409098311, 38.920250037733126], [-77.1073291341832, 38.920241040216105], [-77.10731782088119, 38.92023276293998], [-77.10730581881202, 38.92022655821189], [-77.10729711758765, 38.92022224220169], [-77.10729439413093, 38.92022089345239], [-77.1072934339977, 38.92021888547562], [-77.10729011407474, 38.92021197913222], [-77.10729068431816, 38.92020777171697], [-77.10729091233151, 38.920206032899266], [-77.1072953455031, 38.92020174987049], [-77.10729632425345, 38.92020080309682], [-77.10730046866374, 38.920196205041336], [-77.10730322631731, 38.920189626425774], [-77.10730382095099, 38.9201863018047], [-77.1072660791118, 38.92015606845534], [-77.10721049780584, 38.92010260095333], [-77.10719839873443, 38.92010855755334], [-77.10718987332389, 38.92011379020736], [-77.10717638099906, 38.920113442249594], [-77.10716576774358, 38.92011056931659], [-77.10716200343201, 38.920107203652], [-77.10715710752383, 38.920102830091594], [-77.10714591214965, 38.92009626427389], [-77.1071334479137, 38.920089429368375], [-77.10711925382974, 38.920082505963954], [-77.10710770791906, 38.92007287763044], [-77.10709846640358, 38.92006198601709], [-77.10709026407227, 38.920051994284044], [-77.10708344754346, 38.92004335253053], [-77.10707882104047, 38.920034078186454], [-77.1070731537349, 38.92002282296247], [-77.10706541050456, 38.92001138947353], [-77.1070617652045, 38.92000279886309], [-77.10706020297201, 38.919999142910925], [-77.10705885951208, 38.91999527055831], [-77.1070554545343, 38.91998545459407], [-77.10705219939821, 38.9199755934508], [-77.10705093672668, 38.91997176606572], [-77.10704994065708, 38.91996885728643], [-77.10704641986736, 38.91995870811965], [-77.10704121071932, 38.91994538055748], [-77.10703577108029, 38.91993214328953], [-77.10702918181778, 38.91992124924107], [-77.10701936808962, 38.91991324081213], [-77.10700632962548, 38.919907937835504], [-77.1069932980561, 38.919907229101355], [-77.106981539266, 38.91990940186736], [-77.10697093604819, 38.91991319507441], [-77.10696975000239, 38.919914322201855], [-77.10696368153111, 38.919920048048795], [-77.1069618078162, 38.91992398640578], [-77.10695988805661, 38.91992797885483], [-77.1069508997725, 38.919932130915235], [-77.10694006240915, 38.91993358216701], [-77.10693095853892, 38.91993755416496], [-77.10692479740605, 38.9199430098446], [-77.10692473981649, 38.91994305493899], [-77.10691932694142, 38.91994765414196], [-77.10691309709102, 38.91995342517554], [-77.1069129934434, 38.91995351535373], [-77.10691267121204, 38.91995394804858], [-77.10690827501743, 38.91995982550423], [-77.10689836232268, 38.91996271723954], [-77.10689697791832, 38.91996229511429], [-77.1068883254015, 38.91995966358741], [-77.10688524411074, 38.919958062922454], [-77.10688313221479, 38.91995696583744], [-77.1068755340376, 38.91996535053735], [-77.10686688898642, 38.919967700610584], [-77.10685974871868, 38.919966157706924], [-77.1068565073383, 38.91996545802099], [-77.10685230531412, 38.91996239902996], [-77.10684784932928, 38.91995916010426], [-77.10684287665006, 38.91994970590063], [-77.10684055403719, 38.919938807940405], [-77.106840954438, 38.91993667259922], [-77.10684272718983, 38.919926914952896], [-77.1068451597959, 38.91991886828664], [-77.10684628424555, 38.91991511078332], [-77.1068515762748, 38.91990681827731], [-77.10685236837837, 38.91990443935292], [-77.10685398693666, 38.91989951932261], [-77.10685443550474, 38.919891051078615], [-77.10686041766049, 38.91988158685773], [-77.1068712427326, 38.919871938040764], [-77.1068773238996, 38.91986698690368], [-77.10688287526962, 38.91986246865092], [-77.10689370479162, 38.919855792577934], [-77.10689938632693, 38.91985349025542], [-77.10690373103019, 38.91985172965567], [-77.10691001069843, 38.91984842686036], [-77.10691179666016, 38.91984748835966], [-77.10691663039232, 38.91984117810334], [-77.10691827069738, 38.91983538424383], [-77.10691926856677, 38.91983180702222], [-77.10691982918846, 38.91982886078409], [-77.10692121337121, 38.91982144565874], [-77.10691860545076, 38.91981253880267], [-77.10691762027191, 38.91980919761217], [-77.10691619731902, 38.91980613608056], [-77.106911257615, 38.91979560084927], [-77.10690408978921, 38.919783356072735], [-77.1068946183898, 38.91977291506977], [-77.10688706282284, 38.919763553313736], [-77.10688479848636, 38.91976076280132], [-77.1068829837255, 38.91975787278603], [-77.10687682279703, 38.919748068345264], [-77.10687011772205, 38.91973681406003], [-77.10686471108832, 38.91973017986237], [-77.10686145326015, 38.91972619214965], [-77.10685893510062, 38.919723311785525], [-77.10685047969149, 38.91971368059987], [-77.10684150453606, 38.919703491372104], [-77.10683881316471, 38.9197004490159], [-77.106832369388, 38.919694266181644], [-77.10682634133555, 38.91968847933369], [-77.10681387045513, 38.91967714023264], [-77.10680174444038, 38.91966508014833], [-77.10679311482077, 38.91965461134259], [-77.10679053864557, 38.91965148780495], [-77.10678413897958, 38.91964395367755], [-77.10677944897795, 38.91963843585438], [-77.10676801242948, 38.919624753636334], [-77.10675692196098, 38.91961116118426], [-77.10674744723492, 38.91959846808854], [-77.1067418167677, 38.9195886541475], [-77.10674016346941, 38.919585772990736], [-77.10673430274107, 38.91957620248466], [-77.10673184053651, 38.91957217800815], [-77.10672374675094, 38.91955759189887], [-77.1067159958085, 38.91954093355905], [-77.10671089234117, 38.9195288130015], [-77.10670870517987, 38.91952364421482], [-77.10670748957676, 38.9195204293495], [-77.1067032640173, 38.91950932593174], [-77.10669863328536, 38.91949716890861], [-77.1066936603886, 38.919487534531335], [-77.10668869301874, 38.91948159356594], [-77.10668285709785, 38.919480887235615], [-77.1066820036307, 38.91948078892311], [-77.10667521768352, 38.91948481283533], [-77.10667393883698, 38.91948557070286], [-77.10667013508574, 38.91948663715865], [-77.10666587026952, 38.919487830151866], [-77.10665641066562, 38.91948522636933], [-77.10664810365714, 38.919482261200756], [-77.10664107493014, 38.91948587094918], [-77.1066360112445, 38.919492631821065], [-77.10663290310372, 38.919496192949474], [-77.10663175192299, 38.91949750020846], [-77.10662466914864, 38.91949581310456], [-77.10662459993362, 38.91949579515104], [-77.10661640177413, 38.919488505880345], [-77.10661188933449, 38.91947833057939], [-77.10661215270017, 38.91946937605462], [-77.10661221830584, 38.919466979777795], [-77.10661611794981, 38.91945292321802], [-77.10661840684239, 38.919441300378075], [-77.1066106659029, 38.91943130818938], [-77.10659681874843, 38.91942492490434], [-77.1065826279455, 38.91942007334801], [-77.10656947496378, 38.91941522084341], [-77.10655804750984, 38.919407574180205], [-77.10654719325984, 38.91939767490952], [-77.10653656802431, 38.9193866944289], [-77.10652663372929, 38.919375082733964], [-77.10651959714856, 38.91936571147209], [-77.10651750582242, 38.91936292980306], [-77.10651056685039, 38.919349423625995], [-77.10650987092171, 38.919346712751604], [-77.10650743523236, 38.91933726522857], [-77.10650952024842, 38.91932810185173], [-77.10651007007836, 38.919325642075165], [-77.1065135126533, 38.91931437851882], [-77.10651096136897, 38.91930474192615], [-77.106509250726, 38.91930205900161], [-77.10650344839475, 38.91929294785534], [-77.1064928203566, 38.9192800756228], [-77.10648679511078, 38.919276126454704], [-77.10648046975582, 38.91927197937637], [-77.1064767785419, 38.919271180998045], [-77.10646847330085, 38.91926937789016], [-77.10645658987364, 38.91926524488288], [-77.10644585500621, 38.91925804799426], [-77.10643466036794, 38.919251842440254], [-77.10641966295728, 38.91924735193207], [-77.10641540540776, 38.91924568025912], [-77.10640500960564, 38.9192415999418], [-77.10639973485648, 38.91923828967758], [-77.10639254411174, 38.91923377404072], [-77.10638797116009, 38.91922938213676], [-77.10638307487598, 38.91922468424363], [-77.1063763818874, 38.919221447336156], [-77.10637545239638, 38.919216763848176], [-77.10637820458798, 38.91920649184091], [-77.10637807293311, 38.91920326697689], [-77.10637760679207, 38.91919225921594], [-77.10637597091171, 38.919177847369255], [-77.10637226128185, 38.91916469857713], [-77.10636682505124, 38.919153623273615], [-77.10635724091956, 38.919144803828935], [-77.10634906001472, 38.91914130703244], [-77.10634650997605, 38.91914021934468], [-77.10634315313729, 38.919139393632804], [-77.10633589730188, 38.91913761658543], [-77.10632752569931, 38.919137696269935], [-77.10632482740644, 38.91913771674183], [-77.10632149418124, 38.91913726034961], [-77.10631110236191, 38.91913583747908], [-77.10630209977197, 38.91913035058476], [-77.10630121458594, 38.91912444192223], [-77.10630105161728, 38.91912341512029], [-77.10630127918132, 38.9191213610129], [-77.1063018480644, 38.91911620772772], [-77.1063092095501, 38.91910376952834], [-77.10631001449252, 38.91909452624422], [-77.10631022977282, 38.91909196768121], [-77.10630675400787, 38.919080980674494], [-77.10630365804093, 38.919077236023604], [-77.10629855203457, 38.919071078967285], [-77.10628931318928, 38.919061808786076], [-77.10628030658268, 38.91905361939315], [-77.10627141636473, 38.91904615056041], [-77.10626665946931, 38.9190421191523], [-77.10626217967385, 38.91903832170871], [-77.10625714440499, 38.91903320054477], [-77.10625270967533, 38.919028691401365], [-77.1062499016729, 38.919024730287106], [-77.10624485190871, 38.91901761829374], [-77.10624503169825, 38.91901445620463], [-77.10624563748944, 38.91900311415976], [-77.1062527647242, 38.91898824392612], [-77.1062615090163, 38.918975173888605], [-77.10626517727195, 38.91896057704959], [-77.1062642326235, 38.918945714155356], [-77.10625987933011, 38.91893394421979], [-77.10625809636377, 38.91892914439836], [-77.10625634870276, 38.91892482198658], [-77.1062503418405, 38.918909963695214], [-77.10623959335886, 38.91889357829751], [-77.10623161264783, 38.918877370549296], [-77.10622739497465, 38.918863744771976], [-77.10622616679974, 38.91885980924588], [-77.10622037419886, 38.9188416987489], [-77.10621377484411, 38.91882387725158], [-77.10620636950075, 38.91880685822829], [-77.10619838786803, 38.918790019894914], [-77.10619005989999, 38.91877291162562], [-77.1061879206951, 38.91876893188528], [-77.1061808093042, 38.918755714110695], [-77.10617328271168, 38.91874244266289], [-77.10617063514277, 38.91873779676727], [-77.10616150053893, 38.91872104956213], [-77.10615063853719, 38.918705835342465], [-77.10614362615335, 38.91869714866844], [-77.106139432615, 38.918691972684535], [-77.10613339289068, 38.918685996635446], [-77.10612788438051, 38.91868054258704], [-77.1061226065489, 38.91867512436221], [-77.10611656650583, 38.91866893211249], [-77.10611238588282, 38.91866468397442], [-77.10610628818547, 38.91865849177652], [-77.10610097136751, 38.91865011885195], [-77.10609749251483, 38.91864477105919], [-77.10609646387917, 38.91864318652603], [-77.1060950554912, 38.918642124821154], [-77.106090345508, 38.91863859782978], [-77.10608477089963, 38.918635215756574], [-77.10608307428562, 38.91863419034654], [-77.10607915039488, 38.918631986866465], [-77.10607603435817, 38.91863023306969], [-77.10607256628921, 38.91862438079956], [-77.1060707088368, 38.918616004733295], [-77.10607046655596, 38.91860816770103], [-77.1060677026283, 38.91860281025003], [-77.10606688156876, 38.91860123453655], [-77.10606387874223, 38.91859806632795], [-77.10605937450292, 38.91859331401488], [-77.10605175038533, 38.91858422251528], [-77.10604649055202, 38.91857539011129], [-77.1060449299701, 38.91857278811848], [-77.1060370775098, 38.91856522824223], [-77.10602842751126, 38.91856415509098], [-77.10602635200453, 38.9185642290409], [-77.10602104795252, 38.91856443203681], [-77.1060142474976, 38.91856642004065], [-77.10600941812568, 38.918567901789075], [-77.10600629459283, 38.91856885950634], [-77.10600457631179, 38.91856877098175], [-77.10599787615539, 38.918568416726266], [-77.1059896839236, 38.9185650009896], [-77.1059839244118, 38.918561339820826], [-77.10598218155577, 38.91856023337624], [-77.1059807728097, 38.91855892844523], [-77.10597606159266, 38.9185545636751], [-77.1059721297447, 38.9185470002387], [-77.10596813366321, 38.91854276994474], [-77.10596693254608, 38.91854150986691], [-77.10596692304232, 38.91853511395701], [-77.10596898901755, 38.918528626081574], [-77.10596770603112, 38.91852659136113], [-77.10596482802059, 38.918522053769664], [-77.10596481851702, 38.91851565785969], [-77.10596988273237, 38.91850925734863], [-77.10596896930626, 38.91850760064319], [-77.10596583597739, 38.91850196426628], [-77.10595655762907, 38.918497072145044], [-77.10595371873771, 38.918495579335385], [-77.10594208995812, 38.91849198654461], [-77.10593975958986, 38.918491267990454], [-77.10592857274297, 38.918490197131746], [-77.10592610373318, 38.91848929853632], [-77.10592141953343, 38.91848759119856], [-77.10591564698838, 38.91848291209625], [-77.10590948493945, 38.91847995393883], [-77.1059057230875, 38.918478146672776], [-77.10590135670527, 38.91847303389517], [-77.10589809926935, 38.91846923532948], [-77.10589692862854, 38.9184574354701], [-77.10589695977085, 38.918455111291124], [-77.10589702828948, 38.91844689562649], [-77.10589148008594, 38.91843798240165], [-77.10588512550468, 38.918429610407394], [-77.10588505601001, 38.918429403278616], [-77.1058822298732, 38.918420965028496], [-77.10588358164284, 38.91841496425175], [-77.10588394817916, 38.918413306385744], [-77.1058836690103, 38.91841167612989], [-77.10588266891746, 38.91840601079264], [-77.1058738988143, 38.91840169473773], [-77.10586501420308, 38.918397919286086], [-77.10586189289981, 38.91839260719551], [-77.1058610180738, 38.9183858787609], [-77.1058608431942, 38.918384590727264], [-77.10586219916394, 38.91838141856446], [-77.10586463523784, 38.91837566903895], [-77.10586600453414, 38.91836593879528], [-77.1058634504293, 38.91835432035541], [-77.10586277828345, 38.918344303694404], [-77.10586262506209, 38.918342069765814], [-77.10585891971564, 38.918331713535906], [-77.1058550679152, 38.91832368158928], [-77.10585429294807, 38.91832207880746], [-77.10584793838152, 38.91831370681099], [-77.1058449267792, 38.91830461111924], [-77.10583799686133, 38.91829705039364], [-77.1058269188076, 38.918291565341825], [-77.1058167661877, 38.918288061284905], [-77.10580972711111, 38.918284644491195], [-77.10580510636753, 38.918279063506624], [-77.10579967750927, 38.91827285267004], [-77.10579333177338, 38.91827042616458], [-77.10578718983116, 38.91827323331769], [-77.10578641776583, 38.9182735853418], [-77.10578594621848, 38.918274414535624], [-77.10578216220055, 38.91828097603014], [-77.10577725804431, 38.918286448529784], [-77.10577698173776, 38.91828674605502], [-77.10576925507006, 38.91828621254893], [-77.10576544558428, 38.9182833783711], [-77.10576198243393, 38.91828081412974], [-77.10575966297966, 38.918271897976005], [-77.10576051195565, 38.91826897850666], [-77.10576230164888, 38.918262797168026], [-77.10576319478534, 38.91825855343316], [-77.10576356112315, 38.91825676044265], [-77.1057588276119, 38.91825289114224], [-77.1057553167222, 38.918249236935175], [-77.10575293764768, 38.91824677080412], [-77.10575190711516, 38.91824389807746], [-77.10574934830143, 38.91823686488241], [-77.10575191688882, 38.918227160579484], [-77.105752444342, 38.9182251512431], [-77.10575388335585, 38.91822354645688], [-77.10576061795376, 38.91821604542571], [-77.10576234620741, 38.91821508897784], [-77.10576891355494, 38.9182114436656], [-77.10576959446719, 38.91820405621335], [-77.1057648566838, 38.918197304249304], [-77.10575930704672, 38.91818740010208], [-77.10575329349437, 38.91817569470709], [-77.1057465894124, 38.91816489077038], [-77.10574161606931, 38.918154805933995], [-77.10574116760175, 38.91814786992062], [-77.10574102628983, 38.91814588821445], [-77.10574389446668, 38.91814381370153], [-77.10574713123853, 38.91814146860491], [-77.10575133806681, 38.91814009553059], [-77.10575681270363, 38.91813830692526], [-77.10575928542848, 38.918133944652325], [-77.10576083804149, 38.9181311866961], [-77.10576064059632, 38.91813023199111], [-77.10575886359058, 38.918121639646266], [-77.10575220160021, 38.91811588934854], [-77.10575020416577, 38.91811417056394], [-77.10574857752033, 38.91810588436627], [-77.10575000476027, 38.91810411744069], [-77.10575605898492, 38.91809659900869], [-77.10576388785051, 38.918088304253175], [-77.10576455258027, 38.91808555610883], [-77.10576491923781, 38.918083979318034], [-77.10576086771849, 38.91807344323112], [-77.10575543567361, 38.91806507039433], [-77.1057516206566, 38.91805849776116], [-77.10574907192459, 38.91805048264804], [-77.1057450626967, 38.91804513532423], [-77.10574387264204, 38.918043550933895], [-77.10574099713627, 38.91804067987658], [-77.10573682825054, 38.91803653080574], [-77.10573036094968, 38.9180298704885], [-77.10572689307185, 38.918024108290744], [-77.10572532970912, 38.91801961454516], [-77.10572469281416, 38.91801780444574], [-77.10572511687403, 38.9180160564447], [-77.10572664121514, 38.91800978526306], [-77.1057311274187, 38.91800241238436], [-77.105732277697, 38.91800050157612], [-77.1057368781151, 38.91799238991022], [-77.10573769507324, 38.9179912090788], [-77.1057409053167, 38.91798653084702], [-77.10574027630643, 38.917982261464545], [-77.10574008999238, 38.91798103649933], [-77.10573695262657, 38.91798042677141], [-77.10572947831409, 38.91797897418397], [-77.10571688686721, 38.9179793278931], [-77.10571310482868, 38.91797943941474], [-77.10570111035486, 38.91797800893137], [-77.10569731177856, 38.917974742341165], [-77.10569325919808, 38.917971259780415], [-77.10568713396843, 38.9179619867336], [-77.10568835803613, 38.91795540053218], [-77.1056888498813, 38.9179527065946], [-77.10569552509602, 38.917944052553416], [-77.10570159327402, 38.91793817362872], [-77.10570277926692, 38.91793701948873], [-77.1057024934948, 38.917930930111474], [-77.10570242211858, 38.91792945280879], [-77.10570015808699, 38.917926797397385], [-77.1056971086067, 38.91792324186272], [-77.10569420002301, 38.917921388776186], [-77.10569018341413, 38.9179188340415], [-77.10569006731563, 38.91791830265462], [-77.10568913854091, 38.91791406056797], [-77.10569673957636, 38.91790765777352], [-77.10570457216676, 38.91790188535267], [-77.10570800187277, 38.91789745915661], [-77.10570883052155, 38.91789638641489], [-77.10570713308931, 38.91789479347478], [-77.10570478903551, 38.917892606569346], [-77.10569163906537, 38.91788955562963], [-77.10567664225488, 38.91788524519146], [-77.10566394712376, 38.91787786983547], [-77.10565448189784, 38.91787130230809], [-77.10564778466538, 38.91786509261084], [-77.10564684414926, 38.91786070640103], [-77.10564650743943, 38.917859148263126], [-77.10564733572845, 38.917857832297024], [-77.10565053384016, 38.91785274870341], [-77.10565029254232, 38.917845542251904], [-77.10564717099905, 38.91784004098025], [-77.10564624612465, 38.91783842932408], [-77.10564000920476, 38.917831588626576], [-77.10563423432943, 38.91782528801124], [-77.1056339089776, 38.91782361275469], [-77.10563295630465, 38.91781880316384], [-77.10563578630227, 38.91781431445361], [-77.10563767296712, 38.91781132198009], [-77.10564319907164, 38.917805371481656], [-77.10564365217404, 38.91779987598633], [-77.10564309624097, 38.91779822796321], [-77.10564168335272, 38.9177941124305], [-77.10564397835593, 38.9177865433524], [-77.10564263223895, 38.91778079725027], [-77.10564246984332, 38.91778014879682], [-77.10563508249153, 38.917775110806495], [-77.1056276935397, 38.91776899181666], [-77.10562359682469, 38.91776684252719], [-77.10562100032178, 38.9177654846153], [-77.10561912932836, 38.91776348645559], [-77.10561626511644, 38.917760444226474], [-77.1056168471168, 38.91775633589865], [-77.10561706388555, 38.917754768252045], [-77.10562458483352, 38.91774879793465], [-77.10562478062137, 38.91774863560762], [-77.10562634574961, 38.91774654425857], [-77.10562949901453, 38.91774232550635], [-77.10562684006716, 38.917737733657916], [-77.10561945485553, 38.9177341369986], [-77.10561557571192, 38.91773096056176], [-77.1056124123745, 38.91772837802809], [-77.10561147628293, 38.91771919037013], [-77.10561215440515, 38.91770991116978], [-77.10561191071046, 38.91770108321944], [-77.10561328016168, 38.91769144306074], [-77.10561471918125, 38.917689847284414], [-77.10562099328871, 38.91768287816867], [-77.1056223743458, 38.91768107525285], [-77.10562525150343, 38.91767728915044], [-77.10562236193786, 38.9176726975103], [-77.10561930446342, 38.917671520181756], [-77.10561209343865, 38.91766874312318], [-77.10561024701765, 38.91766776288321], [-77.10560413074903, 38.91766451640119], [-77.10560158098053, 38.91765578061825], [-77.10560202898958, 38.91764684394263], [-77.10560214072503, 38.91764442960723], [-77.10560558536324, 38.91763451732296], [-77.10560672579406, 38.91762595837168], [-77.10560648223372, 38.91761722050448], [-77.10560093533151, 38.91760911801373], [-77.1055845543281, 38.91760444848102], [-77.10557218700616, 38.91760036987009], [-77.10556874907826, 38.9175992379256], [-77.10555444113159, 38.917592854931605], [-77.10554347545303, 38.917585297833185], [-77.10553642526085, 38.917574314029146], [-77.10553133707833, 38.917564499536645], [-77.10552763208699, 38.91755432346121], [-77.10552414979837, 38.91754658844406], [-77.10552312019166, 38.9175443282811], [-77.10551480479307, 38.91753550761927], [-77.10551001382123, 38.91753172844359], [-77.1055042993022, 38.91752722943457], [-77.10549240969169, 38.91751868224834], [-77.10548178703036, 38.91750914300005], [-77.1054704717116, 38.9174990638758], [-77.10546365362492, 38.91748907077484], [-77.10545937289574, 38.91747943571701], [-77.10545866425026, 38.91746808585112], [-77.10545851087033, 38.91746573481341], [-77.10545783909612, 38.91745592533989], [-77.1054517158062, 38.91744791344544], [-77.10544236663281, 38.917441796212564], [-77.10542979091015, 38.917437123224204], [-77.10541751917657, 38.91743527857832], [-77.10541606595024, 38.91743506368923], [-77.10540488486892, 38.91743777627698], [-77.10539382495452, 38.917444452422984], [-77.10538425927693, 38.91744788421873], [-77.1053758353851, 38.91744365789697], [-77.10537039917422, 38.91743240237706], [-77.10536873140707, 38.91741965708299], [-77.10536818326092, 38.91741546870023], [-77.10536738141947, 38.917411271537894], [-77.10536504593337, 38.91739925652122], [-77.10536249008149, 38.91738637690272], [-77.10536201531973, 38.917377224859585], [-77.1053618967624, 38.917375026932056], [-77.1053571550802, 38.91736557245271], [-77.10534653685116, 38.9173590059394], [-77.10533338579725, 38.917355144209736], [-77.10532564526416, 38.91734515193205], [-77.10531721154352, 38.917334259444814], [-77.10531315013432, 38.91733256953775], [-77.10530509655558, 38.91732922569418], [-77.1052912561771, 38.91732707616518], [-77.10527880111388, 38.91732600638694], [-77.10527571022394, 38.91732561280485], [-77.10526553795108, 38.91732430675173], [-77.10525627907298, 38.91732465740911], [-77.10525343107857, 38.917324768074565], [-77.1052428294824, 38.91732946195923], [-77.10523994915464, 38.917331104070904], [-77.10523188421487, 38.917335687569896], [-77.1052189732278, 38.91733822153101], [-77.10520397895392, 38.91733553253041], [-77.10518874768357, 38.917328519739065], [-77.10517904956299, 38.917320330881424], [-77.10517603915085, 38.91731195583685], [-77.10517556515747, 38.917303308259044], [-77.10517387249345, 38.91729711204607], [-77.1051733624466, 38.91729529282088], [-77.10516781986973, 38.91729007297347], [-77.10516089676388, 38.9172870163693], [-77.10515992606264, 38.917285593925484], [-77.10515662113536, 38.91728080446391], [-77.10515921627125, 38.917273433307976], [-77.10515995117224, 38.91727134271218], [-77.10516170094537, 38.91726935029474], [-77.10516858492666, 38.91726151585347], [-77.10517392287875, 38.91725308825298], [-77.10517537239396, 38.917250789822106], [-77.1051797366275, 38.91723889488761], [-77.10517902736463, 38.91722709460317], [-77.10517874901376, 38.91722600484484], [-77.10517589606688, 38.91721493616528], [-77.10517254662494, 38.91720341751561], [-77.10517230326573, 38.91720259797588], [-77.10517071984316, 38.91720010409138], [-77.10516721781667, 38.91719458513204], [-77.1051545302995, 38.91719225438247], [-77.10514207446501, 38.91719064409006], [-77.10514000946577, 38.91718999734779], [-77.10513319150408, 38.91718785949781], [-77.10512349447141, 38.917180391301464], [-77.10511793681752, 38.9171727572305], [-77.10511482872137, 38.91716850809086], [-77.10511360207094, 38.91716554545105], [-77.10510938991716, 38.91715545089297], [-77.10510959982426, 38.91714139769659], [-77.10511050358018, 38.91712869512675], [-77.10510748694412, 38.91711608616675], [-77.10510262615328, 38.91710401936573], [-77.10509546010334, 38.917092585221525], [-77.10508206628147, 38.9170804360105], [-77.10507426940634, 38.91707129055019], [-77.10506947578166, 38.91706567365752], [-77.1050661590477, 38.917060686020434], [-77.10505988386326, 38.9170512689407], [-77.10505424448786, 38.917042941297964], [-77.10505121681253, 38.917038484892466], [-77.10504243339399, 38.917024980281106], [-77.10503890892116, 38.9170198667132], [-77.10503237998367, 38.91701039581001], [-77.10502416737206, 38.917000818319686], [-77.10501909658916, 38.91699491340715], [-77.1050132989337, 38.91698872088081], [-77.10500442922321, 38.91697925207972], [-77.10498930341159, 38.91696548291333], [-77.10497775365198, 38.916952701449524], [-77.10497306431176, 38.91694741776766], [-77.10496712756387, 38.916940729905306], [-77.10496499031188, 38.91693799329028], [-77.10495776988097, 38.916928757220774], [-77.1049505632365, 38.916921052555985], [-77.10494841511765, 38.91691876636733], [-77.10494421074338, 38.916913932665615], [-77.1049374421841, 38.91690616454816], [-77.1049261202784, 38.91689149112345], [-77.10491502899582, 38.916876817490476], [-77.10490347701123, 38.91686250460361], [-77.10489238666517, 38.91684846155133], [-77.1048824486195, 38.91683387696333], [-77.10487380847748, 38.91682366926221], [-77.10487124416515, 38.91682064476186], [-77.10486462510053, 38.91681258823909], [-77.10485992361129, 38.91680687216315], [-77.10485574130476, 38.91680135380464], [-77.10484906350324, 38.916792558649846], [-77.10484667234199, 38.91678966011032], [-77.10483855171015, 38.91677986632394], [-77.10483161516125, 38.91676762120655], [-77.10482675497057, 38.91675591472634], [-77.1048188988674, 38.91674565226761], [-77.10481026181662, 38.91673753449347], [-77.10480769841031, 38.91673512255795], [-77.10479522598459, 38.91672216173643], [-77.1047904443069, 38.91671679705476], [-77.10478286754869, 38.91670829997747], [-77.10477258613288, 38.91669542727211], [-77.10476713537618, 38.916689865005935], [-77.10476103791147, 38.91668363670225], [-77.10475472285633, 38.91667842653556], [-77.10474683772323, 38.916671938591925], [-77.10473950543886, 38.9166650177519], [-77.1047342515983, 38.91666005886639], [-77.10472454634534, 38.91664691539009], [-77.10471882688051, 38.916638966152604], [-77.10471553387438, 38.916634401875854], [-77.1047057167583, 38.916623600666355], [-77.10469913067014, 38.91661441806198], [-77.10469828654915, 38.91661280632564], [-77.1046951991969, 38.916606944663194], [-77.10469212405042, 38.916601542415], [-77.10469103737151, 38.91659965163744], [-77.10468831151057, 38.91659653719432], [-77.10468480025479, 38.91659254063757], [-77.1046767146305, 38.91658299904174], [-77.10467062610907, 38.916574996082424], [-77.1046667789135, 38.916569945850355], [-77.10465418779651, 38.91655464295159], [-77.10464181029425, 38.91654346567949], [-77.10463813861621, 38.9165401538987], [-77.10462082012289, 38.91652503539635], [-77.10461476874251, 38.91651876200187], [-77.10460569170691, 38.91650937443042], [-77.10459310101007, 38.91649434177474], [-77.10458096943907, 38.916477867372436], [-77.1045658419663, 38.91646283698415], [-77.10455704385052, 38.91645492652687], [-77.10454852284678, 38.91644726805449], [-77.10454005996125, 38.91643992482133], [-77.10452901089404, 38.91643034983295], [-77.10450949829041, 38.916412981191726], [-77.10449160067358, 38.916396061519976], [-77.10447681586287, 38.916378778728735], [-77.10446295392182, 38.91636176536065], [-77.10444632643517, 38.91634601563045], [-77.10442946952658, 38.91633107685345], [-77.10441376597133, 38.91631631721016], [-77.10440263204401, 38.9163038866418], [-77.104399328835, 38.916300205182296], [-77.10439139141575, 38.9162894563164], [-77.10438661974601, 38.91628301060814], [-77.10437483457859, 38.91626680612462], [-77.10436154961978, 38.91625006247902], [-77.1043516614482, 38.9162379100516], [-77.10434872734956, 38.91623430933604], [-77.10434559729323, 38.916230753837056], [-77.10433498288377, 38.916218737181815], [-77.10431950788066, 38.91620253598715], [-77.10430230616238, 38.91618831816649], [-77.10428372114991, 38.916174371828006], [-77.10426640163524, 38.91615844252256], [-77.1042566852298, 38.91614545215808], [-77.10425380843822, 38.91614160816374], [-77.10425240722003, 38.91613751061933], [-77.10424767091163, 38.91612368704343], [-77.1042471871628, 38.91610828321394], [-77.10424588215136, 38.916099005788155], [-77.10424543937265, 38.91609585326426], [-77.10424331190055, 38.91609188248439], [-77.10423884891576, 38.91608360780152], [-77.1042307574842, 38.916070012426275], [-77.10422231736757, 38.916054525610114], [-77.10421318145875, 38.91603633691187], [-77.10420277624777, 38.91601751876098], [-77.10419122033386, 38.916000323136394], [-77.10417735879759, 38.9159834898998], [-77.10416326546836, 38.91596584611757], [-77.10415078382222, 38.91594639922906], [-77.10414107022352, 38.91592740028912], [-77.10413251010043, 38.91590867057059], [-77.10412521836501, 38.915889939721076], [-77.1041180400998, 38.91586994760234], [-77.10410993753752, 38.91584869513902], [-77.10410897732926, 38.91584653399286], [-77.1041013767746, 38.91582951500148], [-77.10409905057395, 38.91582367966943], [-77.10409362277393, 38.91581006389436], [-77.10408644623472, 38.915791242856095], [-77.10407949702748, 38.91577016952975], [-77.10407512856412, 38.915755525859325], [-77.10407381922853, 38.91575116698879], [-77.10407225555967, 38.915746357927745], [-77.10406837533354, 38.91573441632428], [-77.104060740997, 38.915717937860386], [-77.1040520679787, 38.91570082973716], [-77.10405064534916, 38.915697849243294], [-77.10404304654587, 38.915682010338706], [-77.10404133388805, 38.91567782298537], [-77.10403552489983, 38.91566373010463], [-77.10403168767978, 38.91564964447641], [-77.10403054001532, 38.91564544761152], [-77.1040289409186, 38.91564006204754], [-77.10402486210792, 38.915626354984454], [-77.10402011984672, 38.91560839657506], [-77.10401964451232, 38.915606631363424], [-77.10401916645817, 38.9156030014277], [-77.1040167301705, 38.91558492385682], [-77.10401508709828, 38.9155651970534], [-77.10401252130816, 38.91554529090442], [-77.10401064801817, 38.91552583455592], [-77.10400900389799, 38.915505387085844], [-77.10400756205395, 38.915489227405864], [-77.10400724565419, 38.915485750467916], [-77.1040049120594, 38.91546692511272], [-77.10400419073265, 38.915462520676094], [-77.10400177079231, 38.915447740142625], [-77.10399837801945, 38.9154300417725], [-77.10399793650384, 38.91542774503854], [-77.10399747218958, 38.91542562849168], [-77.10399317739876, 38.91540612925597], [-77.10398856237846, 38.915388431973206], [-77.10398819136095, 38.91538703601054], [-77.10398170857134, 38.91536947551479], [-77.10397528949264, 38.915356067807146], [-77.1039740750819, 38.91535353754394], [-77.10396517361644, 38.91533787095093], [-77.10395723390107, 38.91532542848773], [-77.10395488781879, 38.915321755171824], [-77.10395273581457, 38.915316748448696], [-77.10394783021698, 38.915305366269706], [-77.10393904105035, 38.91528762765627], [-77.10392886545264, 38.91526799852361], [-77.1039184306672, 38.915252495440775], [-77.10391534531495, 38.91524792194742], [-77.1039118105826, 38.91524356505371], [-77.10389975098037, 38.915228748048044], [-77.10389905809149, 38.91522802799687], [-77.10388772735294, 38.91521487688494], [-77.10388438936668, 38.91521101527427], [-77.10387600144074, 38.915199573129634], [-77.10387098718276, 38.91519274025609], [-77.10386584590496, 38.91518578137852], [-77.10385735413057, 38.91517428527475], [-77.10385241988223, 38.91516696587887], [-77.10384314074975, 38.91515321838852], [-77.10383418537042, 38.91514008317686], [-77.10382938991405, 38.91513305192355], [-77.10382510221311, 38.91512629947745], [-77.10381679267384, 38.91511324476564], [-77.1038063866532, 38.91509370590986], [-77.1037970172144, 38.915073355381594], [-77.10378764476575, 38.915050932936595], [-77.10377793112356, 38.915031753796775], [-77.10377700605252, 38.915029952950064], [-77.10376832768094, 38.91500906130499], [-77.10376114947327, 38.91498897907779], [-77.10375189300838, 38.91496700694368], [-77.10374148715788, 38.91494755816494], [-77.10372923667892, 38.91492829118958], [-77.10372668204862, 38.91492391540332], [-77.10371802409144, 38.91490911337502], [-77.10370968944271, 38.91488669000195], [-77.10370043169696, 38.914863817030344], [-77.10368887006639, 38.914842477520494], [-77.1036773114548, 38.914823209925395], [-77.10366782573503, 38.91480213882164], [-77.10366273849993, 38.91478473021007], [-77.10366122043922, 38.914779533743534], [-77.10365944926913, 38.914774724860216], [-77.10365346444698, 38.91475855118728], [-77.10364696195624, 38.91474320674066], [-77.10364501819603, 38.91473865024376], [-77.10364273770624, 38.91473248155232], [-77.10363726234385, 38.914717757769594], [-77.10363263248321, 38.914697691289895], [-77.10363204073315, 38.91469515146223], [-77.10363156309752, 38.91469179177425], [-77.10362912837907, 38.914674705108645], [-77.1036277159152, 38.91465488800862], [-77.10362515105133, 38.91463552234761], [-77.10362220975124, 38.91461895861478], [-77.10362131468705, 38.914613995811955], [-77.10361736694605, 38.91459517187755], [-77.10361434191232, 38.91457652729159], [-77.1036140937375, 38.91457237466587], [-77.1036132792971, 38.91455941238352], [-77.10361256024271, 38.91454067566911], [-77.10361007043325, 38.9145253456782], [-77.10360918628653, 38.914519959473466], [-77.10360773730082, 38.914514681869676], [-77.10360397006453, 38.91450104657962], [-77.10359702465865, 38.91448240546891], [-77.10358869677081, 38.9144645763342], [-77.10357875121234, 38.91444440646379], [-77.10357088154544, 38.91442450500271], [-77.10356620314853, 38.91441069035204], [-77.10356428089378, 38.91440505283339], [-77.10355675025059, 38.914388340024026], [-77.10355572071256, 38.914386052817434], [-77.10354623639476, 38.914365882535215], [-77.10353732599206, 38.91434391007504], [-77.10353037936342, 38.91432440416005], [-77.1035302636138, 38.914324097978984], [-77.10352608412596, 38.914304463495036], [-77.10352282642636, 38.914284377777], [-77.10351933484986, 38.914262040180326], [-77.10351840550648, 38.91425728459869], [-77.10351526923529, 38.91424141467718], [-77.1035125691235, 38.91422416609268], [-77.1035121269772, 38.914221418939825], [-77.10351048407594, 38.914201692124365], [-77.103509760084, 38.91417953224213], [-77.10351042210293, 38.91415899263374], [-77.10351362409435, 38.914140702860884], [-77.10351636421153, 38.914121963079914], [-77.10351633406378, 38.914117080584695], [-77.10351621818016, 38.91410079360311], [-77.10351699878308, 38.914082514983455], [-77.10351722166482, 38.91407719085526], [-77.10351784885802, 38.914072379844356], [-77.10351984398967, 38.91405673959314], [-77.10352133336242, 38.914042189799396], [-77.10352177657767, 38.91403773027684], [-77.10352313238054, 38.914018541304664], [-77.10352425391233, 38.913996830203835], [-77.10352422540625, 38.91397719204081], [-77.10352397139097, 38.91396106733141], [-77.10352372652906, 38.91395124845416], [-77.10352348232114, 38.913941879993494], [-77.10352339756757, 38.913939096490495], [-77.10352311901677, 38.91392989921872], [-77.10352246546404, 38.91391654943292], [-77.1035222875648, 38.91391314443674], [-77.10352195982222, 38.91390977560669], [-77.10352053197866, 38.91389521938881], [-77.1035182010486, 38.91387810560144], [-77.10351379490417, 38.913861173819306], [-77.10350800484923, 38.913844063096015], [-77.10350082866239, 38.91382524201499], [-77.10349526621523, 38.913806059170376], [-77.10349270468588, 38.91378894558646], [-77.103492046917, 38.913780631467965], [-77.10349188252384, 38.913778586719545], [-77.10349135108085, 38.913761975804626], [-77.10348934845833, 38.913700937041746], [-77.10348924879155, 38.91368787503158], [-77.10348920857952, 38.91368400147937], [-77.10348962600513, 38.91365382315805], [-77.10349119346282, 38.91362157189886], [-77.10349391905565, 38.91359283286776], [-77.10349641050912, 38.91356166179096], [-77.10349672213043, 38.913553923347465], [-77.10349763401148, 38.9135307620874], [-77.10349769855326, 38.91351167334926], [-77.1034977132344, 38.91350589898772], [-77.10349721672335, 38.91348157689855], [-77.10349655069454, 38.91347551487294], [-77.10349429609121, 38.9134553652042], [-77.1034861652801, 38.913438166468474], [-77.10348377117586, 38.913433123916164], [-77.103471285976, 38.91341079427953], [-77.1034640995184, 38.91338485661198], [-77.10346359740015, 38.91335666093903], [-77.1034630838705, 38.91335239143858], [-77.10346067966046, 38.913332431076476], [-77.10345211127273, 38.913307665716225], [-77.10343973409145, 38.913280291307224], [-77.10343393303408, 38.91327145024849], [-77.10342240031477, 38.91325391220208], [-77.10340414425546, 38.913227623993926], [-77.10339939570524, 38.91322101607134], [-77.10338300105876, 38.91319818541678], [-77.1033619744883, 38.913169647566946], [-77.10334268009213, 38.91314290985009], [-77.10332361331477, 38.913114100009395], [-77.10330757737013, 38.91309210680269], [-77.10330293296293, 38.91308574200926], [-77.10329845056799, 38.91307978244792], [-77.10328294705455, 38.91305918506043], [-77.1032679947999, 38.91303706477338], [-77.10326365010918, 38.91303064566337], [-77.10325092678593, 38.913010991690555], [-77.1032446980447, 38.91300138529065], [-77.10323808885789, 38.912991815259865], [-77.10322621085787, 38.912974646840496], [-77.10320656896225, 38.912946738322546], [-77.10319337552204, 38.91292887741905], [-77.10318508054351, 38.91291766034689], [-77.10316290358355, 38.91289083506138], [-77.10314037955982, 38.91286319932685], [-77.10312154237207, 38.91283357849812], [-77.1031177390431, 38.91282675352914], [-77.10310651409178, 38.91280665680866], [-77.10310264292552, 38.912800759758625], [-77.10308929611647, 38.91278045771673], [-77.10306884903294, 38.91275381105344], [-77.10304541086909, 38.91273185136385], [-77.10302001270868, 38.9127099834811], [-77.10300576911544, 38.91269942024139], [-77.10299404182445, 38.91269072851777], [-77.10298170490344, 38.91268305527324], [-77.10296265135311, 38.91267120807411], [-77.10293253468514, 38.91265547000489], [-77.1029055366519, 38.91264351268639], [-77.10288405725066, 38.91263652310902], [-77.1028781971388, 38.91263461849972], [-77.10284906182683, 38.91262774375673], [-77.10284624748975, 38.91262707961645], [-77.10281660428251, 38.912619808945216], [-77.10279134061989, 38.91261118316185], [-77.10276734502844, 38.91260237609084], [-77.10274692329318, 38.91259320553834], [-77.1027283451011, 38.91258313252699], [-77.10271161097106, 38.91257251739082], [-77.10270075414411, 38.91255973508351], [-77.10270054183951, 38.91255642920732], [-77.1026996934644, 38.912543791244225], [-77.10270253412233, 38.91253070862963], [-77.10270324422177, 38.91252739293429], [-77.10270252776193, 38.912510277707476], [-77.10269558187746, 38.912491005952994], [-77.10269015293935, 38.9124842454569], [-77.10268068119373, 38.912472461856574], [-77.10266197243939, 38.91245175910128], [-77.1026422255892, 38.912430787004446], [-77.10263009064275, 38.912419185906344], [-77.10261820972744, 38.912407836817536], [-77.1025962720366, 38.91238677655348], [-77.1025870951695, 38.9123795779345], [-77.10257537881263, 38.91237039970814], [-77.10255161095341, 38.91235952047303], [-77.10252531189987, 38.91235242695939], [-77.1025229708581, 38.91235214074651], [-77.10249694259711, 38.91234893859431], [-77.10247284373608, 38.912348419231215], [-77.10245370207805, 38.91234735501576], [-77.10243582175396, 38.91234142518466], [-77.1024185088866, 38.91232918901127], [-77.1024039543434, 38.912310734659215], [-77.10238962756603, 38.91229029826954], [-77.10237333924546, 38.9122688726787], [-77.10235497472875, 38.91224690840355], [-77.10233626276741, 38.91222386342817], [-77.10231663034382, 38.912202170507676], [-77.10229515336552, 38.912180659365674], [-77.1022717130447, 38.91215689785168], [-77.10224896261127, 38.91213178447717], [-77.10223648817556, 38.91211653525457], [-77.10222921145181, 38.912107659392134], [-77.10222483425756, 38.9121025915229], [-77.10220969310323, 38.91208506551886], [-77.10219364184985, 38.91206808080955], [-77.10218902278584, 38.91206319331743], [-77.10217989346425, 38.91205693149252], [-77.10216686311287, 38.91204798859086], [-77.10215113118278, 38.91204463322435], [-77.10214541048133, 38.91204341309057], [-77.10214062370804, 38.912042183131724], [-77.10212833956142, 38.91203901392341], [-77.10211495016051, 38.912028936278126], [-77.10211238461564, 38.91202484873105], [-77.10210662950705, 38.91201570128068], [-77.10210338056538, 38.91200138084913], [-77.10210328791166, 38.912001092663004], [-77.10209863386939, 38.91198787247743], [-77.10208835065279, 38.91197292760768], [-77.10207149398241, 38.91195708764501], [-77.10205290586835, 38.911939897940215], [-77.10204275750337, 38.911930547131725], [-77.10203570331016, 38.911924058274444], [-77.10203264474951, 38.91192190795058], [-77.10202173782487, 38.91191425137177], [-77.10200766979771, 38.91191336281997], [-77.10199567422829, 38.9119104005377], [-77.10198551484727, 38.91190140105929], [-77.10197860987097, 38.91189443462593], [-77.10197408355032, 38.911889880353044], [-77.1019686978588, 38.91188102984868], [-77.10196645577602, 38.911877365408294], [-77.10195640990165, 38.911867104659734], [-77.10194221138983, 38.91185558636499], [-77.10192986279729, 38.91184763375994], [-77.10192166888038, 38.911842362016706], [-77.10191687882902, 38.911838825914806], [-77.10189985394895, 38.91182625610362], [-77.10188242393872, 38.91181257861654], [-77.10187232610944, 38.91180629058685], [-77.10186580580236, 38.91180223350731], [-77.10184918831402, 38.91179233881246], [-77.10183372538297, 38.911783524110554], [-77.10182827862621, 38.91178033990286], [-77.10181941610787, 38.91177515881861], [-77.10180661166294, 38.91177093605318], [-77.10179715904587, 38.91177238562461], [-77.10179070142365, 38.91177185074977], [-77.10178411937281, 38.911764920056854], [-77.10178201617842, 38.91176161582575], [-77.10177741688027, 38.91175438612978], [-77.10177232795913, 38.91174340037944], [-77.10177159841435, 38.911741193969966], [-77.10176920133902, 38.911733944338714], [-77.10176180923177, 38.91172494243028], [-77.10174910904772, 38.91171297238949], [-77.10173363972142, 38.91169965350638], [-77.1017148270641, 38.91168660778222], [-77.10169532183839, 38.911673022156926], [-77.10168101029005, 38.91166303534744], [-77.10167660089624, 38.911659597996156], [-77.10167535426149, 38.911658626179516], [-77.1016715234779, 38.91165666569339], [-77.10166831578077, 38.91165502896545], [-77.10166350201379, 38.91165101543132], [-77.10165988881285, 38.911648009787264], [-77.10164834384908, 38.91163757014923], [-77.10164496171303, 38.91163488860418], [-77.10163299152748, 38.91162542223597], [-77.10161544516174, 38.91161093405865], [-77.10159743785722, 38.91159662644639], [-77.10157724049002, 38.91158277115268], [-77.10155681368393, 38.9115697268061], [-77.10154887507822, 38.91156557184964], [-77.10153962107236, 38.911560733401465], [-77.10153569894221, 38.91155939456619], [-77.10152670112538, 38.91155633053869], [-77.10151713040965, 38.911555798353795], [-77.10150883107725, 38.91155742706685], [-77.10149892112618, 38.91156157951562], [-77.10148919732126, 38.91156690288699], [-77.10148820650545, 38.91156744424844], [-77.10147830142236, 38.91157501986308], [-77.10147534264463, 38.911578148329205], [-77.10147035760082, 38.911583404524876], [-77.10146310186472, 38.91158917616796], [-77.10145442947744, 38.91158793153842], [-77.10145376059296, 38.91158783302742], [-77.10144752436553, 38.91158081193155], [-77.10144705150296, 38.91157261474636], [-77.10144381129862, 38.91156432988036], [-77.10143743823816, 38.91155838089607], [-77.10143561406781, 38.91155667990216], [-77.10142868002025, 38.9115535330003], [-77.10142373042386, 38.91155128521017], [-77.10141046637742, 38.91154814380184], [-77.10139777870673, 38.911544911808306], [-77.10139130430184, 38.91154066548702], [-77.10138693033934, 38.91153780462819], [-77.10137653767025, 38.911526823462424], [-77.10137050811319, 38.91151918060714], [-77.10136637291662, 38.91151395034509], [-77.10135609376235, 38.91150170791041], [-77.10134903573132, 38.91149244444363], [-77.10134696800017, 38.91148973472471], [-77.10134591429866, 38.91148659172554], [-77.1013433785818, 38.9114791079885], [-77.1013431041619, 38.91147261320822], [-77.10134302077628, 38.911470730536], [-77.10134091826386, 38.911467885721905], [-77.10133747573249, 38.91146325841724], [-77.10132524518646, 38.911457143348294], [-77.10132163486341, 38.91145614655262], [-77.10131255715203, 38.9114536410954], [-77.10130909506915, 38.911451482093995], [-77.1012904080262, 38.911445597828084], [-77.10128256408235, 38.911443127332376], [-77.10127656641605, 38.91144169119573], [-77.10127127022756, 38.91143894824041], [-77.10126179709664, 38.911434046901604], [-77.10125094402788, 38.91142360662437], [-77.10123444188551, 38.911413621658085], [-77.10121713699223, 38.911406700222976], [-77.10120226171736, 38.91140563210663], [-77.10119027483, 38.91140870532659], [-77.10117781472763, 38.91140331110873], [-77.10116638466329, 38.911392510989316], [-77.10115680119553, 38.91138297043866], [-77.10114445895556, 38.91137937778465], [-77.1011288954623, 38.911380832591924], [-77.10111390719263, 38.91138138606458], [-77.10110801896079, 38.91137580598485], [-77.10110862035935, 38.9113689681288], [-77.10110881316432, 38.91136670686679], [-77.10110920168604, 38.911364238243415], [-77.10111052683229, 38.91135553503318], [-77.10110727655167, 38.9113482410845], [-77.10110578445378, 38.911344909287166], [-77.1010933192616, 38.91133591172573], [-77.1010899265116, 38.911333851749596], [-77.10107774032905, 38.911326466439256], [-77.1010608910564, 38.91131558091389], [-77.10104023509722, 38.911303437509446], [-77.10101842588854, 38.911291114931515], [-77.10100761337404, 38.91128484546121], [-77.10099638544932, 38.911278342131936], [-77.10098786891582, 38.91127313366014], [-77.10097445942539, 38.91126493864502], [-77.10095057407356, 38.91125207734767], [-77.10094040987765, 38.91124766303052], [-77.10092530780678, 38.91124110899119], [-77.10090855780203, 38.91123515993244], [-77.10090050580652, 38.91123230223173], [-77.10087789744328, 38.91122556549302], [-77.10086151082635, 38.911215670457544], [-77.1008513457005, 38.91120243696118], [-77.10084244658549, 38.91118758086874], [-77.10083182192305, 38.91117551885246], [-77.10081912950596, 38.91116886362799], [-77.10079952291537, 38.91116491687158], [-77.10078298462867, 38.91116190433343], [-77.10077737960133, 38.911160882216436], [-77.10077415066894, 38.911160506650816], [-77.10076135023968, 38.911159004288045], [-77.10074971131061, 38.91116351849855], [-77.10073829687245, 38.91116370850745], [-77.10072537246695, 38.911156062554596], [-77.10071915102107, 38.911151266468515], [-77.1007141761634, 38.91114742419245], [-77.10071441512575, 38.911145180907894], [-77.10071520012396, 38.91113769429436], [-77.10072674078071, 38.91112891021521], [-77.10072763915282, 38.91112822480632], [-77.1007297515991, 38.91112180003329], [-77.10073050930842, 38.911119484234696], [-77.10072219423387, 38.91110994255449], [-77.10071272540006, 38.911099861367326], [-77.10071056719454, 38.911098376850276], [-77.10070291537563, 38.91109311356213], [-77.1006947217124, 38.911087895782195], [-77.10068906362852, 38.91108195514882], [-77.10067775165973, 38.9110730466323], [-77.10066320824899, 38.91106197889534], [-77.10065271377066, 38.911052258920826], [-77.1006497005064, 38.91104946892875], [-77.10064215003912, 38.911042484954876], [-77.10063423013123, 38.911035158981456], [-77.10061449024231, 38.911018420454845], [-77.10059678357557, 38.91100447276215], [-77.10059175091976, 38.91100051342207], [-77.10058173278398, 38.910993342393354], [-77.10056797518206, 38.91098350811161], [-77.10054604336052, 38.910965870625176], [-77.10052468817464, 38.91094832272194], [-77.10050310087696, 38.910929694012644], [-77.10048185860062, 38.91091043441827], [-77.10046165517313, 38.91089198467804], [-77.1004498559729, 38.910880923563], [-77.10044168197452, 38.91087326448593], [-77.10043208727033, 38.91086381396823], [-77.10042274660796, 38.91085463348183], [-77.10040508081285, 38.91083690221843], [-77.10038753121341, 38.91081980143681], [-77.10037660831173, 38.910808739561304], [-77.10036940335091, 38.91080143998051], [-77.1003605706049, 38.91079267343674], [-77.10035208424068, 38.91078424891199], [-77.10033315614454, 38.91077075264533], [-77.10031134950155, 38.91076005143494], [-77.1002896584176, 38.910749530288186], [-77.10027324047945, 38.91074182422502], [-77.10026877544787, 38.91073972911175], [-77.1002597861277, 38.910734394875355], [-77.10025088912423, 38.91072911460911], [-77.10023265956681, 38.91072039215127], [-77.10021420106094, 38.910712840972224], [-77.10020219804774, 38.91070438341933], [-77.10020033870663, 38.91069402541332], [-77.10019317573176, 38.91068376203897], [-77.10017471648037, 38.91067567035336], [-77.10015521713758, 38.910665867970266], [-77.10014924711605, 38.91065942311024], [-77.10014228403084, 38.91065191611591], [-77.10014018562741, 38.91063552272037], [-77.10014246732389, 38.91061822473581], [-77.10014237964528, 38.910613261211004], [-77.10014209385325, 38.9105985868563], [-77.10013840927078, 38.91058571708434], [-77.1001368798492, 38.91058039446117], [-77.10013236393159, 38.91057489423052], [-77.10012475271621, 38.91056563116256], [-77.10011534533038, 38.91055814427787], [-77.10010801565377, 38.91055231314833], [-77.10009989050437, 38.9105465457583], [-77.10008862609045, 38.91053854698651], [-77.10006727240905, 38.910521899832084], [-77.10004384007264, 38.91050291228298], [-77.10001867712938, 38.91048311545916], [-77.10000195497052, 38.91047217562088], [-77.09999074917597, 38.91046485241554], [-77.09996328180063, 38.91044613855365], [-77.09995209792511, 38.91043799556611], [-77.09993696679594, 38.91042697328219], [-77.09990915405803, 38.910408620036854], [-77.09988260760134, 38.910388824366535], [-77.09986311097684, 38.910372644020995], [-77.09985755865434, 38.910368036491874], [-77.09983147417805, 38.910348780915896], [-77.09982094738352, 38.91034052925403], [-77.09980758114517, 38.91033006396301], [-77.09978472757619, 38.91031260728628], [-77.09976371715673, 38.910293977945884], [-77.09973994059236, 38.910276071630946], [-77.09971708856858, 38.9102596959414], [-77.09969343160688, 38.9102448523535], [-77.09966873835398, 38.91023100056312], [-77.09964323940628, 38.91021814037308], [-77.09962016311776, 38.910206269030226], [-77.09960204479223, 38.91019448353983], [-77.09958715696456, 38.9101842267125], [-77.09957561593687, 38.91017621911822], [-77.09957177367274, 38.9101741955142], [-77.09956742371901, 38.91017190209219], [-77.09956599273708, 38.91017098446006], [-77.09956084580432, 38.91016767377353], [-77.09954838327597, 38.91016029754621], [-77.09953084536241, 38.9101513041384], [-77.09950926924863, 38.910140332330485], [-77.09949419901669, 38.91013154400746], [-77.0994850368837, 38.910126209858134], [-77.09946172301986, 38.91010929401058], [-77.09945255766392, 38.910101644715624], [-77.09944036798053, 38.91009147565629], [-77.09942085935482, 38.910074826812256], [-77.09940330892347, 38.91005682504656], [-77.09938448884091, 38.91003783343981], [-77.09936532387822, 38.91001956279117], [-77.09934812062336, 38.910002461556736], [-77.09933241650198, 38.90998553921221], [-77.09931498392164, 38.909969339002686], [-77.09929979381124, 38.909957217667014], [-77.09929547686357, 38.90995377113805], [-77.09928630179634, 38.90994740102375], [-77.09927331821204, 38.909938385690054], [-77.0992510460272, 38.909924261503235], [-77.09922981040434, 38.909909325680324], [-77.09920880313062, 38.90989276815672], [-77.09919067718528, 38.90987539743175], [-77.09917762322529, 38.90985721164724], [-77.09916675867748, 38.909838123167944], [-77.09915872280037, 38.909821815867055], [-77.09915623689784, 38.90981678230935], [-77.09915109644254, 38.90980980520076], [-77.09914202847749, 38.90979751649842], [-77.09912471691794, 38.9097853699147], [-77.09911075136213, 38.9097832197583], [-77.09911018627831, 38.909783130154125], [-77.0991053715036, 38.909786494352694], [-77.09909947398133, 38.90979061617085], [-77.09909209403646, 38.90979827952732], [-77.09908611471526, 38.90980161768773], [-77.09907388539808, 38.90979604288156], [-77.09905982921168, 38.909786749174614], [-77.09905034302088, 38.909780478397295], [-77.09903830532546, 38.90977174149421], [-77.09902195114815, 38.909759873342544], [-77.09899897502919, 38.90973692152115], [-77.09898573096358, 38.909722933766865], [-77.09897715177586, 38.909713878635024], [-77.09896560641785, 38.90970264599439], [-77.09895429198359, 38.909691647374125], [-77.09893247025799, 38.90966968548017], [-77.09890926397667, 38.90964700408617], [-77.09889860634317, 38.90963570762885], [-77.09888640147928, 38.90962279097704], [-77.09886215630264, 38.90959920961784], [-77.09885065863595, 38.90958908495233], [-77.0988379142629, 38.90957788033832], [-77.09881632357708, 38.90955618847734], [-77.09879496225113, 38.909533595583326], [-77.09877198565432, 38.90951019329938], [-77.09875420409551, 38.90949158807052], [-77.09874900819966, 38.909486160427015], [-77.09873688349779, 38.90947281129073], [-77.09872683734183, 38.90946176653447], [-77.09870490095818, 38.909440165028116], [-77.09868319667764, 38.90941964432354], [-77.09866287522686, 38.90939858194615], [-77.09864474468104, 38.909377697882384], [-77.09862753726928, 38.909357353537544], [-77.09860998497284, 38.90933773014918], [-77.09860015973793, 38.909328000414504], [-77.09858989577965, 38.909317838648356], [-77.09858089081442, 38.90930930633044], [-77.0985678451807, 38.90929695788016], [-77.09854729320526, 38.90927589567674], [-77.09853585991, 38.909262221635345], [-77.09852893063739, 38.909253930788246], [-77.09852162045135, 38.90924532496965], [-77.09850964471107, 38.909231246007266], [-77.09849116425723, 38.90920738945849], [-77.09847568066012, 38.909182899796285], [-77.09846298460307, 38.90916483974511], [-77.09845916077128, 38.90915940192373], [-77.0984551869549, 38.90915389216184], [-77.0984419486161, 38.90913554429809], [-77.0984232360005, 38.90911051684818], [-77.09841056135096, 38.90909124064572], [-77.09840671390853, 38.9090853974667], [-77.0984030741496, 38.909079662212825], [-77.09839111494603, 38.90906081780641], [-77.09837517321104, 38.90903849052027], [-77.09835784817699, 38.909016344563454], [-77.09834385227362, 38.90900042057227], [-77.09833971819026, 38.908995730701136], [-77.09833492700484, 38.90899110444135], [-77.09831835991513, 38.9089751195526], [-77.0983006753643, 38.90895979321126], [-77.09829561933738, 38.908955410398136], [-77.09828579654426, 38.90894738321273], [-77.09827391916996, 38.908937682201305], [-77.0982498002727, 38.90892175770458], [-77.0982264885843, 38.9089059226077], [-77.09820294693388, 38.908890538117014], [-77.09817975031423, 38.90887452274698], [-77.09816706569458, 38.90886467826936], [-77.09815712807848, 38.90885697547011], [-77.09814699423792, 38.908849110684514], [-77.0981341595936, 38.908839158229085], [-77.09811038392317, 38.90882125157777], [-77.09808741298369, 38.90880163265932], [-77.09807506153449, 38.90879090507347], [-77.09806409530167, 38.90878138344271], [-77.09803939420408, 38.90876122546576], [-77.0980151550473, 38.90874160759705], [-77.09800415200075, 38.908730455479905], [-77.09799391100033, 38.90872009545742], [-77.09797232120198, 38.90869867368736], [-77.09795338359373, 38.90867751994019], [-77.09793663760797, 38.90865708502093], [-77.09792933912127, 38.90864850617967], [-77.09791954623888, 38.90863701072272], [-77.09790199480913, 38.90861774755906], [-77.09788536723855, 38.90859956462091], [-77.097877309765, 38.90859240973179], [-77.09786608935748, 38.908582464902544], [-77.0978471578671, 38.90856572522492], [-77.09783041688036, 38.908548893626495], [-77.09782443485169, 38.908541818070944], [-77.0978163279492, 38.90853223997235], [-77.09780853664607, 38.90852579651534], [-77.09779924479628, 38.908518111161335], [-77.09778899536482, 38.90850996718214], [-77.09778077736169, 38.90850344300521], [-77.09777284873508, 38.90849774735388], [-77.0977618502339, 38.90848985623299], [-77.09773970063885, 38.908480506078774], [-77.09771766622177, 38.90847106574052], [-77.09769666984087, 38.90846189478062], [-77.09768857173695, 38.908458721603786], [-77.09767555940331, 38.90845362474752], [-77.09767119857938, 38.90845169159752], [-77.09765467820515, 38.908444363600275], [-77.0976317208298, 38.908434473599655], [-77.09761423390458, 38.90842855170719], [-77.09760703612402, 38.908426116457285], [-77.0975828147012, 38.90841929034259], [-77.09757807393666, 38.90841774486553], [-77.09755939924244, 38.90841165279824], [-77.09753921292418, 38.90840464313803], [-77.09752398185114, 38.908395827667846], [-77.0975162263604, 38.90839024896308], [-77.09751059440057, 38.908386199905344], [-77.0975050773304, 38.908381853475845], [-77.0974981290707, 38.90837639120473], [-77.0974855489413, 38.90836694293268], [-77.09747216174758, 38.90835749533253], [-77.09746441336297, 38.90834867361168], [-77.09746211541513, 38.9083460631066], [-77.09745333819654, 38.90833526040585], [-77.09745120057994, 38.908331857031854], [-77.09744721425034, 38.90832553649367], [-77.0974413227425, 38.9083171636401], [-77.09743197471462, 38.90831050525565], [-77.09742113067955, 38.90830592003879], [-77.0974112107307, 38.90830259521977], [-77.09741056478171, 38.908302379557846], [-77.09741040329449, 38.9083023256424], [-77.09740718407036, 38.90830050863925], [-77.0974016340853, 38.90829737835974], [-77.09738628689584, 38.90828793238364], [-77.09736851580443, 38.90827650658817], [-77.09735189644161, 38.90826417899508], [-77.09734350357222, 38.90825619557984], [-77.09733769668597, 38.90825067829806], [-77.09733296213228, 38.90824522318108], [-77.09732534067555, 38.908236455395254], [-77.09731575286051, 38.90822304093716], [-77.09731313011693, 38.908218980354896], [-77.09730697186934, 38.90820944563917], [-77.09730273249994, 38.90820355770763], [-77.09729530493959, 38.908193240321715], [-77.09727937111336, 38.90817631788769], [-77.09726274626135, 38.908159936527866], [-77.09724681601216, 38.90814562650845], [-77.09722835443633, 38.908135102101326], [-77.09722022174053, 38.908131883878895], [-77.09720747473996, 38.908126831791265], [-77.09720043743464, 38.90812367571449], [-77.09718601673215, 38.90811721070563], [-77.09716328741725, 38.90810533858527], [-77.09713986511333, 38.90809256620148], [-77.0971165556595, 38.908077992048646], [-77.0970949714696, 38.90806035361759], [-77.09707822477112, 38.90803910782221], [-77.0970714061898, 38.908027222462515], [-77.09706597433639, 38.908017678121944], [-77.09705222924416, 38.90799931250163], [-77.09703260902694, 38.90798455510022], [-77.09701514964551, 38.90797333618366], [-77.09701033765084, 38.9079702503144], [-77.09700113008385, 38.907965078156586], [-77.09698518416005, 38.90795612808387], [-77.09696025943177, 38.90794065440513], [-77.09693890529924, 38.907922565336364], [-77.0969211253121, 38.907904473298686], [-77.09690207892884, 38.90788773356152], [-77.09688141830762, 38.90787090507623], [-77.09687003626279, 38.90786060895854], [-77.09686190954088, 38.907853264880586], [-77.09685804133723, 38.90784897110327], [-77.09684493567389, 38.907834451494594], [-77.09683275222527, 38.907819823019864], [-77.09682911451647, 38.90781545698371], [-77.09682246334123, 38.907807940521366], [-77.09681190922218, 38.90779601319994], [-77.09679458460857, 38.90777359675602], [-77.0967751851953, 38.90775154236218], [-77.09675486710503, 38.90773219123164], [-77.09673489796317, 38.90771509189682], [-77.09672459092596, 38.907706803737305], [-77.09671619987805, 38.907700063427484], [-77.09670860719625, 38.90769541239412], [-77.0966963527658, 38.90768791857908], [-77.09667454455841, 38.90767496459818], [-77.09665399971297, 38.90765840622693], [-77.09663402817507, 38.907639505206085], [-77.09661244435908, 38.90762195676791], [-77.09660077664631, 38.907613498563826], [-77.09659109394804, 38.90760648005395], [-77.09656755515263, 38.9075926266484], [-77.09655782991605, 38.90758824761835], [-77.09653779109263, 38.90757922879969], [-77.09650283783354, 38.90756511456146], [-77.0964633888497, 38.9075515445259], [-77.09642739979914, 38.907538782373216], [-77.09639452491821, 38.90752691847539], [-77.09637052183136, 38.907519245143284], [-77.09636107516025, 38.90751622612837], [-77.09635398164423, 38.90751406096558], [-77.09632543458268, 38.90750535541094], [-77.09629094513168, 38.90749313248099], [-77.096261183232, 38.90748126597991], [-77.096237071597, 38.90747002540193], [-77.09621618795698, 38.9074586019936], [-77.09619645434711, 38.90744501562982], [-77.09617475771168, 38.907429178790345], [-77.09615190620414, 38.90741190156072], [-77.09613043993357, 38.90739588435627], [-77.09610666755363, 38.907379688877796], [-77.09608289178655, 38.90736097105829], [-77.09605923241764, 38.90734306389003], [-77.09603661397905, 38.90732758811665], [-77.09601134525012, 38.907313195519286], [-77.09598806410476, 38.90730216139927], [-77.09598192656493, 38.90729925674345], [-77.09597228305526, 38.907295580248935], [-77.09595008914802, 38.907287121617294], [-77.09591975407247, 38.90727759767158], [-77.09589022799823, 38.907269514390535], [-77.0958617378783, 38.9072601690825], [-77.0958407558127, 38.90725262828785], [-77.09583197772065, 38.90724947355629], [-77.09581026864616, 38.907241437893006], [-77.09579748775201, 38.90723670997944], [-77.09576264756099, 38.907220703672245], [-77.09573184181284, 38.90720406346411], [-77.09571327888638, 38.90719498924414], [-77.09570369169765, 38.90719030374563], [-77.09569863842141, 38.90718775852084], [-77.09567957904046, 38.907178162217676], [-77.09566019632342, 38.90716817881688], [-77.09565484315438, 38.907165534743804], [-77.0956485439512, 38.90716242301066], [-77.09564214166087, 38.90715981582932], [-77.09562801048226, 38.907154062050246], [-77.0956187812095, 38.90714974559431], [-77.09561259692826, 38.90714635450617], [-77.09560908943573, 38.90714443859722], [-77.09560438166002, 38.90714160481828], [-77.09559951235319, 38.9071386810878], [-77.09558993491001, 38.90713265332724], [-77.0955798958119, 38.90712626560946], [-77.0955692794037, 38.90711924777829], [-77.09555889394647, 38.907112500007855], [-77.09555045926625, 38.90710748024495], [-77.09554816309381, 38.907106112853114], [-77.09554591337665, 38.90710499765711], [-77.09553743369096, 38.907100806698615], [-77.09552751254974, 38.90709640071767], [-77.09552342890879, 38.90709471949439], [-77.09551747647832, 38.90709226508043], [-77.0955153769812, 38.9070914019949], [-77.09550720970071, 38.90708803954741], [-77.09549869616708, 38.90708439812335], [-77.09549648126854, 38.907083454056625], [-77.0954909202945, 38.90708059394542], [-77.09548598233899, 38.90707805762549], [-77.09547675055235, 38.907071849406066], [-77.09546717397255, 38.907066452219446], [-77.09546086348594, 38.90706351164406], [-77.09545771401363, 38.907062045855696], [-77.09545584524942, 38.90706129068082], [-77.09544860090017, 38.90705835987614], [-77.09543902673498, 38.90705476435597], [-77.09543136759646, 38.907052032072855], [-77.09542818398313, 38.907050899620636], [-77.09541618817914, 38.90704694574242], [-77.09541362753559, 38.9070461010484], [-77.09540338496213, 38.90704272227168], [-77.09539115821288, 38.90703849832888], [-77.09538077639819, 38.9070344530457], [-77.0953722404812, 38.907031307090165], [-77.09536566623642, 38.90702942070231], [-77.0953585980858, 38.90702892200372], [-77.09535690310642, 38.9070287972702], [-77.09534618083427, 38.90702880602102], [-77.09534442818419, 38.907028663317654], [-77.09532946150712, 38.907027468411215], [-77.09531668295853, 38.907024443021875], [-77.09531239268964, 38.90702342857799], [-77.09530982047073, 38.90702254785772], [-77.09529958924223, 38.90701902492903], [-77.09529225063515, 38.907014571779655], [-77.09529024290826, 38.90701335728942], [-77.09528761055218, 38.90701061188845], [-77.09528366204854, 38.90700651630777], [-77.09527650664941, 38.90700111713085], [-77.09526716320734, 38.90699761149201], [-77.09525574148104, 38.90699185545842], [-77.0952432785093, 38.9069833977664], [-77.09522839438408, 38.906974942046475], [-77.09521074551157, 38.906968200165025], [-77.09520460887383, 38.90696592605228], [-77.0951942504154, 38.906962087925585], [-77.09518903609977, 38.90695979504382], [-77.09517809987918, 38.90695498448421], [-77.09516160262552, 38.90694725073821], [-77.09514372089684, 38.90693879744901], [-77.09512503139989, 38.90692980431349], [-77.09511306754216, 38.90692384151518], [-77.09510680295988, 38.90692072071615], [-77.09508811347237, 38.90691172757475], [-77.09506804215394, 38.9069039967243], [-77.09505437363705, 38.90689928746822], [-77.09504716450887, 38.906896807027586], [-77.0950296297657, 38.90688916419048], [-77.09501753826044, 38.9068825709014], [-77.09501428463338, 38.906880798901696], [-77.095009160452, 38.90687692046825], [-77.09500251286775, 38.90687189020401], [-77.0949944284408, 38.90686144708692], [-77.094994034657, 38.90686010516234], [-77.09499060685657, 38.90684874841491], [-77.09498851250832, 38.90683442683473], [-77.09498641708123, 38.9068192945035], [-77.09498357823742, 38.906808657945284], [-77.0949825933414, 38.90680497432915], [-77.09498057148127, 38.90680179602385], [-77.09497415932785, 38.90679173890496], [-77.09496030631396, 38.90677832771769], [-77.09494576442616, 38.906767079093555], [-77.09493351098787, 38.90676007154292], [-77.09493018802509, 38.90675817348025], [-77.09491718993377, 38.906754733841204], [-77.09491323398797, 38.9067536830776], [-77.09489294125585, 38.90675279872597], [-77.09487241841788, 38.90675227489187], [-77.09487206093836, 38.906752221131995], [-77.09485373703055, 38.9067493173035], [-77.09483868734378, 38.90674633874742], [-77.09483516997933, 38.90674563895098], [-77.09483092646202, 38.90674508387746], [-77.09481533614641, 38.90674304262603], [-77.09479928650428, 38.90674238903182], [-77.09479573529491, 38.90674224777958], [-77.09479286430101, 38.90674209696701], [-77.09478028498421, 38.90674144956277], [-77.09476759344204, 38.90673443334183], [-77.09475708731875, 38.906723541754666], [-77.0947518421617, 38.90671536642299], [-77.09474888454054, 38.906710756544236], [-77.09474682842888, 38.906707821488205], [-77.09474022119267, 38.90669842212437], [-77.0947328881048, 38.90668939269125], [-77.09473063622409, 38.90668662895238], [-77.09471840084295, 38.90667582884734], [-77.0947154007332, 38.9066739485335], [-77.09470443882674, 38.906667102062116], [-77.09469059270441, 38.906658825598996], [-77.09467490142484, 38.90665019029531], [-77.09465575005527, 38.90664056687383], [-77.09463406117794, 38.906630134752795], [-77.09461537027262, 38.906619970450414], [-77.09459840720815, 38.906608633660035], [-77.09458098226212, 38.90659675673977], [-77.09455894418744, 38.90658380254813], [-77.09454221339722, 38.90657372673114], [-77.09453814028798, 38.906571252729584], [-77.09453702105512, 38.90657057800863], [-77.0945174039001, 38.90655744168306], [-77.0945072498059, 38.906551144049175], [-77.0944965187738, 38.90654448654685], [-77.094484796861, 38.90653830728765], [-77.09447194429679, 38.9065315343902], [-77.09444979240118, 38.90651966127241], [-77.09444547712442, 38.906517142421606], [-77.09442960060309, 38.90650787664971], [-77.09440675708666, 38.906496094166286], [-77.09438264607702, 38.9064848532036], [-77.0943619925346, 38.906472618524475], [-77.09434214497311, 38.90645957243892], [-77.0943204527421, 38.90644652783923], [-77.09429795216283, 38.90643249296889], [-77.0942863087754, 38.90642463807235], [-77.09427833497075, 38.90641926651939], [-77.09427419262072, 38.90641672950597], [-77.09425906556736, 38.90640748112275], [-77.0942382977284, 38.906395967182206], [-77.0942163773311, 38.90638472441804], [-77.0942067307404, 38.906378552465576], [-77.09419779958147, 38.90637284836992], [-77.09418049005188, 38.90636097129646], [-77.0941702794279, 38.90635547542226], [-77.09416076105781, 38.9063503573401], [-77.09413884247016, 38.90634046581309], [-77.09411888373583, 38.906330482619566], [-77.09409984758152, 38.90632067884666], [-77.09409042266701, 38.90631647953569], [-77.09407804454115, 38.906310967382254], [-77.09407319957641, 38.906308926386956], [-77.09405439647719, 38.90630098714844], [-77.09403432152352, 38.90629028336559], [-77.09401493725949, 38.906278768271534], [-77.09399370761714, 38.90626671415763], [-77.09396994048983, 38.90625385132889], [-77.09394778828931, 38.90624161778153], [-77.09393118517492, 38.906232064258454], [-77.09392667384272, 38.90622947347918], [-77.09390521269727, 38.90621669886683], [-77.09389733237586, 38.906212237056444], [-77.0938837523895, 38.90620455483467], [-77.09386367642165, 38.90619304027128], [-77.09384440821458, 38.906182065556834], [-77.09382620434846, 38.90617386455777], [-77.0938214515033, 38.906171724386176], [-77.093807377946, 38.90616569108085], [-77.09379711117799, 38.906161294238245], [-77.09377726724115, 38.906150860476224], [-77.09376838397908, 38.906146462520574], [-77.09375800095349, 38.90614132708275], [-77.09373746622427, 38.90613161453668], [-77.09373429329659, 38.9061297883863], [-77.09372258233695, 38.9061230685402], [-77.09371849793021, 38.90612072964431], [-77.09371739030057, 38.906120099947955], [-77.09370007996559, 38.90610750213516], [-77.09369253153024, 38.906101148290105], [-77.09368392125266, 38.9060939124772], [-77.09367145105276, 38.90607968927491], [-77.09366986790067, 38.90607690696249], [-77.09366359311701, 38.90606591279144], [-77.09366195132606, 38.90606237382407], [-77.09365700291957, 38.90605177495695], [-77.09364949098295, 38.90603808827864], [-77.09363863606497, 38.90602476461344], [-77.09363254057841, 38.906018607783714], [-77.09362570625696, 38.906011712860646], [-77.09361254693454, 38.90599947204229], [-77.09360641781062, 38.905994035906566], [-77.0935981187001, 38.90598669173769], [-77.09358911640736, 38.905979420198285], [-77.09358207615284, 38.90597373255719], [-77.09357336412485, 38.90596801022124], [-77.09356372896252, 38.905961676055774], [-77.09355450904049, 38.905955485690626], [-77.09354630458313, 38.905949979146705], [-77.09353972638695, 38.90594496675971], [-77.09353130168509, 38.905938550547184], [-77.09351629961854, 38.90592775252994], [-77.09350083662697, 38.905917135046714], [-77.09349338097041, 38.90591116847365], [-77.09348721794876, 38.90590624583497], [-77.0934817552186, 38.9058990435217], [-77.09347867162488, 38.90589499222905], [-77.09347612033854, 38.90588364374246], [-77.09347615067587, 38.90588040071022], [-77.09347622099084, 38.90587247330113], [-77.09347780537703, 38.90586740933771], [-77.0934793208715, 38.90586256162984], [-77.09348014586901, 38.90585866936014], [-77.09348126878228, 38.905853371548616], [-77.09348084478418, 38.90584654355441], [-77.0934806799289, 38.90584391324645], [-77.09347631515175, 38.90583875495108], [-77.09347328983222, 38.90583518105446], [-77.09346232983825, 38.905829604642285], [-77.09345375186943, 38.90582938629529], [-77.09345206855726, 38.90582934260001], [-77.09345149252556, 38.90582966736152], [-77.09344204552987, 38.90583493579734], [-77.09343122801742, 38.90584131335609], [-77.09343041007432, 38.905841791453085], [-77.09341715817807, 38.905846846729034], [-77.09340332581236, 38.905848839626685], [-77.09340118136979, 38.90584882332438], [-77.09338960602446, 38.90584876051092], [-77.09337551507537, 38.905846979111004], [-77.09337473096457, 38.90584688064579], [-77.09335996883857, 38.90584319901743], [-77.09334890557335, 38.90583799201971], [-77.09334600998086, 38.90583663407159], [-77.09333400860262, 38.90582817580571], [-77.093322235924, 38.90581827601894], [-77.09330930915748, 38.9058074763172], [-77.0933020627613, 38.90580281577626], [-77.09329419327479, 38.9057977593648], [-77.09327896469674, 38.90579002433861], [-77.09326350707083, 38.90578346057951], [-77.09324574409423, 38.90577725899259], [-77.09322394592805, 38.905771060622854], [-77.09320341608665, 38.90576495132078], [-77.0931835770545, 38.90575812079568], [-77.09316778613524, 38.90575235002502], [-77.09316119985519, 38.90574994103781], [-77.09313651601411, 38.90574113252963], [-77.09311483021959, 38.90573268196098], [-77.09309429757678, 38.9057244106366], [-77.09308756148204, 38.905722046806396], [-77.09307099806925, 38.905716231596344], [-77.09304562320935, 38.90570796412074], [-77.09303002831903, 38.90570220218366], [-77.09302347662373, 38.90569978415275], [-77.09301648635282, 38.90569700613646], [-77.09300063712215, 38.90569070389664], [-77.09297595120776, 38.905680273852084], [-77.09295345500887, 38.90566921147518], [-77.09293176597163, 38.905658238535445], [-77.09292239936343, 38.905654426442794], [-77.09290881085192, 38.90564888810261], [-77.09288297393229, 38.90563990029058], [-77.09287844053239, 38.90563801213991], [-77.09286071068813, 38.90563063938175], [-77.0928382160471, 38.90562074806765], [-77.09281203163262, 38.905610499346224], [-77.09278838456399, 38.905600969272236], [-77.09276658356241, 38.9055925187303], [-77.09274259192138, 38.905583979839776], [-77.09271733161788, 38.905575081616846], [-77.0926959909767, 38.90556600011152], [-77.09267407400364, 38.905557009142974], [-77.0926498505168, 38.90554747949808], [-77.09262677842412, 38.905536777849065], [-77.09260647577426, 38.90552796575503], [-77.09258882831446, 38.90552184505164], [-77.09258444528736, 38.905520326112985], [-77.09257739794354, 38.90551796249996], [-77.09255953159983, 38.905511968082585], [-77.09253646198644, 38.90550315816848], [-77.0925148891725, 38.905492815643996], [-77.09249342978651, 38.90548103168878], [-77.09247669917293, 38.90547066730686], [-77.0924720838297, 38.9054678063028], [-77.0924680791306, 38.90546463853118], [-77.09245419543439, 38.90545367734123], [-77.09243619303973, 38.90544053938628], [-77.09241773042272, 38.90542812246098], [-77.09239696176593, 38.90541552718948], [-77.09238110865054, 38.9054061350023], [-77.09237677038621, 38.905403562042736], [-77.09237272048864, 38.90540109695534], [-77.0923579632004, 38.905392136299604], [-77.09234259573867, 38.9053838427427], [-77.0923384654433, 38.90538161193487], [-77.09233154393816, 38.905378473488874], [-77.09231723949921, 38.905371989768064], [-77.09230247476331, 38.905366173027524], [-77.09229601519289, 38.905363628765976], [-77.09228354623424, 38.905358963278914], [-77.09227582955526, 38.90535607769169], [-77.09225552909737, 38.90534888703884], [-77.09224800902038, 38.905346469729025], [-77.09223257672862, 38.905341518308944], [-77.09220973895627, 38.90533360898271], [-77.0921887456042, 38.90532551802948], [-77.09217542307887, 38.905320519895284], [-77.09216717580448, 38.90531742752724], [-77.09214698937893, 38.90530924584636], [-77.09213507314726, 38.905304048414486], [-77.09212945533669, 38.90530160257176], [-77.09212508386189, 38.905300083606726], [-77.09211423013197, 38.90529629964681], [-77.09210620354347, 38.90529446827038], [-77.09210362026967, 38.90529387575542], [-77.09208236512261, 38.90528837939607], [-77.09207582596842, 38.9052866909789], [-77.09207455719219, 38.905286241561036], [-77.09205460101819, 38.905277789432], [-77.09203993778291, 38.90527018892369], [-77.09203602682263, 38.90526816512451], [-77.09203311922623, 38.905266401777176], [-77.09202252726902, 38.90525997815411], [-77.09201537322154, 38.90525529944359], [-77.09200729685207, 38.905250621458954], [-77.09199458420727, 38.90524470397141], [-77.09199126184637, 38.905243157150124], [-77.0919816176006, 38.90523853444841], [-77.09197361150132, 38.90523470319162], [-77.09195584517332, 38.90522570882031], [-77.09194704351545, 38.90522183314605], [-77.09193542717229, 38.905216716532955], [-77.09193105586934, 38.90521532367747], [-77.0919131669692, 38.905209617446204], [-77.09189194670441, 38.905204319208536], [-77.09189027457717, 38.90520399622288], [-77.09187061266076, 38.905200192142836], [-77.09185602340327, 38.90519629398766], [-77.09185112187227, 38.905194982621246], [-77.09183370503578, 38.905188780547086], [-77.09181674797193, 38.90518149710618], [-77.09180913429228, 38.905177989830506], [-77.09179955951947, 38.90517358325967], [-77.09178179531511, 38.90516621036431], [-77.09176334030025, 38.90515955867741], [-77.09174843984282, 38.90515571480332], [-77.09174384976234, 38.90515452930482], [-77.09172459061854, 38.90515013033238], [-77.09170789144103, 38.90514613472328], [-77.09170244806381, 38.90514483278437], [-77.091687131769, 38.90514036765228], [-77.09168088068957, 38.90513854386156], [-77.09166507539749, 38.90513035865909], [-77.0916476550049, 38.90512136396937], [-77.0916291951537, 38.905110928755235], [-77.0916185884523, 38.90510195574207], [-77.09161546069939, 38.905099318746345], [-77.09160276374485, 38.90508761783884], [-77.09158799203541, 38.905076278890654], [-77.09158081341546, 38.90507038404449], [-77.09157252685542, 38.90506358923066], [-77.09155728983278, 38.905049007634894], [-77.09154435792331, 38.9050338837295], [-77.09153235111377, 38.90502092110349], [-77.091519771095, 38.905010481265116], [-77.09150949572377, 38.90499913878453], [-77.09150083429955, 38.90498770495542], [-77.0914945650765, 38.904980710372136], [-77.09149032789247, 38.904976002319785], [-77.09148633237872, 38.90497095176051], [-77.09148005045118, 38.90496303833401], [-77.09146977151187, 38.90494890326202], [-77.09146585683109, 38.904943951730644], [-77.09145914763107, 38.90493548912769], [-77.0914559282254, 38.90493329360889], [-77.09144449299824, 38.90492550132297], [-77.09142834410486, 38.90491902794498], [-77.091415426216, 38.9049148041258], [-77.09140458054429, 38.904908236511254], [-77.09139304151972, 38.90490040826807], [-77.09138184790542, 38.904892219419274], [-77.09137065498611, 38.90488457107028], [-77.09135704490677, 38.904879987451785], [-77.09134044040964, 38.904877838429144], [-77.09132432183773, 38.90487702226113], [-77.09132118574823, 38.90487686256213], [-77.09131766869501, 38.90487630679312], [-77.09130481125594, 38.90487426293683], [-77.09129398525809, 38.90487404618816], [-77.09129189845555, 38.904874002777056], [-77.0912762213522, 38.90487581669766], [-77.0912588102912, 38.90487402862787], [-77.09124797074789, 38.904872235423106], [-77.09124648349835, 38.90487222757633], [-77.09123794042276, 38.90487215317312], [-77.09122871816305, 38.90487288104344], [-77.09121603790119, 38.90487415211441], [-77.09120335694777, 38.904874882683075], [-77.0911948314937, 38.90487957368377], [-77.09119295822464, 38.904884232466515], [-77.0911914986857, 38.904887863973606], [-77.09119068096888, 38.90488852222192], [-77.09118504902146, 38.90489300377114], [-77.09118178696494, 38.9048935107851], [-77.09117398338825, 38.9048947239951], [-77.09115888341711, 38.90489707795099], [-77.09115335580348, 38.904902009835084], [-77.09114886460027, 38.90490600404124], [-77.09114311277108, 38.90491591772115], [-77.09113413109786, 38.90492448266668], [-77.0911303173401, 38.904926314338056], [-77.09112491354885, 38.90492890395143], [-77.09111615013852, 38.904927829783595], [-77.09111267598989, 38.90492476064338], [-77.09111003287207, 38.90492242954026], [-77.09110864694291, 38.904920511841055], [-77.09110437365918, 38.90491459668308], [-77.0910965262419, 38.90490856720321], [-77.09108891527259, 38.90490713180042], [-77.09108119476541, 38.90491020066101], [-77.09107567097561, 38.90491813232124], [-77.09107528302744, 38.90492129455695], [-77.09107441578485, 38.90492831274293], [-77.09107450419424, 38.90493434827306], [-77.0910745420018, 38.90493687058349], [-77.09107367802945, 38.90493742076678], [-77.09106636309147, 38.904942101806], [-77.09106246690303, 38.90494258228588], [-77.09104941812369, 38.90494418693512], [-77.09103304535049, 38.904942938523924], [-77.09102727629232, 38.904939366701356], [-77.09102358410782, 38.904937090463804], [-77.09102057427093, 38.904927453867025], [-77.0910212507211, 38.90491547222548], [-77.0910230801841, 38.90490357976914], [-77.09102727070949, 38.90489885612519], [-77.09102987251141, 38.90489591737363], [-77.09104035468549, 38.904888702520296], [-77.09104979671963, 38.904879506638125], [-77.09105324126868, 38.904868423674635], [-77.09105345908364, 38.90485842422874], [-77.0910532375723, 38.904856496613014], [-77.09105241020654, 38.90484959685642], [-77.09104894105045, 38.9048414019553], [-77.09104201745838, 38.90483654283814], [-77.09103163759038, 38.90483357816867], [-77.0910211876414, 38.90482990189265], [-77.0910186039911, 38.90482899406148], [-77.09101298498037, 38.90482554823827], [-77.09100406611068, 38.90482008711328], [-77.09098802969801, 38.90481136149747], [-77.09098664606101, 38.904811236458066], [-77.09096912000913, 38.90480966463524], [-77.09095482098878, 38.90480724351193], [-77.0909428245467, 38.90480229825452], [-77.09093059580432, 38.90479600192318], [-77.09091548872723, 38.90479277067181], [-77.09090517879095, 38.90479039147989], [-77.09090188053143, 38.90478962833586], [-77.09089936674677, 38.90478926094912], [-77.09088769726623, 38.904787567448544], [-77.09087140559024, 38.904786598210656], [-77.09086821182655, 38.9047864115193], [-77.09084999354064, 38.904784443849266], [-77.09083650488377, 38.90478463450481], [-77.09083490231205, 38.90478459971741], [-77.09082486028721, 38.904784373307415], [-77.09080871859257, 38.90478348501941], [-77.09079165137075, 38.90478007510847], [-77.09077827043731, 38.90477432015797], [-77.09076915338714, 38.90476712055611], [-77.0907615333841, 38.90475856853698], [-77.09075379511322, 38.90474767443635], [-77.09074674766515, 38.904736059130045], [-77.09074350546149, 38.90472498136917], [-77.09074095809015, 38.90471633532492], [-77.09073777969836, 38.90471010401042], [-77.09073668172068, 38.90470796087416], [-77.0907299830124, 38.90469859738524], [-77.09072420455925, 38.90468761167696], [-77.09071796655411, 38.904677887495204], [-77.09071467758535, 38.904675358700686], [-77.09071069621564, 38.90467230795898], [-77.09070147042524, 38.90467024319975], [-77.09069259268004, 38.90466988975744], [-77.09068302113666, 38.90466791534871], [-77.09067701932923, 38.90466260507645], [-77.09067599873566, 38.904657849456], [-77.0906755116342, 38.904655579728015], [-77.0906754161389, 38.90465301242035], [-77.09067515465773, 38.904646841898625], [-77.09067458022335, 38.904639356399606], [-77.09067433423348, 38.90463630275743], [-77.09067432346893, 38.90462783490999], [-77.090673674894, 38.90462551125719], [-77.09067235461758, 38.904620809919386], [-77.09066577613903, 38.90461531992694], [-77.09065608587962, 38.90461064310096], [-77.09064805767692, 38.90460745136352], [-77.09064455110655, 38.90460605778885], [-77.09064217497851, 38.90460514077995], [-77.09063267046695, 38.90460147274392], [-77.09062277414442, 38.9045979401364], [-77.09062032890051, 38.904597068222444], [-77.09060925242834, 38.90459023046208], [-77.09060117119176, 38.90458158870634], [-77.0905979959876, 38.904577852700406], [-77.09059320433099, 38.90457222619281], [-77.09058258696325, 38.90456376656952], [-77.09057151004232, 38.904556568471556], [-77.09055928183234, 38.90455063243498], [-77.09055388272728, 38.90454782601244], [-77.09054786064908, 38.90454469577162], [-77.0905439034266, 38.90454249179106], [-77.09053701579958, 38.904538668577], [-77.0905250193173, 38.904533633193], [-77.09051431652217, 38.90453052459393], [-77.0905104875028, 38.9045294105241], [-77.09050610493519, 38.90452817076601], [-77.09049364922006, 38.904524649138594], [-77.09048251870344, 38.904520631023814], [-77.09047796268894, 38.904518986022886], [-77.09047560961233, 38.9045180599844], [-77.0904663126529, 38.90451440078243], [-77.09045743104402, 38.90451098448372], [-77.09044615178652, 38.904507858308065], [-77.09044220750303, 38.90450676234194], [-77.09043841306128, 38.90450563923468], [-77.09042248563057, 38.90450092217555], [-77.09040103236886, 38.9044934618412], [-77.09037784771994, 38.90448438133799], [-77.09036315160918, 38.904477861646726], [-77.09035616115084, 38.9044747591701], [-77.09035198525396, 38.90447284361956], [-77.09033597380244, 38.90446549617318], [-77.09031544127633, 38.90445677394113], [-77.09029721282636, 38.904446698671], [-77.09028765987767, 38.90444116591424], [-77.09027794541176, 38.904435543197955], [-77.09026984598599, 38.904430702960056], [-77.09025671615164, 38.90442285781658], [-77.09023445066533, 38.90441125423458], [-77.0902151838398, 38.904400549168585], [-77.09020250545538, 38.90439413599921], [-77.09019580287017, 38.904390745023235], [-77.09019250270038, 38.90438845043984], [-77.09018091749259, 38.904380396903115], [-77.0901714485366, 38.904368333012705], [-77.09016439905726, 38.904355006084195], [-77.09015735345193, 38.904344741993874], [-77.0901497393738, 38.90434078419208], [-77.09014132749552, 38.90434412377508], [-77.09013141913704, 38.904349266183495], [-77.09012228979073, 38.90435048935457], [-77.0901212754189, 38.90435062526243], [-77.09011135761227, 38.904348290739584], [-77.09010515158599, 38.90434553896882], [-77.09010039901982, 38.904343434678495], [-77.09008620972276, 38.90433650918532], [-77.09007546919304, 38.90433086922657], [-77.09006959708663, 38.904327783887176], [-77.09005367402686, 38.90431734646718], [-77.09003890340547, 38.904306547822515], [-77.09002067457821, 38.904296112175004], [-77.0900164983028, 38.904293881320186], [-77.0900009468879, 38.904285587595744], [-77.0899820258841, 38.904274792141074], [-77.08996206796871, 38.90426453798327], [-77.08993957438756, 38.90425482627562], [-77.08991742622453, 38.904244753963454], [-77.08989320207576, 38.904234052659355], [-77.08988243854175, 38.90422843071724], [-77.0898704752122, 38.904222179111976], [-77.08984832479972, 38.90421030511684], [-77.0898435601766, 38.90420776842415], [-77.08982582841503, 38.90419834129991], [-77.08980263951207, 38.9041857474259], [-77.08977852694751, 38.90417207325407], [-77.0897592365398, 38.90416084564585], [-77.08975395244428, 38.90415776884713], [-77.08974909490577, 38.90415468271211], [-77.0897316839494, 38.90414364283096], [-77.08971160866544, 38.90413167713234], [-77.08970226268933, 38.90412563970052], [-77.0896934936334, 38.904119980176034], [-77.08968406737746, 38.9041142761136], [-77.08967445652556, 38.90410846409179], [-77.0896523065206, 38.90409686030974], [-77.08963004157398, 38.904085526862374], [-77.0896164634594, 38.90407864588478], [-77.08960927640317, 38.9040750030126], [-77.08960274684281, 38.90407163889482], [-77.08959058756238, 38.9040653784027], [-77.0895799165234, 38.90405992752042], [-77.0895742060794, 38.90405701319085], [-77.08955851644403, 38.904048737529955], [-77.08955428313023, 38.90404696612851], [-77.08953763826767, 38.90404001542563], [-77.08952038065003, 38.90403168691112], [-77.08951583552819, 38.9040294923544], [-77.0895083714734, 38.90402559745419], [-77.08949460855882, 38.904018428336514], [-77.0894732661947, 38.90400727431955], [-77.08945679222575, 38.90399868395308], [-77.08945238532965, 38.903996390196106], [-77.08944842799059, 38.90399404204461], [-77.08943404081431, 38.90398550412725], [-77.08942076096275, 38.903977406770174], [-77.08941708044203, 38.90397515749766], [-77.08940928118147, 38.90397056019574], [-77.0894015050021, 38.90396598089231], [-77.08939367140543, 38.90396158179947], [-77.0893854686388, 38.90395698480471], [-77.08936770272966, 38.90394780987078], [-77.08935705521172, 38.903942701267674], [-77.08934820727548, 38.903938456089705], [-77.08932905791674, 38.903929282207905], [-77.08932055712329, 38.90392605470684], [-77.08930725806152, 38.903921011184906], [-77.08929360164201, 38.903915994959675], [-77.08928522786049, 38.90391292050107], [-77.08926700285168, 38.90390536740715], [-77.08926045155043, 38.90390303023958], [-77.08924935586569, 38.903899075038936], [-77.08923709550095, 38.903894904526204], [-77.08923032519922, 38.903892603557686], [-77.08921164085135, 38.90388649214325], [-77.08920455893521, 38.903883921160435], [-77.08919284031745, 38.90387966014585], [-77.0891730001665, 38.90387120743444], [-77.08916895142396, 38.903869507945], [-77.08915304484479, 38.903862844891144], [-77.08913389823311, 38.90385583298116], [-77.08911533076696, 38.903850982632285], [-77.08910277206465, 38.90384792936945], [-77.08909872421398, 38.90384694153721], [-77.08909484944188, 38.90384607068151], [-77.08908234868908, 38.90384326059795], [-77.08906274498659, 38.90383949203388], [-77.08904740289702, 38.90383247720929], [-77.08903839771928, 38.90382230462784], [-77.08903420500351, 38.90381609205587], [-77.08903158312954, 38.90381222045986], [-77.08902974721595, 38.90380995175264], [-77.0890240778254, 38.90380294757008], [-77.08901484432701, 38.90379457683242], [-77.0890026137919, 38.903786568711624], [-77.08898784624915, 38.90377802202051], [-77.0889737702132, 38.90376929463375], [-77.08895831196075, 38.903761559217195], [-77.08893801172958, 38.90375391756833], [-77.08891759643933, 38.90374645617068], [-77.08890473510718, 38.903741069952], [-77.08889891002342, 38.90373863311958], [-77.08889565632138, 38.90373656367294], [-77.08888402609261, 38.90372918566797], [-77.08886856482826, 38.903719017985004], [-77.08885517807714, 38.90370830822062], [-77.0888422523693, 38.90369750802052], [-77.08882471447805, 38.9036861708242], [-77.08880360177227, 38.903674115673965], [-77.08878525912075, 38.903664580755134], [-77.08876853364254, 38.9036575669451], [-77.0887562380661, 38.90365283789031], [-77.08875100148917, 38.90365082399619], [-77.08873945581242, 38.90364651776284], [-77.0887322008374, 38.9036438117574], [-77.08871109454573, 38.903636891349876], [-77.08868630229792, 38.90363258616077], [-77.08866622780847, 38.90363027724151], [-77.08866531690072, 38.903630169832525], [-77.08866381803658, 38.90363007187814], [-77.08864802228065, 38.90362901187029], [-77.08863386316362, 38.90362759028431], [-77.08863107285285, 38.903627313142074], [-77.08861423770637, 38.90362480357244], [-77.08861077834632, 38.903624220653036], [-77.08859451936029, 38.90362148543458], [-77.08857456697284, 38.90361537487962], [-77.08856095205859, 38.903606557009724], [-77.08855206360835, 38.903597465305], [-77.08854933233975, 38.903589026543074], [-77.08854893887431, 38.90358782872961], [-77.08854856819788, 38.90358641469824], [-77.08854604326268, 38.90357702089383], [-77.08853992004468, 38.90356657583842], [-77.08853195412689, 38.903557663600125], [-77.08852099274503, 38.90355037513561], [-77.08851160219456, 38.90354543666154], [-77.08850645700197, 38.903542729043586], [-77.08850010086489, 38.903539680025084], [-77.08848753854473, 38.903533644932025], [-77.08846481336714, 38.903522762028246], [-77.08845446680866, 38.903518526925474], [-77.08843978322703, 38.903512511450046], [-77.08842693400437, 38.90350753054559], [-77.08841844475252, 38.903504239911506], [-77.08840022127963, 38.903497767683824], [-77.0883936125233, 38.90349552960301], [-77.08838165217067, 38.90349147588198], [-77.08837821497238, 38.903490163261836], [-77.08836446618048, 38.90348491278024], [-77.08835030251181, 38.90347978872781], [-77.08834681926659, 38.9034785301917], [-77.08834295544996, 38.903477172851346], [-77.08832709651138, 38.90347160866845], [-77.08830760221602, 38.90346297538094], [-77.0882883374968, 38.90345353116443], [-77.0882699964202, 38.90344516724987], [-77.08825419189463, 38.90343698158351], [-77.08824618578542, 38.90343281676107], [-77.08823723371835, 38.90342816620119], [-77.0882328159251, 38.9034263228242], [-77.08821543314019, 38.903419084222186], [-77.08819420933882, 38.90341027205449], [-77.0881806884556, 38.9034028413563], [-77.08817701982193, 38.90340082625287], [-77.08816179008372, 38.90339128888629], [-77.08815358819683, 38.90338728635566], [-77.08814667830862, 38.9033839134348], [-77.08814161458851, 38.90338180929928], [-77.08813456690197, 38.90337887789129], [-77.0881266550728, 38.90337636151919], [-77.08812268762975, 38.90337510334165], [-77.08810296870796, 38.90337124461963], [-77.08808128867985, 38.9033663964534], [-77.08806110516575, 38.903359745483264], [-77.08804264907498, 38.90335156178685], [-77.08802407881277, 38.90334427900941], [-77.08800550966578, 38.90333789706405], [-77.0879833670608, 38.90333187814141], [-77.08796534109287, 38.90332656777533], [-77.08796110850578, 38.903325318800306], [-77.08795784450966, 38.903324213229624], [-77.08794438485405, 38.90331965612446], [-77.08792916104979, 38.90331489315323], [-77.08792590899424, 38.90331412088198], [-77.08791405397814, 38.903311301178924], [-77.08791207063778, 38.90331097837047], [-77.08790459853647, 38.903309776872874], [-77.08789641314189, 38.90330978303156], [-77.08788310787257, 38.903308883196985], [-77.08788188572781, 38.90330880304109], [-77.08788165510897, 38.90330876718114], [-77.08785997704561, 38.90330548642681], [-77.08784347481532, 38.90330174235048], [-77.08783979612086, 38.90330090733909], [-77.08782631516121, 38.90329776454868], [-77.08782284401742, 38.90329695640582], [-77.08780750793306, 38.903294625760104], [-77.08779067599849, 38.90329463840987], [-77.08777557913665, 38.90329933410038], [-77.08775771449247, 38.90330331119928], [-77.08773754698238, 38.90330963219834], [-77.08772740809731, 38.903314837635484], [-77.08772049521575, 38.90331838311142], [-77.08770586636085, 38.903328663624094], [-77.08768881635773, 38.90333885586859], [-77.08767049508917, 38.90334652672406], [-77.08765858821305, 38.90334840939744], [-77.0876538969273, 38.90334915160283], [-77.08764628054846, 38.9033431217165], [-77.08764488680683, 38.90333474498822], [-77.08764540939116, 38.90332844775317], [-77.0876456819741, 38.90332510544748], [-77.08764790060933, 38.90331988794308], [-77.08765062504706, 38.90331348095577], [-77.08765440975047, 38.903306766888655], [-77.0876578723132, 38.9033005935647], [-77.08766310673371, 38.90329151821943], [-77.08766535004055, 38.9032876159166], [-77.08766941170725, 38.903281126850125], [-77.0876730591145, 38.903275268679536], [-77.08767456388475, 38.90327079940411], [-77.08767707943927, 38.90326328454471], [-77.08767758915174, 38.90325589730765], [-77.08767787227605, 38.90325175324991], [-77.08767463183443, 38.903241666319545], [-77.08766758824734, 38.903232663246136], [-77.087657085606, 38.903223302433325], [-77.08764818980814, 38.90321748069922], [-77.0876420862173, 38.9032134945751], [-77.08763763376702, 38.90321157012634], [-77.0876202853379, 38.903204052150684], [-77.08760326209493, 38.903198470725826], [-77.0875991792843, 38.90319713154174], [-77.0875864469796, 38.90319338460222], [-77.08758084200447, 38.90319174027448], [-77.08756204479556, 38.903187340268545], [-77.08754703027547, 38.90318397338633], [-77.08754244057967, 38.90318294086435], [-77.08752237665507, 38.90317971288794], [-77.08751880245848, 38.903179472339836], [-77.08749966323, 38.90317819848077], [-77.08747937160705, 38.90317731284095], [-77.08745908131004, 38.903177508199725], [-77.08743892763462, 38.903176298148644], [-77.08743694454309, 38.90317617351582], [-77.08743587224116, 38.90317606621805], [-77.0874168820603, 38.903174116606955], [-77.0873963364107, 38.903172906841846], [-77.08739428414718, 38.90317278226004], [-77.08737249578189, 38.903173519225994], [-77.0873699134849, 38.90317362925753], [-77.08735324384112, 38.90317434437493], [-77.08734056289663, 38.90317486733252], [-77.08733779615129, 38.903174986509605], [-77.08733630912508, 38.90317513175502], [-77.0873313408497, 38.903175621920425], [-77.08732476926836, 38.903175446665536], [-77.08731208328422, 38.903171852803595], [-77.08729628378016, 38.90316763068168], [-77.08727968002445, 38.903165661248295], [-77.08726388680547, 38.9031665738821], [-77.08726365631958, 38.90316664612116], [-77.08724982718874, 38.90317099847919], [-77.08723945829762, 38.9031766814889], [-77.08722839911486, 38.903183536099796], [-77.08722790354572, 38.903183671595215], [-77.08721410825756, 38.90318742036365], [-77.08719864717389, 38.9031865400772], [-77.08719692927568, 38.90318644226748], [-77.08717790779343, 38.90318717713195], [-77.08717584439746, 38.903187376855584], [-77.08715831130641, 38.90318908350896], [-77.087144618165, 38.90319151697258], [-77.08714355775527, 38.90319170693909], [-77.0871382631344, 38.90319873740856], [-77.08713320238786, 38.90320847021111], [-77.08712387172616, 38.903214692937695], [-77.0871147647058, 38.903215240230516], [-77.08710703452992, 38.90321038148053], [-77.08710002081793, 38.903206900474785], [-77.08709815203422, 38.90320597400702], [-77.08709709094211, 38.903205605455355], [-77.08709273123165, 38.903204086292874], [-77.08708673806332, 38.90320553209803], [-77.08708298160717, 38.903207093344314], [-77.08707913296516, 38.90320869069265], [-77.08707163974452, 38.90320905661197], [-77.08707025502387, 38.903208012674334], [-77.08706552392118, 38.903204466906836], [-77.0870581392812, 38.90319933764528], [-77.08705698634449, 38.90319928445428], [-77.08704787818228, 38.903198894873356], [-77.08703612175918, 38.90320124580591], [-77.08702597847505, 38.90320287486689], [-77.08701837337442, 38.90320603345756], [-77.08701076959186, 38.90321027304981], [-77.08700247375613, 38.90321424290621], [-77.086994118562, 38.90321680750219], [-77.08699394569727, 38.903216861681], [-77.08698668304949, 38.90321722742326], [-77.0869780351989, 38.90321615285885], [-77.08697534754869, 38.903214956748], [-77.08696973002468, 38.90321246561455], [-77.08696522624984, 38.90320625319939], [-77.08696682840713, 38.90319652297883], [-77.08696474203738, 38.903187336005516], [-77.08695678097124, 38.90318220716664], [-77.08694963295501, 38.90318203231971], [-77.08694294971036, 38.903184829884935], [-77.08693200183251, 38.9031884413756], [-77.08692531430516, 38.903187725682955], [-77.08692304335887, 38.90318789853148], [-77.08691447831028, 38.90318854449739], [-77.08690064605898, 38.903190356459056], [-77.08689199404294, 38.903185858714885], [-77.0868910612118, 38.90317721138384], [-77.08689381646826, 38.90316766047376], [-77.08689864721926, 38.90315837827056], [-77.0869007401967, 38.903154070718], [-77.08690359215844, 38.9031481951463], [-77.08690625068908, 38.903144418666116], [-77.08690923145228, 38.903140173511495], [-77.08691057883908, 38.90313896538899], [-77.08691625627397, 38.90313386243389], [-77.08691809252281, 38.90312701471466], [-77.08691474054064, 38.903119909613], [-77.08690712325007, 38.90311305991829], [-77.08690353338152, 38.90310941420319], [-77.086899043178, 38.90310486832179], [-77.08689165471948, 38.90309658612669], [-77.08688722323627, 38.90309292302034], [-77.08688184545743, 38.903088485898664], [-77.08687053680997, 38.90307984628318], [-77.08685957479366, 38.90307183699402], [-77.0868486120121, 38.903063197119224], [-77.08683660912924, 38.90305248609386], [-77.0868297084739, 38.90304714926576], [-77.0868238002292, 38.9030425864186], [-77.08680765152366, 38.903035571898634], [-77.08679790599582, 38.90303246224729], [-77.08679300439958, 38.903030898434324], [-77.08677997458027, 38.90302892627472], [-77.08677205130907, 38.90302640981931], [-77.086768095438, 38.903025151587116], [-77.08675517729168, 38.903020206583186], [-77.08674303647622, 38.903019296745626], [-77.08674203339363, 38.90301922542356], [-77.08672624195255, 38.90302157932092], [-77.08672401661102, 38.90302132873881], [-77.08671448105805, 38.90302023679715], [-77.08670674994501, 38.90301456726883], [-77.08669751594468, 38.90300547567875], [-77.08668482257805, 38.90299575606965], [-77.08667630451, 38.902987609824365], [-77.08667362673826, 38.9029850444286], [-77.08666370595087, 38.90298000710708], [-77.08665517604713, 38.902981094437564], [-77.08664549776238, 38.90298587604656], [-77.08663178214314, 38.902988768893174], [-77.08662058790011, 38.9029888582689], [-77.0866187548521, 38.90298886863635], [-77.08660365207166, 38.902988699665876], [-77.08660240683275, 38.90298858348029], [-77.08658554997739, 38.90298700149531], [-77.08656928951966, 38.90298286970027], [-77.08655786870095, 38.902976752478175], [-77.08655151929655, 38.90296964057831], [-77.08654321056628, 38.90296298054758], [-77.08652959897819, 38.902956594694764], [-77.08652314336128, 38.90295695981047], [-77.0865069820044, 38.90295848518309], [-77.08650481485512, 38.9029586849717], [-77.08650273990241, 38.90295885766696], [-77.08648590969614, 38.90296023038982], [-77.08646954987137, 38.90295971100659], [-77.08646654076882, 38.90295961414181], [-77.08644763047748, 38.90295692562848], [-77.08644342152024, 38.902956108982195], [-77.08642871898692, 38.90295324619347], [-77.08641026853584, 38.90294947633075], [-77.08639031925107, 38.90294561748993], [-77.0863688700421, 38.90294076883504], [-77.08634211786841, 38.90293610426275], [-77.08631559594444, 38.90293116926344], [-77.08629368527143, 38.90292605068486], [-77.08628936079141, 38.902925035934466], [-77.08627304308125, 38.902921201416284], [-77.08626999875179, 38.90292057307921], [-77.08625609169951, 38.902917700672965], [-77.08623937361541, 38.90291645184489], [-77.0862234736531, 38.90291486009297], [-77.0862224244143, 38.902914752767074], [-77.08621754580892, 38.90291311684612], [-77.08620846907294, 38.90291007871886], [-77.08619716314796, 38.90290360104227], [-77.08618779742476, 38.90289992353311], [-77.08618159205678, 38.90289748684546], [-77.08616567597912, 38.90289209356978], [-77.08614883782903, 38.90288688113907], [-77.086135458278, 38.902881666155956], [-77.08612553699915, 38.90287617837107], [-77.08611722940711, 38.902870419145074], [-77.08610753870424, 38.90286493118868], [-77.0860890865534, 38.902859719938974], [-77.08608421961402, 38.90285819210416], [-77.08607420893945, 38.90285504655435], [-77.08607247894605, 38.90285447129394], [-77.08606798096766, 38.90285297922005], [-77.08606211101484, 38.90285143410656], [-77.0860601389851, 38.90285091307438], [-77.0860456096251, 38.90284822126869], [-77.08604276137471, 38.902847664848174], [-77.08602958099841, 38.90284508014728], [-77.08601701147849, 38.90284235986969], [-77.08601424387489, 38.90284175834731], [-77.08601118792468, 38.902841048936835], [-77.08599752266322, 38.90283789706262], [-77.08597907172184, 38.90283367671416], [-77.08596200422039, 38.902829455344836], [-77.08594447524938, 38.90282496406173], [-77.08592567747853, 38.90281993320764], [-77.0859066492459, 38.90281499260353], [-77.08588762079886, 38.902809871829334], [-77.08586985179633, 38.90280709229983], [-77.08586525100002, 38.90280637501265], [-77.08586093863671, 38.90280583768053], [-77.08584288207064, 38.902803598859855], [-77.08582339432813, 38.90280000983383], [-77.08580332874692, 38.902795250142134], [-77.08579775860335, 38.90279374983698], [-77.08578268576122, 38.90278968011865], [-77.08577705846277, 38.90278858523067], [-77.08575731679441, 38.90278474414592], [-77.08573229347378, 38.90277962774687], [-77.08572712707353, 38.90277832532594], [-77.08571095899633, 38.90277423838533], [-77.08570580382245, 38.90277268372117], [-77.0856915838494, 38.902768397164714], [-77.08567347674746, 38.90276246492743], [-77.0856590262057, 38.90275817853614], [-77.0856556009785, 38.90275716310287], [-77.08563461280521, 38.90275213380786], [-77.08562963100741, 38.90275094835601], [-77.08561385531571, 38.90274719442361], [-77.08559482831308, 38.90274324468743], [-77.08557822146089, 38.90273857250651], [-77.08556438148251, 38.902733898296745], [-77.08555644525651, 38.902730129606276], [-77.08555434584625, 38.902729131215864], [-77.08555117334423, 38.902727358892214], [-77.0855458089332, 38.90272436303663], [-77.08553900099176, 38.90271932334004], [-77.08552945137625, 38.902716069305555], [-77.08552712164267, 38.902715278275465], [-77.08552464280388, 38.90271512694808], [-77.08551109566054, 38.90271429908731], [-77.08549680426385, 38.90271773272387], [-77.08548378360618, 38.90272332743516], [-77.08547260795918, 38.902729281129574], [-77.08546096838036, 38.90273291100549], [-77.08546073789412, 38.90273298324094], [-77.08545979269738, 38.90273311004944], [-77.08544944166947, 38.902734522925044], [-77.08543981554223, 38.90273476418283], [-77.08543837450637, 38.90273480127012], [-77.08543551501722, 38.9027344790604], [-77.08542315466224, 38.90273310081156], [-77.0854054095632, 38.90273099682091], [-77.08540124713402, 38.902730504404005], [-77.08537760998928, 38.902727639005576], [-77.0853577751385, 38.90272296915235], [-77.08533817000067, 38.902717578459146], [-77.08533386857185, 38.902716536631424], [-77.08531891158665, 38.90271290817824], [-77.08531464502441, 38.902712100541706], [-77.08531418377156, 38.902712010794936], [-77.08531316903677, 38.90271183136876], [-77.0852970024526, 38.90270896049833], [-77.08529174377173, 38.90270760407534], [-77.08527578320779, 38.90270348088956], [-77.08526354739334, 38.90270019276062], [-77.08525940728128, 38.90269907874557], [-77.08525615561648, 38.902698585658754], [-77.08524349487021, 38.90269665810018], [-77.08522689085038, 38.90269432804082], [-77.08521456338119, 38.902691517416706], [-77.0852107463624, 38.90269064638995], [-77.085207585905, 38.902689297441135], [-77.0852008266877, 38.90268641969567], [-77.08519851364615, 38.90268029569781], [-77.0851973516381, 38.90267263943932], [-77.08519181122898, 38.902667058296515], [-77.08518672457883, 38.90266494504114], [-77.08518316045995, 38.90266346126056], [-77.08517024238134, 38.9026584259975], [-77.08516366627116, 38.902654413063054], [-77.08515697478951, 38.90265032814541], [-77.08515316495765, 38.90264581773413], [-77.08514785427684, 38.90263952476132], [-77.08514150138726, 38.90262934994469], [-77.08514075056488, 38.90262812535492], [-77.08513734302177, 38.902622596705235], [-77.0851360849083, 38.902621345460034], [-77.08513214901714, 38.9026174657251], [-77.08512153592046, 38.90261179819173], [-77.08510250844391, 38.90260739795762], [-77.0850848659073, 38.90260425788213], [-77.08507183879176, 38.90260444753636], [-77.08505973654306, 38.902606798522164], [-77.08505423925371, 38.90260836097086], [-77.08504544589805, 38.90261086268819], [-77.08503104125393, 38.90261600793865], [-77.08501859679419, 38.90262142201164], [-77.08501788220268, 38.902621575673784], [-77.08500407449812, 38.90262458550518], [-77.08498737116737, 38.90262596692833], [-77.08498539996752, 38.9026261305128], [-77.08498422427415, 38.9026263205436], [-77.08496926301895, 38.90262875467498], [-77.08495820091333, 38.90263326690011], [-77.08495361799596, 38.9026378644964], [-77.08495002535899, 38.90264147045283], [-77.08494335907555, 38.90264885314682], [-77.08494139026715, 38.902651025593016], [-77.08493494679071, 38.902661570058854], [-77.08493149957427, 38.90267112142649], [-77.08492205564949, 38.90267914573209], [-77.08490984227906, 38.90268501004341], [-77.08490000863074, 38.90268524239919], [-77.08489819869038, 38.90268528875633], [-77.08489415412991, 38.90267727425515], [-77.08489400212423, 38.90267548170204], [-77.08489356976497, 38.90267060849352], [-77.08489333050836, 38.902663311895886], [-77.08489377953812, 38.902653132122886], [-77.08489120177323, 38.90264735062904], [-77.08489019612463, 38.902645117286504], [-77.08487981543776, 38.90264098098352], [-77.08487813203458, 38.90264079303104], [-77.08486955357526, 38.902639817352075], [-77.08485918017786, 38.9026418067267], [-77.08484811806316, 38.90264631894142], [-77.0848357874776, 38.90265056182536], [-77.08483479622002, 38.90265073370405], [-77.08482149488285, 38.9026530044606], [-77.08480801839858, 38.90265341061229], [-77.08480604706902, 38.902653466093504], [-77.08479255837057, 38.90265329571727], [-77.08479218941194, 38.90265325995161], [-77.08478610159435, 38.90265266981827], [-77.08477602584912, 38.90265290233929], [-77.08477411215189, 38.90265294876981], [-77.08475497357409, 38.902652061820085], [-77.08475318648831, 38.902651936999575], [-77.08473283680678, 38.90265054645665], [-77.0847111036384, 38.902649111871675], [-77.08470712595485, 38.90264885351342], [-77.08470319426804, 38.90264849602974], [-77.0846825673242, 38.9026466192277], [-77.0846625283409, 38.902644741995935], [-77.08465870041215, 38.9026443844356], [-77.08465463055356, 38.90264417118412], [-77.08463379699495, 38.90264305122541], [-77.08461240903743, 38.902641066862], [-77.08460773943463, 38.90264063784267], [-77.08460265442773, 38.90263989383137], [-77.08458260266998, 38.902636962617045], [-77.0845602335233, 38.90263391596801], [-77.08454843947159, 38.9026336902868], [-77.08454674472235, 38.902633655479896], [-77.0845303715257, 38.902631505321644], [-77.08452568871952, 38.902629661996095], [-77.08451849150138, 38.90262682956983], [-77.08451584812907, 38.90262402988224], [-77.08451237365088, 38.902620347976566], [-77.08450874772146, 38.90261533294305], [-77.08450625345358, 38.90261188454546], [-77.08450199419842, 38.90260750055506], [-77.0844964421814, 38.90260180227897], [-77.08448236564676, 38.90259199334692], [-77.08446529637162, 38.90258615025538], [-77.0844488089687, 38.902584901004296], [-77.08444672238672, 38.902584983587815], [-77.08443278495008, 38.90258554317159], [-77.08441886770254, 38.90258367949025], [-77.08441606580307, 38.90258330316377], [-77.08441382910398, 38.90258317866293], [-77.08440142351189, 38.90258250299075], [-77.08438897453405, 38.902584133488745], [-77.08438046863802, 38.90258601337156], [-77.0843762963687, 38.902586935237736], [-77.08437509728697, 38.902586846020164], [-77.08436142307896, 38.902585774892124], [-77.08434862344777, 38.90258335187708], [-77.08434851966904, 38.90258333393528], [-77.08433882221394, 38.90258173744843], [-77.08432844348526, 38.9025792225998], [-77.0843253067989, 38.90257845915335], [-77.08431552771843, 38.90257607899615], [-77.08430226833038, 38.90257482739459], [-77.0842921259245, 38.90257717688661], [-77.08428775133432, 38.90258249497526], [-77.08428603649907, 38.902584973511495], [-77.08428418353328, 38.902587632314514], [-77.08428100418122, 38.90258978760623], [-77.08427899981046, 38.902591149314574], [-77.08427370261037, 38.90259619781753], [-77.08427054651712, 38.902598524251005], [-77.0842657547869, 38.90260205898447], [-77.08425515655186, 38.90260891298201], [-77.08424502052323, 38.90261666748126], [-77.08423511389451, 38.9026234308946], [-77.08422774068724, 38.90262776022347], [-77.0842200204507, 38.902631098882395], [-77.08421279390183, 38.902632707579876], [-77.084212298299, 38.90263281603749], [-77.08419846310937, 38.902632105340786], [-77.08419578806647, 38.90263176495106], [-77.08418243588837, 38.90263004496811], [-77.08416811517971, 38.90262821758108], [-77.08416767702862, 38.90262816384657], [-77.08415211010376, 38.90262538246927], [-77.08413469658299, 38.90262089083141], [-77.08411670599648, 38.90261585910487], [-77.08409906169562, 38.90261118746066], [-77.08408361208085, 38.90261011757817], [-77.08407350469462, 38.90261284537711], [-77.08407323962145, 38.90261291763475], [-77.08406748041129, 38.902617245791916], [-77.08406056536653, 38.9026190524398], [-77.08405926272879, 38.90261913445231], [-77.08405007507129, 38.90261969057271], [-77.08403707163353, 38.90262041158774], [-77.08403520411483, 38.90262051202307], [-77.08401675790832, 38.90262016495597], [-77.08399831085333, 38.902619097217844], [-77.08399500149417, 38.902618550087304], [-77.08397928492893, 38.9026159579701], [-77.08396445539996, 38.90261279768665], [-77.08396118044689, 38.90261209738827], [-77.0839552041407, 38.902608291147004], [-77.08394929707036, 38.90260453890584], [-77.08394497939054, 38.90259946129343], [-77.08394179308404, 38.902595716105175], [-77.08393417466152, 38.902587614055044], [-77.08392494202364, 38.902579332996794], [-77.08391965741733, 38.90257550824005], [-77.08391398052105, 38.90257141351408], [-77.08390106095929, 38.90256502685776], [-77.08388822690999, 38.90256272993398], [-77.08388549405862, 38.902562245444905], [-77.08386958479645, 38.90256243703455], [-77.0838672099463, 38.90256247477287], [-77.0838521769214, 38.90256271978129], [-77.08383361396245, 38.90256111159868], [-77.08381916632432, 38.90255916715131], [-77.08381562648195, 38.902558692247915], [-77.08379567966911, 38.90255672471775], [-77.08377296493468, 38.90255385833305], [-77.08376914807842, 38.902553104367776], [-77.0837516320478, 38.9025496396993], [-77.08373064396406, 38.90254451997853], [-77.08372449714702, 38.90254275874535], [-77.08370930886252, 38.90253840958303], [-77.08368993404923, 38.90253265811378], [-77.08367687871815, 38.90252844254462], [-77.08367044331904, 38.9025263662227], [-77.0836643885859, 38.902524478803365], [-77.08365141415884, 38.90252043433229], [-77.08363434444077, 38.902514140701655], [-77.08363109183442, 38.90251282780954], [-77.08361854276552, 38.90250775607726], [-77.08360470285484, 38.90250299155164], [-77.0836017506265, 38.90250221894542], [-77.08359305538458, 38.90249993704406], [-77.08358226090472, 38.90249677382475], [-77.08357771707657, 38.902495443838205], [-77.08357203142181, 38.90249369127543], [-77.08355961064181, 38.90248987160708], [-77.08355455910274, 38.902488154623335], [-77.08354184954015, 38.902483848708215], [-77.08353083593735, 38.902480613573935], [-77.08352685720206, 38.902479445331856], [-77.08352447007694, 38.90247884347847], [-77.08351717033773, 38.902477020000106], [-77.08350748421235, 38.90247522525222], [-77.08349180132257, 38.90247181328459], [-77.083477052598, 38.90246869792326], [-77.0834726591197, 38.90246777320143], [-77.08345351786753, 38.90246454386679], [-77.08343091972644, 38.90246275833552], [-77.08342743781881, 38.90246252660471], [-77.08340843718837, 38.90246124296812], [-77.08339086676705, 38.90246052583423], [-77.08338883764068, 38.902460446207385], [-77.08338549455028, 38.90246061975241], [-77.08336935548516, 38.90246145103157], [-77.08335044986374, 38.902462545524784], [-77.08332866041081, 38.90246220073431], [-77.08330727336455, 38.90246091878341], [-77.083303411014, 38.90246068732022], [-77.08328012095227, 38.90245872208594], [-77.08327655835573, 38.9024584994165], [-77.08325867620188, 38.902457386117064], [-77.08323988439402, 38.90245721934087], [-77.08322516211447, 38.90245699561248], [-77.08322305234095, 38.902456961081995], [-77.08320368389371, 38.90245661454354], [-77.08320159708278, 38.902456498921104], [-77.08318258521312, 38.902455458481505], [-77.0831674586668, 38.902454577423384], [-77.08316586760628, 38.90245447946408], [-77.08315987253093, 38.90245430356454], [-77.0831581317668, 38.90245434984545], [-77.08314903597417, 38.90245458152864], [-77.08313127922042, 38.90245225199189], [-77.08311505496158, 38.902449227718385], [-77.08311156103369, 38.90244857259379], [-77.0830880393602, 38.90244570664997], [-77.083082838688, 38.90244461132873], [-77.0830654377724, 38.90244094829157], [-77.0830473304476, 38.902434565229285], [-77.08302991400214, 38.90242746100436], [-77.08301422695222, 38.902420445631506], [-77.0830021143942, 38.90241396821864], [-77.0829957606789, 38.902412711562256], [-77.08299438846346, 38.90241244228633], [-77.08297709119176, 38.902408671062034], [-77.08297252474246, 38.90240770140246], [-77.08295725711059, 38.902404451218615], [-77.08293673016504, 38.90239924094409], [-77.08291631651859, 38.90239231899712], [-77.08289809341025, 38.90238548557584], [-77.08289150713878, 38.902382517490366], [-77.08288252166824, 38.90237847010345], [-77.08287921116695, 38.90237692301411], [-77.08286694961535, 38.90237118437843], [-77.08284987843273, 38.90236353938006], [-77.08284171073174, 38.90235883379976], [-77.08283268935276, 38.902353642372745], [-77.08282561519464, 38.90234749467834], [-77.08281734087423, 38.9023403208812], [-77.08280556468837, 38.902325645601614], [-77.0827986318636, 38.902312137975024], [-77.08279354528433, 38.90230007037724], [-77.08279091686224, 38.90229021709381], [-77.0827904189803, 38.902288361724416], [-77.08279008212172, 38.90228618193996], [-77.08278914132411, 38.90228016502195], [-77.0827884657358, 38.902274192957826], [-77.08278809308942, 38.902270977237286], [-77.08276274104949, 38.90227035560674], [-77.08261204690467, 38.902266687763614], [-77.08260943472138, 38.902270833456534], [-77.08260640823998, 38.902275610027516], [-77.08260647743217, 38.90227562799531], [-77.08260675420098, 38.90227569986653], [-77.0826058921255, 38.902277916532725], [-77.08260457024288, 38.90228128659415], [-77.0826029706211, 38.90228374700756], [-77.0826014630608, 38.902286063222085], [-77.08259893355797, 38.902291920444746], [-77.08259709681168, 38.90229867801358], [-77.08259456866418, 38.902305706321975], [-77.08259204030756, 38.90231255446329], [-77.08258997465758, 38.90232075353145], [-77.08259006358706, 38.9023278610648], [-77.08259010235531, 38.902331473389815], [-77.08258988294435, 38.90234111249035], [-77.0825848165276, 38.90234643100448], [-77.08258415951383, 38.902346530560884], [-77.08257732431308, 38.902347607387405], [-77.08256740807462, 38.90234617305862], [-77.08255645426526, 38.902344739462215], [-77.08254731256845, 38.90234514228985], [-77.08254607907406, 38.902345197211595], [-77.08253743650373, 38.90234853641118], [-77.0825324828667, 38.902351692836945], [-77.08251911503974, 38.90235629654371], [-77.08251151306021, 38.90236224743083], [-77.08249964904972, 38.90237126416972], [-77.08248409776722, 38.90238190501568], [-77.0824677388549, 38.90239200592805], [-77.08244964794378, 38.90239976588686], [-77.08243021667367, 38.902404896347456], [-77.08242947907368, 38.90240509505182], [-77.08242662022543, 38.90240530426123], [-77.08240538632052, 38.90240682363714], [-77.08238682733652, 38.90240859335695], [-77.08238164004783, 38.902409092474784], [-77.08235697034314, 38.90241037103899], [-77.0823537422992, 38.90241033728113], [-77.08233241415581, 38.90241011809672], [-77.08230578251235, 38.90240959636075], [-77.0822854000766, 38.902409691794105], [-77.08228203374162, 38.90240970317349], [-77.08226704575658, 38.90240899306005], [-77.0822500958358, 38.90240648265396], [-77.08223118605775, 38.902403973625], [-77.08222908755519, 38.90240371385961], [-77.08222034763598, 38.90240262999945], [-77.08221400587931, 38.90240173362656], [-77.0822062817316, 38.90240173906209], [-77.08218956342427, 38.90240012932021], [-77.08216899482153, 38.902398738484834], [-77.08216719621814, 38.90239861363284], [-77.08216663122438, 38.902398532955], [-77.08214033017036, 38.902394758930804], [-77.08211589614719, 38.902390461103465], [-77.08210919668562, 38.90238928571716], [-77.0821048833181, 38.90238782939435], [-77.08208762985007, 38.902382004101504], [-77.08207459613338, 38.902376428075755], [-77.08206237318085, 38.90237412151373], [-77.0820589138521, 38.90237346633336], [-77.0820574038679, 38.902373692603], [-77.08204243078866, 38.902375910167294], [-77.08202496894506, 38.90237935461409], [-77.08202364345932, 38.90237961678715], [-77.08201983854272, 38.90237919606565], [-77.08200335057812, 38.90237737894318], [-77.0819741751055, 38.90237028281431], [-77.0819648220888, 38.9023673796765], [-77.08194407476573, 38.90236093523687], [-77.08193941558761, 38.90235951518395], [-77.08192020224146, 38.90235365520757], [-77.08189772090759, 38.902353130468214], [-77.08188192103823, 38.902358195233354], [-77.08187547893456, 38.90236026266287], [-77.08186450018694, 38.9023672248107], [-77.08185912025107, 38.90237063374066], [-77.08185765849994, 38.90237270668771], [-77.08185094819521, 38.90238217016741], [-77.08184611372869, 38.90238874064897], [-77.08184185478056, 38.90239451799144], [-77.08184002540156, 38.90240776156223], [-77.0818409606076, 38.902419021357105], [-77.08183635806324, 38.90242677177092], [-77.08182186135781, 38.90243223198278], [-77.08182103166148, 38.90243254785649], [-77.08180570091801, 38.90243454043192], [-77.08180167623352, 38.90243348927198], [-77.08178921008489, 38.90243022796555], [-77.08178239174491, 38.90242591773443], [-77.08177282762048, 38.90241987981976], [-77.08175794067532, 38.90240673803352], [-77.08174662501361, 38.90239134165638], [-77.08173473354745, 38.902376486182604], [-77.08172238538125, 38.90236550462187], [-77.0817105762117, 38.902362098713645], [-77.08170773924391, 38.90236128093711], [-77.0816940252984, 38.90236570462431], [-77.08169388713098, 38.902365857863074], [-77.08168423777168, 38.90237598099867], [-77.08167640656202, 38.90238316613699], [-77.08167076346996, 38.90238833187244], [-77.08166028321133, 38.90239772590971], [-77.0816572888542, 38.90240041249401], [-77.08165544535416, 38.90240135065197], [-77.08164311695128, 38.90240762908694], [-77.08162502099842, 38.90241106490867], [-77.08160657341496, 38.90240945629168], [-77.08159652701363, 38.90240508524605], [-77.08158961795314, 38.902402081279256], [-77.08157461926233, 38.90239200239002], [-77.08156376715478, 38.902378677594335], [-77.08155782177076, 38.90237153811557], [-77.08155326173241, 38.902366073224364], [-77.08154310526025, 38.902356171117894], [-77.08154133694018, 38.9023522807406], [-77.08153859779011, 38.90234626506791], [-77.081536479268, 38.902338573406965], [-77.08153593520109, 38.90233662798096], [-77.08152717957115, 38.90233186866897], [-77.0815218615967, 38.90232898069643], [-77.08150886511366, 38.90232567468829], [-77.0815049096625, 38.90232466851161], [-77.08150261543662, 38.90232463407881], [-77.08148669421908, 38.90232441096776], [-77.08147221459716, 38.902324646275545], [-77.08146963224976, 38.90232469311823], [-77.08146408832619, 38.90232585005433], [-77.08145188247511, 38.90232839892261], [-77.08143655596054, 38.90233408487436], [-77.08143538028318, 38.90233429288615], [-77.08141742234244, 38.90233743130375], [-77.08139727013769, 38.9023372111291], [-77.08139424961163, 38.90233717720018], [-77.08139199000202, 38.90233716976607], [-77.08137753308488, 38.90233709876209], [-77.08136887902471, 38.902340518958496], [-77.08136497259697, 38.90234206210885], [-77.08136110694049, 38.90234902826342], [-77.08135956526647, 38.90235179490363], [-77.08136547921846, 38.90236171799766], [-77.08136626468215, 38.90236305068788], [-77.08137469276956, 38.90237376476603], [-77.08137329374435, 38.90238030580991], [-77.08137228461464, 38.90238502689344], [-77.08136592892765, 38.90239212089957], [-77.08136088581223, 38.902397736620124], [-77.08134498664761, 38.90240675605176], [-77.08133929414875, 38.90240905714709], [-77.08132689509706, 38.902414065419045], [-77.08130776586772, 38.90242128542214], [-77.08129138594987, 38.90242322461011], [-77.08128713247788, 38.9024237320379], [-77.08128092723665, 38.902421223022955], [-77.08127110035855, 38.90241725717286], [-77.08126799363822, 38.902412403828016], [-77.08126359343908, 38.90240555152695], [-77.08126427017002, 38.902392398850665], [-77.08126573628321, 38.902384020056004], [-77.08126644643649, 38.90237996580001], [-77.0812658086804, 38.902376732242374], [-77.0812647070925, 38.90237113881708], [-77.08125885860618, 38.902368071034466], [-77.08125167200548, 38.90236430153012], [-77.08123855897055, 38.902359878536345], [-77.08123195055461, 38.90235764905829], [-77.08122504132942, 38.90235448291955], [-77.08121545608152, 38.902350093503806], [-77.0812103241139, 38.90234855664182], [-77.0811965427658, 38.90234443138379], [-77.0811696791487, 38.902342648379665], [-77.08114159126046, 38.90233889338884], [-77.08114085331933, 38.90233879480943], [-77.08111352958738, 38.902337912947964], [-77.08108747625148, 38.90233901203758], [-77.08108496327958, 38.90233923899077], [-77.08106211595988, 38.90234128172728], [-77.08103917473184, 38.90234184715342], [-77.08103583153891, 38.90234193054771], [-77.08100781793442, 38.90234267064486], [-77.08100254956238, 38.90234283644835], [-77.08097576963684, 38.902343683782746], [-77.08094141511337, 38.90234424809176], [-77.08090648375212, 38.90234445245577], [-77.08088005009041, 38.90234565986282], [-77.08087651100341, 38.9023458244634], [-77.0808723837039, 38.90234576426211], [-77.0808475737828, 38.90234539407474], [-77.08081769901275, 38.90234166726773], [-77.08081667282728, 38.90234154186057], [-77.08078738363012, 38.90233570668448], [-77.08075844060063, 38.9023301415125], [-77.08073347979456, 38.90232887056926], [-77.08072869516398, 38.902328630649926], [-77.08069722482584, 38.90233099456603], [-77.08066195087314, 38.902334081768764], [-77.08062240931072, 38.902335370234056], [-77.08058079117991, 38.90233539894788], [-77.08053744396716, 38.90233560900614], [-77.08049628535241, 38.90233419603547], [-77.08048926400723, 38.902333804505396], [-77.08045028341992, 38.90233161529897], [-77.0804103595438, 38.90233124641751], [-77.08040439921345, 38.902331196469696], [-77.08036324243064, 38.9023314049557], [-77.08032865611946, 38.90233088824079], [-77.0802923382929, 38.902328390866444], [-77.08025936030695, 38.90232282834401], [-77.08022684154368, 38.902315553908444], [-77.08019582241188, 38.90230908918684], [-77.0801684950581, 38.90230496409724], [-77.08014361615548, 38.90230474694985], [-77.0801395580608, 38.90230471370026], [-77.08010854723749, 38.902305635804986], [-77.080101941917, 38.90230612678562], [-77.08007534770545, 38.90230809082294], [-77.08004254207307, 38.902312266158326], [-77.08003903788482, 38.90231270996881], [-77.08000434276587, 38.9023179585828], [-77.07996607277639, 38.90232230879754], [-77.07992607289158, 38.90232611968167], [-77.07988422964233, 38.90233101281578], [-77.07984400099194, 38.902336445333], [-77.07984149982703, 38.902336924485496], [-77.07980769376242, 38.902343406578765], [-77.07978056078939, 38.902348145491835], [-77.07976988740863, 38.90235000850241], [-77.07972735624658, 38.9023583252268], [-77.07968436493795, 38.902367543085525], [-77.07965036671146, 38.90237747546613], [-77.07961994283694, 38.90238785581881], [-77.07958861870927, 38.902397326932494], [-77.07958678609752, 38.90239771554046], [-77.07955874357735, 38.902403572058205], [-77.07952404436162, 38.90240521718832], [-77.07949706739517, 38.9024051544735], [-77.07949268652497, 38.902405148446135], [-77.07948910117685, 38.90240518691917], [-77.07946594052159, 38.90240543689302], [-77.07943954027508, 38.902405635015064], [-77.07941677142063, 38.90240573157064], [-77.07941302464226, 38.90240574312596], [-77.07938697025288, 38.90240594100106], [-77.07938174865843, 38.90240671025976], [-77.07936311000192, 38.90240947047289], [-77.07933960091655, 38.902417774132054], [-77.07931563058224, 38.902425988016034], [-77.0792971959657, 38.9024359998097], [-77.07928464262507, 38.90244753903032], [-77.07928127913144, 38.902450108695476], [-77.07927012891989, 38.90245862916179], [-77.07925468941983, 38.90246656699359], [-77.07925128879617, 38.90246684855969], [-77.07923832032382, 38.902467929351275], [-77.07921686994389, 38.902461457879376], [-77.07919838299499, 38.90245550687946], [-77.07919368917959, 38.902453996656966], [-77.07918227040801, 38.90244907682425], [-77.0791748885829, 38.90244590187633], [-77.0791647335293, 38.90243699048209], [-77.07916518287522, 38.90242636031309], [-77.07916401552038, 38.90241329898244], [-77.0791594934394, 38.90240032100021], [-77.07915857979252, 38.9023977182033], [-77.07915014723717, 38.902382679955885], [-77.07913849048269, 38.902371067068714], [-77.07912268614392, 38.90236188924664], [-77.07910561506512, 38.902353973450545], [-77.07908231836251, 38.90234588169924], [-77.07906007095467, 38.90233796039203], [-77.07905429285545, 38.90233590138777], [-77.07901923443157, 38.902325475408766], [-77.07898279458512, 38.90231685202517], [-77.07897625691115, 38.90231597362569], [-77.07895004857404, 38.90231246006312], [-77.07892139661259, 38.90230933550497], [-77.07891476688093, 38.90230861030643], [-77.07890863338598, 38.902308344198616], [-77.07887602901339, 38.90230692487894], [-77.0788403720919, 38.9023077867253], [-77.07883395085103, 38.9023079442007], [-77.078795911964, 38.90231283437769], [-77.0787871169825, 38.90231402941291], [-77.07876063982785, 38.90231763259349], [-77.07872628848096, 38.902321078924125], [-77.07869365344611, 38.90232321787638], [-77.07868594138178, 38.902323718530795], [-77.07867696154266, 38.902324553347825], [-77.07864398167071, 38.90232762037954], [-77.07860709660956, 38.90233341055427], [-77.07856744131236, 38.9023361397381], [-77.07852640198874, 38.90233832933722], [-77.0784911155773, 38.902340659190564], [-77.07848640072949, 38.9023409686425], [-77.07848351903318, 38.90234137595463], [-77.07845401050297, 38.90234558466225], [-77.078430844268, 38.9023512304422], [-77.07842992222994, 38.90235145627022], [-77.0784050260617, 38.90235651766302], [-77.07840406941803, 38.90235672549735], [-77.07837989981343, 38.902362029622886], [-77.07836316545234, 38.902366707179475], [-77.07835696497989, 38.90236844094349], [-77.07835045273089, 38.90236971548993], [-77.07832964809664, 38.902373774194615], [-77.07830648995942, 38.90237631206033], [-77.07830071483554, 38.90237694651639], [-77.0782965877144, 38.902377048374426], [-77.07828931338129, 38.902377233416686], [-77.07831747844695, 38.906745924986346], [-77.07795421255517, 38.90666058858364], [-77.07788651648065, 38.906748564263786], [-77.0778896666808, 38.906888290719394], [-77.07790654455471, 38.90783732732577], [-77.07791508457785, 38.90810870720171], [-77.07756400680094, 38.90863494736436], [-77.07757603883819, 38.90909689652784], [-77.07764026292996, 38.90951348998135], [-77.07770279061333, 38.9096951648082], [-77.07794737673292, 38.91014300502402], [-77.07828004144605, 38.91081011191966], [-77.0783646049028, 38.910812685669946], [-77.07844161084866, 38.910820831591], [-77.07848714109214, 38.91085087988188], [-77.0785221941752, 38.910894609865636], [-77.0788477977275, 38.91158066435365], [-77.07888248168356, 38.91165499581991], [-77.07891138476928, 38.91170454021505], [-77.07894603143887, 38.91174507237748], [-77.07898355817782, 38.91178335049637], [-77.07908458257381, 38.9118643932937], [-77.07913943115587, 38.91191618116078], [-77.07916542546576, 38.91195221494482], [-77.07917413710946, 38.91199952086545], [-77.07918527416302, 38.91238280933888], [-77.07919810823851, 38.912414825301326], [-77.0792391499094, 38.912637862070845], [-77.07946400055197, 38.91263731299936], [-77.07949186490205, 38.912736953344314], [-77.07881160365712, 38.91275866485156], [-77.07883454646313, 38.912985965892595], [-77.07889397739255, 38.91329165089721], [-77.07908701102073, 38.91370084142649], [-77.07922214749016, 38.913856558148815], [-77.0793816351594, 38.91406251570281], [-77.08042461064915, 38.91486861644082], [-77.08056317033089, 38.915038976785745], [-77.08100917973685, 38.91623072380643], [-77.08172487644256, 38.91723831233719], [-77.08171105910498, 38.917436784639996], [-77.07572767236721, 38.917426753519024], [-77.07572065093272, 38.916862926361226], [-77.07488914566021, 38.91687510100725], [-77.07487437143028, 38.91653166766561], [-77.07294731801004, 38.916574126763095], [-77.07285821560167, 38.91652573552355], [-77.07275236503803, 38.91652850397745], [-77.07273035326314, 38.91652914826398], [-77.07271200848618, 38.91652997043121], [-77.07269368640317, 38.91653043224804], [-77.07267534107464, 38.9165307139097], [-77.07265701844057, 38.91653063522095], [-77.07263867246957, 38.91653028629374], [-77.07262034919349, 38.91652957701609], [-77.07260200258092, 38.916528597500005], [-77.07258378253336, 38.91652734765232], [-77.07256556211978, 38.916525737468596], [-77.07254734143211, 38.91652385703207], [-77.07251540771063, 38.91651919251962], [-77.07248368090791, 38.916513897286556], [-77.07245220714829, 38.91650797130443], [-77.07242083643965, 38.91650132458306], [-77.07238979958318, 38.91649413714629], [-77.07235888884118, 38.91648622895629], [-77.0723283350144, 38.91647778003697], [-77.07229811485894, 38.9164686102363], [-77.07226812478069, 38.916458899785354], [-77.07223846846645, 38.916448558536835], [-77.07221562816946, 38.91643947423549], [-77.07219255753495, 38.91643066032215], [-77.07216938358438, 38.91642229688479], [-77.07214585254752, 38.916414293996795], [-77.07212219495001, 38.91640656143224], [-77.07209833025773, 38.916399279407464], [-77.07207421225607, 38.916392357867515], [-77.07204999084553, 38.916385796719794], [-77.07202566611684, 38.916379686047584], [-77.07200108798672, 38.91637384577652], [-77.07197215047674, 38.9163672875186], [-77.07194308658734, 38.916361179748165], [-77.07191379272196, 38.91635570269557], [-77.07188426878932, 38.91635076627731], [-77.0718546185661, 38.91634637042944], [-77.07182486511344, 38.916342515137714], [-77.0717951122988, 38.916339290421526], [-77.07176512941409, 38.916336606339286], [-77.07173514698471, 38.916334372665865], [-77.07170506150436, 38.91633285971493], [-77.07167656800428, 38.91633206644661], [-77.07164797117986, 38.916331723651474], [-77.07161950164725, 38.916331831188145], [-77.071591009505, 38.91633238914857], [-77.07156252934516, 38.91633339751155], [-77.0715340496363, 38.9163348562841], [-77.07150568568616, 38.91633676539564], [-77.07147732218596, 38.91633912491691], [-77.0714490859743, 38.916341934770244], [-77.07142082714985, 38.91634519504736], [-77.07139361907164, 38.9163498960095], [-77.07136664205721, 38.91635504724098], [-77.07133966539946, 38.91636055879944], [-77.07131291971452, 38.916366430544144], [-77.07128617447542, 38.916372752699274], [-77.0712597870476, 38.9163794349635], [-77.07123337691309, 38.916386477569056], [-77.0712072209017, 38.91639397043057], [-77.07118127270962, 38.91640173340972], [-77.0711554518006, 38.91640994672238], [-77.07105067945878, 38.91644162973734], [-77.07085171517123, 38.91650030473493], [-77.07081769717826, 38.916509964276614], [-77.07078334415513, 38.916518993427786], [-77.07074875988053, 38.91652739212537], [-77.07071382904655, 38.9165351604389], [-77.07067879371299, 38.916542208138274], [-77.07064351559958, 38.91654862539045], [-77.07060800614903, 38.916554322104844], [-77.07057236922925, 38.916559388301955], [-77.07053662781372, 38.91656373388438], [-77.07050065515315, 38.91656744901187], [-77.0704890213959, 38.916568356864154], [-77.07047726079885, 38.916569264791754], [-77.07046550011243, 38.9165700826349], [-77.07045373924784, 38.91657072031024], [-77.07044197838293, 38.91657135798441], [-77.07043021733992, 38.91657181549075], [-77.0704184562968, 38.91657227299593], [-77.07040669516452, 38.91657264041663], [-77.07039493385437, 38.91657282766955], [-77.07038317254407, 38.91657301492124], [-77.07032044656171, 38.91657503452118], [-77.0702383494217, 38.91657778640015], [-77.07016201744537, 38.9165802645097], [-77.07003643870058, 38.91658439359779], [-77.06996876638703, 38.91658685738205], [-77.06951492703975, 38.91660335227323], [-77.06941253707224, 38.91660773714315], [-77.0694160899815, 38.916703944057176], [-77.06941632419435, 38.91670763733562], [-77.06942609474072, 38.916924822496746], [-77.0694382908216, 38.9172408276393], [-77.06945234225104, 38.917591063329134], [-77.06945080065057, 38.91760655858004], [-77.06944799028416, 38.91762169425156], [-77.06944408437981, 38.91763674049078], [-77.06943892141439, 38.917651607310106], [-77.0694327088584, 38.91766620450288], [-77.06942521609021, 38.91768053220587], [-77.06941669661693, 38.91769441010157], [-77.06940715052576, 38.91770792827305], [-77.06939642773739, 38.91772090664255], [-77.06938480499656, 38.91773334504537], [-77.06925930633189, 38.917584601821325], [-77.06925353416626, 38.91757775890854], [-77.06919612323549, 38.91750863593906], [-77.06886240791079, 38.91710694425478], [-77.06882384852457, 38.91705931288106], [-77.06875434944212, 38.916973504362815], [-77.06862192738573, 38.91703267688337], [-77.06861178457413, 38.91703727709032], [-77.06815477593258, 38.9172519429121], [-77.06792656376248, 38.91735837414571], [-77.0676427956847, 38.91749042077401], [-77.06761779694718, 38.91750313699391], [-77.06759323689197, 38.91751639345473], [-77.06756926542191, 38.91753019007007], [-77.06754565183118, 38.91754443689025], [-77.06752260376324, 38.91755922387885], [-77.0675000174386, 38.91757455109617], [-77.06747812330735, 38.917590238242745], [-77.06745669091926, 38.91760646561858], [-77.06744412001322, 38.91761647212571], [-77.06743582396825, 38.91762314308087], [-77.06741554551658, 38.91764027061646], [-77.0674066887023, 38.91765144606], [-77.06739908936541, 38.917663251360864], [-77.06739287417744, 38.917675506279636], [-77.06738804305411, 38.91768812073318], [-77.06738469969021, 38.91770100457856], [-77.06738276336925, 38.91771415786246], [-77.06738250735604, 38.91772389601881], [-77.06731394534678, 38.91867856659188], [-77.06689553327203, 38.91862743235719], [-77.06682420034487, 38.91865112004439], [-77.06382628899571, 38.91845393708613], [-77.06368072696232, 38.918449530355026], [-77.06361631868161, 38.9184420885224], [-77.06355611967764, 38.918435076764865], [-77.06353006950724, 38.91843368563106], [-77.06346145573801, 38.91843002049069], [-77.06337907310129, 38.91842562409575], [-77.06337727696057, 38.918428687902896], [-77.06336805842722, 38.918435899568294], [-77.06336262932597, 38.91843824467876], [-77.06335122859707, 38.918442304609805], [-77.06334395426687, 38.91844438046981], [-77.06333116939501, 38.91844799073255], [-77.06332412528722, 38.918449616049955], [-77.06331028931709, 38.91845124504698], [-77.06329046801865, 38.91845214760948], [-77.06323246853184, 38.91845480043432], [-77.06303561457747, 38.9184489612946], [-77.0628530845961, 38.91844563645245], [-77.06267065508742, 38.91843852777177], [-77.06247518512242, 38.918432867112344], [-77.06223993804637, 38.91842020082073], [-77.06202211652906, 38.91840968680741], [-77.06186031895406, 38.918405448575115], [-77.06163637791444, 38.91839890074845], [-77.06145349120376, 38.91839620449155], [-77.06119680002061, 38.91838769120861], [-77.06094610772129, 38.918382237066105], [-77.06067534878375, 38.91837391014092], [-77.06041519918844, 38.9183662977701], [-77.06006661497962, 38.91835611789685], [-77.05972538956006, 38.918348095222505], [-77.05948174049524, 38.91833957150535], [-77.05944056002946, 38.91833634946112], [-77.059368498756, 38.91833269267956], [-77.05936144160597, 38.918332597173276], [-77.05935004868115, 38.918332431802135], [-77.05933077996937, 38.91833226142081], [-77.05908642553041, 38.91832123292122], [-77.05889600853884, 38.91819198741777], [-77.05879868472138, 38.91812083457206], [-77.05864710779785, 38.91800834262342], [-77.05849302757002, 38.91789397799599], [-77.05836277477968, 38.917798284547146], [-77.05819813268049, 38.91768351041844], [-77.05794857546489, 38.917978927599556], [-77.05712504086024, 38.918446180917506], [-77.05669343295818, 38.91852390781684], [-77.05628921033119, 38.918601133481715], [-77.05602936327331, 38.918714853425406], [-77.05600627407486, 38.91872483671704], [-77.05569426381608, 38.91885977750558], [-77.05533631758232, 38.91900216208429], [-77.055145805818, 38.91916144736751], [-77.05493674448627, 38.91962682609364], [-77.0546657372209, 38.91988645613835], [-77.05393394732452, 38.920030334907956], [-77.05351599667497, 38.92011544858435], [-77.05304127353362, 38.92004269756914], [-77.05222176430314, 38.919611261430354], [-77.05185273544618, 38.919576734691546], [-77.05166363277507, 38.91964057940919], [-77.05137265054265, 38.91973718690683], [-77.05122203550472, 38.91978035788166], [-77.05101390820057, 38.91994551755148], [-77.0509229470117, 38.920088978830385], [-77.05058825722504, 38.92068880861386], [-77.05021712245232, 38.921305894974445], [-77.04976300273147, 38.921730246288654], [-77.04962063866908, 38.92180576957366], [-77.04950408742792, 38.92188864155372], [-77.04880804414017, 38.92232774788863], [-77.04868319464374, 38.92247074406574], [-77.04861014467498, 38.922595278529236], [-77.04855129114051, 38.922839779907044], [-77.0485383673015, 38.92301420444232], [-77.04858605273289, 38.9236418305352], [-77.04868485804917, 38.92423151021556], [-77.04872819543958, 38.924517965782535], [-77.04890882201758, 38.924986332015514], [-77.04917798494476, 38.925271368421875], [-77.04943474944922, 38.925534978647306], [-77.04948187796454, 38.92577835448114], [-77.04958657842347, 38.92642241388816], [-77.04976710773767, 38.92713299430235], [-77.04984315510686, 38.92754761470083], [-77.04985274124355, 38.927732641422416], [-77.04982447434293, 38.927880750187406], [-77.04976772265266, 38.928014007354996], [-77.0497014507524, 38.928073220189916], [-77.04961612790538, 38.92811766743946], [-77.04954037326132, 38.92813994110717], [-77.04933198302528, 38.92813265144973], [-77.04918029549674, 38.92810307802563], [-77.04905709531087, 38.92805871881276], [-77.04897182266002, 38.92799210205206], [-77.04896460003533, 38.927987528854246], [-77.04885013434819, 38.92791519494298], [-77.0487727971693, 38.92786633010807], [-77.04833663184019, 38.927511223348155], [-77.04816550210069, 38.92732811890114], [-77.04768432269664, 38.92701155678916], [-77.0472181918659, 38.92680840131517], [-77.047052264124, 38.926724519730804], [-77.04690534844295, 38.926527197544864], [-77.04679160286913, 38.92629771120353], [-77.04670292142785, 38.926091131890146], [-77.04655456882682, 38.926038726637024], [-77.04642191913189, 38.92597950466953], [-77.04629872050977, 38.92596477990125], [-77.04614708109621, 38.92596483987994], [-77.04599553001917, 38.925958819012], [-77.04549350345926, 38.92626858638587], [-77.04512413523955, 38.926476010988885], [-77.04500100361662, 38.926550106839876], [-77.04478888361301, 38.92671067150492], [-77.04470763324446, 38.92712765256654], [-77.04470769362409, 38.92722395144695], [-77.044745733377, 38.92737933034439], [-77.0447457970362, 38.927480772967414], [-77.04474580307934, 38.92749040285494], [-77.04471507499733, 38.927592568918556], [-77.0447079396064, 38.92761626351904], [-77.04466073218248, 38.92771996728278], [-77.04451110212536, 38.92833994057856], [-77.0446328466417, 38.928697199921785], [-77.04477504270181, 38.92887478947659], [-77.04497423996325, 38.92909676791528], [-77.04526801795896, 38.9293335731248], [-77.04565680911178, 38.9297184281531], [-77.04590333026873, 38.9299921932789], [-77.04609300002755, 38.93027344819748], [-77.04623533741737, 38.93048067321305], [-77.04642499425663, 38.930702652889536], [-77.0466715132582, 38.93099865786541], [-77.04690847997823, 38.931287378417515], [-77.0470413222668, 38.93141316209922], [-77.04723089065737, 38.931546318538174], [-77.04745829073052, 38.9316646856835], [-77.0476763363357, 38.931746032050924], [-77.04790368642733, 38.93180512367439], [-77.04838701860193, 38.931930770638566], [-77.04869973479863, 38.93198243852475], [-77.04905988155737, 38.932108224051845], [-77.04932519546132, 38.93217468377752], [-77.04955263915421, 38.93218197437793], [-77.04984639999412, 38.93218932635322], [-77.05006432013009, 38.93223364416627], [-77.05021595500793, 38.932240965925295], [-77.05041497014999, 38.93231491953096], [-77.05059507508443, 38.93241105943899], [-77.0507846916801, 38.93256646059179], [-77.05084162983658, 38.932692281893644], [-77.05090802658417, 38.93280323533819], [-77.05090809534279, 38.93289953411229], [-77.05087965507283, 38.93296611788616], [-77.05069983216524, 38.933106905785095], [-77.05057793865666, 38.93317839447086], [-77.05054888616196, 38.93319543273938], [-77.0505278461537, 38.93320777420917], [-77.05047248495013, 38.93324023704206], [-77.05035524677503, 38.93333903666803], [-77.05034937966694, 38.93334397574756], [-77.05015050339698, 38.933455043586854], [-77.04996108532058, 38.93355142350364], [-77.04981892633877, 38.933640306082644], [-77.0495916653597, 38.933736611438626], [-77.04944949658888, 38.933795946326974], [-77.04928853274788, 38.933862585696765], [-77.04912656489999, 38.93397904119384], [-77.04898545497535, 38.93412029659535], [-77.04888903010557, 38.93421680690629], [-77.04881964461508, 38.934286262913986], [-77.04869699927352, 38.93441098901398], [-77.04853737933125, 38.93457419580196], [-77.04829948305918, 38.93481198746285], [-77.04803046174916, 38.935059349232866], [-77.04785881952553, 38.93541008585299], [-77.04781047849278, 38.935561355037315], [-77.04779123981623, 38.9357505462612], [-77.04781073215266, 38.93593961353843], [-77.04787871602292, 38.93616650482568], [-77.04785942883129, 38.93631776210303], [-77.0478305304515, 38.936567393950845], [-77.04783063699946, 38.936726210246114], [-77.04783106585343, 38.93672932694253], [-77.04783354639075, 38.936747558727426], [-77.04785012230944, 38.936869884660325], [-77.04794700956079, 38.937059019255415], [-77.04808262804274, 38.93719507895208], [-77.04819883509612, 38.9372631428419], [-77.0485765027233, 38.93730081234026], [-77.04891537069199, 38.93732328184477], [-77.04938972743828, 38.93723993575618], [-77.04988347540908, 38.93719432424235], [-77.05016420115993, 38.93718663712268], [-77.05040619415591, 38.93719409998275], [-77.05079358831496, 38.937299869876924], [-77.05150043230046, 38.93749621174027], [-77.05173290240532, 38.93757168870851], [-77.05186846309664, 38.9376170394655], [-77.05197499616966, 38.93771535375799], [-77.05207197859004, 38.937828725074255], [-77.05213009023004, 38.9379573376753], [-77.05213990028489, 38.938138850512054], [-77.05205960504526, 38.93836957980739], [-77.05205300965426, 38.938388509178516], [-77.05204676678868, 38.93840053803609], [-77.05190787998542, 38.93866845251739], [-77.05173390132909, 38.93910724272009], [-77.05160841019477, 38.93959140402959], [-77.0515805500869, 38.93964957388412], [-77.0515418522023, 38.93973035032422], [-77.0513764523195, 38.940075612004144], [-77.0512023921962, 38.940378186913826], [-77.05119275126535, 38.94046142777555], [-77.05121221115844, 38.94057492375655], [-77.05131881305346, 38.940763961089225], [-77.05133834400458, 38.94097573749239], [-77.05134819669534, 38.94120265206789], [-77.05131928676263, 38.941422016691995], [-77.05118346103185, 38.94164368023826], [-77.05108628546694, 38.9419099177752], [-77.05094040220875, 38.94211915397079], [-77.05075403684475, 38.94233786626557], [-77.05058783204359, 38.94252179752861], [-77.05046217375592, 38.942626348013476], [-77.05030405552293, 38.94282928286295], [-77.05013786882023, 38.94302582506564], [-77.05007312768598, 38.943165301139615], [-77.05000830956865, 38.94332694660651], [-77.04992149717316, 38.94357623406108], [-77.04985277537206, 38.94360013535539], [-77.04976110351006, 38.943647918346095], [-77.04970990570357, 38.94369131503935], [-77.04966942929258, 38.943725608783254], [-77.04960836116248, 38.943791305138646], [-77.04958116864476, 38.94385208658867], [-77.04955490898676, 38.943910777713235], [-77.04947090783836, 38.94404215413346], [-77.0493868866071, 38.94416163955866], [-77.04921880696872, 38.9442811603445], [-77.04899720823039, 38.944442411700926], [-77.04876798771501, 38.944609701364186], [-77.04849279130624, 38.944818898186455], [-77.04837059724849, 38.94495623509864], [-77.04826366134529, 38.94512347308982], [-77.04816445781488, 38.94529674334323], [-77.04805755255437, 38.9454937985463], [-77.04795828423106, 38.94558941722136], [-77.04791240077233, 38.945631234479755], [-77.04783607885547, 38.94567900964797], [-77.04767551198232, 38.945708892668584], [-77.04746916383489, 38.945726903132446], [-77.04728574439446, 38.945738958491276], [-77.04708697433486, 38.945721112241095], [-77.04688058672536, 38.94567939675317], [-77.04665884161716, 38.945631741563545], [-77.04639125014967, 38.94552428914364], [-77.04626121345568, 38.94547659676681], [-77.0461771231454, 38.945464739079064], [-77.0460624598095, 38.94548262072343], [-77.04597838494921, 38.94551256132997], [-77.04592489456941, 38.94556627173654], [-77.04586379069015, 38.9456200751883], [-77.04579506171964, 38.94565595510812], [-77.04572635562035, 38.94572759786895], [-77.04568051284602, 38.94583508462882], [-77.04559652522305, 38.94600231117873], [-77.04552788348853, 38.94617556723717], [-77.04545154684725, 38.94638458912768], [-77.04541347021248, 38.946551797667674], [-77.04534466640095, 38.94667127421285], [-77.04527597025643, 38.94676084317365], [-77.04517670414845, 38.94685042391071], [-77.04504676393219, 38.94695794286877], [-77.04485560578195, 38.9471252100986], [-77.04459590967646, 38.94743582494174], [-77.04438963309327, 38.94761507817417], [-77.04419096586288, 38.94777036613193], [-77.04409171548484, 38.94788985341599], [-77.04405347150738, 38.947979410146274], [-77.04406128918593, 38.948122728944966], [-77.04405361547602, 38.94821236422747], [-77.04409198511753, 38.94832576400996], [-77.04413021364383, 38.94839736541148], [-77.04416843487888, 38.94845707587279], [-77.04423733466456, 38.94850488378604], [-77.04435966161397, 38.948558526778356], [-77.04447435599592, 38.948600281617054], [-77.04458901660549, 38.94860627348551], [-77.04469606367695, 38.948594251593356], [-77.04478015430307, 38.94856440200528], [-77.04485647001975, 38.9484986123035], [-77.0449175545913, 38.94840904654519], [-77.04492993055551, 38.948387268776216], [-77.04497022728178, 38.94831634910806], [-77.04497862769777, 38.94830155428004], [-77.04500921922055, 38.9481522752995], [-77.04508552339875, 38.94803279609427], [-77.0451924976218, 38.94790735951804], [-77.0453147253153, 38.94784164183263], [-77.04541415373056, 38.947805750288786], [-77.04557458784922, 38.94777587944861], [-77.04576573804121, 38.947775804769265], [-77.04596452888646, 38.947817516189666], [-77.04617095692548, 38.9479129226189], [-77.04640802555967, 38.94808002243685], [-77.04664503690617, 38.948175505962034], [-77.04685145095608, 38.94822911276814], [-77.04696617750875, 38.94830077264312], [-77.04698156003816, 38.94837841783793], [-77.04699683087769, 38.948444082062004], [-77.04698932311294, 38.94858740681455], [-77.04694350766101, 38.94871876594025], [-77.0468901668524, 38.94886210907496], [-77.04688253193179, 38.949005433859895], [-77.04689031215239, 38.949082992022035], [-77.04695913835279, 38.94919052324456], [-77.04704334323537, 38.949351647494204], [-77.04705866958884, 38.949500998581236], [-77.04708168184078, 38.949584586136936], [-77.04703596183845, 38.94970396422526], [-77.04697487887843, 38.94979362115069], [-77.04685254994351, 38.949901138994804], [-77.04660795555607, 38.95003852291683], [-77.04647040151119, 38.950134155498944], [-77.04627941087712, 38.950229809084014], [-77.04605014986149, 38.95033736836219], [-77.04584382242142, 38.95044491819697], [-77.04566034790604, 38.95055245874137], [-77.04550757871944, 38.95068989452322], [-77.0453394996641, 38.95088102536411], [-77.04524648945885, 38.950984485412896], [-77.0451408669891, 38.95110198514932], [-77.04497278625601, 38.95127527005466], [-77.0449117482301, 38.95144249611042], [-77.04488124014532, 38.95156195754874], [-77.04488907890607, 38.95171716710702], [-77.04489674169959, 38.951812741953496], [-77.04489679435513, 38.95189633871622], [-77.0448663090675, 38.95201571004847], [-77.04478229725407, 38.95215906389393], [-77.0446677166995, 38.952308374819026], [-77.04433924136666, 38.95265486795587], [-77.04421694428429, 38.952828053272086], [-77.0441880948195, 38.95285299006948], [-77.04407177429121, 38.952953503237566], [-77.0438654919594, 38.95313275534851], [-77.04366683072786, 38.9533059687006], [-77.0436182744755, 38.95334728975141], [-77.04360057466761, 38.95336235818358], [-77.04340701778276, 38.953527038349506], [-77.04322369772116, 38.953718171696025], [-77.04308618616248, 38.95390334241549], [-77.04288753450307, 38.954118352785], [-77.04273478095323, 38.954303528666564], [-77.0425895910823, 38.954405104846686], [-77.04242143507187, 38.954494798264676], [-77.04229155669667, 38.95454258914701], [-77.0422227382524, 38.954620265301415], [-77.04214642217046, 38.95473965240202], [-77.04210818974245, 38.95485911582191], [-77.04209310987386, 38.95509198499056], [-77.04209323329864, 38.955300976764], [-77.04212389398919, 38.9554681591688], [-77.04220813077943, 38.95568910158504], [-77.04228462841041, 38.95587419382873], [-77.04233064588647, 38.95604137060553], [-77.04231549731838, 38.95619658851939], [-77.0422314485178, 38.95648920738966], [-77.04217043492739, 38.95671614762205], [-77.04215531866312, 38.95690730846021], [-77.04211711330024, 38.95707451562516], [-77.04214013983179, 38.95718792137898], [-77.04217080589254, 38.95734312271658], [-77.04215565060112, 38.9574685232185], [-77.04217869243054, 38.95758796448723], [-77.04214818065059, 38.95771337052128], [-77.04211754730521, 38.957808959236246], [-77.04203361385963, 38.95791051256995], [-77.04191900175822, 38.95801207684497], [-77.0418119810136, 38.95811354820824], [-77.04170495410693, 38.95818529220675], [-77.04161327303315, 38.95823901412002], [-77.04146044136614, 38.95831077418705], [-77.04133046311345, 38.95841828877787], [-77.0412234835646, 38.95857353890368], [-77.04115477768788, 38.95867508622033], [-77.0411472467484, 38.95880048387392], [-77.04108617610837, 38.95893788133851], [-77.04098677116941, 38.95904538478541], [-77.04080341803214, 38.95919471580387], [-77.04065820943111, 38.95932619691543], [-77.04052825999085, 38.95946947337568], [-77.04051310748373, 38.959565056268836], [-77.040525316419, 38.95962928994079], [-77.04054376291991, 38.95972629349749], [-77.04056676949864, 38.95982780860543], [-77.04066619495737, 38.95993523359485], [-77.04075795187724, 38.959988899878944], [-77.04090322303743, 38.960024702019105], [-77.04102554196426, 38.9600544674926], [-77.04117081575708, 38.96005441642687], [-77.04140780788254, 38.96006036826731], [-77.04162195386559, 38.96008416411617], [-77.0416719465673, 38.96010204571968], [-77.0418054567339, 38.960149777864835], [-77.04202729306631, 38.96028104776028], [-77.04213565107435, 38.96034830946242], [-77.04228035573897, 38.960438141629844], [-77.04236373681972, 38.96048990893514], [-77.04265437033652, 38.960668977528634], [-77.04286861630992, 38.96083609244335], [-77.04306753209265, 38.961027084491256], [-77.04320513097478, 38.96113450223904], [-77.04336295210781, 38.961291484764466], [-77.04344336381047, 38.961371484270906], [-77.04345299479628, 38.961365994663396], [-77.04345630508313, 38.96136410169911], [-77.04369733296625, 38.961226689992884], [-77.04373483020741, 38.96120530838618], [-77.04407035608057, 38.96103419666121], [-77.04437406852347, 38.96087930190165], [-77.04481559105268, 38.960689797926946], [-77.04483914723723, 38.96068274443733], [-77.04518672150203, 38.96057860127127], [-77.04557648466243, 38.960485502773125], [-77.04559036273395, 38.96048219133145], [-77.04591275809919, 38.96043024066175], [-77.04624870747945, 38.96039203034496], [-77.0466551095645, 38.9603749423627], [-77.0470236029475, 38.96038326250269], [-77.04721524376355, 38.960393499726344], [-77.04740097148883, 38.96041250406935], [-77.04758344899827, 38.96043659009818], [-77.04774962348147, 38.96046069150974], [-77.04788649246956, 38.96048607485577], [-77.04811785085539, 38.96053557934315], [-77.04831175810469, 38.96058637802614], [-77.04846329462848, 38.960632104291385], [-77.04850846798617, 38.96065210190903], [-77.04858186872569, 38.9606799970347], [-77.04865423214704, 38.96070942394981], [-77.04872470080039, 38.960735059132816], [-77.0488093236816, 38.96077319182802], [-77.0488732664768, 38.96080545972342], [-77.04894473313014, 38.960839183772215], [-77.04901808358737, 38.960877321033934], [-77.04909331582995, 38.96091691679707], [-77.04916290808018, 38.96095946058361], [-77.04922309485987, 38.96099906258805], [-77.04929269132379, 38.96104747067091], [-77.04935852342514, 38.96109148427122], [-77.04942624038218, 38.96114136141324], [-77.04967830714772, 38.96134821930422], [-77.04972157966031, 38.96138783724304], [-77.04977047974558, 38.961423038724], [-77.04980998784426, 38.96145825319405], [-77.04984761115718, 38.961487595070395], [-77.04988335275591, 38.96151546939136], [-77.04992474167359, 38.961550674011356], [-77.04996800723974, 38.961580013439075], [-77.05001126336413, 38.961612289546494], [-77.05005452797201, 38.961640160596396], [-77.0501015540566, 38.96166803001843], [-77.05016362061164, 38.961704694036456], [-77.05022944454407, 38.96173549203195], [-77.05029150501306, 38.961763354917416], [-77.05035650942978, 38.96179356765691], [-77.05042460226865, 38.96181831101637], [-77.05049384744272, 38.96184089185689], [-77.05056423353636, 38.96186149034644], [-77.0506355643313, 38.961880016485445], [-77.05070768969712, 38.96189629017212], [-77.05078062129412, 38.961910491565156], [-77.05084628069898, 38.961920282029666], [-77.050912285303, 38.961928721068475], [-77.0509786351024, 38.96193580868106], [-77.05104509926474, 38.96194145488504], [-77.05111179323289, 38.961945749712314], [-77.05117860162083, 38.96194869321295], [-77.05124540897792, 38.961950195354866], [-77.05131233068224, 38.96195025608737], [-77.0513792514126, 38.961948965543506], [-77.05144605571795, 38.96194623369157], [-77.05150985891096, 38.961941881637436], [-77.05157343022371, 38.961935998247164], [-77.0516367697828, 38.96192876368616], [-77.05169976207185, 38.96191999784078], [-77.0517625225998, 38.96190988082555], [-77.05182482046814, 38.961898232578065], [-77.05188665586984, 38.96188532334665], [-77.05194791322286, 38.961870882935735], [-77.05200952094474, 38.961846452180055], [-77.05229447858616, 38.96175033309258], [-77.05242297862145, 38.96170227955597], [-77.05257756519951, 38.9616527548122], [-77.0526855774019, 38.96161052953126], [-77.05279903410366, 38.9615975875359], [-77.05284282332771, 38.96158459586314], [-77.05304212339011, 38.961509034439686], [-77.05318707120706, 38.96145472987539], [-77.05322736906281, 38.961432776430115], [-77.0532368956822, 38.961427583336445], [-77.05338637855029, 38.961374456540824], [-77.05349810934372, 38.96133784996141], [-77.05359927644004, 38.961308328608624], [-77.05367930121011, 38.9612882485225], [-77.05375370933166, 38.96127142294498], [-77.05378635604636, 38.961263300499255], [-77.05383423086954, 38.961252288391336], [-77.05388222126328, 38.96124154645829], [-77.0539302117788, 38.96123098467061], [-77.0539783178658, 38.96122069305756], [-77.0540265394564, 38.96121058153653], [-77.05407487661924, 38.96120074018985], [-77.05412321397407, 38.961191169070815], [-77.05417166683361, 38.96118177804342], [-77.05422023519841, 38.96117256710751], [-77.05426880382501, 38.961163716481614], [-77.054309874332, 38.9611570313006], [-77.05435094489991, 38.96115043618768], [-77.05439213104734, 38.961144111254264], [-77.05443331725627, 38.96113787638894], [-77.05447450359569, 38.96113182167415], [-77.05451580544671, 38.9611259470562], [-77.05455710742893, 38.961120252588714], [-77.05459840947347, 38.961114648189216], [-77.05463982703039, 38.96110922388624], [-77.0546812447193, 38.96110397973374], [-77.05472831529822, 38.961097742012285], [-77.0547756168381, 38.96109177441139], [-77.05482280326645, 38.96108616717566], [-77.05487022058766, 38.961080739977724], [-77.05493003800302, 38.96107099197984], [-77.05499346954267, 38.96106477348872], [-77.05507615742621, 38.9610576630847], [-77.05518375460764, 38.961048766241326], [-77.05538309971914, 38.96103629463849], [-77.05555527537416, 38.96102736684581], [-77.05575349585324, 38.96102284943796], [-77.05593472282675, 38.96102099726112], [-77.05603780388097, 38.961020947901915], [-77.05606498755718, 38.961020934870206], [-77.05620287874089, 38.96102060742891], [-77.0562032760927, 38.96088070898247], [-77.05620474573327, 38.96082764963209], [-77.05620907204325, 38.960622259248], [-77.05620904852717, 38.96059244192143], [-77.05620915185796, 38.960562534451114], [-77.0562093591015, 38.9605327170133], [-77.05620956634498, 38.96050289957528], [-77.05620987742998, 38.96047308208714], [-77.05621031536134, 38.960443174455285], [-77.05621075336339, 38.9604133569058], [-77.05621119136508, 38.96038353935614], [-77.05621175628389, 38.960353721745285], [-77.05621242504381, 38.96032390408433], [-77.05621342726677, 38.96029264494131], [-77.05621399111817, 38.96026147609144], [-77.05621407030478, 38.96023021739184], [-77.05621381496236, 38.96019904893542], [-77.05621298272393, 38.96016788075623], [-77.05621181581554, 38.96013662265512], [-77.05621017592469, 38.9601054548638], [-77.05620817836014, 38.9600742872442], [-77.05620574242788, 38.960043209917764], [-77.05620282183504, 38.96001204274138], [-77.05619969853491, 38.959987181444426], [-77.05619632140335, 38.95996232026924], [-77.0561926096754, 38.95993745925467], [-77.05618856342245, 38.959912688483215], [-77.05618415949805, 38.9598879178834], [-77.05617939790257, 38.95986314745513], [-77.0561741979423, 38.95983846731975], [-77.05616874422348, 38.959813877388555], [-77.05616296744833, 38.95978928761219], [-77.05615683300346, 38.959764698007184], [-77.0561490664026, 38.95973335299009], [-77.05614165741086, 38.9597019177179], [-77.0561346060989, 38.959670482273374], [-77.05612776240321, 38.95963895664595], [-77.05612127638656, 38.95960743084621], [-77.0561150211321, 38.95957590493521], [-77.0561091234849, 38.95954428876939], [-77.0561034335236, 38.959512672503486], [-77.05609810116879, 38.95948096598287], [-77.05609299957473, 38.959449259351125], [-77.05605463661686, 38.95921488278755], [-77.05605046318324, 38.95918966165571], [-77.05604628975257, 38.95916444052362], [-77.05604211632487, 38.95913921939125], [-77.05603794290009, 38.959113998258594], [-77.05603364256305, 38.95908877718646], [-77.05602946914424, 38.959063556053266], [-77.05602519195948, 38.95903842505212], [-77.05602101854662, 38.959013203918374], [-77.05601671822161, 38.95898798284517], [-77.0560124409751, 38.95896276176061], [-77.0560096591067, 38.95894645813889], [-77.05600756943218, 38.95893006410291], [-77.05600617202188, 38.95891366973519], [-77.05600557071492, 38.95889727498604], [-77.05600555776097, 38.95888078987236], [-77.05600636405552, 38.95886439444885], [-77.05600796645176, 38.95884799864392], [-77.0560102611097, 38.958831602507274], [-77.05601312118509, 38.9588152961823], [-77.05601692749237, 38.958799169569076], [-77.05602623812612, 38.958769437841895], [-77.05603672573851, 38.95873988571495], [-77.05604811356531, 38.95871069348587], [-77.05606067836825, 38.95868168085641], [-77.0560741433126, 38.958652938041574], [-77.05608865838718, 38.95862446496912], [-77.05610422366185, 38.95859635172128], [-77.05612068914584, 38.958568598369624], [-77.05613810098912, 38.958541204891596], [-77.05615653995436, 38.95851417124802], [-77.05616644008238, 38.95850056401545], [-77.05617243320222, 38.958492363616976], [-77.05618858033968, 38.95847064594427], [-77.05620505073448, 38.958449198361755], [-77.05622187878633, 38.95842775060485], [-77.05623906470808, 38.958406572921184], [-77.05625658535337, 38.95838557523904], [-77.05627433681205, 38.9583646675258], [-77.05629254990778, 38.95834393975271], [-77.056310993959, 38.95832348211337], [-77.0563297726619, 38.95830311439244], [-77.05633876460226, 38.95829374146602], [-77.0563482183299, 38.958284728646845], [-77.05635826068739, 38.958275985791026], [-77.0563686379183, 38.958267603103444], [-77.05637958084625, 38.958259670555314], [-77.05639088165158, 38.95825200808142], [-77.05640264431554, 38.958244795796794], [-77.05641476492826, 38.95823794366876], [-77.05642732432452, 38.958231541740886], [-77.0564401379026, 38.9582255901021], [-77.05653503166569, 38.95816347731926], [-77.05671943121942, 38.958039974795064], [-77.05673857105305, 38.95802420104658], [-77.05675701826509, 38.958007977217996], [-77.0567750036788, 38.9579913932801], [-77.05679229654281, 38.95797444934524], [-77.05680900062369, 38.95795705528065], [-77.05682503530217, 38.95793939129104], [-77.05684048119798, 38.95792127717224], [-77.05685523461685, 38.95790289314015], [-77.05686929548726, 38.95788414911242], [-77.05688276771943, 38.957865135121395], [-77.05689937082238, 38.957836931175684], [-77.05691525836873, 38.957808457327886], [-77.05693023422099, 38.95777971367373], [-77.05694452913083, 38.95775070010127], [-77.0569578777357, 38.95772141673993], [-77.05697044163391, 38.957691953593994], [-77.0569821862138, 38.957662310680554], [-77.05699311140437, 38.957632397917294], [-77.0570031250505, 38.95760239551459], [-77.05701234238416, 38.95757212325124], [-77.05702280756167, 38.95754410244452], [-77.05703306498405, 38.95751599165543], [-77.05704319548593, 38.957487880927175], [-77.05705309515795, 38.95745968022792], [-77.05706276407247, 38.95743147964028], [-77.05707230599504, 38.957403189030984], [-77.05708164023542, 38.95737489852219], [-77.0570908474842, 38.95734651799184], [-77.05709982404852, 38.957318227655925], [-77.05710856971213, 38.95728975726661], [-77.05711534412443, 38.95726335974054], [-77.05712224551579, 38.95723705223446], [-77.057129504563, 38.95721074455315], [-77.05713697135089, 38.95718452685235], [-77.05714469195705, 38.95715830902688], [-77.05715262023122, 38.95713209109925], [-77.0571608023953, 38.95710596312944], [-77.05716931921098, 38.957079925078], [-77.05717793985716, 38.95705388697497], [-77.0571868143202, 38.95702784874702], [-77.05719648702696, 38.95700451260745], [-77.05720741752185, 38.956981446099526], [-77.05721962902317, 38.95695882937676], [-77.05723312153007, 38.95693666243884], [-77.05724774505536, 38.956914945358754], [-77.05726354574783, 38.956893678113495], [-77.05728060451327, 38.956873040828214], [-77.0572986905309, 38.95685294353287], [-77.05731782694751, 38.95683347629831], [-77.05733811767153, 38.956814729155745], [-77.05735183867513, 38.95680418275453], [-77.05736637933612, 38.95679426652813], [-77.05738147429481, 38.95678498060652], [-77.05739715823604, 38.95677641505507], [-77.05741354638882, 38.956768389651586], [-77.05743037361125, 38.956761174774094], [-77.05744767437082, 38.95675459024008], [-77.0574653334394, 38.95674881627137], [-77.05748343150634, 38.95674376274543], [-77.05750188781062, 38.95673942970177], [-77.05751734585054, 38.95673689978351], [-77.05753280403489, 38.95673455002844], [-77.05754826250907, 38.95673256060177], [-77.05756384811177, 38.956730841358535], [-77.0575795377683, 38.95672939230994], [-77.0575952276426, 38.95672821350707], [-77.0576109177348, 38.95672730495003], [-77.05762660811794, 38.95672675672137], [-77.05764241409307, 38.956726478681574], [-77.05765809337572, 38.9567264709501], [-77.05766870811838, 38.956726916128105], [-77.05767932293398, 38.956727451387735], [-77.05768954555221, 38.956728076922616], [-77.05770055278462, 38.956728792152], [-77.05771116774672, 38.95672950757401], [-77.05772178278187, 38.956730313077685], [-77.05773239789036, 38.956731208663015], [-77.05774301299908, 38.956732104247365], [-77.05775352441772, 38.95673318004732], [-77.05776413967301, 38.95673425579503], [-77.05777544680562, 38.95673488078651], [-77.05778662702745, 38.95673550583969], [-77.05779806099845, 38.95673604068369], [-77.0578093679856, 38.95673648550668], [-77.0578206748997, 38.95673684024596], [-77.05782598223577, 38.956737017786345], [-77.05783198181402, 38.95673719498412], [-77.05784328858216, 38.95673736955594], [-77.05785459527722, 38.95673745404407], [-77.05786600573555, 38.95673744839707], [-77.05787731235759, 38.95673744280036], [-77.0579279732393, 38.95673777804076], [-77.05793835694509, 38.95673786297809], [-77.05795899671294, 38.956737132086666], [-77.05796673806802, 38.956736858000696], [-77.05799499103291, 38.95673432167476], [-77.05802280425594, 38.95673016407231], [-77.05805036247966, 38.95672456526724], [-77.05806835695621, 38.95671987203279], [-77.0580817725277, 38.956759411657245]]]}, "properties": {"WARD": 3, "NAME": "Ward 3", "REP_NAME": "Matthew Frumin", "WEB_URL": "https://dccouncil.gov/council/ward-3-councilmember-matthew-frumin"}}, {"type": "Feature", "geometry": {"type": "Polygon", "coordinates": [[[-77.03523283997743, 38.93743450516118], [-77.03569651675879, 38.93743445455063], [-77.03576869810004, 38.93743447752467], [-77.03611335305312, 38.93743459674885], [-77.03628049587445, 38.93743463506859], [-77.0363247874295, 38.937434711394644], [-77.03644899982928, 38.93743485289079], [-77.03644917538719, 38.93753007055235], [-77.0364495123706, 38.937737981973086], [-77.03644951462738, 38.93774239603845], [-77.03644875211036, 38.93785274792757], [-77.03644713693393, 38.93805507479977], [-77.03644709230089, 38.93823851077502], [-77.03661029899087, 38.938184292876045], [-77.03669425440218, 38.938155530079875], [-77.03677774804605, 38.9381261367877], [-77.03686088363702, 38.938095932801865], [-77.03694368433462, 38.938065098281676], [-77.03702591940339, 38.93803354321806], [-77.0371077964598, 38.938001267546184], [-77.03717340103381, 38.937973861474106], [-77.03723867082661, 38.9379460050568], [-77.03730360583727, 38.937917698294804], [-77.03736805611884, 38.93788894123669], [-77.03743229844696, 38.93785964371156], [-77.03749618292171, 38.93782989585084], [-77.03755970954231, 38.93779969765517], [-77.03762279756799, 38.93776904915098], [-77.03768563149922, 38.937737860196606], [-77.0377480268816, 38.93770631101795], [-77.03800032476117, 38.937570384122694], [-77.03833412932246, 38.937382452090795], [-77.03852300251816, 38.93727573173203], [-77.03862355013348, 38.937218856181424], [-77.038731943538, 38.93716693250847], [-77.03883354491002, 38.93711825397911], [-77.03887390545927, 38.93710148512545], [-77.0389143699448, 38.93708498647214], [-77.03895508836057, 38.93706884805211], [-77.03899614149567, 38.93705315992117], [-77.03903729856832, 38.93703774198997], [-77.0390787095727, 38.9370226842913], [-77.03912032837243, 38.937007986840406], [-77.03916220115428, 38.93699373970451], [-77.0392041778756, 38.93697976276768], [-77.03921847772338, 38.93697516373745], [-77.03924650080398, 38.936966146031416], [-77.03930566111971, 38.93694801946894], [-77.03952764881146, 38.93688749891413], [-77.03966857487545, 38.936849075811864], [-77.03970132720248, 38.93684068697232], [-77.03973397566432, 38.93683220807593], [-77.03976649709205, 38.93682345896457], [-77.03979901841116, 38.93681452967823], [-77.03983141279622, 38.93680551034307], [-77.03986370326513, 38.93679631086837], [-77.03989588976712, 38.93678684117121], [-77.0399280531418, 38.936777281390064], [-77.03996011259966, 38.936767541469564], [-77.03999217194772, 38.93675762137435], [-77.04002469204536, 38.93674662011644], [-77.04005710812329, 38.93673525855318], [-77.04008927023736, 38.93672353673597], [-77.04012122452384, 38.93671145464923], [-77.0401529248964, 38.936699102391955], [-77.04018452124777, 38.93668638982981], [-77.04021578284413, 38.93667322695924], [-77.0402467905258, 38.936659793918736], [-77.04027757889482, 38.936646090696534], [-77.04030813631498, 38.936631937130784], [-77.04033119838296, 38.93662102913179], [-77.04035392580164, 38.93660985099475], [-77.04037652613391, 38.93659831256513], [-77.04039889567453, 38.93658659404489], [-77.0404210343214, 38.9365745152682], [-77.0404428153012, 38.93656225644502], [-77.04046449231328, 38.936549727404724], [-77.0404859384822, 38.93653692819135], [-77.04050705005217, 38.93652394892394], [-77.04052790765947, 38.936510609408714], [-77.04056516013047, 38.936485643493135], [-77.04060308191166, 38.93646130791406], [-77.04064171919116, 38.93643769273779], [-77.04068115270783, 38.93641479793555], [-77.04072115178074, 38.9363926235869], [-77.04076186635334, 38.93637116963899], [-77.04080314653504, 38.93635052622642], [-77.04084511909817, 38.93633051313826], [-77.04088765732348, 38.93631140066718], [-77.04093068037037, 38.93629300867475], [-77.04096768525612, 38.93627921300952], [-77.04100504804605, 38.936266047788024], [-77.04104276868901, 38.93625342292695], [-77.0410808242215, 38.93624151860001], [-77.04111911073402, 38.93623015467743], [-77.0411577320858, 38.93621942120544], [-77.0411966075394, 38.93620931821224], [-77.04123581783406, 38.93619984566894], [-77.0412751322898, 38.936191003656795], [-77.04131480465654, 38.93618279208595], [-77.04136014069967, 38.93617538924462], [-77.04140581169145, 38.936168797014126], [-77.04145158700487, 38.9361631055589], [-77.04149748970983, 38.93615831487061], [-77.04154362361427, 38.93615442491223], [-77.04158975803921, 38.936151435765574], [-77.04163601980817, 38.93614925730241], [-77.04168238595996, 38.936148069696834], [-77.04172875258479, 38.93614769281983], [-77.04177511978969, 38.9361483068373], [-77.0419709710558, 38.9361538218178], [-77.04201041720601, 38.93615335723101], [-77.04204973626868, 38.936152532344536], [-77.04208907823909, 38.93615143718754], [-77.04212839692714, 38.936149981693696], [-77.04216773846869, 38.93614816584628], [-77.04220705678004, 38.936146079745], [-77.04224639794379, 38.936143633290186], [-77.04228561207002, 38.93614091661905], [-77.04232469905148, 38.93613774956572], [-77.04236391274328, 38.93613431220438], [-77.04241501582506, 38.93612717711237], [-77.0424662225419, 38.936119771711276], [-77.04251719840634, 38.93611209612267], [-77.04256817404463, 38.93610406017987], [-77.04261902263548, 38.93609575401213], [-77.04266976724662, 38.93608717761114], [-77.04272051168354, 38.93607833093916], [-77.04277115213951, 38.936069214034084], [-77.04282176929804, 38.93605973678358], [-77.04287217866819, 38.936049989338294], [-77.04291715734428, 38.936043306687985], [-77.0429622400353, 38.93603698431414], [-77.04300744991853, 38.936031202374195], [-77.04305278688622, 38.93602578070202], [-77.04309810110581, 38.9360208995187], [-77.04314354241136, 38.936016378602964], [-77.0431891108582, 38.9360123080376], [-77.04323465655955, 38.93600877796103], [-77.04328032934936, 38.93600560815164], [-77.04332601394285, 38.93600288873512], [-77.04338182611025, 38.93600133662134], [-77.04343764991913, 38.93599996464253], [-77.04349347383565, 38.935998772803124], [-77.04354942473462, 38.935997761055745], [-77.04360524881294, 38.9359968394119], [-77.04366107305526, 38.93599618799035], [-77.04371689740708, 38.93599571670819], [-77.04377282567486, 38.935995425526436], [-77.0438286502468, 38.93599531452284], [-77.04388447487408, 38.93599529357557], [-77.04427040353747, 38.935996048863174], [-77.04470720733292, 38.93599453135186], [-77.04473245545844, 38.935994791940495], [-77.04475771494864, 38.93599478227028], [-77.0447829742124, 38.93599441226263], [-77.04480824484006, 38.93599377199614], [-77.04483349217263, 38.93599277140104], [-77.04485876245928, 38.935991590625655], [-77.04488390564401, 38.93599004956153], [-77.04490904865743, 38.935988238243034], [-77.04493419144247, 38.93598606658712], [-77.04495933411236, 38.93598371475987], [-77.04499334581014, 38.93598036860012], [-77.04502726483439, 38.935976391885056], [-77.04506105658218, 38.93597178462813], [-77.04509473252963, 38.93596645674197], [-77.0451281774499, 38.935960588437176], [-77.04516139128495, 38.93595408963104], [-77.04519447784023, 38.93594696028354], [-77.04522735637671, 38.93593920042604], [-77.04525987695166, 38.9359308101168], [-77.04529227024436, 38.93592178926667], [-77.04532353382677, 38.935913759758805], [-77.04535454331032, 38.93590518984309], [-77.04538534477297, 38.93589598941879], [-77.04541589219282, 38.935886338669974], [-77.0454461047167, 38.93587605746224], [-77.04547608626467, 38.93586532592145], [-77.04550573297283, 38.93585405400523], [-77.0455350218303, 38.93584233180578], [-77.04556395277918, 38.93583006924038], [-77.04559254888682, 38.93581726630032], [-77.04584776065504, 38.935708436262175], [-77.04616378722959, 38.93557724107009], [-77.04631345881866, 38.93551709648092], [-77.046356353289, 38.93549897278798], [-77.0463994787093, 38.935481299402646], [-77.04644296201204, 38.93546416635729], [-77.04648678007146, 38.935447483577676], [-77.04653082908274, 38.93543125110473], [-77.04657521291071, 38.93541555897991], [-77.04661985075985, 38.93540031715193], [-77.04666482342722, 38.93538561567136], [-77.04671002710842, 38.93537145457928], [-77.04675546174524, 38.93535774379242], [-77.04757106040847, 38.93511728034399], [-77.04771559970602, 38.93506076638829], [-77.04829948305918, 38.93481198746285], [-77.04853737933125, 38.93457419580196], [-77.04869699927352, 38.93441098901398], [-77.04881964461508, 38.934286262913986], [-77.04888903010557, 38.93421680690629], [-77.04898545497535, 38.93412029659535], [-77.04912656489999, 38.93397904119384], [-77.04928853274788, 38.933862585696765], [-77.04944949658888, 38.933795946326974], [-77.0495916653597, 38.933736611438626], [-77.04981892633877, 38.933640306082644], [-77.04996108532058, 38.93355142350364], [-77.05015050339698, 38.933455043586854], [-77.05034937966694, 38.93334397574756], [-77.05035524677503, 38.93333903666803], [-77.05047248495013, 38.93324023704206], [-77.0505278461537, 38.93320777420917], [-77.05054888616196, 38.93319543273938], [-77.05057793865666, 38.93317839447086], [-77.05069983216524, 38.933106905785095], [-77.05087965507283, 38.93296611788616], [-77.05090809534279, 38.93289953411229], [-77.05090802658417, 38.93280323533819], [-77.05084162983658, 38.932692281893644], [-77.0507846916801, 38.93256646059179], [-77.05059507508443, 38.93241105943899], [-77.05041497014999, 38.93231491953096], [-77.05021595500793, 38.932240965925295], [-77.05006432013009, 38.93223364416627], [-77.04984639999412, 38.93218932635322], [-77.04955263915421, 38.93218197437793], [-77.04932519546132, 38.93217468377752], [-77.04905988155737, 38.932108224051845], [-77.04869973479863, 38.93198243852475], [-77.04838701860193, 38.931930770638566], [-77.04790368642733, 38.93180512367439], [-77.0476763363357, 38.931746032050924], [-77.04745829073052, 38.9316646856835], [-77.04723089065737, 38.931546318538174], [-77.0470413222668, 38.93141316209922], [-77.04690847997823, 38.931287378417515], [-77.0466715132582, 38.93099865786541], [-77.04642499425663, 38.930702652889536], [-77.04623533741737, 38.93048067321305], [-77.04609300002755, 38.93027344819748], [-77.04590333026873, 38.9299921932789], [-77.04565680911178, 38.9297184281531], [-77.04526801795896, 38.9293335731248], [-77.04497423996325, 38.92909676791528], [-77.04477504270181, 38.92887478947659], [-77.0446328466417, 38.928697199921785], [-77.04451110212536, 38.92833994057856], [-77.04466073218248, 38.92771996728278], [-77.0447079396064, 38.92761626351904], [-77.04471507499733, 38.927592568918556], [-77.04474580307934, 38.92749040285494], [-77.0447457970362, 38.927480772967414], [-77.044745733377, 38.92737933034439], [-77.04470769362409, 38.92722395144695], [-77.04470763324446, 38.92712765256654], [-77.04478888361301, 38.92671067150492], [-77.04500100361662, 38.926550106839876], [-77.04512413523955, 38.926476010988885], [-77.04549350345926, 38.92626858638587], [-77.04599553001917, 38.925958819012], [-77.04614708109621, 38.92596483987994], [-77.04629872050977, 38.92596477990125], [-77.04642191913189, 38.92597950466953], [-77.04655456882682, 38.926038726637024], [-77.04670292142785, 38.926091131890146], [-77.04679160286913, 38.92629771120353], [-77.04690534844295, 38.926527197544864], [-77.047052264124, 38.926724519730804], [-77.0472181918659, 38.92680840131517], [-77.04768432269664, 38.92701155678916], [-77.04816550210069, 38.92732811890114], [-77.04833663184019, 38.927511223348155], [-77.0487727971693, 38.92786633010807], [-77.04885013434819, 38.92791519494298], [-77.04896460003533, 38.927987528854246], [-77.04897182266002, 38.92799210205206], [-77.04905709531087, 38.92805871881276], [-77.04918029549674, 38.92810307802563], [-77.04933198302528, 38.92813265144973], [-77.04954037326132, 38.92813994110717], [-77.04961612790538, 38.92811766743946], [-77.0497014507524, 38.928073220189916], [-77.04976772265266, 38.928014007354996], [-77.04982447434293, 38.927880750187406], [-77.04985274124355, 38.927732641422416], [-77.04984315510686, 38.92754761470083], [-77.04976710773767, 38.92713299430235], [-77.04958657842347, 38.92642241388816], [-77.04948187796454, 38.92577835448114], [-77.04943474944922, 38.925534978647306], [-77.04917798494476, 38.925271368421875], [-77.04890882201758, 38.924986332015514], [-77.04872819543958, 38.924517965782535], [-77.04868485804917, 38.92423151021556], [-77.04858605273289, 38.9236418305352], [-77.0485383673015, 38.92301420444232], [-77.04855129114051, 38.922839779907044], [-77.04861014467498, 38.922595278529236], [-77.04868319464374, 38.92247074406574], [-77.04880804414017, 38.92232774788863], [-77.04950408742792, 38.92188864155372], [-77.04962063866908, 38.92180576957366], [-77.04976300273147, 38.921730246288654], [-77.05021712245232, 38.921305894974445], [-77.04995344364185, 38.92085024069315], [-77.04972820455102, 38.92046342908753], [-77.04945527480312, 38.919994841590004], [-77.0491905690606, 38.91954088848959], [-77.04918073269972, 38.919524002012054], [-77.04917940465621, 38.91952119197219], [-77.04915271070989, 38.9194726483072], [-77.04912436971192, 38.919426852868675], [-77.04909198016948, 38.91937948266621], [-77.04905960219521, 38.919332103441164], [-77.0490272040497, 38.91927209453655], [-77.04901100282123, 38.91923892365356], [-77.04899683763371, 38.91921523768595], [-77.048978617373, 38.91918049118692], [-77.04896038776965, 38.91914890661266], [-77.04894116689997, 38.91911791700035], [-77.04891521219535, 38.91907072421753], [-77.04889007681943, 38.9190243688605], [-77.04887406271158, 38.9189948462526], [-77.04884601874932, 38.918961292939635], [-77.04883478883491, 38.91894669512966], [-77.048817964275, 38.91892918996532], [-77.04880114271947, 38.91891606284588], [-77.04878058205061, 38.918898559236375], [-77.04875253361651, 38.91887521234085], [-77.04873384302715, 38.91886062664188], [-77.04871141632358, 38.91884604249737], [-77.04868896592718, 38.918830521492005], [-77.04867451370197, 38.91882527565623], [-77.04865534404793, 38.918818338216866], [-77.04861050164509, 38.91880521372571], [-77.0485563064427, 38.91879064276295], [-77.0485226754151, 38.91878190063575], [-77.04846661318146, 38.91876878975617], [-77.04831521313243, 38.91872512601742], [-77.04830800459403, 38.918722876915076], [-77.04823664570189, 38.91870038556723], [-77.04817826212876, 38.918681825467196], [-77.04813140254562, 38.918669602456674], [-77.04799047804131, 38.91863305957096], [-77.04794183127669, 38.918620972343305], [-77.04789100475637, 38.91860832747224], [-77.04787838782549, 38.91860565716829], [-77.04786541314418, 38.91860256361798], [-77.04785280737171, 38.918599334790194], [-77.0478401897852, 38.918595682574306], [-77.04782757210334, 38.91859188622382], [-77.04781532313716, 38.9185876663295], [-77.0478034314525, 38.91858316702949], [-77.04779152805094, 38.9185783884748], [-77.04777963599503, 38.91857333065602], [-77.0477681013053, 38.91856811954823], [-77.04776269138893, 38.91856545529367], [-77.04773853667889, 38.918552934575914], [-77.04771546515592, 38.918539287369455], [-77.0476934769168, 38.918524657808135], [-77.04767221459126, 38.91850919017172], [-77.04765238147348, 38.9184927220238], [-77.04763363174229, 38.91847542466432], [-77.04761595394453, 38.918457415206824], [-77.04759972851845, 38.918438558371804], [-77.04758494412461, 38.91841914243112], [-77.04757160066006, 38.91839901424371], [-77.04752433455927, 38.91831275167858], [-77.0474730926795, 38.91821269895259], [-77.04727211876194, 38.917816125556726], [-77.04727067561025, 38.91781345967418], [-77.04723712267501, 38.91774759530844], [-77.04720175682101, 38.91767779502332], [-77.04705924393761, 38.91739732401484], [-77.04698311000749, 38.91724787938068], [-77.046776727902, 38.91684272229666], [-77.04674209050437, 38.91677461513631], [-77.04673307324389, 38.91675688133343], [-77.046715387248, 38.91672535923638], [-77.04670781486689, 38.916712975804174], [-77.04670674138441, 38.91671128266647], [-77.04670096875174, 38.91670031282283], [-77.04669446856575, 38.91668764970283], [-77.04660067126296, 38.9165211680892], [-77.04650003807998, 38.91635694119964], [-77.04642246903651, 38.91623128775614], [-77.04639793536795, 38.916184138867315], [-77.04637339258474, 38.916105190553644], [-77.0463473663197, 38.915996812590876], [-77.04632553189195, 38.91564929767961], [-77.04629902386837, 38.91534907836024], [-77.04627398280896, 38.91507025323741], [-77.04625473781813, 38.91483857543782], [-77.04624928688582, 38.91477214110828], [-77.04623661284043, 38.91468023405789], [-77.04622107483722, 38.91459930930107], [-77.04619722694407, 38.914506136487546], [-77.04619077564499, 38.91447949237491], [-77.04616832332754, 38.914386787435355], [-77.04608980119208, 38.91444142697999], [-77.04599471691589, 38.91450748655599], [-77.04597887949056, 38.91451607773514], [-77.04596410269127, 38.91452438923639], [-77.04574258782853, 38.91464777328364], [-77.04554159043288, 38.91476143792496], [-77.04526711155302, 38.91491722666817], [-77.04504091638653, 38.915046241398976], [-77.04501533916763, 38.91506088980299], [-77.04491556444832, 38.91511554574535], [-77.04483667602122, 38.915158924159954], [-77.0447206831328, 38.915222729618684], [-77.04464072185769, 38.915265693927196], [-77.04447573871514, 38.91535429077285], [-77.04439001197746, 38.91539753636146], [-77.04425889142969, 38.915463599188854], [-77.04424339906791, 38.91547148735018], [-77.04422107144656, 38.91548332374769], [-77.04414506286427, 38.915523466609564], [-77.04407199363672, 38.91556216697926], [-77.04402726910531, 38.91558586675517], [-77.04393073076864, 38.91563685423861], [-77.0439242410531, 38.91564023480431], [-77.04385364993374, 38.91567769996301], [-77.04357915755946, 38.91582320620653], [-77.04354925615816, 38.91583855855016], [-77.0434473101541, 38.91589109708061], [-77.04343795008847, 38.91589588398672], [-77.04343326997011, 38.91589813781031], [-77.04334717355889, 38.91594236467507], [-77.04323478361552, 38.91600025784407], [-77.04314686525154, 38.916044746476125], [-77.04287094819117, 38.91618436012025], [-77.04273983649331, 38.916250709495884], [-77.04218903485446, 38.91652819521337], [-77.04179458486854, 38.91672144862701], [-77.0416584092766, 38.91678807785151], [-77.04154565416978, 38.9168373845741], [-77.04143109508887, 38.916897943235675], [-77.04129276986903, 38.91697723851068], [-77.04122973961421, 38.917013438235095], [-77.04122593566292, 38.91701561959395], [-77.0411443297498, 38.91701318908283], [-77.04102001464122, 38.91701323279101], [-77.0408052506417, 38.91701301972196], [-77.040730299505, 38.9170130458725], [-77.0400935719051, 38.91701256343857], [-77.04008240993096, 38.91701253123472], [-77.03966980892795, 38.91701130277662], [-77.03920749860536, 38.917011116502046], [-77.0389437744219, 38.917011267755065], [-77.03883192428047, 38.91701133200528], [-77.0386299020449, 38.91701121880294], [-77.03847469549088, 38.91701117992867], [-77.03831925831807, 38.917011140923954], [-77.03814398792197, 38.91701110818859], [-77.03775494506984, 38.917010603959625], [-77.03747888250538, 38.91701024241762], [-77.03730476512136, 38.91701004590367], [-77.03686164214552, 38.91700953793732], [-77.03679822190838, 38.917009467844146], [-77.03677987617681, 38.917009473620354], [-77.03649460085873, 38.91701001348587], [-77.03636038081005, 38.91701032558001], [-77.0363380107788, 38.917010332539085], [-77.03624691645928, 38.91701063108313], [-77.03617947169384, 38.917010111485915], [-77.035928627436, 38.91700998169524], [-77.03552356798578, 38.9170091957027], [-77.03534013352689, 38.917008836943545], [-77.0350287051393, 38.917007588479166], [-77.03498601749355, 38.917007412093646], [-77.0346986670824, 38.91700893911262], [-77.03453446687942, 38.91700988859189], [-77.03440404067678, 38.91701055765089], [-77.034385487301, 38.91701038294564], [-77.0340412751987, 38.91700652006779], [-77.03326132121806, 38.91700467277767], [-77.03324363274297, 38.917004659794905], [-77.03247988031976, 38.91700399177822], [-77.032189531295, 38.91700434237721], [-77.03215309359587, 38.91700453257641], [-77.03195302064478, 38.9170055783775], [-77.03195308770677, 38.91687216494565], [-77.03195332948559, 38.916382381779606], [-77.03195332839577, 38.91637994952972], [-77.0319538561912, 38.91629689254482], [-77.03195427758439, 38.916207980170434], [-77.03195738999227, 38.91566558748191], [-77.03195781113513, 38.915576134597124], [-77.03195695612371, 38.915495059811946], [-77.0319547979306, 38.91531056968773], [-77.0319547796857, 38.91526985201465], [-77.03195451384666, 38.91490816738948], [-77.03195449955773, 38.91487627788211], [-77.03195458642053, 38.91483853292814], [-77.03195478078503, 38.9147576380117], [-77.03195558213503, 38.91448738768377], [-77.03195429503369, 38.91418822114975], [-77.03195371427977, 38.914101579116114], [-77.0317846531796, 38.91409872454441], [-77.03167337302105, 38.91409974568088], [-77.03148580683153, 38.91409985042654], [-77.03133645262304, 38.91409992661224], [-77.03092540253495, 38.914099495632904], [-77.0307865062289, 38.91409901883858], [-77.030401860561, 38.91409770524829], [-77.03026539719563, 38.914097236209784], [-77.02998151702084, 38.914097489566444], [-77.02977281549234, 38.914097633017256], [-77.02975229113714, 38.91409736799532], [-77.02962210000236, 38.914096049824416], [-77.02949908149726, 38.91409635119853], [-77.02889014626543, 38.91409794468749], [-77.02840402229644, 38.91410004571189], [-77.02830720096568, 38.914100213342905], [-77.02816892760964, 38.91410046296143], [-77.02808186103736, 38.914100574003484], [-77.02802582296994, 38.914100677542024], [-77.02798928286293, 38.914100596217736], [-77.02779169634016, 38.914099814616435], [-77.02768949005318, 38.914099406482705], [-77.02729340661409, 38.91409913934547], [-77.02720554419885, 38.914098619336784], [-77.02703742951195, 38.91409764942713], [-77.02686239632166, 38.914096086316135], [-77.02678711403162, 38.91409655401701], [-77.02637788630553, 38.91409745787304], [-77.0262088609305, 38.914097045493826], [-77.02599266211257, 38.914090391587855], [-77.0258859934651, 38.914089730635816], [-77.02565966114624, 38.914087888810734], [-77.02558679095571, 38.91409457096144], [-77.02498443980495, 38.91409686332122], [-77.02468003562014, 38.914097828851936], [-77.02449698967796, 38.91409881324954], [-77.02436651106864, 38.91409951615909], [-77.02430816340141, 38.91408934889149], [-77.02412921123556, 38.9140916380701], [-77.02396998757617, 38.914093562595376], [-77.02382781690615, 38.91409377184297], [-77.02344988273816, 38.91409428070802], [-77.0234316184749, 38.91409430238903], [-77.02308306456484, 38.91409671393929], [-77.02304903813791, 38.91409672065682], [-77.0229468781147, 38.914096650682474], [-77.0228592464881, 38.91409657777717], [-77.02243478658859, 38.91409629971887], [-77.0224124405256, 38.91409628599091], [-77.02222253357913, 38.914096160115875], [-77.02205154819012, 38.91409619251254], [-77.02191812908312, 38.91409621761773], [-77.0217844332447, 38.91409624262217], [-77.02139902649691, 38.91409406176237], [-77.02129401847382, 38.914094062931184], [-77.0212445527419, 38.914094062927795], [-77.0211987075785, 38.914094062246605], [-77.02094300779292, 38.914094054310965], [-77.02087208382702, 38.91409397691933], [-77.02087325182454, 38.914145053984114], [-77.02087361638877, 38.91416937643001], [-77.02087442805077, 38.91422423705941], [-77.02087477603439, 38.91458582263621], [-77.02087508220438, 38.914922725355424], [-77.02087509922522, 38.914941480708194], [-77.02087494627447, 38.91508861388732], [-77.02087473485562, 38.915272356948755], [-77.02087446602017, 38.915496304214365], [-77.02087446868346, 38.91550540263245], [-77.02087482577812, 38.91558296433399], [-77.02085660846238, 38.91558711142151], [-77.020838852689, 38.915592339424016], [-77.02082132776401, 38.91559837813287], [-77.02080426432765, 38.91560531759039], [-77.02078790455059, 38.91561324783711], [-77.02077234062573, 38.91562198869014], [-77.02075758410976, 38.91563163023117], [-77.02074813083134, 38.91563820799477], [-77.02073924274006, 38.915645416240736], [-77.02073268335573, 38.91565091248917], [-77.02072576672748, 38.91565712946744], [-77.02071687897171, 38.91566550879516], [-77.0207080145108, 38.9156746988682], [-77.02069958829381, 38.91568415911297], [-77.02069175022031, 38.91569388950299], [-77.02068437342622, 38.915703799977514], [-77.02067745796407, 38.915714070703295], [-77.02067123437008, 38.915724431389584], [-77.02066547208221, 38.91573506224402], [-77.02066040168923, 38.91574587314244], [-77.02056676062227, 38.91570616290686], [-77.02054774410631, 38.91569805875139], [-77.02040556442869, 38.91563770080046], [-77.02011908449923, 38.91551823690153], [-77.020092456958, 38.91550707114807], [-77.02004263850426, 38.915486360533784], [-77.01997823151453, 38.91545767100858], [-77.01990194648876, 38.91542368657052], [-77.01977473575676, 38.915367045740894], [-77.01975537335113, 38.91535840101443], [-77.01974083137137, 38.91535191747085], [-77.01955378203817, 38.91527258548953], [-77.01932566774008, 38.91517579284447], [-77.0191017286278, 38.915080782720466], [-77.01898917701195, 38.9150333271374], [-77.01892979917649, 38.91500829359897], [-77.0187912895069, 38.91494994194095], [-77.01855339843735, 38.914849717178775], [-77.01841616939505, 38.914791815287906], [-77.01816016058815, 38.914674837071004], [-77.01815716229669, 38.91467348628652], [-77.01811124250071, 38.914653494906766], [-77.01801328384248, 38.914399456938085], [-77.0178960689709, 38.914095461587415], [-77.01787079953564, 38.91402484008928], [-77.01783504171635, 38.913925213338885], [-77.01782465681713, 38.91389521715901], [-77.01780065618556, 38.91382585661683], [-77.01778221727648, 38.91377259312248], [-77.01682068253531, 38.91410902576773], [-77.0166256604189, 38.914177156713116], [-77.01574346172387, 38.914485364048424], [-77.01490398463693, 38.914778632449426], [-77.01427335134215, 38.91499613639559], [-77.01427961228974, 38.91505282508802], [-77.01429347441322, 38.915179390509515], [-77.01429475613904, 38.91518848877162], [-77.01430594636331, 38.91527334592247], [-77.01431184744595, 38.91531775629326], [-77.01433379043324, 38.9154904433895], [-77.01433435659644, 38.915496208654474], [-77.01434267480806, 38.915576291731796], [-77.0143502998714, 38.9156497988081], [-77.0143647527179, 38.91578834521975], [-77.01436947759763, 38.91583203506131], [-77.01437630476843, 38.91589401156253], [-77.01438472628722, 38.915971302034706], [-77.01439281281313, 38.916045529712804], [-77.01441383249868, 38.91621200113427], [-77.01441591139643, 38.9162285762121], [-77.01442238051575, 38.91628721966684], [-77.01442896488118, 38.91634550277296], [-77.01443557231352, 38.916403758850294], [-77.01445932219465, 38.91661315462325], [-77.01449446213729, 38.91692310898979], [-77.01449538629645, 38.916931396541216], [-77.01450347253346, 38.91700310186551], [-77.01451132785591, 38.917073275800384], [-77.01451202079483, 38.91707859063048], [-77.01456654638763, 38.91756557427573], [-77.01456829081295, 38.917581428721874], [-77.01456875332445, 38.91758764441304], [-77.01457325053376, 38.91764457650761], [-77.01457764363924, 38.9176998871148], [-77.0145790308839, 38.91771709285467], [-77.01458008277052, 38.917729614304044], [-77.01461691714783, 38.91803120862757], [-77.01462004741634, 38.91805724231207], [-77.01462153734985, 38.918069043039], [-77.01462766975995, 38.918114804591696], [-77.01463483026053, 38.91816939417896], [-77.01463783284852, 38.918191284046245], [-77.014641401611, 38.91821875900733], [-77.01466958907616, 38.91846900688881], [-77.01468542669161, 38.91860674226537], [-77.01469258914197, 38.91867034017373], [-77.01469893125399, 38.918726010853945], [-77.01469928922332, 38.918728443057944], [-77.01470367913117, 38.91876744857306], [-77.01471422581386, 38.91885792690752], [-77.01474203080771, 38.919096337845794], [-77.01474236584811, 38.91909940063539], [-77.01474328985938, 38.91910669726536], [-77.01475024510162, 38.91917152032319], [-77.01475137735638, 38.91918209595847], [-77.01475923355436, 38.91925416159749], [-77.0147609781385, 38.91927037636899], [-77.01479528039256, 38.919587465195185], [-77.0148042921735, 38.91967088117293], [-77.0148139945861, 38.91974817139808], [-77.0148299691686, 38.91987642093602], [-77.01486620367739, 38.92016651150374], [-77.01486725478658, 38.9201748891144], [-77.01487464728385, 38.92023416296682], [-77.01487510908744, 38.92023677532289], [-77.0148844524104, 38.920305597752396], [-77.01488550337332, 38.92031325469654], [-77.01492442395363, 38.92059750748489], [-77.01492833916622, 38.920626288588146], [-77.01493700972384, 38.920675833275844], [-77.01479794358981, 38.92069611970571], [-77.01478018554, 38.920698644284826], [-77.01463258623288, 38.92072019276262], [-77.01456165794687, 38.920731191781925], [-77.01449098344285, 38.92074273122627], [-77.01442051661142, 38.92075490118504], [-77.01435007292785, 38.92076761159803], [-77.0142799637425, 38.92078086242722], [-77.01420985463879, 38.920794653713884], [-77.01414008004814, 38.920809075500806], [-77.01407043238315, 38.9208240377303], [-77.01400101542642, 38.920839540390155], [-77.01393172540983, 38.92085567357643], [-77.0138580307228, 38.92087396924234], [-77.01378482049805, 38.920893165637196], [-77.01371194480562, 38.92091317269614], [-77.01363940367756, 38.920934170586385], [-77.01356734698744, 38.92095597912462], [-77.01349562483986, 38.92097868841226], [-77.01342446784719, 38.92100220834022], [-77.01335379530315, 38.92102662900189], [-77.01328356106255, 38.921051860320254], [-77.01321391505081, 38.92107799236236], [-77.01316584340985, 38.92109754585591], [-77.01311810624212, 38.92111754970837], [-77.0130707150784, 38.92113800391888], [-77.01302355460219, 38.92115890850057], [-77.0129767401288, 38.92118026344107], [-77.01293026010984, 38.92120197865874], [-77.0128841376406, 38.921224234317876], [-77.01283837268794, 38.921246850252494], [-77.01279294218834, 38.9212698264655], [-77.01274784617355, 38.92129334312376], [-77.01273816027415, 38.9212971276768], [-77.01272824367668, 38.92130055192113], [-77.01271822321314, 38.9213035257597], [-77.0127079490046, 38.921306229375205], [-77.01269746714547, 38.92130848259614], [-77.01268696215833, 38.9213103754856], [-77.01267624952102, 38.921311817980396], [-77.01266551373998, 38.92131281006046], [-77.01265935591755, 38.92131322511077], [-77.01265480097389, 38.92131353188723], [-77.01264396126378, 38.921313713227306], [-77.01226180285083, 38.921314654790564], [-77.01225983094031, 38.92131465499748], [-77.01215063774231, 38.92131412590449], [-77.01215052309084, 38.921385697060934], [-77.01215043687544, 38.921488797351266], [-77.01214832288763, 38.922008577902425], [-77.01214860500312, 38.922310717058224], [-77.01214874405558, 38.92238233321666], [-77.01214887568575, 38.92254574419009], [-77.0121474788446, 38.923078496548825], [-77.0121478603436, 38.92335478175025], [-77.01214800303494, 38.92344774761705], [-77.01214812409013, 38.923549091223585], [-77.01214826507845, 38.92363205785039], [-77.01214592346918, 38.92417003502546], [-77.01214614081965, 38.924701255640855], [-77.01214541109971, 38.92522409856547], [-77.012143329987, 38.92580234273445], [-77.01214408263013, 38.92615871169762], [-77.01214418810986, 38.926168620835604], [-77.01214467004579, 38.92628978265064], [-77.01224015822858, 38.92628707019186], [-77.0122768427184, 38.92628580517889], [-77.01231350414201, 38.92628454015686], [-77.01236493854725, 38.92628282314514], [-77.0124163729657, 38.92628119619392], [-77.01246780739756, 38.926279659303226], [-77.01251924184294, 38.92627821247307], [-77.01257080315906, 38.926276855689835], [-77.01262223761637, 38.926275498897475], [-77.01267367210372, 38.9262743222489], [-77.0127251065894, 38.926273145577646], [-77.01277664488143, 38.92627205895559], [-77.01280340006689, 38.92627160561114], [-77.01283028212508, 38.926271242329825], [-77.01285714111813, 38.926270879044885], [-77.01288402317579, 38.92627051575122], [-77.01291077840891, 38.92627033263172], [-77.01293763741747, 38.92627005941144], [-77.01296451952354, 38.92626996634873], [-77.01299137854825, 38.92626978319927], [-77.01301826067059, 38.926269780207406], [-77.01304501593607, 38.92626977722351], [-77.01338545352252, 38.92626919822221], [-77.01356638593509, 38.926268817023065], [-77.01375310806588, 38.926270686941834], [-77.01379934164382, 38.9262707715742], [-77.01384559842685, 38.92627157685093], [-77.01389172849436, 38.92627310278974], [-77.01393796249668, 38.92627534936333], [-77.0139839890594, 38.92627831660884], [-77.01402999270272, 38.926282004504316], [-77.01407589268341, 38.92628632297637], [-77.01412168903823, 38.92629145219142], [-77.01416735866802, 38.92629721198607], [-77.01421290160988, 38.92630378252684], [-77.01426618308543, 38.92631161326972], [-77.01431936097967, 38.92632043491583], [-77.01437218159896, 38.926330337579735], [-77.01442464492737, 38.92634123117866], [-77.01447677403175, 38.92635311571032], [-77.01452844205723, 38.92636599119091], [-77.014579775881, 38.926379947688346], [-77.01463062554639, 38.926394805055494], [-77.01468103720329, 38.92641065337039], [-77.01473086093152, 38.926427492652444], [-77.01478194189062, 38.926445142502686], [-77.01483245799, 38.92646378331707], [-77.01488251300471, 38.92648332499998], [-77.01493177251338, 38.92650385767789], [-77.01498054787527, 38.92652529122867], [-77.01502852771489, 38.92654762569298], [-77.01507594266396, 38.9265707709589], [-77.01512253904681, 38.926594907226225], [-77.01516844368379, 38.92661985431317], [-77.01521352973747, 38.92664570232019], [-77.01546486619809, 38.926791784218196], [-77.01558902955638, 38.92686362705776], [-77.01577789905318, 38.926972899606646], [-77.01609034511289, 38.92715302331682], [-77.0163040608289, 38.9272774165474], [-77.01654801992282, 38.92741942536996], [-77.01656844697011, 38.92743131345145], [-77.01658874720708, 38.9274433817137], [-77.01660892059198, 38.92745544999039], [-77.01662911707001, 38.92746760834342], [-77.01664918669593, 38.92747976671104], [-77.0166692563707, 38.927492105241484], [-77.0166891991935, 38.92750444378655], [-77.01670903825044, 38.92751687242622], [-77.01672887733542, 38.92752939114556], [-77.01674861265478, 38.92754199995959], [-77.01675091952299, 38.927543440959326], [-77.01691425586104, 38.92768691988679], [-77.01701378993914, 38.92776509760858], [-77.01704021730295, 38.92779013687237], [-77.01706592957223, 38.927814815901925], [-77.01709143427071, 38.92783949495608], [-77.01711681217046, 38.92786435418943], [-77.01714206324974, 38.92788930351887], [-77.01716710675804, 38.927914252873244], [-77.0171920234674, 38.92793938240707], [-77.0172167095618, 38.92796460205262], [-77.01724139569544, 38.92798991177599], [-77.01726585121399, 38.92801531161121], [-77.0173475224964, 38.92809583384362], [-77.01736344171049, 38.92811240677713], [-77.01737982215374, 38.92812861930724], [-77.01739676762116, 38.92814447141837], [-77.01741430117814, 38.92815996310678], [-77.01743229596472, 38.92817509439114], [-77.0174508788411, 38.92818986525232], [-77.01747002671974, 38.92820418561035], [-77.01748950896771, 38.92821814558262], [-77.01750957928344, 38.92823165504778], [-77.01753011080636, 38.92824471402457], [-77.01755156515752, 38.92825858360741], [-77.01757325010578, 38.92827218290216], [-77.0175953962841, 38.928285421790854], [-77.0176177730592, 38.92829839039116], [-77.01764038040879, 38.92831099861978], [-77.01766334519313, 38.928323246457424], [-77.01768664436871, 38.928335223990516], [-77.01771016258543, 38.92834684115317], [-77.01773403823638, 38.92835809792433], [-77.017758029133, 38.92836899434052], [-77.01779022074487, 38.928383492828985], [-77.01782274668538, 38.92839745075876], [-77.01785573379242, 38.92841077802703], [-77.01788905522699, 38.92842356473597], [-77.01792263025908, 38.928435810897675], [-77.01795664343547, 38.928447606566735], [-77.01798622748171, 38.92845723190409], [-77.01799091018549, 38.92845877160486], [-77.0180256150331, 38.92846930598343], [-77.01806044661491, 38.92847929983326], [-77.01809563558609, 38.92848875311851], [-77.01810842627664, 38.92849195809673], [-77.01813103199666, 38.92849757577908], [-77.01815883916586, 38.9285037871976], [-77.01818685386151, 38.92850972832779], [-77.01821489155827, 38.92851539919827], [-77.0182430214068, 38.92852061963197], [-77.01818123492582, 38.928590533772336], [-77.0180659418141, 38.92872891934244], [-77.01802835614613, 38.92877396671178], [-77.01801946946661, 38.928794326869564], [-77.01801106723008, 38.92881495720131], [-77.01800323009869, 38.92883558744534], [-77.01799585432265, 38.92885639778397], [-77.0179890436981, 38.92887738820126], [-77.01798282124575, 38.92889837852761], [-77.01797706012728, 38.928919458865685], [-77.01797188722735, 38.9289407192792], [-77.01796727943535, 38.92896197960549], [-77.01796484901709, 38.9289739610349], [-77.01796277609466, 38.928985852326115], [-77.01795875656491, 38.92900747289397], [-77.01795564813094, 38.929029093321596], [-77.01795323169118, 38.9290508037259], [-77.01795172634864, 38.92907251399007], [-77.01795123442835, 38.92908837770374], [-77.01795103986377, 38.929094314211504], [-77.01795116068159, 38.929116114308805], [-77.01795186870241, 38.92913404074158], [-77.01795313028039, 38.92915187700608], [-77.01795498003747, 38.929169713180144], [-77.01795752177034, 38.92918754924776], [-77.01795995909555, 38.92920295308705], [-77.01796388530323, 38.92922286085344], [-77.01796781149031, 38.92924267853652], [-77.01797184149868, 38.92926258628654], [-77.01797599837145, 38.929282494016846], [-77.01798028208614, 38.929302311644264], [-77.01798454276009, 38.92932221935816], [-77.017988930276, 38.929342036969125], [-77.01799343312376, 38.929361854562124], [-77.0179979475069, 38.92938167215311], [-77.01800255415623, 38.92940148972962], [-77.01803431506654, 38.92953498801229], [-77.01805394205618, 38.929617681281734], [-77.01807022091492, 38.92968614193243], [-77.01807436566745, 38.92970352733236], [-77.01808290913316, 38.92973919892342], [-77.01811166887454, 38.92986134716907], [-77.01816476810022, 38.93009233904306], [-77.0181807129374, 38.93016167353033], [-77.01825777898289, 38.93048496977147], [-77.01827918155696, 38.930563608971504], [-77.0182999609257, 38.93064044660214], [-77.01835144746278, 38.93082961302962], [-77.01842038741651, 38.93112120115147], [-77.01849392476664, 38.931438191919064], [-77.01849600314038, 38.931447380064704], [-77.01851090850859, 38.93150863420129], [-77.01852717623628, 38.93157529310421], [-77.01857289705734, 38.931763199151845], [-77.01862970047951, 38.93199064987865], [-77.01864771145263, 38.93206298371448], [-77.01866479882419, 38.93213162428815], [-77.01866700401317, 38.93214045207699], [-77.01872739869226, 38.93238221636602], [-77.01877194160983, 38.932560492616446], [-77.01879192716055, 38.93264066333165], [-77.01880634772313, 38.93269849433844], [-77.01882366637874, 38.93276830592323], [-77.01884721975712, 38.93286306950685], [-77.0189293202334, 38.93318582383093], [-77.01899754775253, 38.93346993470565], [-77.01901476350871, 38.933541728095776], [-77.01903311094209, 38.933618565948734], [-77.01903657483172, 38.933632798505926], [-77.01910793423153, 38.93389401868112], [-77.01911346429833, 38.93391429546958], [-77.01911969920083, 38.933939337535335], [-77.0191257034582, 38.933964469721374], [-77.01913137326689, 38.93398969204481], [-77.01913668553509, 38.93401491442638], [-77.01914187096055, 38.934040226911414], [-77.01914661808478, 38.93406544938488], [-77.01915123836578, 38.93409076196181], [-77.01915550112928, 38.93411616468011], [-77.01915942941798, 38.93414156745297], [-77.01916312703517, 38.93416697026339], [-77.01916648983796, 38.93419111196596], [-77.01916858160327, 38.9342494854307], [-77.01917113711987, 38.934316777039115], [-77.01917229950615, 38.934350287737395], [-77.01917379867403, 38.934392356268376], [-77.01918078327506, 38.93463152557153], [-77.01918636946222, 38.93481718577551], [-77.0191889291864, 38.934899971656], [-77.01919303669, 38.935119593392145], [-77.01919431267879, 38.935189407523666], [-77.01919514046189, 38.935222377773], [-77.01919711149658, 38.93530336208323], [-77.0192036411922, 38.93556586291903], [-77.01920969722116, 38.93578251156733], [-77.01921215575021, 38.93587475616468], [-77.01921238800807, 38.935880611522], [-77.01921505211665, 38.9359652891112], [-77.01922262660686, 38.93620950289166], [-77.0192303199973, 38.93650947801645], [-77.01923078607548, 38.93652695404127], [-77.01923241859033, 38.93659271436026], [-77.01923392248288, 38.93665198872388], [-77.0192359156729, 38.93672927960511], [-77.0192361727053, 38.93674144076695], [-77.01922799337837, 38.93690647415458], [-77.01922765949509, 38.93690872628426], [-77.0192216703044, 38.936940526565095], [-77.01921417010747, 38.936972237010835], [-77.01920530879812, 38.93700367743059], [-77.01919504026198, 38.93703493791468], [-77.01918328370961, 38.937065838309934], [-77.01917014294696, 38.93709637859899], [-77.01908934450938, 38.937263405680184], [-77.01907493685775, 38.93730124288595], [-77.01903517175128, 38.937406015878565], [-77.01916306732207, 38.93737752875576], [-77.01952050315363, 38.93729801641111], [-77.01954967098719, 38.93728990406721], [-77.01957909264115, 38.937282061922424], [-77.01960008349077, 38.937276833590985], [-77.0196086182453, 38.93727476025072], [-77.01963837460238, 38.93726772878169], [-77.01966823491053, 38.93726123778556], [-77.01968714996121, 38.93725736103252], [-77.01969823372355, 38.93725510709033], [-77.01972833643903, 38.9372493367018], [-77.01975865842462, 38.93724401668339], [-77.01976650134247, 38.93724275419538], [-77.01978900357412, 38.93723905698509], [-77.01981945265256, 38.93723454767623], [-77.02027436868103, 38.93717646521153], [-77.02054780005216, 38.93714154633473], [-77.02076383923536, 38.93711430309066], [-77.02124283640812, 38.93705386140837], [-77.02125586947436, 38.937051967295986], [-77.0213740782136, 38.9370348299697], [-77.02147119180256, 38.937020759222776], [-77.02150140920992, 38.93701363711141], [-77.02174739256749, 38.93695581236907], [-77.02197232720381, 38.93690292761532], [-77.02201638436318, 38.93689210936528], [-77.02265035608714, 38.936736144642275], [-77.02298943318357, 38.93665401282825], [-77.02308861886736, 38.93663003119913], [-77.02315955963486, 38.93661281131083], [-77.02335480519962, 38.9365655689678], [-77.02403226155978, 38.93639607559094], [-77.02429983185039, 38.93633629523576], [-77.0244051005345, 38.936193401658734], [-77.02451518775732, 38.93604393091282], [-77.0245294832815, 38.93602456006686], [-77.02481746862327, 38.93563822332062], [-77.02508920770235, 38.93527495057774], [-77.02511767137685, 38.93523656909719], [-77.0251719817156, 38.93516340999913], [-77.02520037613603, 38.93512513661218], [-77.02530538814838, 38.935114096768366], [-77.02536699130036, 38.93511616433155], [-77.02539756871971, 38.935119310596626], [-77.02542363639726, 38.93512245783472], [-77.02544970420566, 38.93512596539908], [-77.02547564527273, 38.9351298333174], [-77.0255014826667, 38.93513406158464], [-77.02552721638783, 38.93513865020087], [-77.02583340037434, 38.935218000115626], [-77.02587770009198, 38.93524439364877], [-77.02589520468746, 38.93526553225661], [-77.02594531779593, 38.93529261811497], [-77.02600109057478, 38.935310063809574], [-77.02628749380908, 38.93538575956095], [-77.02672790178627, 38.935500515521014], [-77.02708953848939, 38.9355960103387], [-77.02709968942703, 38.935598800558935], [-77.02720222523135, 38.93562634214144], [-77.0272887502896, 38.93564947330561], [-77.02751010993487, 38.93570896628332], [-77.02803710756311, 38.93585314502698], [-77.02804995781564, 38.935856664189366], [-77.02838665794857, 38.93594306258628], [-77.02849670367411, 38.935971321871506], [-77.02856488821402, 38.93598878133046], [-77.02861320918629, 38.93600120096583], [-77.02917077867147, 38.93615089819915], [-77.02921258263461, 38.93616212110878], [-77.02959924447573, 38.93626021430059], [-77.02972728603595, 38.93629261168504], [-77.02983976772717, 38.936323751740666], [-77.02992120769726, 38.936346251670614], [-77.02999088163584, 38.93636560165842], [-77.03002755274609, 38.936375771622025], [-77.03011879794441, 38.936400971384614], [-77.03023866267081, 38.93643418106203], [-77.03043643723166, 38.93648721563852], [-77.0307582180477, 38.936573493971366], [-77.03086618981905, 38.93660238214954], [-77.03096157611688, 38.93662703966164], [-77.03114037515135, 38.93667329482083], [-77.03130593209937, 38.93671696787183], [-77.03184104049446, 38.9368581365126], [-77.03195767654057, 38.93688981389333], [-77.03217069245841, 38.93694766981153], [-77.0322615236753, 38.936972336523375], [-77.0325812747269, 38.93704953903355], [-77.0327325046847, 38.937086070473015], [-77.03285675593739, 38.937121798557115], [-77.03317247765985, 38.93721260311224], [-77.03325110438209, 38.93723302960848], [-77.03334049388071, 38.937256245554764], [-77.03353308121598, 38.93730627660065], [-77.03364220758164, 38.937332909805136], [-77.03372364866861, 38.9373527946751], [-77.03380324415215, 38.937372319690105], [-77.03385781818996, 38.93738401468196], [-77.03386853448232, 38.93738608348581], [-77.03391259930493, 38.93739453850938], [-77.0339678642734, 38.93740380100872], [-77.0340234631904, 38.93741189230584], [-77.03407916536845, 38.93741881246761], [-77.03413522451505, 38.937424471336804], [-77.03419151379381, 38.9374289590329], [-77.03424780247386, 38.937432185540274], [-77.03430421742891, 38.93743415082168], [-77.03436073563081, 38.937434944966675], [-77.03480249655422, 38.93743328284979], [-77.03523283997743, 38.93743450516118]]]}, "properties": {"WARD": 1, "NAME": "Ward 1", "REP_NAME": "Brianne Nadeau", "WEB_URL": "https://dccouncil.us/council/brianne-nadeau"}}, {"type": "Feature", "geometry": {"type": "Polygon", "coordinates": [[[-76.94186181138436, 38.918543063352395], [-76.94200163500592, 38.91841993488607], [-76.94225445178257, 38.91819730205255], [-76.94226491828815, 38.91818771335023], [-76.94256422230573, 38.917913412983175], [-76.9427004587145, 38.91778854329612], [-76.94279888902771, 38.91770094043854], [-76.94329318359927, 38.917260574752284], [-76.94352846639725, 38.91705097467657], [-76.94372744602902, 38.91687370557225], [-76.9439050690301, 38.916740954071926], [-76.9444638935746, 38.91632327929266], [-76.94558404314077, 38.915509731976805], [-76.94593656562495, 38.91531954945179], [-76.94614398423329, 38.91520623026993], [-76.94638768233158, 38.91511724987887], [-76.9466105142495, 38.91505258195721], [-76.94678164746148, 38.915012122503796], [-76.94730506415942, 38.914955697268724], [-76.94826916498857, 38.914919644285966], [-76.9508760264712, 38.91488842933066], [-76.95106409451452, 38.91488274290521], [-76.95134302554733, 38.91487430146261], [-76.95206289560683, 38.914852528567614], [-76.95241528950311, 38.914824296337144], [-76.95277312665333, 38.91475958147762], [-76.95298049451522, 38.914686787652414], [-76.95317898422513, 38.914595207517465], [-76.95320852292443, 38.914581571717825], [-76.95336931969892, 38.914488489782826], [-76.95349887362885, 38.9143872876922], [-76.95360261204993, 38.914265806447965], [-76.9536545545557, 38.9141807883478], [-76.95369084181587, 38.91405522649688], [-76.95373243552436, 38.91392570306408], [-76.9537690977179, 38.91339918015146], [-76.95382135673867, 38.91264592340773], [-76.95391522550936, 38.91209104664399], [-76.95400350911585, 38.91179137389175], [-76.95413839528521, 38.911475594423536], [-76.9542993176497, 38.91115568112996], [-76.95460539473318, 38.91068196156508], [-76.95513429822094, 38.91009085811369], [-76.95620788942776, 38.90888432722774], [-76.95661250258334, 38.908252632686846], [-76.95696523878614, 38.90779108528782], [-76.9569807006459, 38.90777054293833], [-76.95720893522244, 38.90746714448086], [-76.95741126750228, 38.9071149018594], [-76.95761357472512, 38.9067626588567], [-76.9579209746533, 38.90612705065238], [-76.95832440716421, 38.90529275160581], [-76.95878618225794, 38.90423173136381], [-76.95918040728469, 38.903555522475166], [-76.95984419069612, 38.90258780462621], [-76.96141797702789, 38.90085449620984], [-76.96175756767656, 38.900487967609386], [-76.96199372924028, 38.90015428491513], [-76.96215114190662, 38.8998381425435], [-76.96226368092658, 38.89957468437305], [-76.96228625830352, 38.89939020041184], [-76.96226389002103, 38.8991793975131], [-76.96220789725345, 38.89889831850028], [-76.9620732249202, 38.89851181607889], [-76.96194984671914, 38.898134055267235], [-76.96187141426596, 38.89778269447709], [-76.96186022242178, 38.897607036718796], [-76.96186029755101, 38.89746650624862], [-76.96191126552091, 38.897071064640876], [-76.9641005295705, 38.89723216085277], [-76.96424149657295, 38.89724380686018], [-76.96438987307839, 38.89726123832673], [-76.96481278321306, 38.89730195816392], [-76.96521342784628, 38.897331067067526], [-76.96570310492211, 38.897377595921235], [-76.96608148745108, 38.89741249669659], [-76.96657117108455, 38.89744742814674], [-76.96777311947523, 38.89754053403033], [-76.96783895178783, 38.897547065219406], [-76.9681829030443, 38.897581202008794], [-76.96832146190347, 38.897593265829016], [-76.96850930112078, 38.89760775702042], [-76.96877103051963, 38.89762948338459], [-76.96901428203515, 38.89764879902953], [-76.96919287415305, 38.897668097135345], [-76.96933759866384, 38.89768498085073], [-76.96949463495821, 38.89770186760222], [-76.96963935858533, 38.89772115617678], [-76.96968554751919, 38.89772838387089], [-76.96977791439451, 38.89774164108899], [-76.96987952459422, 38.897759711084085], [-76.96998883594354, 38.89777658485683], [-76.97008736830993, 38.89779466288867], [-76.97019513453073, 38.89781273418503], [-76.97029212277086, 38.8978296045293], [-76.97034601144173, 38.89783923915306], [-76.97041066613481, 38.897851290720745], [-76.97061696564894, 38.89788623218293], [-76.97082326585516, 38.89791997516825], [-76.9709525871024, 38.897944068733715], [-76.97114042047865, 38.89797659944481], [-76.97118506499189, 38.897983835172504], [-76.97125558767303, 38.89799581565243], [-76.97135040891216, 38.8980133331864], [-76.97187950096918, 38.898108193689865], [-76.9720531340274, 38.8981376746865], [-76.97217039846247, 38.89816033168819], [-76.97229143371877, 38.89818009778169], [-76.97265597892458, 38.89824449437995], [-76.97294886121101, 38.89829434277847], [-76.97307385028732, 38.898315964699016], [-76.973178251627, 38.898334753134954], [-76.97345017785453, 38.89838193799554], [-76.97393135697459, 38.898467968121246], [-76.97406023102522, 38.89849109424909], [-76.97417617174322, 38.898511595942956], [-76.97441481905489, 38.898556050670166], [-76.9746136999102, 38.89858718191494], [-76.97485803260349, 38.898627195848356], [-76.97526900164618, 38.89870299885475], [-76.97547502883549, 38.89873937301176], [-76.97556287832002, 38.89875496687882], [-76.9756957304083, 38.89877858749298], [-76.97579128027456, 38.89879541693548], [-76.97592998846326, 38.898819858257255], [-76.97608018949744, 38.89884631063266], [-76.97618284116078, 38.89886206020495], [-76.97626134272735, 38.89887466086405], [-76.97645860967468, 38.89891087836265], [-76.97657200507129, 38.898928332337576], [-76.97669963572402, 38.89895163546936], [-76.97690800463589, 38.898987746321765], [-76.97737184408697, 38.89906813761896], [-76.97743141681329, 38.899081445484164], [-76.97752566633481, 38.89909348080723], [-76.97762920409565, 38.899116363900916], [-76.97808400651488, 38.89919895768623], [-76.97863016525945, 38.89929743016995], [-76.979121514052, 38.899380026591956], [-76.97929790583149, 38.89941839756678], [-76.97943474581571, 38.89945346425944], [-76.97945467630086, 38.89945906195837], [-76.97993477497566, 38.89954428341965], [-76.98022548837577, 38.899595887836085], [-76.98090785421067, 38.89970911031561], [-76.98134018727079, 38.89978029216394], [-76.98137723637201, 38.8997895046199], [-76.98148331167688, 38.89981584390954], [-76.98158097353605, 38.899834281444235], [-76.98206928491382, 38.89992119800158], [-76.98248014469856, 38.89998705739806], [-76.98252056189824, 38.89998969389286], [-76.98266873954162, 38.90001339894657], [-76.98302572007317, 38.90006871764513], [-76.98307285703551, 38.90007661580738], [-76.98311327368312, 38.90008189154657], [-76.98315032348054, 38.900089788219155], [-76.98318399676043, 38.90009242351166], [-76.98360984864193, 38.90016232190208], [-76.98360665353846, 38.90000076946121], [-76.98364828861729, 38.89891184457988], [-76.98365490739347, 38.89769995040918], [-76.9836488814675, 38.89733420996995], [-76.98364615057216, 38.896675247669094], [-76.9836498514156, 38.89611988240888], [-76.98364642657693, 38.89547109932402], [-76.98364701847669, 38.89540335648125], [-76.98364992550252, 38.89479051759163], [-76.9836502185696, 38.89351159936828], [-76.9836479211061, 38.89249290085002], [-76.9836465266463, 38.8920169297627], [-76.98364780258828, 38.89147913003391], [-76.98365150025981, 38.89093637598677], [-76.98364749380629, 38.88980870693796], [-76.98365028966606, 38.888673921998375], [-76.9836505342999, 38.887606248908604], [-76.98365509942312, 38.88713122637799], [-76.98365761865459, 38.8853600999334], [-76.98366044084973, 38.88410883568681], [-76.98365508325705, 38.88284288635109], [-76.9836562273308, 38.88187340374364], [-76.98365475127406, 38.881273174531266], [-76.9836583660165, 38.88108688096231], [-76.98317587504933, 38.88129616801775], [-76.98222126599941, 38.88167419882763], [-76.98076201163701, 38.882266449357786], [-76.9793398494059, 38.882843193738296], [-76.9790007812978, 38.88298106858018], [-76.97900174165973, 38.88284347970631], [-76.97726325320544, 38.8828210240107], [-76.97726320421665, 38.88275321955426], [-76.97646916138085, 38.882752557821334], [-76.97646959447864, 38.88143914379508], [-76.97097063935222, 38.88142825857427], [-76.971993406788, 38.879904919053686], [-76.97275445505329, 38.87888318691887], [-76.97342022117964, 38.87838167184265], [-76.97437119897131, 38.877917384502844], [-76.97797560003501, 38.87685715591981], [-76.97692452973274, 38.875839886840986], [-76.97687513243284, 38.87574609963907], [-76.97685980302627, 38.87571708955835], [-76.97672333413969, 38.875465007432055], [-76.97667575565777, 38.87537896772569], [-76.9766276125457, 38.87529310805366], [-76.97657890480508, 38.875207428415244], [-76.97652948262323, 38.875121928779684], [-76.97652108529265, 38.875110396340034], [-76.97651256116922, 38.8750989539582], [-76.97650367976965, 38.8750876015879], [-76.97646092009164, 38.87503289397304], [-76.97639124421909, 38.874965605177664], [-76.97636105992639, 38.87493848378777], [-76.97632972297347, 38.87491217291239], [-76.97629712958364, 38.8748868526975], [-76.97608571439675, 38.874763808901335], [-76.97592447407185, 38.874680240876586], [-76.97581215683513, 38.87462199637622], [-76.97569445915047, 38.874560471589746], [-76.97554520267862, 38.87448303124422], [-76.97546626602967, 38.87444004461669], [-76.97538860914338, 38.874395616861], [-76.97509670942492, 38.87425004228042], [-76.97496729740395, 38.87414321100784], [-76.97492056784401, 38.874109464519094], [-76.97485861600717, 38.874073183374705], [-76.97478915012044, 38.874038215802116], [-76.97471943071011, 38.87400342830112], [-76.97464950383993, 38.87396891096527], [-76.97458623664895, 38.873937908313366], [-76.97452275052525, 38.87390699566331], [-76.97445914912011, 38.87387635320539], [-76.9743954324975, 38.8738458007714], [-76.97423112837538, 38.87376909412531], [-76.97419921215645, 38.87375486281199], [-76.9741310130024, 38.87372412907469], [-76.97406290613142, 38.87369330523385], [-76.97399492614818, 38.87366230121332], [-76.97392706152934, 38.873631117010724], [-76.97385942754724, 38.87359966256811], [-76.97379190889718, 38.87356811802799], [-76.9737245056123, 38.87353639330652], [-76.97365721769307, 38.87350448840393], [-76.97359004513973, 38.87347240332045], [-76.97349591146188, 38.87342752015107], [-76.97339843654385, 38.87338110471595], [-76.9732222676317, 38.87329728631092], [-76.9729158442256, 38.87315437841458], [-76.97267888684877, 38.873043871191356], [-76.97243221737058, 38.87292883897444], [-76.97239947277039, 38.872913057526134], [-76.97228877262259, 38.87285971057184], [-76.97223016841157, 38.87272610202635], [-76.97213105306462, 38.872753644131755], [-76.97203965943258, 38.87277902598504], [-76.97175392813133, 38.87292138008747], [-76.97138463106744, 38.8731055120329], [-76.9710627056897, 38.87326389052012], [-76.97104991155678, 38.87327037339943], [-76.97096819045184, 38.87331170168245], [-76.97096013278764, 38.87328944892414], [-76.97095345814027, 38.873266836173], [-76.97094805119644, 38.87324404356871], [-76.97094391195498, 38.873221071111466], [-76.97094115477294, 38.87320008084649], [-76.97093943477681, 38.87317900075545], [-76.97093886716758, 38.873157920951066], [-76.97093933670553, 38.87313684140467], [-76.970938879508, 38.87295781729335], [-76.97093854102427, 38.87282686204777], [-76.97093845069415, 38.87276569496469], [-76.97093953685898, 38.87236229890463], [-76.97093943236946, 38.872335904254], [-76.9709392253348, 38.872278340498504], [-76.97093901947423, 38.87221789405331], [-76.97093828915236, 38.872030428970625], [-76.97093797040436, 38.87196421711562], [-76.97093892312947, 38.871605502658454], [-76.97093906870141, 38.871531003181076], [-76.97093921335606, 38.871458755803964], [-76.97093933996311, 38.871430829777815], [-76.97093985024577, 38.8711681537964], [-76.97094050914548, 38.870823483323456], [-76.97094051431732, 38.87081078147133], [-76.97094099997811, 38.870750064930874], [-76.97094149069969, 38.870676916789584], [-76.9709435784191, 38.87036072221903], [-76.9709432329775, 38.87033177812014], [-76.97093911816522, 38.86999452933845], [-76.97093990403512, 38.869904022058904], [-76.9709428671823, 38.869560324993294], [-76.97094286791581, 38.86955852331178], [-76.97094220791452, 38.869481411169474], [-76.97094154571398, 38.86940970407094], [-76.97094000831179, 38.869223409791005], [-76.97094154294338, 38.86885046202416], [-76.97094339757852, 38.86882361742471], [-76.97094352381261, 38.86879659222692], [-76.9709426074616, 38.868783079384265], [-76.97094180630582, 38.86876965665435], [-76.9709385907549, 38.86874281079293], [-76.9709335314303, 38.8687161446406], [-76.97092685876034, 38.868689748338554], [-76.97092202520875, 38.86867461300644], [-76.97091845751532, 38.8686636218579], [-76.9709084429282, 38.86863776522692], [-76.97089681492737, 38.86861235861337], [-76.97088357347747, 38.86858749210088], [-76.97079767126378, 38.86844018314492], [-76.97073641153138, 38.86833494957672], [-76.97073261175957, 38.8683280121484], [-76.9706939241776, 38.868255034320725], [-76.9706364629531, 38.86816052165872], [-76.97053812273181, 38.867999066167464], [-76.97050806896509, 38.867947440386224], [-76.97047905246164, 38.867895454522554], [-76.97045118844967, 38.86784310860641], [-76.97042447696441, 38.86779031255442], [-76.97039903315888, 38.867737246564886], [-76.97037474187562, 38.867683730441065], [-76.97035160303764, 38.86762994435201], [-76.97032973187216, 38.867575888327586], [-76.97030901314699, 38.86752156233921], [-76.97028956212678, 38.86746687633275], [-76.97027045963858, 38.867405434102324], [-76.97026516685978, 38.86738678534206], [-76.97025308577126, 38.86734363197198], [-76.97023882067812, 38.867287686098585], [-76.97023732521662, 38.867281650081374], [-76.97022329327459, 38.86721930829223], [-76.9702207637619, 38.867206065281316], [-76.97021098986563, 38.867156786773506], [-76.97020041498534, 38.867094085525636], [-76.97019156862929, 38.86703120454912], [-76.97018445075518, 38.86696823392847], [-76.97017906135868, 38.866905173663994], [-76.97017540047273, 38.8668419336718], [-76.97017300571144, 38.866782027115015], [-76.97017222418654, 38.866722030885455], [-76.97017305585625, 38.866662035067364], [-76.97017550071654, 38.866602039660684], [-76.97017944349781, 38.86654213472001], [-76.97018499942403, 38.866482320274564], [-76.97018950926154, 38.866444125753354], [-76.97019205326355, 38.86642259629478], [-76.97020072024019, 38.86636296280976], [-76.97021100031239, 38.86630350990323], [-76.97021492639364, 38.86628351222653], [-76.97022277824877, 38.866244237545516], [-76.97023363074025, 38.86619361302727], [-76.9702344387968, 38.866190099951865], [-76.97024563541383, 38.866143168969444], [-76.97025890753181, 38.866092815316925], [-76.97027344701661, 38.86604273223754], [-76.97028902344901, 38.86599282958802], [-76.97030586724354, 38.865943197510724], [-76.97032387469353, 38.8658938359787], [-76.9703430112286, 38.86584474498271], [-76.97036342667894, 38.865795834476046], [-76.97038487895395, 38.86574737464912], [-76.97039940983653, 38.86571765056569], [-76.97041417108542, 38.86568810670696], [-76.97042916277509, 38.865658562904606], [-76.97044428120132, 38.86562901913222], [-76.97045960698522, 38.86559956549436], [-76.97046707952907, 38.865585370122936], [-76.97047505946826, 38.865570201970506], [-76.97049074235385, 38.86554092858685], [-76.97050665567909, 38.865511655259134], [-76.97052268418025, 38.865482472042366], [-76.97053894308335, 38.86545337896549], [-76.97059878419253, 38.86535934619556], [-76.9706231134133, 38.86531917478755], [-76.97064617530735, 38.86527855263485], [-76.97066773942491, 38.86523747968039], [-76.97068803621961, 38.86519595598271], [-76.97070683524203, 38.86515398148483], [-76.97072436687158, 38.86511173641338], [-76.97074040073328, 38.865069040542984], [-76.9707549367557, 38.865026074042504], [-76.97076820539198, 38.8649828369702], [-76.97077986093154, 38.86493941932412], [-76.97079267243257, 38.864886903465816], [-76.97080340993584, 38.864834206918836], [-76.97080514262412, 38.86482366750554], [-76.97081218870777, 38.86478123962832], [-76.97081889349089, 38.864728091650136], [-76.97082352428966, 38.86467476298453], [-76.97082619625988, 38.86462143382897], [-76.97082680574057, 38.86456801407342], [-76.97082531813217, 38.86451459379346], [-76.97082188319443, 38.86446126311062], [-76.97081638570718, 38.8644080219959], [-76.97080844488204, 38.864356221616326], [-76.97080269604513, 38.8643259518995], [-76.97079855666739, 38.86430469100132], [-76.97078682476908, 38.86425343017625], [-76.9707855591833, 38.86424883556714], [-76.97077313400382, 38.864202349027664], [-76.97076093637325, 38.864162979192734], [-76.97075748426491, 38.8641517178073], [-76.97073999081707, 38.864101446459095], [-76.97072053844018, 38.86405153495337], [-76.97069935751155, 38.86400216351526], [-76.970676217624, 38.863953242001855], [-76.97065123393057, 38.8639049506093], [-76.97063316853574, 38.86387287610214], [-76.9706147343306, 38.86384107175167], [-76.97060476288739, 38.863824277552105], [-76.97059585077022, 38.863809267285], [-76.97057662144493, 38.863777732980495], [-76.97055704642932, 38.863746288669674], [-76.97053701050051, 38.86371493432326], [-76.9705166288077, 38.86368385013848], [-76.97049590142579, 38.8636528559468], [-76.9704747131318, 38.86362195171892], [-76.97045329429807, 38.86359131768124], [-76.97042036116311, 38.863541402709345], [-76.97027149430413, 38.8633168571128], [-76.97025488958316, 38.86329191758287], [-76.9702216110198, 38.86324209254851], [-76.97018833250291, 38.863192267504296], [-76.97015505403246, 38.86314244245012], [-76.97012166034847, 38.86309270744074], [-76.97008273996977, 38.86303360225026], [-76.97004381965552, 38.86297449704626], [-76.97000478414596, 38.86291548188324], [-76.96996576026089, 38.862856376625416], [-76.96992671335826, 38.86279736143217], [-76.96988756282046, 38.86273834619854], [-76.96984841234755, 38.86267933095121], [-76.96980926193935, 38.862620315690194], [-76.96976999633631, 38.862561390469764], [-76.96975730701395, 38.862542307351994], [-76.9697307308362, 38.86250237515142], [-76.96958255773608, 38.862282296992234], [-76.9695453418781, 38.86222702964521], [-76.96945057909059, 38.86207737503718], [-76.96943238772376, 38.86204584080634], [-76.9694153488104, 38.8620137663692], [-76.96939957745423, 38.861981422008974], [-76.96938507373089, 38.861948627557766], [-76.96937183756147, 38.86191556318443], [-76.96935986894457, 38.86188222888943], [-76.96935446109016, 38.861864751134846], [-76.96934294381431, 38.86185366775462], [-76.96933200275966, 38.86184231427194], [-76.96932152270591, 38.861830690656674], [-76.96931138843253, 38.86181879687877], [-76.96930183038008, 38.86180663299879], [-76.96929261806912, 38.86179428904057], [-76.96928398193992, 38.86178176506472], [-76.96927822480646, 38.861772755129685], [-76.96927580677206, 38.861769061041066], [-76.96926820782431, 38.86175608691586], [-76.9692610698376, 38.861742932743084], [-76.96918509100102, 38.86158895880844], [-76.96917933537372, 38.861576525668745], [-76.96895221962815, 38.861086587559015], [-76.96891711075672, 38.86101090747721], [-76.96885023654606, 38.86085504396011], [-76.96877173742517, 38.86067206194149], [-76.96870516771756, 38.86061150752179], [-76.9686383676468, 38.86055104308585], [-76.9685714523919, 38.86049075874848], [-76.96853010310289, 38.86045894788045], [-76.96848783174872, 38.86042794750669], [-76.96844463832893, 38.8603977576264], [-76.96840040762534, 38.86036837820722], [-76.96835537003368, 38.860339899394745], [-76.96830953711482, 38.86031223110695], [-76.96826517801804, 38.86028681530726], [-76.968262759045, 38.860285463386404], [-76.96821507042903, 38.86025950615721], [-76.96816680531725, 38.86023453967772], [-76.96814895043015, 38.86022588672278], [-76.96816213161695, 38.86012193311702], [-76.96816259397376, 38.860118600126604], [-76.96816817937199, 38.85999536642143], [-76.96819197884591, 38.859591615366206], [-76.96821269269165, 38.85913065994378], [-76.9682102960653, 38.85907922118727], [-76.96820904048649, 38.85905273607716], [-76.96820331440692, 38.85897481164466], [-76.96819700463617, 38.85891400305905], [-76.9681952839484, 38.8588970667517], [-76.96818517954928, 38.85881950146062], [-76.96817552892456, 38.85875788120369], [-76.96817300121633, 38.858742115770866], [-76.96815863374091, 38.85866490965038], [-76.9681421923049, 38.85858797321403], [-76.96812356169981, 38.858511306429484], [-76.96810285706698, 38.8584350894957], [-76.96807996327836, 38.85835914221161], [-76.96806166824611, 38.85830526682313], [-76.96804222097522, 38.85825166136872], [-76.9680218519375, 38.858198235826656], [-76.96800056109429, 38.85814508028072], [-76.9679782332333, 38.85809219469878], [-76.96796350072697, 38.85805894956526], [-76.9679549835706, 38.858039579111924], [-76.9679306969345, 38.857987143403655], [-76.96792114307156, 38.85796732224156], [-76.96787935818935, 38.85788326213675], [-76.9678772860414, 38.85787947802764], [-76.96785219091035, 38.857831726460944], [-76.96783378327798, 38.857798300129105], [-76.96781489172454, 38.8577649637451], [-76.96779566598778, 38.85773180743417], [-76.96777597933317, 38.85769883116122], [-76.9677241705947, 38.85761611949423], [-76.9676709781104, 38.85753629011658], [-76.96764875646622, 38.8575042139618], [-76.96760201134506, 38.857434836112795], [-76.96755515110165, 38.85736545821227], [-76.96750817573628, 38.85729608026004], [-76.96746120042125, 38.85722679237237], [-76.96741416761161, 38.85715745940681], [-76.96735872993185, 38.857075962694886], [-76.96731992938581, 38.85701892849446], [-76.96727272401105, 38.856949640463284], [-76.96726742775118, 38.856941981815005], [-76.96722540347427, 38.85688044246416], [-76.96721688347324, 38.85686800844174], [-76.9671780830293, 38.856811244445055], [-76.96713421696458, 38.856746551592366], [-76.96709046619134, 38.85668185875502], [-76.96704660028561, 38.85661716586805], [-76.96700273445931, 38.8565524729639], [-76.96695886867086, 38.85648787012689], [-76.96691500300363, 38.85642317718839], [-76.9668710221626, 38.85635857428428], [-76.96682715665436, 38.85629388131143], [-76.96678306076124, 38.856229278340045], [-76.9667390801591, 38.85616467538423], [-76.96669245146396, 38.85609646828405], [-76.96664513146598, 38.85602853121988], [-76.96659700491381, 38.85596095424216], [-76.96654818701971, 38.85589373738287], [-76.96649856261644, 38.855826790523906], [-76.96644813166343, 38.855760203748495], [-76.96639700937261, 38.85569397708879], [-76.96634508053481, 38.855628110510615], [-76.96629257557177, 38.85556260407948], [-76.96623914885417, 38.85549745769469], [-76.96617121512786, 38.855412578620445], [-76.96610316635324, 38.85532769947205], [-76.96603511774055, 38.85524282028281], [-76.96596706924676, 38.85515803113699], [-76.96589902095756, 38.85507315186602], [-76.96589038541912, 38.855062339226734], [-76.9658309728303, 38.85498827255423], [-76.96571004704269, 38.854848831634584], [-76.96562659891495, 38.85473381447441], [-76.96557478608706, 38.85466920875729], [-76.96555855139157, 38.85464902508333], [-76.96550927040323, 38.85459036564776], [-76.96543973465529, 38.85451035021438], [-76.96535612689874, 38.854417358422324], [-76.9653032738182, 38.85436067969244], [-76.96524961414542, 38.85430445111961], [-76.96519503262917, 38.85424876275265], [-76.96513964447836, 38.854193614624734], [-76.96508333448587, 38.85413900670026], [-76.96502621790425, 38.85408484892809], [-76.96498856263017, 38.85404880391372], [-76.96495090743846, 38.85401266880268], [-76.96491313707718, 38.85397653364468], [-76.964875482006, 38.85394030842461], [-76.96483782692876, 38.85390417327643], [-76.96480028709696, 38.85386803815069], [-76.96476263214038, 38.853831812893546], [-76.96472509238471, 38.85379567774314], [-76.96468743750445, 38.85375945246131], [-76.9646498978696, 38.85372322720201], [-76.96434543507957, 38.85343270274418], [-76.96412998756827, 38.85322508244807], [-76.96399307367915, 38.85309315683655], [-76.96352211076393, 38.85264213851814], [-76.96321824356016, 38.85235386336089], [-76.96305322226338, 38.85220120836822], [-76.96301822740759, 38.85217056860949], [-76.96298113510971, 38.85214136952468], [-76.96294232554531, 38.85211361123247], [-76.96290178710012, 38.85208747389622], [-76.9628596349776, 38.852062957550785], [-76.96281586912978, 38.85204015227881], [-76.96277071996383, 38.85201905815192], [-76.96272430263518, 38.851999765289655], [-76.96261096120524, 38.85196207378768], [-76.96259598685666, 38.85195783502658], [-76.96256350338581, 38.85194989719203], [-76.96253067383634, 38.85194286008088], [-76.9624974981598, 38.85193681377723], [-76.96247849091466, 38.85193401505524], [-76.9624640915119, 38.8519318484021], [-76.9624304655064, 38.85192778379041], [-76.96239670069006, 38.851924800136516], [-76.96236271646606, 38.851922807330084], [-76.96232873172092, 38.85192180544146], [-76.96229474640579, 38.851921884555], [-76.9619672143992, 38.851933399199076], [-76.96189820571625, 38.85193580897593], [-76.96184544112693, 38.85193768351562], [-76.96178979565533, 38.8519409984383], [-76.96177462268585, 38.851942038450005], [-76.9091499559327, 38.892931436468146], [-76.94186181138436, 38.918543063352395]]]}, "properties": {"WARD": 7, "NAME": "Ward 7", "REP_NAME": "Wendell Felder", "WEB_URL": "https://dccouncil.gov/council/ward-7-councilmember-wendell-felder"}}]}